State,Action
"(46, 2600)","(820, 680)"
"(94, 2310)","(750, 750)"
"(334, 1770)","(590, 900)"
"(61, 2260)","(720, 770)"
"(211, 1800)","(560, 920)"
"(244, 1870)","(620, 880)"
"(40, 2380)","(750, 740)"
"(70, 1420)","(300, 1200)"
"(55, 2090)","(650, 840)"
"(394, 2570)","(940, 550)"
"(154, 1830)","(560, 930)"
"(154, 2220)","(740, 760)"
"(325, 1510)","(390, 1100)"
"(79, 1950)","(600, 900)"
"(277, 1680)","(510, 980)"
"(184, 2030)","(670, 820)"
"(172, 1670)","(470, 1030)"
"(298, 1850)","(630, 870)"
"(271, 2280)","(800, 690)"
"(346, 2160)","(790, 700)"
"(157, 2000)","(650, 850)"
"(166, 2130)","(710, 790)"
"(25, 2200)","(690, 810)"
"(238, 1460)","(320, 1180)"
"(220, 1530)","(380, 1120)"
"(301, 1710)","(540, 950)"
"(346, 1560)","(440, 1050)"
"(139, 1950)","(620, 880)"
"(34, 1750)","(480, 1020)"
"(322, 2020)","(720, 770)"
"(7, 2580)","(800, 690)"
"(70, 2250)","(720, 780)"
"(97, 1990)","(620, 870)"
"(97, 2190)","(710, 790)"
"(22, 1760)","(480, 1010)"
"(385, 2250)","(840, 650)"
"(115, 2490)","(810, 680)"
"(22, 1630)","(400, 1100)"
"(31, 2160)","(670, 820)"
"(199, 1610)","(430, 1050)"
"(238, 1780)","(560, 930)"
"(385, 1710)","(570, 910)"
"(397, 1550)","(450, 1030)"
"(358, 2390)","(880, 620)"
"(145, 2540)","(840, 660)"
"(193, 1540)","(380, 1120)"
"(223, 2080)","(710, 790)"
"(7, 1990)","(590, 890)"
"(193, 1620)","(440, 1060)"
"(280, 2110)","(740, 750)"
"(112, 2520)","(820, 680)"
"(157, 1410)","(300, 1200)"
"(328, 2040)","(730, 760)"
"(52, 1920)","(580, 920)"
"(187, 1500)","(340, 1150)"
"(40, 2460)","(780, 720)"
"(64, 2560)","(810, 680)"
"(211, 1910)","(630, 870)"
"(175, 1720)","(500, 990)"
"(31, 1430)","(300, 1200)"
"(364, 2190)","(810, 680)"
"(310, 2490)","(890, 610)"
"(130, 1630)","(430, 1070)"
"(109, 2130)","(690, 810)"
"(331, 1700)","(550, 950)"
"(178, 1560)","(390, 1110)"
"(127, 2210)","(730, 770)"
"(379, 2600)","(940, 550)"
"(376, 1520)","(420, 1080)"
"(91, 1770)","(510, 990)"
"(121, 1620)","(420, 1080)"
"(73, 1930)","(590, 910)"
"(181, 2090)","(700, 800)"
"(67, 2560)","(820, 680)"
"(121, 2390)","(780, 710)"
"(367, 2180)","(810, 690)"
"(319, 1720)","(550, 930)"
"(256, 1990)","(680, 810)"
"(217, 1660)","(480, 1020)"
"(70, 2110)","(670, 830)"
"(13, 2080)","(640, 860)"
"(7, 1670)","(420, 1070)"
"(352, 1590)","(470, 1020)"
"(31, 1980)","(600, 900)"
"(397, 2220)","(840, 660)"
"(103, 1890)","(580, 920)"
"(286, 2360)","(830, 650)"
"(118, 1540)","(360, 1140)"
"(46, 1440)","(300, 1200)"
"(151, 1810)","(550, 950)"
"(103, 1820)","(540, 960)"
"(118, 1640)","(430, 1060)"
"(160, 2280)","(760, 730)"
"(154, 2280)","(760, 740)"
"(220, 2550)","(840, 610)"
"(376, 2190)","(820, 680)"
"(292, 2230)","(790, 700)"
"(232, 2410)","(830, 660)"
"(319, 2040)","(730, 770)"
"(271, 2250)","(790, 700)"
"(331, 2080)","(750, 740)"
"(202, 2290)","(780, 710)"
"(316, 2090)","(750, 750)"
"(247, 2200)","(770, 730)"
"(76, 2120)","(670, 820)"
"(190, 1730)","(510, 970)"
"(358, 1930)","(690, 800)"
"(352, 1640)","(510, 980)"
"(40, 2030)","(620, 870)"
"(157, 2250)","(750, 750)"
"(94, 2440)","(790, 710)"
"(61, 1540)","(340, 1140)"
"(394, 2070)","(780, 720)"
"(319, 2210)","(800, 700)"
"(361, 2250)","(830, 660)"
"(271, 2200)","(780, 720)"
"(103, 2250)","(730, 760)"
"(244, 1890)","(630, 870)"
"(16, 1910)","(560, 930)"
"(214, 2210)","(760, 740)"
"(214, 2280)","(780, 710)"
"(13, 2190)","(680, 820)"
"(22, 1610)","(390, 1110)"
"(229, 2590)","(830, 580)"
"(82, 1810)","(530, 970)"
"(259, 2040)","(710, 790)"
"(220, 2600)","(870, 610)"
"(268, 2290)","(810, 690)"
"(19, 2180)","(680, 820)"
"(64, 2010)","(620, 870)"
"(94, 1600)","(400, 1100)"
"(109, 1510)","(330, 1160)"
"(241, 1620)","(450, 1030)"
"(184, 2100)","(700, 790)"
"(193, 1980)","(650, 840)"
"(76, 1820)","(530, 960)"
"(4, 2450)","(760, 730)"
"(88, 2460)","(790, 700)"
"(301, 1590)","(450, 1040)"
"(301, 2560)","(900, 590)"
"(106, 2310)","(750, 740)"
"(307, 1600)","(460, 1030)"
"(367, 2310)","(850, 640)"
"(109, 1880)","(570, 920)"
"(58, 2190)","(690, 800)"
"(97, 2420)","(790, 710)"
"(268, 2190)","(770, 730)"
"(283, 2140)","(760, 740)"
"(148, 2120)","(700, 800)"
"(397, 2560)","(930, 550)"
"(379, 2420)","(870, 590)"
"(229, 2360)","(810, 680)"
"(40, 2080)","(650, 850)"
"(223, 2570)","(870, 620)"
"(289, 1520)","(390, 1110)"
"(247, 2030)","(700, 800)"
"(184, 2230)","(750, 740)"
"(55, 1490)","(300, 1190)"
"(115, 2280)","(750, 750)"
"(337, 2160)","(790, 710)"
"(55, 1510)","(320, 1180)"
"(106, 2120)","(680, 810)"
"(370, 2160)","(800, 690)"
"(364, 1850)","(650, 840)"
"(214, 2390)","(820, 680)"
"(337, 1830)","(630, 860)"
"(370, 2270)","(840, 650)"
"(391, 2370)","(880, 610)"
"(298, 1910)","(660, 840)"
"(148, 1750)","(510, 980)"
"(400, 2130)","(800, 690)"
"(235, 1740)","(540, 960)"
"(346, 1410)","(300, 1200)"
"(247, 2360)","(820, 670)"
"(253, 1770)","(560, 930)"
"(346, 2580)","(920, 570)"
"(268, 1990)","(690, 810)"
"(124, 1760)","(510, 980)"
"(271, 1420)","(300, 1200)"
"(277, 1960)","(680, 820)"
"(226, 1660)","(480, 1020)"
"(229, 2540)","(870, 630)"
"(253, 2210)","(770, 720)"
"(154, 2040)","(670, 830)"
"(64, 2410)","(770, 720)"
"(346, 2430)","(850, 590)"
"(142, 2520)","(830, 670)"
"(199, 1530)","(370, 1120)"
"(313, 1470)","(350, 1150)"
"(292, 2250)","(800, 690)"
"(91, 2540)","(820, 680)"
"(298, 1900)","(650, 840)"
"(136, 1580)","(390, 1090)"
"(310, 1720)","(550, 940)"
"(391, 1490)","(390, 1090)"
"(319, 1630)","(490, 1010)"
"(13, 2060)","(630, 870)"
"(232, 2060)","(700, 790)"
"(262, 2520)","(870, 620)"
"(262, 1950)","(660, 830)"
"(322, 1730)","(560, 930)"
"(208, 1890)","(610, 880)"
"(364, 2440)","(890, 600)"
"(139, 2060)","(670, 830)"
"(301, 2530)","(890, 600)"
"(277, 2030)","(710, 790)"
"(346, 1480)","(370, 1130)"
"(40, 1990)","(600, 880)"
"(355, 2530)","(910, 580)"
"(235, 2170)","(750, 750)"
"(235, 1810)","(580, 920)"
"(190, 2110)","(710, 790)"
"(301, 2230)","(800, 700)"
"(16, 1890)","(550, 940)"
"(103, 2220)","(720, 780)"
"(259, 1960)","(670, 830)"
"(343, 2390)","(860, 620)"
"(268, 1400)","(300, 1200)"
"(253, 1820)","(590, 900)"
"(322, 1990)","(710, 790)"
"(211, 1740)","(530, 970)"
"(121, 2540)","(830, 670)"
"(124, 1450)","(300, 1200)"
"(283, 1830)","(610, 890)"
"(235, 1780)","(560, 930)"
"(97, 2050)","(650, 840)"
"(46, 1450)","(300, 1200)"
"(229, 1880)","(620, 880)"
"(382, 2320)","(860, 630)"
"(208, 2150)","(730, 760)"
"(328, 2380)","(850, 630)"
"(187, 1680)","(480, 1010)"
"(160, 2500)","(830, 660)"
"(49, 2580)","(820, 680)"
"(337, 2330)","(840, 640)"
"(208, 1430)","(300, 1200)"
"(67, 2110)","(670, 830)"
"(1, 1480)","(300, 1200)"
"(157, 1460)","(300, 1200)"
"(355, 1470)","(360, 1130)"
"(151, 1520)","(350, 1150)"
"(316, 1610)","(470, 1020)"
"(142, 2430)","(800, 690)"
"(142, 1580)","(390, 1090)"
"(256, 1800)","(580, 910)"
"(88, 1610)","(400, 1090)"
"(235, 2550)","(870, 620)"
"(163, 2400)","(800, 690)"
"(91, 1610)","(400, 1080)"
"(271, 2530)","(870, 610)"
"(145, 1460)","(300, 1200)"
"(127, 2070)","(670, 830)"
"(253, 2120)","(740, 760)"
"(160, 2340)","(780, 710)"
"(160, 1640)","(440, 1040)"
"(154, 2490)","(830, 670)"
"(97, 1410)","(300, 1200)"
"(361, 2050)","(750, 740)"
"(220, 1560)","(400, 1090)"
"(355, 2510)","(890, 570)"
"(349, 2270)","(830, 660)"
"(286, 1890)","(640, 850)"
"(139, 2140)","(700, 790)"
"(64, 2120)","(670, 830)"
"(112, 2000)","(630, 860)"
"(139, 2540)","(830, 660)"
"(307, 1810)","(610, 890)"
"(175, 1600)","(420, 1080)"
"(253, 1740)","(540, 950)"
"(130, 1670)","(460, 1040)"
"(175, 1410)","(300, 1200)"
"(163, 1480)","(320, 1180)"
"(364, 1920)","(690, 800)"
"(163, 2540)","(840, 650)"
"(115, 2580)","(840, 660)"
"(391, 2600)","(940, 540)"
"(223, 2580)","(850, 600)"
"(259, 1580)","(430, 1070)"
"(178, 1640)","(450, 1050)"
"(226, 1640)","(460, 1020)"
"(262, 1550)","(410, 1090)"
"(376, 1550)","(450, 1050)"
"(121, 2220)","(730, 770)"
"(31, 1600)","(380, 1110)"
"(319, 1970)","(700, 800)"
"(115, 2400)","(790, 710)"
"(379, 2260)","(840, 650)"
"(202, 1750)","(530, 960)"
"(103, 1660)","(440, 1050)"
"(43, 2200)","(690, 800)"
"(163, 1500)","(340, 1160)"
"(154, 2600)","(860, 640)"
"(265, 1880)","(630, 870)"
"(268, 1510)","(370, 1110)"
"(277, 1520)","(380, 1100)"
"(211, 2200)","(750, 740)"
"(40, 1830)","(530, 970)"
"(169, 1430)","(300, 1200)"
"(283, 2440)","(850, 630)"
"(19, 2410)","(760, 740)"
"(151, 1900)","(600, 900)"
"(7, 2170)","(670, 820)"
"(172, 1540)","(370, 1120)"
"(100, 1700)","(470, 1030)"
"(184, 2540)","(830, 630)"
"(307, 1430)","(310, 1190)"
"(238, 2070)","(710, 790)"
"(280, 1800)","(590, 910)"
"(379, 1550)","(450, 1050)"
"(142, 2310)","(770, 730)"
"(274, 1720)","(540, 960)"
"(268, 1760)","(560, 930)"
"(391, 2080)","(780, 720)"
"(220, 2120)","(720, 770)"
"(328, 2550)","(910, 590)"
"(220, 2460)","(840, 650)"
"(244, 1680)","(500, 1000)"
"(400, 2440)","(910, 590)"
"(376, 1960)","(720, 780)"
"(202, 2380)","(810, 690)"
"(151, 1960)","(630, 870)"
"(373, 2410)","(890, 610)"
"(82, 1440)","(300, 1200)"
"(151, 1710)","(490, 1010)"
"(229, 1410)","(300, 1200)"
"(184, 2170)","(730, 770)"
"(10, 2190)","(680, 820)"
"(61, 1860)","(550, 950)"
"(85, 2090)","(660, 830)"
"(133, 2420)","(800, 700)"
"(268, 2320)","(820, 680)"
"(214, 1800)","(560, 920)"
"(313, 1450)","(330, 1170)"
"(133, 2490)","(820, 680)"
"(364, 2480)","(910, 590)"
"(205, 2070)","(700, 800)"
"(28, 1530)","(330, 1170)"
"(112, 2460)","(800, 690)"
"(34, 1680)","(440, 1060)"
"(151, 2130)","(700, 790)"
"(16, 2180)","(680, 820)"
"(91, 1600)","(400, 1100)"
"(313, 1800)","(600, 890)"
"(238, 1910)","(640, 860)"
"(304, 1410)","(300, 1200)"
"(301, 1570)","(440, 1060)"
"(292, 1530)","(400, 1100)"
"(343, 2490)","(900, 600)"
"(262, 1690)","(510, 980)"
"(52, 2500)","(790, 700)"
"(244, 1610)","(450, 1050)"
"(334, 2060)","(750, 750)"
"(328, 1840)","(630, 860)"
"(25, 1470)","(300, 1200)"
"(325, 1760)","(580, 910)"
"(82, 2340)","(760, 740)"
"(199, 1480)","(330, 1170)"
"(13, 1880)","(540, 940)"
"(121, 1850)","(560, 930)"
"(190, 1460)","(310, 1190)"
"(226, 2160)","(740, 750)"
"(70, 1920)","(580, 910)"
"(175, 2310)","(780, 720)"
"(43, 2170)","(680, 810)"
"(355, 1930)","(690, 800)"
"(331, 2370)","(850, 630)"
"(400, 1800)","(640, 850)"
"(376, 1720)","(580, 920)"
"(400, 2250)","(830, 630)"
"(358, 1730)","(580, 920)"
"(202, 2220)","(760, 740)"
"(112, 1510)","(330, 1160)"
"(97, 1540)","(350, 1140)"
"(280, 1820)","(600, 890)"
"(352, 1740)","(580, 910)"
"(79, 1490)","(310, 1190)"
"(187, 1740)","(520, 980)"
"(70, 2450)","(790, 710)"
"(313, 1980)","(700, 800)"
"(46, 1990)","(610, 890)"
"(388, 2000)","(740, 750)"
"(397, 1960)","(730, 770)"
"(259, 1900)","(640, 860)"
"(259, 1860)","(620, 880)"
"(271, 2510)","(860, 610)"
"(250, 2530)","(870, 620)"
"(196, 1930)","(630, 870)"
"(148, 2200)","(730, 770)"
"(52, 2310)","(740, 760)"
"(316, 2190)","(790, 710)"
"(70, 2220)","(710, 790)"
"(22, 1870)","(540, 950)"
"(379, 1910)","(690, 800)"
"(25, 2400)","(760, 740)"
"(265, 2100)","(730, 760)"
"(85, 2350)","(760, 740)"
"(46, 2480)","(790, 710)"
"(289, 2130)","(760, 740)"
"(289, 1680)","(520, 980)"
"(340, 1790)","(610, 890)"
"(118, 1840)","(550, 930)"
"(286, 1570)","(430, 1060)"
"(268, 1830)","(600, 890)"
"(142, 2340)","(780, 720)"
"(202, 2500)","(850, 650)"
"(304, 2270)","(810, 680)"
"(361, 1770)","(610, 890)"
"(238, 2090)","(720, 780)"
"(10, 1430)","(300, 1200)"
"(214, 2500)","(830, 630)"
"(385, 1610)","(500, 1000)"
"(247, 2510)","(830, 600)"
"(205, 2060)","(690, 800)"
"(343, 2420)","(880, 620)"
"(106, 1440)","(300, 1200)"
"(400, 2320)","(840, 600)"
"(79, 2040)","(640, 860)"
"(262, 1720)","(530, 960)"
"(67, 1610)","(400, 1100)"
"(304, 2350)","(830, 650)"
"(70, 1870)","(560, 940)"
"(256, 2060)","(710, 780)"
"(1, 1840)","(520, 980)"
"(16, 1950)","(580, 920)"
"(4, 1810)","(500, 980)"
"(277, 2120)","(750, 750)"
"(370, 2110)","(780, 710)"
"(286, 2590)","(900, 590)"
"(106, 2340)","(760, 730)"
"(34, 1830)","(520, 960)"
"(187, 1550)","(380, 1100)"
"(19, 2200)","(690, 810)"
"(349, 2060)","(750, 740)"
"(238, 1660)","(480, 1010)"
"(55, 2240)","(710, 780)"
"(73, 1970)","(610, 890)"
"(121, 2240)","(730, 760)"
"(52, 1690)","(450, 1050)"
"(367, 2130)","(790, 710)"
"(301, 1780)","(590, 910)"
"(94, 1440)","(300, 1200)"
"(160, 2540)","(810, 630)"
"(271, 2420)","(850, 650)"
"(394, 1770)","(620, 880)"
"(220, 2220)","(760, 730)"
"(391, 1700)","(570, 920)"
"(145, 2550)","(820, 640)"
"(13, 1740)","(470, 1030)"
"(64, 2200)","(700, 800)"
"(376, 1870)","(670, 830)"
"(346, 1780)","(610, 890)"
"(205, 2510)","(840, 640)"
"(187, 1780)","(540, 940)"
"(205, 2320)","(790, 700)"
"(181, 2350)","(790, 700)"
"(166, 2330)","(780, 710)"
"(250, 2600)","(880, 600)"
"(88, 2570)","(830, 670)"
"(205, 2370)","(810, 690)"
"(394, 1410)","(310, 1190)"
"(136, 2180)","(720, 780)"
"(79, 2210)","(710, 790)"
"(394, 1780)","(630, 870)"
"(52, 1440)","(300, 1200)"
"(82, 2120)","(680, 820)"
"(211, 2000)","(670, 830)"
"(256, 2320)","(810, 680)"
"(136, 1960)","(620, 870)"
"(13, 2500)","(780, 710)"
"(355, 1510)","(400, 1090)"
"(118, 2090)","(680, 820)"
"(325, 1650)","(510, 990)"
"(61, 2460)","(790, 710)"
"(124, 2260)","(740, 750)"
"(394, 1500)","(410, 1090)"
"(130, 1930)","(610, 890)"
"(10, 2010)","(600, 880)"
"(370, 2280)","(850, 650)"
"(271, 1570)","(430, 1070)"
"(82, 2390)","(770, 720)"
"(217, 1760)","(540, 950)"
"(253, 1560)","(410, 1080)"
"(400, 1990)","(740, 750)"
"(181, 2370)","(800, 700)"
"(307, 2130)","(760, 730)"
"(178, 2290)","(770, 720)"
"(25, 2590)","(810, 690)"
"(76, 2230)","(720, 780)"
"(313, 1950)","(690, 810)"
"(13, 2340)","(730, 760)"
"(283, 2100)","(740, 750)"
"(217, 2090)","(710, 790)"
"(154, 2110)","(700, 800)"
"(136, 1980)","(630, 860)"
"(13, 2530)","(790, 710)"
"(361, 2410)","(880, 610)"
"(100, 2280)","(740, 750)"
"(397, 2270)","(850, 640)"
"(58, 2120)","(670, 830)"
"(262, 2490)","(850, 620)"
"(220, 1760)","(540, 950)"
"(298, 1540)","(410, 1090)"
"(307, 1750)","(570, 930)"
"(145, 2200)","(730, 770)"
"(223, 2100)","(720, 780)"
"(226, 2480)","(840, 640)"
"(52, 1900)","(570, 930)"
"(193, 2450)","(830, 670)"
"(61, 1660)","(430, 1070)"
"(148, 1970)","(630, 860)"
"(292, 1500)","(370, 1120)"
"(46, 2130)","(670, 830)"
"(7, 1410)","(300, 1200)"
"(13, 2120)","(650, 840)"
"(136, 1650)","(440, 1040)"
"(130, 1700)","(480, 1020)"
"(349, 2560)","(930, 570)"
"(205, 1770)","(540, 940)"
"(154, 1900)","(600, 900)"
"(130, 2330)","(770, 730)"
"(133, 1900)","(590, 900)"
"(262, 1970)","(670, 820)"
"(235, 2320)","(800, 690)"
"(139, 2000)","(640, 850)"
"(295, 2440)","(860, 630)"
"(280, 2450)","(860, 630)"
"(250, 1580)","(430, 1070)"
"(364, 1660)","(530, 960)"
"(229, 1960)","(660, 840)"
"(178, 2090)","(700, 800)"
"(157, 1440)","(300, 1200)"
"(307, 2240)","(800, 690)"
"(202, 1520)","(360, 1130)"
"(136, 2550)","(830, 660)"
"(304, 1670)","(510, 970)"
"(61, 2340)","(750, 750)"
"(157, 2390)","(800, 700)"
"(259, 2320)","(810, 680)"
"(88, 2580)","(830, 670)"
"(400, 2400)","(870, 580)"
"(301, 1580)","(440, 1040)"
"(286, 1640)","(490, 1010)"
"(127, 2240)","(740, 760)"
"(223, 2170)","(750, 750)"
"(169, 2280)","(770, 730)"
"(40, 2100)","(650, 840)"
"(118, 2420)","(790, 700)"
"(1, 2390)","(750, 750)"
"(391, 2540)","(930, 560)"
"(211, 1540)","(380, 1110)"
"(70, 1990)","(610, 870)"
"(286, 2420)","(840, 630)"
"(247, 2270)","(790, 700)"
"(370, 1960)","(720, 780)"
"(235, 2530)","(810, 590)"
"(70, 2200)","(700, 790)"
"(274, 1530)","(390, 1100)"
"(115, 2250)","(740, 760)"
"(361, 2280)","(840, 650)"
"(319, 2050)","(730, 760)"
"(289, 1470)","(340, 1150)"
"(115, 1490)","(310, 1160)"
"(397, 1710)","(580, 910)"
"(271, 2350)","(830, 670)"
"(58, 2430)","(780, 720)"
"(112, 1500)","(320, 1160)"
"(136, 2140)","(700, 790)"
"(7, 1740)","(470, 1030)"
"(193, 2350)","(800, 700)"
"(349, 1910)","(680, 820)"
"(361, 2540)","(910, 570)"
"(145, 2220)","(740, 760)"
"(4, 1750)","(470, 1020)"
"(364, 1560)","(450, 1050)"
"(4, 2040)","(620, 880)"
"(283, 1680)","(510, 980)"
"(37, 1680)","(440, 1060)"
"(283, 2200)","(780, 720)"
"(7, 1520)","(320, 1180)"
"(148, 2020)","(660, 840)"
"(142, 2200)","(730, 770)"
"(154, 1920)","(610, 890)"
"(31, 2260)","(710, 780)"
"(160, 1910)","(610, 890)"
"(358, 1500)","(390, 1100)"
"(160, 1750)","(520, 980)"
"(358, 2590)","(890, 540)"
"(337, 2080)","(760, 740)"
"(268, 2310)","(810, 680)"
"(1, 1750)","(470, 1030)"
"(109, 1580)","(390, 1110)"
"(388, 1490)","(390, 1090)"
"(298, 1630)","(480, 1010)"
"(115, 1770)","(510, 970)"
"(163, 1640)","(440, 1040)"
"(160, 1510)","(340, 1140)"
"(142, 1770)","(520, 970)"
"(139, 2460)","(810, 680)"
"(73, 1820)","(530, 960)"
"(286, 2560)","(880, 590)"
"(172, 2550)","(840, 640)"
"(235, 1990)","(670, 820)"
"(193, 2570)","(860, 630)"
"(214, 2370)","(810, 680)"
"(70, 2520)","(810, 690)"
"(1, 1760)","(480, 1020)"
"(193, 2060)","(690, 810)"
"(214, 1710)","(510, 990)"
"(46, 1580)","(370, 1130)"
"(7, 1500)","(300, 1200)"
"(49, 2590)","(820, 680)"
"(385, 1650)","(530, 960)"
"(94, 1720)","(480, 1020)"
"(244, 2260)","(790, 710)"
"(115, 1620)","(420, 1080)"
"(37, 2020)","(620, 880)"
"(13, 2030)","(610, 870)"
"(280, 1470)","(340, 1160)"
"(61, 1750)","(490, 1010)"
"(112, 1450)","(300, 1200)"
"(229, 1930)","(640, 850)"
"(379, 2150)","(800, 690)"
"(139, 2320)","(770, 730)"
"(382, 2060)","(770, 730)"
"(19, 1510)","(310, 1180)"
"(64, 1920)","(580, 920)"
"(349, 2150)","(790, 710)"
"(82, 2150)","(690, 810)"
"(316, 1450)","(330, 1170)"
"(49, 2180)","(690, 810)"
"(391, 1810)","(640, 850)"
"(235, 1450)","(310, 1190)"
"(274, 1480)","(350, 1150)"
"(325, 1990)","(710, 790)"
"(88, 2030)","(640, 860)"
"(391, 2010)","(750, 750)"
"(205, 2570)","(870, 630)"
"(361, 1750)","(590, 900)"
"(160, 2510)","(830, 660)"
"(373, 2000)","(740, 760)"
"(325, 1540)","(420, 1080)"
"(142, 1730)","(500, 1000)"
"(358, 1660)","(530, 970)"
"(241, 2380)","(830, 670)"
"(115, 2520)","(820, 670)"
"(349, 2520)","(910, 590)"
"(160, 2360)","(790, 710)"
"(376, 2540)","(920, 580)"
"(181, 2500)","(840, 660)"
"(364, 2540)","(910, 570)"
"(79, 2090)","(660, 830)"
"(274, 2280)","(810, 690)"
"(217, 1530)","(380, 1120)"
"(307, 2110)","(750, 740)"
"(262, 2470)","(850, 630)"
"(379, 2180)","(800, 670)"
"(277, 2180)","(770, 730)"
"(307, 1900)","(660, 840)"
"(379, 1990)","(730, 760)"
"(142, 2600)","(820, 620)"
"(37, 2000)","(610, 890)"
"(391, 1990)","(740, 760)"
"(301, 2150)","(770, 730)"
"(310, 1410)","(300, 1200)"
"(136, 2520)","(830, 670)"
"(247, 2170)","(750, 740)"
"(34, 2210)","(690, 800)"
"(364, 2430)","(890, 610)"
"(112, 1650)","(440, 1060)"
"(370, 2080)","(770, 730)"
"(334, 2300)","(840, 660)"
"(346, 1820)","(630, 870)"
"(7, 2290)","(710, 780)"
"(67, 2290)","(730, 760)"
"(16, 1630)","(400, 1100)"
"(283, 1760)","(570, 930)"
"(25, 2000)","(600, 880)"
"(70, 1910)","(580, 920)"
"(100, 2170)","(700, 790)"
"(154, 1660)","(460, 1040)"
"(373, 1990)","(730, 770)"
"(376, 1700)","(560, 920)"
"(304, 2010)","(710, 790)"
"(226, 2390)","(820, 670)"
"(379, 1770)","(610, 880)"
"(10, 1900)","(550, 940)"
"(214, 2170)","(740, 750)"
"(379, 1730)","(590, 910)"
"(133, 1410)","(300, 1200)"
"(316, 2060)","(740, 760)"
"(100, 1980)","(620, 880)"
"(208, 1560)","(400, 1100)"
"(307, 1620)","(480, 1020)"
"(100, 2310)","(750, 740)"
"(337, 2120)","(770, 720)"
"(367, 1460)","(360, 1140)"
"(58, 2060)","(640, 850)"
"(127, 2340)","(770, 730)"
"(211, 1870)","(600, 890)"
"(358, 1520)","(410, 1080)"
"(217, 1890)","(620, 880)"
"(331, 2540)","(900, 580)"
"(280, 2520)","(880, 610)"
"(55, 2400)","(770, 730)"
"(49, 2100)","(660, 840)"
"(85, 2410)","(780, 720)"
"(76, 2380)","(770, 730)"
"(271, 1550)","(410, 1090)"
"(178, 1580)","(400, 1080)"
"(70, 1820)","(530, 970)"
"(304, 2060)","(730, 760)"
"(280, 2550)","(870, 590)"
"(214, 1790)","(560, 940)"
"(136, 2070)","(670, 820)"
"(133, 2400)","(790, 700)"
"(88, 1520)","(330, 1150)"
"(208, 2510)","(850, 640)"
"(103, 1450)","(300, 1200)"
"(133, 2350)","(780, 720)"
"(190, 2180)","(740, 760)"
"(100, 2210)","(720, 780)"
"(202, 2520)","(850, 640)"
"(91, 2080)","(660, 830)"
"(385, 2400)","(880, 600)"
"(34, 2360)","(750, 750)"
"(364, 2520)","(900, 570)"
"(16, 2040)","(610, 860)"
"(235, 1540)","(390, 1110)"
"(22, 1460)","(300, 1200)"
"(184, 1500)","(340, 1150)"
"(316, 2030)","(720, 770)"
"(73, 1850)","(550, 950)"
"(277, 2330)","(820, 670)"
"(277, 2250)","(800, 700)"
"(16, 2160)","(670, 830)"
"(175, 2060)","(680, 810)"
"(166, 1810)","(550, 930)"
"(151, 1480)","(310, 1160)"
"(37, 1700)","(450, 1050)"
"(184, 2150)","(720, 770)"
"(133, 1740)","(500, 990)"
"(358, 1710)","(560, 930)"
"(394, 2410)","(870, 580)"
"(385, 1480)","(380, 1110)"
"(37, 2240)","(710, 790)"
"(229, 2350)","(810, 680)"
"(199, 2280)","(780, 720)"
"(394, 2310)","(870, 630)"
"(382, 1980)","(730, 770)"
"(19, 1640)","(410, 1090)"
"(115, 1860)","(560, 920)"
"(139, 2190)","(720, 770)"
"(28, 1480)","(300, 1200)"
"(385, 1690)","(560, 930)"
"(394, 1620)","(510, 980)"
"(118, 1900)","(590, 910)"
"(19, 2360)","(740, 750)"
"(232, 2080)","(710, 780)"
"(184, 1610)","(430, 1070)"
"(322, 1420)","(300, 1200)"
"(232, 2440)","(820, 640)"
"(25, 2490)","(780, 710)"
"(235, 2280)","(790, 710)"
"(256, 2210)","(770, 720)"
"(373, 1740)","(590, 900)"
"(163, 2010)","(660, 840)"
"(49, 1720)","(460, 1020)"
"(250, 2220)","(770, 720)"
"(295, 2290)","(820, 680)"
"(136, 1720)","(490, 1000)"
"(34, 1630)","(400, 1090)"
"(376, 2100)","(780, 710)"
"(109, 2270)","(740, 760)"
"(247, 1700)","(510, 970)"
"(154, 2520)","(830, 660)"
"(190, 2380)","(810, 690)"
"(337, 2350)","(850, 640)"
"(169, 2400)","(800, 690)"
"(151, 1400)","(300, 1200)"
"(271, 1930)","(660, 840)"
"(256, 1630)","(470, 1030)"
"(382, 2540)","(920, 560)"
"(346, 2320)","(850, 650)"
"(304, 1400)","(300, 1200)"
"(361, 2360)","(870, 630)"
"(355, 2180)","(800, 690)"
"(148, 2460)","(820, 680)"
"(226, 1600)","(430, 1050)"
"(199, 2020)","(670, 820)"
"(349, 1830)","(640, 860)"
"(64, 1850)","(540, 940)"
"(361, 1840)","(650, 850)"
"(271, 1760)","(560, 930)"
"(373, 2020)","(740, 750)"
"(136, 2030)","(660, 840)"
"(94, 1850)","(550, 940)"
"(358, 1600)","(480, 1010)"
"(265, 2430)","(840, 640)"
"(82, 2320)","(750, 750)"
"(298, 2060)","(730, 770)"
"(172, 2140)","(710, 780)"
"(190, 1980)","(650, 840)"
"(373, 2320)","(860, 640)"
"(391, 2560)","(930, 550)"
"(331, 2400)","(860, 620)"
"(331, 2500)","(900, 600)"
"(286, 1420)","(300, 1200)"
"(70, 1490)","(300, 1170)"
"(136, 2500)","(820, 670)"
"(268, 2070)","(720, 770)"
"(220, 1690)","(500, 1000)"
"(157, 2080)","(680, 810)"
"(334, 1860)","(650, 850)"
"(382, 2560)","(930, 560)"
"(94, 2460)","(800, 700)"
"(235, 2140)","(740, 760)"
"(7, 2190)","(680, 820)"
"(244, 2000)","(680, 810)"
"(34, 2480)","(780, 710)"
"(319, 2200)","(800, 700)"
"(343, 2300)","(840, 660)"
"(325, 1400)","(300, 1200)"
"(370, 2340)","(870, 630)"
"(13, 1490)","(300, 1200)"
"(61, 1920)","(580, 920)"
"(208, 2440)","(830, 660)"
"(49, 1860)","(540, 940)"
"(187, 2530)","(840, 640)"
"(199, 1840)","(580, 910)"
"(229, 1820)","(580, 910)"
"(349, 1660)","(520, 960)"
"(163, 1560)","(390, 1110)"
"(211, 1820)","(580, 920)"
"(139, 1500)","(330, 1170)"
"(328, 1940)","(690, 810)"
"(310, 1500)","(380, 1120)"
"(112, 2550)","(830, 670)"
"(121, 1810)","(540, 960)"
"(202, 2390)","(810, 680)"
"(346, 2440)","(890, 610)"
"(163, 2480)","(830, 670)"
"(22, 1410)","(300, 1200)"
"(382, 1950)","(720, 780)"
"(199, 1680)","(480, 1000)"
"(172, 1570)","(400, 1100)"
"(109, 2420)","(790, 710)"
"(175, 2320)","(780, 710)"
"(1, 2220)","(690, 810)"
"(136, 2250)","(740, 750)"
"(121, 2050)","(660, 840)"
"(229, 1630)","(460, 1040)"
"(52, 2390)","(760, 730)"
"(178, 2580)","(860, 640)"
"(160, 1730)","(500, 980)"
"(199, 2540)","(830, 620)"
"(376, 1730)","(590, 910)"
"(235, 1510)","(360, 1120)"
"(79, 2050)","(650, 850)"
"(178, 2520)","(840, 650)"
"(328, 1550)","(430, 1070)"
"(103, 1900)","(580, 910)"
"(355, 1810)","(630, 870)"
"(34, 1930)","(570, 910)"
"(19, 2600)","(810, 680)"
"(49, 2070)","(640, 850)"
"(280, 1970)","(680, 810)"
"(43, 1800)","(510, 980)"
"(34, 1410)","(300, 1200)"
"(283, 2510)","(870, 610)"
"(385, 2200)","(820, 670)"
"(250, 2070)","(720, 780)"
"(262, 2450)","(850, 640)"
"(166, 2410)","(810, 690)"
"(88, 1890)","(570, 920)"
"(247, 1410)","(300, 1200)"
"(235, 2510)","(840, 620)"
"(100, 1740)","(490, 1000)"
"(250, 2420)","(840, 650)"
"(73, 2120)","(670, 820)"
"(295, 1510)","(380, 1110)"
"(226, 1980)","(670, 830)"
"(103, 2530)","(820, 680)"
"(169, 2270)","(760, 730)"
"(271, 2360)","(830, 670)"
"(292, 1620)","(470, 1020)"
"(28, 1900)","(560, 940)"
"(196, 1740)","(520, 970)"
"(256, 2040)","(700, 790)"
"(271, 2070)","(720, 770)"
"(256, 2160)","(750, 740)"
"(226, 1560)","(400, 1080)"
"(88, 2400)","(780, 720)"
"(319, 2380)","(830, 620)"
"(91, 1940)","(600, 900)"
"(10, 2050)","(620, 870)"
"(379, 2010)","(740, 750)"
"(130, 2520)","(820, 670)"
"(166, 1440)","(300, 1200)"
"(61, 1690)","(450, 1050)"
"(118, 1860)","(570, 930)"
"(49, 1450)","(300, 1200)"
"(298, 2140)","(760, 730)"
"(397, 1560)","(460, 1030)"
"(40, 2500)","(790, 710)"
"(76, 1580)","(380, 1120)"
"(352, 1490)","(380, 1110)"
"(247, 1570)","(420, 1080)"
"(241, 2560)","(880, 620)"
"(268, 2440)","(850, 640)"
"(79, 1900)","(570, 910)"
"(280, 2510)","(840, 590)"
"(46, 2190)","(690, 810)"
"(298, 2330)","(830, 660)"
"(49, 2330)","(740, 750)"
"(391, 1430)","(330, 1160)"
"(346, 1660)","(520, 970)"
"(379, 2350)","(870, 620)"
"(253, 2220)","(780, 720)"
"(184, 1880)","(600, 900)"
"(214, 1570)","(410, 1090)"
"(379, 1840)","(660, 840)"
"(97, 2450)","(790, 700)"
"(355, 1940)","(700, 800)"
"(151, 1530)","(360, 1140)"
"(334, 1850)","(640, 850)"
"(109, 1450)","(300, 1200)"
"(142, 2270)","(750, 740)"
"(211, 1890)","(610, 880)"
"(130, 2230)","(730, 760)"
"(127, 1900)","(590, 910)"
"(262, 2430)","(850, 650)"
"(262, 2110)","(740, 760)"
"(232, 2530)","(870, 630)"
"(109, 1540)","(360, 1140)"
"(139, 1540)","(360, 1130)"
"(376, 1470)","(370, 1130)"
"(385, 2530)","(910, 560)"
"(166, 2470)","(820, 670)"
"(103, 1640)","(430, 1070)"
"(199, 1830)","(580, 920)"
"(7, 2100)","(640, 850)"
"(40, 2510)","(790, 700)"
"(322, 2440)","(880, 620)"
"(97, 2300)","(750, 750)"
"(37, 2380)","(750, 740)"
"(91, 1510)","(330, 1170)"
"(145, 1440)","(300, 1200)"
"(247, 1820)","(590, 910)"
"(280, 1810)","(600, 900)"
"(232, 2160)","(740, 750)"
"(166, 2280)","(760, 730)"
"(253, 1800)","(580, 920)"
"(328, 1590)","(460, 1030)"
"(172, 2390)","(800, 690)"
"(355, 2210)","(810, 680)"
"(139, 1740)","(500, 980)"
"(295, 1480)","(350, 1130)"
"(235, 2410)","(830, 660)"
"(88, 2110)","(670, 820)"
"(241, 1670)","(490, 1000)"
"(244, 2290)","(800, 700)"
"(49, 2150)","(680, 820)"
"(247, 1490)","(350, 1150)"
"(262, 2370)","(820, 660)"
"(367, 2280)","(840, 650)"
"(349, 2080)","(760, 740)"
"(208, 1970)","(650, 840)"
"(127, 1930)","(600, 880)"
"(121, 2140)","(700, 800)"
"(70, 2060)","(650, 850)"
"(388, 1870)","(680, 820)"
"(103, 1510)","(330, 1170)"
"(154, 2340)","(780, 720)"
"(82, 1480)","(300, 1200)"
"(376, 1400)","(300, 1200)"
"(163, 2110)","(700, 800)"
"(163, 1590)","(410, 1090)"
"(160, 2190)","(730, 770)"
"(25, 2440)","(770, 730)"
"(400, 1840)","(660, 830)"
"(337, 2110)","(770, 730)"
"(253, 1690)","(510, 990)"
"(316, 1750)","(570, 920)"
"(394, 1900)","(700, 800)"
"(340, 1450)","(340, 1160)"
"(373, 2240)","(830, 660)"
"(343, 2030)","(740, 760)"
"(193, 2360)","(800, 700)"
"(364, 2490)","(910, 590)"
"(271, 2340)","(820, 670)"
"(370, 1550)","(440, 1050)"
"(217, 2170)","(740, 750)"
"(58, 1490)","(300, 1180)"
"(193, 1640)","(450, 1030)"
"(313, 2010)","(710, 780)"
"(22, 1600)","(380, 1120)"
"(85, 1770)","(500, 980)"
"(313, 2570)","(900, 580)"
"(388, 2460)","(900, 580)"
"(358, 2540)","(920, 570)"
"(289, 1650)","(490, 990)"
"(145, 1900)","(600, 900)"
"(274, 2310)","(820, 680)"
"(343, 1970)","(710, 790)"
"(148, 2270)","(750, 740)"
"(208, 1930)","(630, 860)"
"(190, 1450)","(300, 1200)"
"(58, 1660)","(430, 1070)"
"(316, 2510)","(860, 580)"
"(331, 1740)","(570, 920)"
"(166, 1790)","(540, 950)"
"(205, 2170)","(740, 760)"
"(217, 2060)","(700, 800)"
"(67, 1400)","(300, 1200)"
"(25, 1420)","(300, 1200)"
"(85, 2260)","(730, 770)"
"(268, 1650)","(490, 1010)"
"(7, 1460)","(300, 1200)"
"(154, 2090)","(690, 810)"
"(193, 2190)","(740, 750)"
"(100, 2240)","(730, 770)"
"(349, 2460)","(890, 600)"
"(322, 2270)","(820, 670)"
"(382, 1940)","(710, 790)"
"(22, 2440)","(770, 730)"
"(397, 2120)","(800, 700)"
"(103, 2200)","(710, 780)"
"(340, 2110)","(770, 730)"
"(145, 1910)","(600, 890)"
"(73, 1450)","(300, 1200)"
"(109, 2120)","(680, 810)"
"(226, 2260)","(780, 720)"
"(61, 2100)","(660, 840)"
"(232, 1530)","(380, 1120)"
"(1, 1920)","(560, 930)"
"(331, 1770)","(590, 900)"
"(181, 1400)","(300, 1200)"
"(244, 1430)","(300, 1200)"
"(397, 1980)","(740, 760)"
"(97, 1740)","(490, 1000)"
"(397, 2520)","(920, 560)"
"(229, 1620)","(450, 1040)"
"(379, 2140)","(800, 700)"
"(232, 1720)","(520, 970)"
"(154, 1740)","(510, 990)"
"(358, 2090)","(770, 730)"
"(232, 2200)","(760, 740)"
"(328, 2410)","(850, 610)"
"(232, 2340)","(810, 690)"
"(64, 1450)","(300, 1200)"
"(151, 2540)","(840, 660)"
"(364, 1610)","(490, 1000)"
"(223, 1830)","(590, 910)"
"(196, 1630)","(450, 1050)"
"(355, 1450)","(340, 1150)"
"(70, 2340)","(750, 740)"
"(121, 2120)","(690, 810)"
"(331, 2060)","(740, 750)"
"(376, 1850)","(660, 840)"
"(292, 2200)","(780, 710)"
"(232, 2100)","(720, 780)"
"(325, 2540)","(910, 590)"
"(76, 2500)","(800, 690)"
"(277, 1480)","(350, 1150)"
"(286, 2500)","(880, 620)"
"(49, 2230)","(710, 790)"
"(331, 1460)","(340, 1140)"
"(283, 2030)","(710, 790)"
"(385, 1460)","(360, 1130)"
"(7, 2260)","(700, 790)"
"(274, 1650)","(490, 1010)"
"(46, 1460)","(300, 1200)"
"(58, 2040)","(630, 860)"
"(82, 1510)","(320, 1160)"
"(337, 2290)","(830, 660)"
"(73, 2080)","(660, 840)"
"(232, 1570)","(410, 1070)"
"(133, 1810)","(540, 950)"
"(310, 2400)","(860, 640)"
"(211, 2170)","(740, 760)"
"(160, 2040)","(670, 830)"
"(145, 2290)","(760, 740)"
"(331, 2470)","(890, 610)"
"(55, 2200)","(700, 800)"
"(376, 1640)","(520, 980)"
"(160, 2250)","(750, 740)"
"(19, 2240)","(700, 800)"
"(334, 2000)","(720, 780)"
"(88, 1580)","(380, 1110)"
"(169, 1450)","(300, 1200)"
"(88, 2260)","(730, 770)"
"(349, 1710)","(560, 940)"
"(322, 1530)","(410, 1090)"
"(319, 1880)","(650, 840)"
"(91, 2370)","(770, 730)"
"(190, 2160)","(730, 770)"
"(271, 1850)","(620, 880)"
"(250, 1510)","(370, 1130)"
"(223, 2180)","(750, 750)"
"(133, 2170)","(710, 780)"
"(34, 2580)","(810, 680)"
"(256, 2550)","(870, 610)"
"(172, 2440)","(820, 680)"
"(10, 1730)","(460, 1030)"
"(349, 2510)","(910, 590)"
"(298, 1640)","(490, 1010)"
"(46, 2520)","(800, 700)"
"(274, 1810)","(590, 900)"
"(40, 1860)","(540, 950)"
"(391, 2040)","(760, 730)"
"(373, 1770)","(610, 890)"
"(385, 1570)","(470, 1030)"
"(376, 1750)","(600, 900)"
"(97, 2140)","(690, 810)"
"(130, 2140)","(700, 800)"
"(64, 2220)","(710, 790)"
"(154, 2260)","(750, 740)"
"(25, 2070)","(630, 850)"
"(277, 2320)","(820, 680)"
"(352, 1520)","(410, 1090)"
"(346, 2120)","(780, 720)"
"(211, 1990)","(660, 830)"
"(91, 2320)","(750, 740)"
"(70, 2500)","(800, 700)"
"(310, 2230)","(800, 690)"
"(355, 1910)","(680, 810)"
"(31, 1790)","(500, 990)"
"(4, 2310)","(720, 780)"
"(307, 2380)","(840, 640)"
"(367, 1600)","(480, 1000)"
"(148, 2500)","(830, 670)"
"(379, 1880)","(680, 820)"
"(361, 2190)","(810, 690)"
"(199, 2410)","(810, 670)"
"(229, 1640)","(470, 1030)"
"(322, 1980)","(700, 790)"
"(334, 1920)","(680, 820)"
"(388, 2010)","(750, 750)"
"(277, 2530)","(850, 590)"
"(397, 1530)","(440, 1060)"
"(76, 1510)","(320, 1160)"
"(130, 2600)","(850, 650)"
"(367, 2560)","(910, 570)"
"(28, 1830)","(520, 970)"
"(169, 2140)","(710, 780)"
"(199, 2170)","(740, 760)"
"(271, 2270)","(800, 700)"
"(223, 2230)","(770, 730)"
"(25, 1910)","(560, 930)"
"(286, 2470)","(820, 590)"
"(58, 2360)","(750, 740)"
"(346, 1940)","(690, 800)"
"(316, 1680)","(530, 970)"
"(229, 2450)","(840, 650)"
"(313, 2200)","(790, 700)"
"(268, 1740)","(550, 950)"
"(244, 1550)","(400, 1090)"
"(214, 2220)","(760, 740)"
"(382, 1960)","(720, 780)"
"(115, 1410)","(300, 1200)"
"(304, 2360)","(850, 650)"
"(367, 1410)","(300, 1190)"
"(205, 1960)","(650, 850)"
"(184, 2260)","(760, 730)"
"(259, 2350)","(820, 670)"
"(73, 1730)","(480, 1020)"
"(76, 1470)","(300, 1200)"
"(379, 2360)","(880, 620)"
"(82, 1430)","(300, 1200)"
"(145, 2040)","(660, 830)"
"(55, 2420)","(770, 720)"
"(37, 1580)","(370, 1130)"
"(322, 1820)","(620, 880)"
"(109, 1520)","(340, 1160)"
"(352, 1990)","(720, 770)"
"(127, 1610)","(410, 1070)"
"(76, 2460)","(790, 710)"
"(391, 1400)","(300, 1200)"
"(304, 1660)","(510, 990)"
"(211, 2320)","(790, 700)"
"(373, 1400)","(300, 1200)"
"(307, 2100)","(750, 750)"
"(163, 1710)","(490, 1000)"
"(286, 1610)","(460, 1030)"
"(379, 1920)","(700, 800)"
"(19, 1780)","(490, 1000)"
"(163, 2340)","(780, 710)"
"(370, 2420)","(870, 590)"
"(211, 1830)","(580, 910)"
"(157, 1900)","(600, 900)"
"(232, 1440)","(300, 1200)"
"(256, 1960)","(670, 830)"
"(271, 1810)","(590, 900)"
"(283, 2590)","(900, 590)"
"(166, 1520)","(350, 1130)"
"(10, 2520)","(790, 710)"
"(103, 1780)","(520, 980)"
"(376, 1780)","(620, 880)"
"(154, 1810)","(550, 940)"
"(223, 1730)","(530, 970)"
"(208, 1630)","(450, 1040)"
"(259, 1910)","(640, 850)"
"(373, 2380)","(870, 610)"
"(331, 2260)","(820, 670)"
"(328, 2060)","(740, 750)"
"(256, 2580)","(880, 600)"
"(400, 2420)","(900, 590)"
"(352, 2470)","(900, 600)"
"(301, 2340)","(840, 660)"
"(70, 1630)","(410, 1080)"
"(76, 2020)","(630, 860)"
"(43, 2450)","(780, 720)"
"(160, 2330)","(780, 720)"
"(283, 1920)","(660, 840)"
"(217, 2120)","(720, 770)"
"(397, 1460)","(370, 1130)"
"(319, 1640)","(500, 1000)"
"(106, 2060)","(660, 840)"
"(196, 1620)","(440, 1050)"
"(16, 1800)","(500, 990)"
"(94, 1550)","(360, 1140)"
"(310, 2130)","(760, 730)"
"(241, 1500)","(360, 1140)"
"(199, 1410)","(300, 1200)"
"(58, 2140)","(680, 820)"
"(319, 1480)","(360, 1140)"
"(376, 1590)","(480, 1020)"
"(145, 1770)","(520, 960)"
"(7, 1770)","(480, 1010)"
"(184, 1420)","(300, 1200)"
"(334, 1610)","(480, 1020)"
"(397, 1970)","(730, 760)"
"(67, 2430)","(780, 720)"
"(250, 2200)","(770, 730)"
"(145, 1690)","(470, 1010)"
"(217, 1910)","(630, 870)"
"(340, 2270)","(830, 670)"
"(202, 1980)","(660, 840)"
"(13, 1690)","(440, 1060)"
"(109, 1770)","(510, 980)"
"(4, 1890)","(550, 950)"
"(73, 2480)","(800, 700)"
"(166, 2270)","(760, 740)"
"(136, 2460)","(810, 680)"
"(226, 2430)","(830, 660)"
"(256, 1640)","(470, 1010)"
"(175, 2430)","(820, 680)"
"(52, 1680)","(440, 1050)"
"(316, 2230)","(800, 690)"
"(55, 2550)","(810, 690)"
"(364, 2330)","(850, 630)"
"(256, 2080)","(720, 770)"
"(178, 1550)","(380, 1110)"
"(280, 2120)","(750, 750)"
"(253, 1460)","(320, 1170)"
"(124, 1520)","(340, 1150)"
"(166, 1880)","(590, 900)"
"(40, 1960)","(590, 900)"
"(394, 1580)","(480, 1020)"
"(106, 1860)","(560, 930)"
"(319, 2460)","(860, 600)"
"(28, 2260)","(710, 790)"
"(313, 2110)","(760, 740)"
"(202, 1780)","(550, 950)"
"(124, 2490)","(820, 680)"
"(85, 1780)","(510, 980)"
"(298, 2210)","(790, 710)"
"(208, 1440)","(300, 1200)"
"(199, 1940)","(640, 860)"
"(382, 1490)","(390, 1100)"
"(217, 2560)","(870, 630)"
"(4, 2260)","(700, 790)"
"(274, 2150)","(760, 740)"
"(235, 1640)","(470, 1030)"
"(196, 1500)","(340, 1140)"
"(172, 1420)","(300, 1200)"
"(232, 2290)","(790, 700)"
"(103, 1470)","(300, 1200)"
"(97, 1950)","(600, 880)"
"(382, 1830)","(650, 850)"
"(118, 2380)","(780, 720)"
"(400, 1820)","(650, 840)"
"(172, 2460)","(820, 670)"
"(307, 1980)","(700, 800)"
"(190, 1640)","(450, 1030)"
"(136, 2230)","(740, 760)"
"(283, 2010)","(700, 790)"
"(265, 2130)","(750, 750)"
"(364, 2150)","(800, 700)"
"(127, 1950)","(610, 870)"
"(100, 1780)","(520, 980)"
"(169, 1400)","(300, 1200)"
"(391, 2300)","(860, 640)"
"(223, 1930)","(640, 860)"
"(328, 2280)","(810, 650)"
"(19, 2210)","(690, 810)"
"(7, 1420)","(300, 1200)"
"(94, 2500)","(810, 690)"
"(133, 1580)","(390, 1100)"
"(67, 1900)","(570, 920)"
"(370, 1600)","(490, 1010)"
"(268, 1880)","(630, 860)"
"(178, 2160)","(720, 770)"
"(124, 2360)","(780, 720)"
"(184, 2560)","(860, 640)"
"(43, 1460)","(300, 1200)"
"(175, 2330)","(780, 710)"
"(232, 2300)","(800, 700)"
"(322, 2100)","(760, 740)"
"(64, 1480)","(300, 1200)"
"(223, 1690)","(500, 1000)"
"(256, 1970)","(670, 820)"
"(124, 2120)","(690, 810)"
"(46, 1950)","(590, 910)"
"(187, 1670)","(470, 1010)"
"(139, 2480)","(820, 680)"
"(241, 2410)","(830, 660)"
"(121, 2550)","(830, 660)"
"(22, 1990)","(600, 900)"
"(271, 1540)","(400, 1100)"
"(301, 1460)","(340, 1160)"
"(391, 2030)","(760, 740)"
"(82, 1740)","(490, 1010)"
"(103, 2190)","(710, 790)"
"(145, 1730)","(500, 1000)"
"(76, 2260)","(730, 770)"
"(121, 2130)","(690, 800)"
"(307, 2350)","(840, 650)"
"(13, 1650)","(410, 1080)"
"(70, 2270)","(730, 770)"
"(310, 1900)","(660, 840)"
"(151, 1970)","(630, 860)"
"(367, 1530)","(420, 1060)"
"(352, 2020)","(740, 760)"
"(262, 2170)","(760, 740)"
"(67, 1490)","(300, 1170)"
"(304, 1640)","(490, 1000)"
"(244, 2090)","(720, 770)"
"(352, 1670)","(530, 960)"
"(268, 2480)","(860, 630)"
"(193, 1630)","(450, 1050)"
"(382, 2490)","(880, 560)"
"(28, 2530)","(800, 700)"
"(139, 1550)","(370, 1120)"
"(163, 1440)","(300, 1200)"
"(58, 2340)","(750, 750)"
"(154, 2290)","(760, 730)"
"(118, 1650)","(440, 1060)"
"(205, 2150)","(730, 770)"
"(397, 2600)","(950, 550)"
"(94, 1890)","(570, 910)"
"(340, 1560)","(440, 1050)"
"(31, 1480)","(300, 1200)"
"(157, 1520)","(350, 1140)"
"(151, 2310)","(770, 730)"
"(58, 2370)","(760, 740)"
"(292, 1730)","(550, 940)"
"(400, 2570)","(900, 520)"
"(13, 1840)","(520, 970)"
"(235, 1890)","(620, 870)"
"(340, 2340)","(850, 640)"
"(280, 1650)","(490, 1000)"
"(220, 2290)","(790, 710)"
"(367, 2360)","(870, 620)"
"(106, 1460)","(300, 1200)"
"(13, 2140)","(660, 830)"
"(85, 1600)","(390, 1090)"
"(10, 1860)","(530, 960)"
"(64, 2400)","(770, 730)"
"(160, 1780)","(530, 950)"
"(235, 1670)","(490, 1010)"
"(283, 1890)","(640, 850)"
"(244, 2050)","(700, 790)"
"(277, 1720)","(540, 960)"
"(64, 1780)","(500, 980)"
"(280, 2180)","(770, 720)"
"(313, 2520)","(880, 590)"
"(283, 2460)","(840, 610)"
"(316, 2310)","(830, 660)"
"(88, 1830)","(540, 950)"
"(208, 2540)","(850, 630)"
"(373, 2490)","(890, 570)"
"(127, 1770)","(520, 980)"
"(67, 1670)","(440, 1060)"
"(211, 1550)","(390, 1100)"
"(310, 1460)","(340, 1160)"
"(307, 1740)","(560, 930)"
"(136, 2360)","(780, 720)"
"(367, 1610)","(490, 1000)"
"(259, 1710)","(520, 960)"
"(394, 1590)","(490, 1010)"
"(121, 2300)","(760, 740)"
"(190, 1480)","(320, 1160)"
"(328, 1670)","(520, 970)"
"(328, 1790)","(600, 890)"
"(268, 2400)","(840, 650)"
"(187, 2370)","(800, 690)"
"(196, 2440)","(830, 670)"
"(136, 2000)","(640, 850)"
"(106, 2530)","(820, 680)"
"(115, 2380)","(780, 720)"
"(382, 2510)","(910, 570)"
"(172, 2470)","(830, 670)"
"(151, 2300)","(770, 730)"
"(316, 2140)","(770, 720)"
"(241, 2540)","(850, 610)"
"(301, 1420)","(300, 1200)"
"(16, 1450)","(300, 1200)"
"(208, 2190)","(750, 750)"
"(139, 1630)","(430, 1060)"
"(220, 2130)","(730, 770)"
"(67, 2090)","(660, 840)"
"(190, 2400)","(810, 680)"
"(268, 1890)","(640, 860)"
"(226, 2140)","(730, 760)"
"(337, 1470)","(360, 1140)"
"(178, 2320)","(780, 710)"
"(25, 1660)","(420, 1070)"
"(145, 1680)","(470, 1030)"
"(352, 2110)","(770, 720)"
"(7, 1720)","(450, 1030)"
"(37, 1510)","(310, 1170)"
"(364, 2000)","(730, 760)"
"(355, 1630)","(500, 980)"
"(268, 2030)","(700, 790)"
"(52, 1990)","(610, 890)"
"(34, 1710)","(450, 1030)"
"(229, 2280)","(790, 710)"
"(214, 2300)","(790, 710)"
"(337, 1840)","(640, 860)"
"(394, 1890)","(690, 810)"
"(304, 1570)","(440, 1060)"
"(226, 2580)","(850, 600)"
"(121, 1950)","(610, 880)"
"(7, 2360)","(740, 760)"
"(193, 2460)","(830, 660)"
"(67, 1810)","(520, 970)"
"(232, 1890)","(620, 870)"
"(241, 2230)","(770, 720)"
"(205, 2390)","(810, 680)"
"(226, 2530)","(860, 630)"
"(322, 2150)","(780, 720)"
"(169, 2580)","(830, 620)"
"(187, 2260)","(760, 730)"
"(166, 1900)","(600, 890)"
"(292, 1870)","(640, 860)"
"(25, 2430)","(760, 730)"
"(19, 2380)","(750, 750)"
"(214, 1780)","(550, 940)"
"(337, 2190)","(800, 700)"
"(208, 1400)","(300, 1200)"
"(343, 1510)","(400, 1100)"
"(196, 1730)","(520, 980)"
"(169, 2250)","(750, 740)"
"(328, 2120)","(770, 730)"
"(241, 1710)","(520, 980)"
"(79, 1810)","(530, 970)"
"(343, 2400)","(840, 600)"
"(277, 2070)","(730, 770)"
"(85, 2590)","(830, 670)"
"(337, 2270)","(830, 670)"
"(73, 1910)","(580, 920)"
"(256, 1910)","(640, 850)"
"(238, 2230)","(770, 720)"
"(64, 1690)","(450, 1040)"
"(265, 2120)","(740, 750)"
"(298, 2310)","(830, 670)"
"(67, 2580)","(820, 670)"
"(136, 1780)","(530, 970)"
"(46, 1870)","(550, 950)"
"(181, 1690)","(480, 1000)"
"(43, 1760)","(490, 1010)"
"(151, 2140)","(710, 790)"
"(268, 1600)","(450, 1050)"
"(190, 2570)","(840, 620)"
"(64, 1560)","(360, 1140)"
"(379, 1760)","(610, 890)"
"(319, 2370)","(850, 640)"
"(337, 2130)","(780, 720)"
"(169, 1980)","(640, 850)"
"(166, 1650)","(450, 1040)"
"(145, 2360)","(780, 710)"
"(343, 1420)","(310, 1190)"
"(64, 2140)","(680, 820)"
"(55, 1670)","(430, 1050)"
"(331, 1600)","(470, 1020)"
"(205, 2160)","(730, 760)"
"(175, 2270)","(760, 730)"
"(316, 2410)","(850, 620)"
"(247, 1620)","(460, 1040)"
"(214, 1610)","(440, 1060)"
"(292, 1600)","(460, 1040)"
"(202, 2360)","(800, 690)"
"(106, 2510)","(810, 680)"
"(115, 1790)","(530, 970)"
"(343, 1480)","(370, 1130)"
"(292, 1520)","(390, 1110)"
"(190, 2020)","(670, 830)"
"(262, 2180)","(760, 730)"
"(214, 1540)","(380, 1100)"
"(298, 1600)","(460, 1040)"
"(202, 1840)","(580, 910)"
"(211, 1950)","(650, 850)"
"(196, 1600)","(430, 1070)"
"(217, 1600)","(430, 1060)"
"(316, 1560)","(430, 1060)"
"(223, 1790)","(560, 930)"
"(190, 1670)","(470, 1010)"
"(139, 1530)","(350, 1130)"
"(397, 1910)","(700, 790)"
"(391, 1680)","(560, 940)"
"(145, 1830)","(560, 940)"
"(100, 2330)","(760, 740)"
"(199, 1720)","(510, 980)"
"(208, 1640)","(460, 1040)"
"(163, 1450)","(300, 1200)"
"(319, 1660)","(510, 980)"
"(346, 1880)","(660, 830)"
"(238, 1940)","(650, 850)"
"(157, 2410)","(800, 690)"
"(28, 2120)","(660, 840)"
"(292, 2100)","(740, 750)"
"(187, 2140)","(720, 780)"
"(328, 2210)","(800, 690)"
"(133, 1940)","(610, 880)"
"(49, 1900)","(560, 920)"
"(247, 2430)","(840, 650)"
"(166, 2180)","(730, 770)"
"(289, 1930)","(670, 830)"
"(28, 1620)","(390, 1090)"
"(196, 2150)","(730, 770)"
"(118, 1440)","(300, 1200)"
"(184, 2330)","(790, 710)"
"(91, 2100)","(670, 830)"
"(94, 2150)","(690, 800)"
"(328, 1870)","(650, 850)"
"(379, 1580)","(470, 1020)"
"(34, 2030)","(620, 870)"
"(40, 2150)","(670, 820)"
"(31, 1850)","(530, 950)"
"(277, 1560)","(420, 1080)"
"(349, 2280)","(840, 660)"
"(391, 1760)","(610, 880)"
"(166, 2030)","(670, 830)"
"(274, 2440)","(830, 620)"
"(322, 1430)","(310, 1190)"
"(400, 1780)","(630, 870)"
"(397, 1430)","(330, 1160)"
"(220, 2050)","(690, 800)"
"(106, 1970)","(620, 880)"
"(382, 2460)","(910, 590)"
"(1, 2420)","(750, 740)"
"(340, 1550)","(430, 1060)"
"(289, 1690)","(520, 970)"
"(133, 2040)","(660, 840)"
"(1, 2380)","(740, 750)"
"(43, 2430)","(770, 720)"
"(31, 2250)","(710, 790)"
"(139, 2350)","(780, 720)"
"(112, 1980)","(620, 870)"
"(91, 2020)","(640, 860)"
"(319, 2470)","(840, 580)"
"(391, 1580)","(480, 1020)"
"(232, 1670)","(490, 1010)"
"(232, 1730)","(530, 970)"
"(55, 2320)","(740, 760)"
"(193, 2000)","(660, 830)"
"(364, 1570)","(460, 1040)"
"(100, 1840)","(550, 950)"
"(277, 1910)","(650, 850)"
"(181, 2250)","(760, 740)"
"(313, 2590)","(910, 580)"
"(298, 1950)","(680, 820)"
"(19, 2160)","(670, 830)"
"(367, 1960)","(710, 780)"
"(187, 2170)","(730, 760)"
"(151, 1670)","(460, 1030)"
"(106, 2370)","(770, 720)"
"(187, 2440)","(820, 670)"
"(349, 2410)","(880, 620)"
"(49, 1540)","(340, 1150)"
"(79, 1640)","(420, 1070)"
"(331, 2310)","(840, 660)"
"(229, 2320)","(800, 690)"
"(133, 2200)","(720, 770)"
"(157, 1680)","(470, 1020)"
"(391, 2020)","(750, 740)"
"(49, 1780)","(500, 990)"
"(217, 2480)","(820, 630)"
"(373, 1860)","(660, 830)"
"(220, 1780)","(550, 930)"
"(364, 1630)","(510, 990)"
"(244, 2420)","(840, 660)"
"(358, 1790)","(620, 880)"
"(316, 2580)","(910, 590)"
"(154, 2480)","(820, 670)"
"(238, 2270)","(790, 710)"
"(67, 1960)","(600, 900)"
"(358, 1530)","(420, 1070)"
"(187, 2560)","(850, 630)"
"(352, 1940)","(700, 800)"
"(259, 1400)","(300, 1200)"
"(394, 1740)","(600, 900)"
"(37, 2550)","(800, 690)"
"(268, 1940)","(660, 830)"
"(337, 1780)","(600, 890)"
"(322, 2560)","(900, 580)"
"(187, 2550)","(840, 630)"
"(238, 1430)","(300, 1200)"
"(226, 1750)","(540, 960)"
"(46, 2490)","(790, 710)"
"(1, 2260)","(700, 790)"
"(208, 1800)","(560, 930)"
"(289, 1600)","(460, 1040)"
"(235, 1590)","(430, 1070)"
"(178, 1860)","(590, 910)"
"(178, 2450)","(820, 670)"
"(280, 1740)","(550, 940)"
"(262, 1400)","(300, 1200)"
"(253, 2330)","(810, 680)"
"(88, 2150)","(690, 810)"
"(238, 1530)","(380, 1110)"
"(283, 2520)","(860, 600)"
"(91, 1540)","(350, 1140)"
"(4, 2200)","(680, 810)"
"(13, 1600)","(380, 1120)"
"(181, 1870)","(590, 900)"
"(229, 1580)","(420, 1080)"
"(289, 1780)","(580, 910)"
"(88, 1540)","(350, 1150)"
"(67, 1920)","(580, 910)"
"(382, 1750)","(600, 890)"
"(67, 2150)","(680, 810)"
"(31, 1710)","(450, 1030)"
"(331, 1490)","(370, 1110)"
"(178, 1520)","(360, 1140)"
"(7, 2150)","(660, 830)"
"(88, 1760)","(500, 990)"
"(340, 1900)","(670, 820)"
"(76, 2090)","(660, 830)"
"(394, 2100)","(790, 710)"
"(13, 1680)","(430, 1060)"
"(49, 1580)","(370, 1120)"
"(76, 2300)","(740, 760)"
"(88, 1680)","(450, 1040)"
"(277, 2160)","(760, 730)"
"(319, 2520)","(870, 580)"
"(13, 2270)","(710, 790)"
"(46, 2360)","(750, 750)"
"(133, 1800)","(540, 960)"
"(298, 1400)","(300, 1200)"
"(286, 1810)","(600, 900)"
"(268, 1950)","(670, 830)"
"(160, 1830)","(560, 930)"
"(157, 1860)","(580, 920)"
"(85, 1800)","(520, 970)"
"(370, 2510)","(880, 560)"
"(364, 2170)","(800, 690)"
"(31, 2410)","(760, 730)"
"(232, 1520)","(370, 1120)"
"(211, 1980)","(660, 840)"
"(271, 1500)","(360, 1120)"
"(1, 2570)","(800, 700)"
"(73, 2260)","(720, 770)"
"(19, 2450)","(770, 730)"
"(250, 1740)","(540, 950)"
"(91, 2360)","(760, 730)"
"(379, 2410)","(870, 590)"
"(382, 1730)","(590, 910)"
"(19, 1890)","(550, 940)"
"(370, 1420)","(310, 1170)"
"(91, 1950)","(600, 890)"
"(4, 1700)","(440, 1050)"
"(373, 2480)","(890, 580)"
"(43, 1860)","(540, 950)"
"(325, 2320)","(840, 660)"
"(322, 2390)","(840, 620)"
"(256, 2260)","(790, 700)"
"(136, 2290)","(760, 740)"
"(61, 2480)","(790, 700)"
"(94, 1880)","(570, 930)"
"(310, 2300)","(830, 670)"
"(307, 2480)","(860, 600)"
"(127, 1830)","(550, 940)"
"(235, 2110)","(730, 770)"
"(31, 2380)","(750, 740)"
"(277, 1990)","(690, 810)"
"(46, 2390)","(760, 740)"
"(268, 1710)","(530, 970)"
"(169, 1710)","(490, 990)"
"(262, 2270)","(800, 700)"
"(151, 1470)","(310, 1190)"
"(349, 2470)","(900, 600)"
"(226, 1960)","(660, 840)"
"(316, 1780)","(590, 900)"
"(187, 2100)","(700, 790)"
"(346, 1730)","(570, 920)"
"(172, 2250)","(760, 740)"
"(226, 2190)","(750, 740)"
"(202, 2110)","(710, 780)"
"(184, 2010)","(660, 830)"
"(259, 2570)","(890, 610)"
"(223, 1410)","(300, 1200)"
"(37, 2330)","(740, 760)"
"(313, 2280)","(820, 670)"
"(157, 2560)","(850, 650)"
"(274, 1840)","(610, 880)"
"(79, 2320)","(750, 750)"
"(61, 2240)","(710, 780)"
"(316, 2460)","(860, 600)"
"(199, 1710)","(500, 980)"
"(142, 2160)","(710, 780)"
"(31, 2170)","(680, 820)"
"(151, 2000)","(650, 850)"
"(58, 2230)","(710, 790)"
"(220, 1820)","(580, 920)"
"(178, 2000)","(660, 840)"
"(73, 2440)","(780, 710)"
"(226, 1510)","(360, 1130)"
"(244, 2360)","(820, 680)"
"(37, 1660)","(420, 1060)"
"(25, 1540)","(330, 1140)"
"(193, 2310)","(780, 710)"
"(169, 2220)","(740, 750)"
"(49, 1660)","(430, 1070)"
"(67, 1870)","(550, 930)"
"(214, 1870)","(600, 880)"
"(238, 2260)","(780, 710)"
"(172, 2330)","(780, 710)"
"(88, 1780)","(510, 980)"
"(295, 2090)","(740, 750)"
"(265, 1660)","(490, 1000)"
"(130, 1520)","(340, 1140)"
"(175, 2360)","(790, 700)"
"(4, 1570)","(350, 1130)"
"(94, 2260)","(730, 760)"
"(94, 2470)","(800, 700)"
"(127, 2140)","(700, 800)"
"(136, 2010)","(650, 850)"
"(400, 2170)","(820, 680)"
"(334, 1630)","(500, 1000)"
"(1, 1640)","(400, 1090)"
"(106, 2430)","(790, 700)"
"(265, 1950)","(670, 830)"
"(277, 1730)","(540, 940)"
"(226, 1520)","(370, 1130)"
"(343, 1490)","(380, 1120)"
"(262, 2200)","(770, 720)"
"(127, 2520)","(820, 670)"
"(55, 2160)","(680, 810)"
"(103, 1860)","(560, 930)"
"(322, 1750)","(570, 910)"
"(16, 1810)","(510, 990)"
"(130, 2500)","(820, 680)"
"(28, 2080)","(640, 850)"
"(175, 1830)","(570, 930)"
"(190, 1770)","(540, 960)"
"(253, 2000)","(690, 810)"
"(223, 2480)","(850, 650)"
"(190, 2420)","(820, 680)"
"(400, 1510)","(420, 1080)"
"(205, 1790)","(560, 940)"
"(154, 1420)","(300, 1200)"
"(43, 1850)","(540, 960)"
"(334, 2260)","(820, 670)"
"(103, 2550)","(830, 670)"
"(157, 2230)","(740, 750)"
"(280, 1790)","(580, 910)"
"(334, 1890)","(660, 830)"
"(16, 1620)","(390, 1100)"
"(106, 2450)","(800, 700)"
"(31, 1680)","(430, 1050)"
"(226, 2170)","(750, 750)"
"(196, 2060)","(690, 810)"
"(103, 2100)","(670, 820)"
"(319, 2280)","(820, 670)"
"(106, 1570)","(380, 1120)"
"(43, 2240)","(710, 790)"
"(376, 1840)","(650, 840)"
"(49, 1760)","(490, 1010)"
"(133, 1950)","(620, 880)"
"(196, 1770)","(540, 950)"
"(136, 2310)","(760, 730)"
"(190, 2310)","(780, 710)"
"(166, 2370)","(790, 700)"
"(346, 1710)","(560, 940)"
"(259, 2110)","(740, 760)"
"(265, 2070)","(720, 770)"
"(49, 2380)","(760, 740)"
"(343, 2480)","(850, 570)"
"(265, 1600)","(450, 1050)"
"(85, 2460)","(790, 700)"
"(199, 2260)","(770, 730)"
"(349, 1500)","(390, 1110)"
"(355, 2490)","(900, 590)"
"(376, 2450)","(900, 590)"
"(268, 2390)","(840, 660)"
"(346, 1960)","(700, 790)"
"(94, 2420)","(780, 710)"
"(205, 2590)","(850, 610)"
"(28, 2300)","(720, 770)"
"(250, 2020)","(690, 800)"
"(7, 1860)","(530, 960)"
"(175, 1530)","(360, 1120)"
"(223, 1740)","(530, 960)"
"(187, 1960)","(640, 850)"
"(151, 2590)","(850, 640)"
"(241, 2270)","(790, 710)"
"(61, 2220)","(710, 790)"
"(196, 2460)","(830, 660)"
"(229, 2410)","(830, 670)"
"(235, 1560)","(410, 1090)"
"(370, 1740)","(590, 910)"
"(121, 2000)","(640, 860)"
"(199, 2590)","(830, 600)"
"(22, 2330)","(730, 760)"
"(271, 2370)","(830, 660)"
"(106, 1760)","(510, 990)"
"(61, 1680)","(440, 1050)"
"(337, 1500)","(390, 1110)"
"(7, 2090)","(640, 860)"
"(301, 1740)","(560, 930)"
"(154, 1890)","(590, 900)"
"(253, 2590)","(880, 600)"
"(343, 1880)","(660, 830)"
"(154, 2080)","(680, 810)"
"(73, 1700)","(460, 1040)"
"(25, 1690)","(440, 1060)"
"(361, 2440)","(890, 600)"
"(277, 1700)","(520, 960)"
"(274, 1710)","(530, 960)"
"(277, 2440)","(830, 620)"
"(301, 1440)","(320, 1180)"
"(331, 2160)","(790, 710)"
"(37, 2200)","(690, 800)"
"(40, 1590)","(380, 1120)"
"(22, 1820)","(510, 970)"
"(52, 1940)","(580, 900)"
"(238, 2450)","(850, 650)"
"(70, 1660)","(430, 1060)"
"(28, 2470)","(780, 720)"
"(391, 2270)","(850, 640)"
"(4, 2470)","(770, 730)"
"(301, 2220)","(800, 700)"
"(130, 1580)","(390, 1100)"
"(151, 1850)","(570, 920)"
"(124, 1890)","(580, 910)"
"(40, 2140)","(670, 830)"
"(394, 1710)","(580, 920)"
"(346, 1870)","(660, 840)"
"(202, 1950)","(640, 850)"
"(247, 1640)","(470, 1020)"
"(97, 2200)","(710, 780)"
"(274, 1660)","(500, 1000)"
"(250, 2270)","(790, 700)"
"(376, 1650)","(530, 970)"
"(253, 1880)","(630, 870)"
"(163, 2210)","(740, 760)"
"(196, 2480)","(840, 660)"
"(340, 1620)","(490, 1010)"
"(160, 1560)","(380, 1100)"
"(229, 2210)","(760, 730)"
"(163, 1530)","(360, 1130)"
"(136, 2040)","(660, 840)"
"(382, 2040)","(760, 740)"
"(112, 1780)","(520, 980)"
"(337, 1850)","(640, 850)"
"(31, 1760)","(480, 1000)"
"(316, 1660)","(510, 980)"
"(82, 2440)","(790, 710)"
"(46, 2250)","(710, 780)"
"(142, 1900)","(590, 890)"
"(169, 1560)","(390, 1110)"
"(301, 2170)","(780, 720)"
"(124, 1850)","(560, 930)"
"(214, 2080)","(710, 790)"
"(40, 1800)","(510, 990)"
"(301, 2380)","(850, 650)"
"(31, 1900)","(560, 940)"
"(328, 1620)","(490, 1010)"
"(19, 1460)","(300, 1200)"
"(352, 2170)","(800, 700)"
"(172, 1730)","(510, 990)"
"(10, 2450)","(770, 730)"
"(397, 2400)","(900, 600)"
"(136, 2200)","(720, 770)"
"(184, 1760)","(530, 960)"
"(49, 2280)","(720, 770)"
"(400, 1640)","(530, 970)"
"(157, 2570)","(840, 640)"
"(226, 2120)","(730, 770)"
"(400, 2240)","(850, 650)"
"(232, 1770)","(550, 940)"
"(385, 2430)","(860, 570)"
"(64, 1720)","(470, 1030)"
"(340, 1720)","(560, 930)"
"(88, 1630)","(420, 1080)"
"(385, 2260)","(850, 650)"
"(118, 1790)","(530, 970)"
"(307, 2510)","(880, 600)"
"(37, 1890)","(560, 940)"
"(49, 2550)","(810, 690)"
"(229, 1530)","(380, 1120)"
"(55, 1560)","(360, 1140)"
"(184, 2520)","(850, 650)"
"(70, 1760)","(490, 990)"
"(82, 1880)","(560, 920)"
"(7, 2340)","(730, 760)"
"(346, 2240)","(820, 670)"
"(34, 2170)","(680, 820)"
"(274, 2370)","(830, 660)"
"(145, 1520)","(350, 1150)"
"(70, 2410)","(770, 720)"
"(307, 1490)","(370, 1130)"
"(322, 1830)","(630, 870)"
"(190, 1920)","(620, 870)"
"(268, 2550)","(880, 610)"
"(37, 2540)","(800, 690)"
"(241, 2150)","(740, 750)"
"(136, 1930)","(610, 890)"
"(298, 1710)","(540, 960)"
"(319, 1410)","(300, 1200)"
"(205, 1480)","(330, 1170)"
"(208, 2490)","(850, 650)"
"(13, 1830)","(520, 980)"
"(298, 2020)","(710, 780)"
"(217, 1850)","(590, 890)"
"(202, 2010)","(670, 830)"
"(226, 2560)","(850, 610)"
"(88, 1530)","(340, 1150)"
"(148, 2280)","(760, 740)"
"(349, 2050)","(750, 750)"
"(148, 2160)","(710, 780)"
"(133, 2150)","(700, 790)"
"(343, 2360)","(860, 640)"
"(52, 1830)","(530, 970)"
"(109, 1620)","(420, 1080)"
"(88, 1490)","(310, 1190)"
"(13, 1700)","(440, 1050)"
"(4, 2600)","(810, 690)"
"(358, 1840)","(650, 850)"
"(355, 1820)","(630, 860)"
"(49, 1970)","(600, 900)"
"(253, 1970)","(670, 820)"
"(55, 2130)","(670, 830)"
"(217, 1550)","(390, 1100)"
"(334, 1570)","(450, 1050)"
"(241, 1940)","(650, 840)"
"(40, 2290)","(720, 770)"
"(85, 2280)","(740, 760)"
"(250, 1990)","(680, 820)"
"(88, 1950)","(600, 890)"
"(343, 1830)","(630, 860)"
"(202, 1490)","(340, 1160)"
"(232, 2020)","(690, 810)"
"(289, 2400)","(840, 640)"
"(259, 1850)","(610, 880)"
"(163, 1910)","(610, 890)"
"(190, 2330)","(790, 710)"
"(73, 1680)","(450, 1050)"
"(28, 1560)","(350, 1140)"
"(124, 2510)","(820, 670)"
"(217, 1540)","(380, 1100)"
"(241, 2370)","(820, 670)"
"(175, 2030)","(670, 830)"
"(280, 2210)","(780, 710)"
"(301, 2000)","(700, 790)"
"(193, 2400)","(810, 680)"
"(109, 2570)","(830, 660)"
"(49, 1440)","(300, 1200)"
"(31, 1500)","(300, 1170)"
"(370, 2240)","(830, 660)"
"(142, 2590)","(840, 640)"
"(310, 2190)","(790, 710)"
"(151, 2600)","(840, 630)"
"(178, 2600)","(870, 630)"
"(37, 2390)","(760, 740)"
"(43, 1920)","(570, 920)"
"(385, 1410)","(310, 1190)"
"(349, 2300)","(840, 650)"
"(148, 1890)","(590, 900)"
"(193, 1970)","(650, 850)"
"(295, 2380)","(840, 640)"
"(142, 1930)","(610, 890)"
"(325, 1480)","(360, 1130)"
"(310, 1600)","(460, 1030)"
"(352, 2040)","(740, 750)"
"(196, 2470)","(840, 660)"
"(169, 1580)","(400, 1090)"
"(280, 1420)","(300, 1200)"
"(244, 2460)","(830, 630)"
"(181, 2100)","(700, 790)"
"(349, 2350)","(860, 640)"
"(97, 1870)","(560, 920)"
"(124, 1600)","(400, 1080)"
"(400, 2190)","(820, 660)"
"(151, 1560)","(380, 1110)"
"(304, 2420)","(860, 630)"
"(196, 2530)","(850, 640)"
"(319, 2550)","(900, 590)"
"(34, 1700)","(450, 1050)"
"(10, 2290)","(720, 780)"
"(22, 1660)","(420, 1080)"
"(262, 1640)","(480, 1020)"
"(37, 1540)","(340, 1160)"
"(364, 2470)","(900, 590)"
"(220, 2330)","(800, 690)"
"(91, 1830)","(540, 950)"
"(109, 2440)","(800, 700)"
"(331, 2580)","(920, 580)"
"(22, 1950)","(580, 910)"
"(388, 2200)","(820, 670)"
"(244, 1810)","(580, 910)"
"(391, 2090)","(780, 710)"
"(331, 1960)","(700, 800)"
"(115, 1420)","(300, 1200)"
"(325, 2420)","(850, 610)"
"(400, 2010)","(750, 740)"
"(79, 2480)","(800, 700)"
"(19, 2260)","(710, 790)"
"(301, 1620)","(480, 1020)"
"(91, 2350)","(760, 730)"
"(205, 1910)","(620, 870)"
"(196, 2340)","(800, 700)"
"(199, 1630)","(450, 1050)"
"(382, 2370)","(870, 610)"
"(280, 2500)","(880, 620)"
"(7, 1540)","(330, 1160)"
"(205, 1930)","(630, 860)"
"(190, 1490)","(330, 1150)"
"(64, 1490)","(300, 1180)"
"(178, 1890)","(600, 890)"
"(166, 2550)","(850, 650)"
"(313, 2270)","(820, 680)"
"(25, 2370)","(750, 750)"
"(85, 1460)","(300, 1200)"
"(379, 1680)","(550, 940)"
"(334, 2160)","(790, 710)"
"(205, 2000)","(670, 830)"
"(10, 1540)","(330, 1160)"
"(19, 2310)","(720, 770)"
"(118, 1730)","(490, 1000)"
"(157, 1540)","(370, 1130)"
"(283, 1900)","(650, 850)"
"(121, 1600)","(400, 1080)"
"(157, 1420)","(300, 1200)"
"(394, 2080)","(780, 720)"
"(301, 2430)","(850, 620)"
"(145, 1400)","(300, 1200)"
"(193, 1920)","(620, 870)"
"(220, 2010)","(680, 820)"
"(373, 2520)","(920, 570)"
"(220, 1970)","(660, 840)"
"(166, 1730)","(510, 990)"
"(277, 1590)","(440, 1040)"
"(301, 1400)","(300, 1200)"
"(10, 2400)","(750, 740)"
"(214, 1950)","(650, 850)"
"(391, 2350)","(860, 610)"
"(103, 2120)","(680, 810)"
"(301, 2180)","(780, 720)"
"(13, 2310)","(720, 770)"
"(112, 2090)","(670, 820)"
"(355, 2090)","(770, 730)"
"(388, 1570)","(470, 1030)"
"(337, 1960)","(700, 800)"
"(118, 1580)","(390, 1110)"
"(16, 2530)","(790, 700)"
"(28, 2390)","(750, 740)"
"(304, 2090)","(750, 750)"
"(1, 1680)","(430, 1070)"
"(235, 2240)","(780, 720)"
"(49, 1820)","(520, 970)"
"(82, 1860)","(550, 930)"
"(64, 1830)","(530, 960)"
"(61, 2510)","(800, 700)"
"(280, 2170)","(770, 730)"
"(133, 2260)","(750, 750)"
"(256, 2220)","(780, 720)"
"(55, 2500)","(800, 700)"
"(364, 1970)","(720, 780)"
"(229, 2460)","(840, 650)"
"(154, 2370)","(790, 710)"
"(19, 1850)","(530, 960)"
"(352, 2350)","(860, 630)"
"(46, 2100)","(660, 840)"
"(73, 2000)","(620, 870)"
"(58, 2400)","(770, 730)"
"(307, 2180)","(780, 710)"
"(244, 2440)","(840, 650)"
"(34, 1740)","(470, 1020)"
"(196, 1660)","(470, 1030)"
"(247, 2110)","(730, 770)"
"(190, 1600)","(420, 1060)"
"(214, 2230)","(760, 730)"
"(223, 1610)","(440, 1050)"
"(187, 1850)","(580, 910)"
"(70, 2120)","(670, 820)"
"(280, 1920)","(660, 840)"
"(34, 1900)","(560, 930)"
"(43, 2220)","(700, 790)"
"(262, 2250)","(790, 710)"
"(385, 2180)","(810, 670)"
"(337, 2260)","(820, 670)"
"(31, 2460)","(780, 720)"
"(157, 1870)","(580, 900)"
"(265, 2000)","(690, 810)"
"(88, 2140)","(690, 810)"
"(340, 2070)","(750, 740)"
"(343, 2110)","(770, 730)"
"(103, 2160)","(700, 800)"
"(19, 1860)","(530, 950)"
"(112, 1610)","(410, 1090)"
"(337, 2370)","(860, 640)"
"(133, 2180)","(720, 780)"
"(124, 2460)","(810, 690)"
"(238, 1950)","(660, 840)"
"(94, 2080)","(660, 830)"
"(55, 1450)","(300, 1200)"
"(358, 1950)","(700, 790)"
"(265, 2360)","(830, 670)"
"(76, 1910)","(580, 920)"
"(91, 2570)","(830, 670)"
"(235, 2450)","(830, 640)"
"(388, 2290)","(850, 630)"
"(298, 2270)","(810, 680)"
"(358, 2520)","(900, 570)"
"(22, 2460)","(770, 720)"
"(34, 2220)","(700, 800)"
"(43, 1550)","(350, 1150)"
"(85, 1930)","(590, 900)"
"(88, 2600)","(830, 660)"
"(40, 1550)","(350, 1150)"
"(184, 2470)","(830, 660)"
"(181, 2010)","(660, 830)"
"(292, 2370)","(840, 650)"
"(280, 1460)","(330, 1170)"
"(163, 1550)","(380, 1120)"
"(274, 2410)","(840, 640)"
"(142, 2480)","(820, 680)"
"(379, 1790)","(630, 870)"
"(325, 2150)","(780, 720)"
"(151, 2220)","(740, 760)"
"(400, 1850)","(670, 830)"
"(307, 1840)","(620, 870)"
"(184, 1620)","(440, 1060)"
"(7, 1910)","(560, 940)"
"(187, 1430)","(300, 1200)"
"(259, 1570)","(420, 1070)"
"(106, 2110)","(680, 820)"
"(1, 2170)","(670, 830)"
"(286, 2150)","(760, 730)"
"(67, 2450)","(780, 710)"
"(97, 2550)","(820, 670)"
"(256, 1610)","(450, 1040)"
"(172, 1720)","(500, 990)"
"(196, 1450)","(300, 1200)"
"(16, 2220)","(690, 800)"
"(193, 2340)","(790, 700)"
"(154, 2250)","(750, 750)"
"(175, 2070)","(690, 810)"
"(67, 1500)","(310, 1170)"
"(145, 2160)","(710, 780)"
"(49, 2130)","(670, 830)"
"(301, 1540)","(410, 1090)"
"(337, 2320)","(840, 650)"
"(238, 1560)","(410, 1090)"
"(178, 2460)","(830, 670)"
"(139, 2380)","(790, 710)"
"(211, 2460)","(830, 650)"
"(130, 1840)","(560, 940)"
"(337, 1880)","(660, 840)"
"(295, 1400)","(300, 1200)"
"(343, 1430)","(320, 1180)"
"(97, 2400)","(780, 720)"
"(325, 2360)","(850, 640)"
"(91, 1500)","(320, 1180)"
"(226, 2230)","(770, 730)"
"(382, 1680)","(550, 940)"
"(136, 1990)","(640, 860)"
"(295, 2300)","(820, 680)"
"(121, 1650)","(440, 1060)"
"(274, 2020)","(700, 790)"
"(253, 1520)","(380, 1120)"
"(340, 2550)","(900, 580)"
"(214, 2510)","(850, 640)"
"(292, 1710)","(540, 960)"
"(43, 1830)","(530, 970)"
"(331, 2380)","(860, 630)"
"(391, 2310)","(870, 630)"
"(388, 2490)","(920, 580)"
"(247, 2100)","(730, 770)"
"(112, 2340)","(770, 730)"
"(166, 2390)","(800, 700)"
"(31, 2480)","(780, 710)"
"(295, 2160)","(770, 730)"
"(313, 2420)","(860, 630)"
"(145, 2090)","(680, 810)"
"(316, 1910)","(670, 830)"
"(337, 2390)","(870, 630)"
"(322, 1700)","(540, 950)"
"(184, 1700)","(490, 1000)"
"(115, 1520)","(340, 1160)"
"(145, 2080)","(680, 820)"
"(106, 2080)","(670, 830)"
"(373, 2130)","(790, 700)"
"(58, 2560)","(810, 680)"
"(373, 2360)","(880, 620)"
"(151, 1500)","(330, 1160)"
"(175, 2210)","(740, 750)"
"(388, 1400)","(300, 1200)"
"(151, 1640)","(440, 1050)"
"(1, 2370)","(740, 760)"
"(316, 1810)","(610, 890)"
"(343, 2500)","(900, 590)"
"(43, 1950)","(590, 910)"
"(4, 2490)","(780, 720)"
"(256, 1730)","(540, 960)"
"(379, 2210)","(830, 670)"
"(73, 2200)","(700, 790)"
"(19, 1500)","(300, 1180)"
"(400, 1500)","(410, 1090)"
"(280, 2230)","(790, 710)"
"(352, 2330)","(850, 640)"
"(358, 2420)","(880, 610)"
"(283, 1840)","(620, 880)"
"(211, 1850)","(590, 900)"
"(238, 2550)","(870, 620)"
"(103, 2180)","(710, 790)"
"(283, 1990)","(690, 800)"
"(154, 1980)","(640, 860)"
"(295, 2510)","(840, 580)"
"(82, 1840)","(540, 940)"
"(40, 1600)","(380, 1100)"
"(286, 2320)","(820, 670)"
"(286, 1540)","(410, 1090)"
"(292, 2210)","(790, 710)"
"(346, 1590)","(470, 1030)"
"(73, 1800)","(520, 980)"
"(349, 1550)","(440, 1060)"
"(133, 1730)","(500, 1000)"
"(10, 1520)","(320, 1180)"
"(115, 2350)","(770, 730)"
"(379, 1950)","(710, 780)"
"(331, 1630)","(490, 990)"
"(214, 2130)","(730, 770)"
"(241, 2440)","(840, 650)"
"(133, 1700)","(480, 1020)"
"(217, 1960)","(650, 840)"
"(382, 2010)","(740, 750)"
"(100, 1870)","(560, 920)"
"(364, 1430)","(320, 1170)"
"(85, 1700)","(460, 1030)"
"(340, 2060)","(750, 750)"
"(172, 1740)","(510, 970)"
"(196, 2370)","(800, 690)"
"(355, 2290)","(840, 650)"
"(94, 1950)","(600, 890)"
"(58, 2500)","(800, 700)"
"(241, 1780)","(560, 930)"
"(193, 2600)","(860, 620)"
"(265, 1460)","(330, 1170)"
"(331, 1730)","(570, 930)"
"(49, 2040)","(630, 860)"
"(358, 2150)","(790, 700)"
"(205, 1490)","(340, 1160)"
"(370, 1950)","(710, 790)"
"(259, 1640)","(480, 1020)"
"(334, 2500)","(870, 580)"
"(385, 2520)","(910, 560)"
"(382, 1930)","(710, 790)"
"(226, 1460)","(310, 1160)"
"(334, 2290)","(830, 660)"
"(100, 2060)","(660, 840)"
"(289, 1750)","(560, 930)"
"(43, 2210)","(700, 800)"
"(4, 2590)","(800, 690)"
"(58, 2110)","(660, 830)"
"(145, 2010)","(650, 850)"
"(145, 2320)","(770, 730)"
"(79, 1620)","(410, 1090)"
"(160, 1940)","(620, 870)"
"(391, 2590)","(950, 550)"
"(349, 2130)","(780, 710)"
"(142, 1820)","(550, 940)"
"(388, 1730)","(590, 910)"
"(34, 1730)","(470, 1030)"
"(343, 1680)","(540, 960)"
"(25, 1680)","(430, 1050)"
"(133, 1980)","(630, 860)"
"(211, 1650)","(470, 1030)"
"(124, 2080)","(670, 820)"
"(100, 2570)","(830, 670)"
"(34, 1880)","(550, 940)"
"(295, 1550)","(420, 1080)"
"(172, 1650)","(450, 1030)"
"(94, 1400)","(300, 1200)"
"(385, 2110)","(790, 710)"
"(208, 2120)","(720, 780)"
"(115, 1510)","(330, 1160)"
"(28, 2190)","(680, 810)"
"(346, 2180)","(800, 700)"
"(25, 2540)","(800, 700)"
"(202, 1740)","(520, 960)"
"(22, 1860)","(540, 960)"
"(184, 1640)","(450, 1040)"
"(121, 1590)","(400, 1100)"
"(277, 2040)","(710, 780)"
"(268, 1680)","(510, 990)"
"(160, 1680)","(470, 1020)"
"(388, 2450)","(900, 590)"
"(22, 1920)","(570, 930)"
"(52, 1600)","(390, 1110)"
"(301, 1990)","(700, 800)"
"(286, 2010)","(700, 790)"
"(217, 1700)","(500, 980)"
"(208, 2200)","(750, 740)"
"(136, 2450)","(810, 690)"
"(277, 1770)","(570, 920)"
"(79, 2020)","(630, 860)"
"(370, 2100)","(780, 720)"
"(43, 2090)","(650, 850)"
"(97, 2600)","(830, 650)"
"(226, 2410)","(830, 670)"
"(1, 2290)","(710, 780)"
"(322, 2190)","(790, 700)"
"(52, 2300)","(730, 760)"
"(100, 1500)","(320, 1180)"
"(259, 2480)","(860, 630)"
"(100, 2450)","(800, 700)"
"(100, 1800)","(530, 970)"
"(70, 1470)","(300, 1200)"
"(346, 1580)","(460, 1040)"
"(73, 1580)","(380, 1120)"
"(316, 2340)","(840, 650)"
"(235, 2380)","(820, 670)"
"(211, 1880)","(610, 890)"
"(166, 1550)","(380, 1120)"
"(109, 1440)","(300, 1200)"
"(307, 2410)","(840, 620)"
"(217, 2190)","(750, 750)"
"(328, 1730)","(560, 920)"
"(115, 2270)","(740, 750)"
"(343, 1530)","(420, 1080)"
"(106, 1880)","(570, 920)"
"(43, 2480)","(790, 710)"
"(343, 1940)","(690, 800)"
"(169, 2340)","(790, 710)"
"(379, 2000)","(740, 760)"
"(364, 2340)","(860, 630)"
"(121, 2410)","(790, 710)"
"(133, 1780)","(530, 970)"
"(217, 2310)","(790, 700)"
"(187, 2080)","(700, 800)"
"(148, 1430)","(300, 1200)"
"(205, 2480)","(830, 650)"
"(28, 2320)","(730, 760)"
"(31, 1400)","(300, 1200)"
"(235, 1660)","(480, 1010)"
"(91, 1780)","(510, 980)"
"(289, 1810)","(600, 900)"
"(232, 2110)","(720, 770)"
"(334, 2490)","(890, 600)"
"(205, 1990)","(660, 830)"
"(289, 2270)","(810, 690)"
"(256, 1470)","(330, 1160)"
"(379, 2200)","(820, 670)"
"(217, 1900)","(620, 870)"
"(142, 2130)","(700, 800)"
"(367, 2060)","(760, 740)"
"(109, 2190)","(710, 780)"
"(253, 2110)","(730, 760)"
"(289, 2550)","(890, 600)"
"(274, 1440)","(310, 1190)"
"(241, 1550)","(400, 1100)"
"(124, 2210)","(720, 770)"
"(286, 1830)","(610, 890)"
"(19, 2520)","(790, 710)"
"(100, 1490)","(310, 1180)"
"(343, 2090)","(760, 730)"
"(373, 2280)","(850, 650)"
"(355, 2370)","(870, 630)"
"(190, 2030)","(670, 820)"
"(397, 2340)","(880, 620)"
"(13, 1580)","(360, 1130)"
"(322, 2280)","(830, 670)"
"(349, 1400)","(300, 1200)"
"(28, 1610)","(390, 1110)"
"(289, 1670)","(510, 990)"
"(271, 2440)","(860, 640)"
"(58, 1430)","(300, 1200)"
"(208, 1510)","(360, 1140)"
"(52, 2230)","(710, 790)"
"(256, 1680)","(500, 980)"
"(343, 1640)","(510, 990)"
"(349, 2310)","(850, 650)"
"(337, 1490)","(380, 1120)"
"(313, 1420)","(300, 1200)"
"(256, 2520)","(870, 620)"
"(151, 1570)","(390, 1110)"
"(187, 1400)","(300, 1200)"
"(385, 1700)","(570, 930)"
"(106, 1800)","(530, 970)"
"(319, 1560)","(430, 1050)"
"(25, 2380)","(750, 750)"
"(259, 1940)","(660, 840)"
"(310, 1440)","(320, 1180)"
"(400, 2110)","(800, 700)"
"(34, 1490)","(300, 1200)"
"(388, 1520)","(420, 1070)"
"(343, 1450)","(340, 1160)"
"(271, 2260)","(800, 700)"
"(7, 2330)","(730, 770)"
"(400, 2360)","(870, 600)"
"(277, 1450)","(320, 1180)"
"(196, 2350)","(800, 700)"
"(145, 2170)","(720, 780)"
"(115, 1970)","(620, 870)"
"(361, 1530)","(420, 1070)"
"(1, 2400)","(750, 750)"
"(31, 1750)","(480, 1020)"
"(58, 1680)","(440, 1050)"
"(313, 2260)","(810, 680)"
"(151, 2090)","(690, 810)"
"(130, 2420)","(800, 700)"
"(139, 2340)","(770, 720)"
"(397, 1580)","(480, 1020)"
"(226, 1820)","(580, 910)"
"(22, 2100)","(650, 850)"
"(373, 1880)","(680, 820)"
"(160, 1440)","(300, 1200)"
"(397, 1780)","(630, 870)"
"(139, 2500)","(820, 670)"
"(88, 1500)","(320, 1180)"
"(226, 1770)","(550, 940)"
"(10, 1810)","(510, 990)"
"(367, 2420)","(890, 610)"
"(232, 1400)","(300, 1200)"
"(211, 1690)","(490, 990)"
"(364, 2510)","(880, 560)"
"(61, 2400)","(770, 730)"
"(346, 2570)","(910, 570)"
"(400, 1740)","(600, 890)"
"(154, 1710)","(490, 1010)"
"(340, 1890)","(670, 830)"
"(346, 2600)","(930, 570)"
"(202, 2600)","(840, 600)"
"(202, 2270)","(770, 720)"
"(25, 2160)","(670, 820)"
"(355, 2030)","(740, 750)"
"(361, 1820)","(640, 860)"
"(34, 1760)","(480, 1000)"
"(220, 2510)","(860, 640)"
"(307, 2320)","(830, 660)"
"(256, 2380)","(830, 660)"
"(64, 1440)","(300, 1200)"
"(196, 1690)","(490, 1010)"
"(133, 1970)","(630, 870)"
"(379, 1430)","(330, 1170)"
"(301, 2350)","(840, 660)"
"(94, 1540)","(350, 1140)"
"(370, 1440)","(340, 1160)"
"(271, 1680)","(510, 990)"
"(337, 2020)","(730, 770)"
"(328, 1640)","(500, 990)"
"(31, 1460)","(300, 1200)"
"(301, 2040)","(720, 770)"
"(385, 2090)","(780, 720)"
"(217, 2510)","(850, 640)"
"(40, 1460)","(300, 1200)"
"(301, 1870)","(640, 860)"
"(346, 2390)","(850, 610)"
"(202, 2020)","(670, 820)"
"(160, 1590)","(410, 1090)"
"(109, 2450)","(800, 700)"
"(166, 1500)","(340, 1160)"
"(130, 1480)","(310, 1190)"
"(7, 1570)","(350, 1130)"
"(28, 2070)","(640, 860)"
"(388, 2470)","(910, 580)"
"(220, 2250)","(770, 720)"
"(262, 2240)","(790, 710)"
"(274, 2050)","(720, 780)"
"(145, 2050)","(670, 830)"
"(292, 2550)","(890, 610)"
"(235, 1970)","(660, 830)"
"(40, 1850)","(540, 960)"
"(181, 1810)","(560, 940)"
"(286, 2270)","(810, 690)"
"(10, 2470)","(770, 720)"
"(319, 1590)","(460, 1040)"
"(259, 1490)","(350, 1140)"
"(274, 1630)","(470, 1010)"
"(112, 1900)","(580, 900)"
"(322, 1400)","(300, 1200)"
"(328, 2110)","(760, 730)"
"(100, 2470)","(800, 690)"
"(316, 2600)","(900, 570)"
"(79, 1650)","(430, 1070)"
"(100, 2270)","(740, 760)"
"(349, 1880)","(660, 830)"
"(151, 1430)","(300, 1200)"
"(64, 2460)","(790, 710)"
"(25, 1500)","(300, 1180)"
"(331, 2020)","(730, 770)"
"(382, 2390)","(890, 610)"
"(301, 2030)","(720, 780)"
"(391, 2290)","(850, 630)"
"(388, 2380)","(860, 590)"
"(67, 1740)","(480, 1010)"
"(334, 1960)","(700, 800)"
"(265, 1440)","(310, 1190)"
"(97, 1810)","(530, 960)"
"(64, 1420)","(300, 1200)"
"(73, 2380)","(770, 730)"
"(64, 1890)","(560, 920)"
"(115, 2180)","(710, 790)"
"(181, 1530)","(370, 1130)"
"(88, 1840)","(550, 950)"
"(313, 2540)","(860, 570)"
"(313, 1720)","(550, 940)"
"(184, 1680)","(480, 1020)"
"(73, 2160)","(690, 810)"
"(118, 1820)","(540, 940)"
"(235, 2480)","(850, 640)"
"(4, 2070)","(630, 870)"
"(88, 2490)","(800, 690)"
"(238, 1680)","(500, 1000)"
"(295, 1770)","(580, 920)"
"(331, 1860)","(650, 850)"
"(22, 2160)","(670, 820)"
"(244, 2370)","(820, 670)"
"(4, 1950)","(580, 920)"
"(79, 1430)","(300, 1200)"
"(262, 2410)","(840, 650)"
"(229, 2340)","(810, 690)"
"(298, 1550)","(420, 1080)"
"(355, 2340)","(860, 640)"
"(67, 1410)","(300, 1200)"
"(172, 2210)","(740, 750)"
"(193, 2030)","(680, 820)"
"(136, 1420)","(300, 1200)"
"(142, 1700)","(480, 1020)"
"(211, 2340)","(800, 690)"
"(37, 1980)","(600, 900)"
"(160, 1450)","(300, 1200)"
"(109, 1920)","(590, 900)"
"(232, 1470)","(330, 1170)"
"(154, 1540)","(370, 1130)"
"(340, 2280)","(830, 660)"
"(31, 2570)","(810, 690)"
"(340, 1750)","(580, 910)"
"(211, 2250)","(770, 730)"
"(94, 2110)","(680, 820)"
"(337, 2070)","(750, 740)"
"(118, 1450)","(300, 1200)"
"(385, 1640)","(520, 960)"
"(244, 1510)","(370, 1130)"
"(364, 1800)","(630, 870)"
"(268, 1430)","(300, 1200)"
"(76, 1990)","(620, 880)"
"(37, 2050)","(630, 860)"
"(34, 2350)","(740, 750)"
"(268, 1630)","(470, 1020)"
"(298, 2050)","(730, 770)"
"(4, 1790)","(490, 990)"
"(28, 2170)","(680, 820)"
"(196, 2570)","(850, 620)"
"(238, 2320)","(800, 690)"
"(238, 2060)","(710, 790)"
"(343, 2010)","(730, 770)"
"(241, 2590)","(870, 600)"
"(400, 2210)","(830, 660)"
"(229, 2080)","(710, 780)"
"(280, 2130)","(750, 740)"
"(70, 1650)","(430, 1070)"
"(163, 1740)","(510, 980)"
"(307, 2040)","(730, 770)"
"(139, 2550)","(830, 650)"
"(10, 2040)","(620, 880)"
"(85, 2480)","(800, 700)"
"(22, 1520)","(320, 1180)"
"(271, 1790)","(580, 910)"
"(49, 2420)","(770, 730)"
"(259, 2360)","(830, 670)"
"(256, 1430)","(300, 1200)"
"(34, 2600)","(820, 680)"
"(193, 2110)","(710, 790)"
"(328, 2050)","(740, 760)"
"(94, 2160)","(700, 800)"
"(190, 1650)","(460, 1030)"
"(145, 2110)","(690, 800)"
"(259, 1660)","(490, 1000)"
"(358, 1420)","(310, 1190)"
"(184, 1740)","(520, 980)"
"(349, 2000)","(720, 770)"
"(265, 2440)","(840, 640)"
"(22, 2300)","(720, 770)"
"(175, 1900)","(610, 890)"
"(82, 2070)","(650, 840)"
"(388, 2070)","(770, 720)"
"(220, 2080)","(710, 790)"
"(16, 1480)","(300, 1200)"
"(67, 1720)","(470, 1030)"
"(73, 1480)","(300, 1200)"
"(28, 1880)","(550, 950)"
"(112, 2320)","(760, 740)"
"(100, 1630)","(420, 1080)"
"(139, 1800)","(540, 960)"
"(322, 1650)","(510, 990)"
"(115, 1710)","(480, 1020)"
"(211, 1580)","(410, 1070)"
"(46, 1470)","(300, 1200)"
"(376, 1710)","(570, 920)"
"(37, 2160)","(680, 820)"
"(79, 2270)","(730, 770)"
"(256, 2560)","(850, 590)"
"(325, 2230)","(810, 690)"
"(388, 1800)","(640, 860)"
"(217, 2280)","(780, 710)"
"(361, 2180)","(810, 690)"
"(310, 2540)","(900, 590)"
"(382, 1790)","(630, 870)"
"(256, 2190)","(770, 730)"
"(214, 1700)","(500, 990)"
"(151, 1880)","(590, 910)"
"(286, 1920)","(660, 840)"
"(43, 2470)","(780, 710)"
"(103, 2090)","(670, 830)"
"(31, 1440)","(300, 1200)"
"(154, 1990)","(640, 850)"
"(94, 2400)","(780, 720)"
"(208, 1620)","(440, 1040)"
"(277, 2480)","(860, 620)"
"(73, 1530)","(340, 1160)"
"(292, 1930)","(670, 830)"
"(235, 1920)","(640, 860)"
"(322, 2120)","(770, 730)"
"(112, 2430)","(790, 700)"
"(400, 1460)","(370, 1130)"
"(316, 1880)","(650, 850)"
"(10, 1400)","(300, 1200)"
"(49, 2140)","(670, 820)"
"(127, 1400)","(300, 1200)"
"(67, 1560)","(360, 1140)"
"(115, 1570)","(380, 1120)"
"(76, 1650)","(430, 1070)"
"(358, 2320)","(850, 640)"
"(49, 1850)","(540, 960)"
"(4, 2550)","(790, 700)"
"(346, 2140)","(780, 710)"
"(163, 1950)","(630, 870)"
"(85, 1990)","(620, 880)"
"(304, 1920)","(670, 830)"
"(187, 2090)","(700, 800)"
"(388, 1720)","(580, 910)"
"(181, 1410)","(300, 1200)"
"(340, 2040)","(740, 760)"
"(184, 2020)","(670, 830)"
"(388, 2480)","(900, 570)"
"(292, 2090)","(740, 760)"
"(349, 2020)","(730, 760)"
"(112, 2410)","(790, 710)"
"(193, 2380)","(810, 690)"
"(22, 2220)","(690, 800)"
"(235, 1900)","(630, 870)"
"(100, 2010)","(630, 860)"
"(163, 2200)","(730, 760)"
"(271, 1730)","(540, 950)"
"(40, 2410)","(760, 730)"
"(202, 2460)","(830, 660)"
"(397, 1810)","(650, 850)"
"(400, 1600)","(500, 1000)"
"(49, 1730)","(470, 1020)"
"(22, 2290)","(720, 780)"
"(295, 1440)","(310, 1170)"
"(154, 2460)","(820, 680)"
"(304, 2140)","(770, 730)"
"(85, 1420)","(300, 1200)"
"(25, 1580)","(370, 1130)"
"(148, 1480)","(310, 1170)"
"(250, 1550)","(400, 1090)"
"(115, 1890)","(580, 910)"
"(250, 2250)","(790, 710)"
"(25, 1880)","(550, 950)"
"(28, 2310)","(730, 770)"
"(313, 1640)","(500, 1000)"
"(364, 1450)","(340, 1140)"
"(373, 1460)","(360, 1140)"
"(172, 1800)","(550, 940)"
"(289, 1900)","(650, 850)"
"(82, 2050)","(650, 850)"
"(121, 2430)","(800, 700)"
"(238, 1690)","(500, 980)"
"(262, 1520)","(380, 1120)"
"(145, 2430)","(810, 690)"
"(397, 1450)","(360, 1140)"
"(13, 2290)","(720, 780)"
"(85, 1980)","(610, 870)"
"(337, 2490)","(900, 600)"
"(268, 2280)","(800, 690)"
"(304, 2030)","(720, 780)"
"(244, 1590)","(430, 1060)"
"(151, 1690)","(480, 1020)"
"(139, 2410)","(800, 700)"
"(301, 1670)","(510, 980)"
"(355, 2480)","(880, 580)"
"(202, 2230)","(760, 740)"
"(25, 2260)","(710, 790)"
"(211, 2290)","(780, 710)"
"(103, 2450)","(800, 700)"
"(331, 2390)","(860, 630)"
"(289, 1800)","(590, 900)"
"(310, 1650)","(500, 990)"
"(61, 1930)","(580, 910)"
"(181, 2060)","(680, 810)"
"(295, 2040)","(720, 780)"
"(4, 1480)","(300, 1200)"
"(7, 2210)","(690, 810)"
"(388, 2180)","(820, 680)"
"(109, 1640)","(430, 1070)"
"(67, 1820)","(530, 970)"
"(37, 1760)","(490, 1010)"
"(7, 1490)","(300, 1200)"
"(136, 1710)","(480, 1000)"
"(349, 1720)","(570, 930)"
"(196, 2220)","(750, 740)"
"(319, 1520)","(400, 1100)"
"(322, 2400)","(860, 630)"
"(301, 2010)","(710, 790)"
"(319, 1870)","(650, 850)"
"(61, 1400)","(300, 1200)"
"(322, 2300)","(830, 660)"
"(238, 1860)","(610, 890)"
"(298, 2400)","(850, 640)"
"(319, 1930)","(680, 820)"
"(385, 2410)","(890, 600)"
"(220, 1620)","(450, 1050)"
"(250, 2210)","(770, 730)"
"(106, 1920)","(590, 900)"
"(127, 2550)","(830, 660)"
"(319, 1430)","(310, 1190)"
"(112, 1850)","(560, 940)"
"(226, 2100)","(720, 780)"
"(88, 2510)","(810, 690)"
"(175, 2280)","(770, 730)"
"(400, 1400)","(300, 1200)"
"(325, 1960)","(700, 800)"
"(43, 2290)","(730, 770)"
"(295, 1450)","(320, 1160)"
"(244, 1740)","(540, 960)"
"(85, 2030)","(640, 860)"
"(214, 1600)","(430, 1060)"
"(31, 1720)","(460, 1040)"
"(106, 1420)","(300, 1200)"
"(394, 1840)","(660, 830)"
"(265, 2310)","(810, 680)"
"(154, 1580)","(400, 1100)"
"(247, 2330)","(810, 680)"
"(313, 2080)","(740, 750)"
"(358, 2430)","(880, 600)"
"(352, 2280)","(840, 660)"
"(157, 1920)","(610, 880)"
"(139, 1690)","(470, 1020)"
"(64, 1870)","(550, 930)"
"(163, 1820)","(560, 940)"
"(268, 1460)","(330, 1170)"
"(160, 1600)","(410, 1070)"
"(115, 1470)","(300, 1200)"
"(193, 1710)","(500, 990)"
"(142, 2370)","(790, 710)"
"(73, 1920)","(580, 910)"
"(301, 1640)","(490, 1000)"
"(142, 1790)","(530, 950)"
"(301, 2390)","(850, 640)"
"(307, 1400)","(300, 1200)"
"(280, 2240)","(790, 700)"
"(193, 1880)","(600, 890)"
"(394, 2600)","(940, 550)"
"(292, 1460)","(330, 1160)"
"(400, 1890)","(690, 800)"
"(97, 2540)","(820, 680)"
"(130, 2130)","(700, 800)"
"(340, 2540)","(860, 550)"
"(124, 2160)","(710, 790)"
"(37, 2580)","(810, 680)"
"(259, 1970)","(670, 820)"
"(382, 1720)","(580, 910)"
"(388, 2530)","(910, 560)"
"(115, 2510)","(820, 680)"
"(76, 2420)","(780, 720)"
"(304, 2580)","(910, 590)"
"(34, 1450)","(300, 1200)"
"(136, 2210)","(730, 770)"
"(298, 1700)","(530, 960)"
"(301, 1490)","(360, 1120)"
"(124, 1470)","(300, 1200)"
"(61, 2020)","(620, 860)"
"(52, 2510)","(800, 700)"
"(295, 2350)","(840, 660)"
"(28, 1860)","(540, 960)"
"(121, 1880)","(580, 920)"
"(397, 1900)","(700, 800)"
"(259, 2510)","(860, 620)"
"(355, 2580)","(920, 570)"
"(91, 1820)","(540, 960)"
"(286, 1400)","(300, 1200)"
"(79, 1970)","(610, 890)"
"(91, 2050)","(650, 850)"
"(202, 1620)","(440, 1050)"
"(400, 1770)","(620, 870)"
"(163, 1890)","(600, 900)"
"(178, 1740)","(520, 980)"
"(304, 1850)","(630, 870)"
"(70, 1770)","(500, 990)"
"(394, 1720)","(590, 910)"
"(193, 1690)","(490, 1010)"
"(286, 1690)","(520, 970)"
"(52, 1490)","(300, 1190)"
"(199, 1780)","(550, 950)"
"(358, 2200)","(810, 680)"
"(130, 1550)","(370, 1130)"
"(250, 2170)","(760, 740)"
"(346, 2110)","(770, 720)"
"(10, 1940)","(570, 920)"
"(172, 1860)","(580, 900)"
"(130, 1440)","(300, 1200)"
"(172, 2060)","(680, 810)"
"(280, 1730)","(550, 950)"
"(178, 2150)","(720, 780)"
"(169, 2470)","(830, 670)"
"(373, 1490)","(390, 1110)"
"(379, 2530)","(910, 560)"
"(385, 2080)","(780, 720)"
"(121, 1430)","(300, 1200)"
"(94, 2540)","(820, 680)"
"(364, 2290)","(820, 630)"
"(82, 2130)","(680, 820)"
"(211, 1710)","(510, 990)"
"(127, 2180)","(710, 780)"
"(121, 1500)","(320, 1150)"
"(283, 1790)","(580, 900)"
"(196, 2270)","(770, 720)"
"(169, 1570)","(390, 1090)"
"(280, 1850)","(620, 880)"
"(280, 2400)","(850, 650)"
"(103, 2600)","(840, 660)"
"(160, 1520)","(350, 1140)"
"(322, 1780)","(600, 900)"
"(232, 1560)","(410, 1090)"
"(310, 1530)","(400, 1080)"
"(283, 2210)","(780, 710)"
"(331, 1590)","(460, 1030)"
"(40, 1980)","(600, 890)"
"(136, 1830)","(560, 940)"
"(73, 2030)","(630, 860)"
"(145, 1670)","(460, 1030)"
"(61, 1670)","(440, 1060)"
"(184, 1750)","(520, 960)"
"(115, 1800)","(530, 960)"
"(19, 2190)","(680, 810)"
"(202, 1900)","(620, 880)"
"(322, 2000)","(710, 780)"
"(172, 1590)","(410, 1080)"
"(346, 1980)","(710, 780)"
"(223, 1970)","(660, 840)"
"(397, 2370)","(870, 600)"
"(97, 1720)","(480, 1020)"
"(352, 1690)","(550, 950)"
"(163, 2280)","(760, 730)"
"(244, 1700)","(510, 980)"
"(148, 1540)","(370, 1130)"
"(103, 2430)","(790, 710)"
"(235, 2220)","(770, 730)"
"(286, 1680)","(510, 970)"
"(241, 1430)","(300, 1200)"
"(181, 1990)","(650, 840)"
"(247, 2140)","(740, 750)"
"(94, 1450)","(300, 1200)"
"(178, 1710)","(500, 1000)"
"(151, 2560)","(840, 650)"
"(271, 2400)","(840, 650)"
"(211, 1670)","(480, 1010)"
"(307, 2430)","(870, 630)"
"(199, 2060)","(690, 800)"
"(28, 2010)","(610, 880)"
"(52, 1540)","(340, 1150)"
"(133, 2070)","(670, 820)"
"(7, 1920)","(560, 930)"
"(340, 1850)","(640, 850)"
"(397, 1820)","(650, 840)"
"(73, 1940)","(590, 900)"
"(52, 2530)","(800, 690)"
"(160, 2580)","(850, 640)"
"(163, 2140)","(710, 780)"
"(127, 1800)","(540, 960)"
"(355, 1400)","(300, 1200)"
"(1, 2070)","(630, 870)"
"(91, 1620)","(410, 1080)"
"(274, 2330)","(820, 670)"
"(46, 1720)","(460, 1020)"
"(190, 1860)","(590, 900)"
"(106, 1680)","(460, 1040)"
"(34, 1500)","(310, 1190)"
"(49, 1470)","(300, 1200)"
"(364, 2010)","(740, 760)"
"(16, 2010)","(610, 890)"
"(52, 1550)","(350, 1150)"
"(343, 2470)","(860, 580)"
"(313, 2400)","(850, 630)"
"(238, 2150)","(740, 750)"
"(238, 1600)","(440, 1060)"
"(259, 2220)","(780, 720)"
"(163, 1850)","(570, 910)"
"(313, 2440)","(870, 620)"
"(136, 1640)","(440, 1060)"
"(76, 1950)","(600, 900)"
"(232, 2380)","(820, 670)"
"(355, 2520)","(910, 580)"
"(127, 1960)","(620, 880)"
"(364, 2530)","(910, 570)"
"(304, 2340)","(830, 650)"
"(343, 1500)","(390, 1110)"
"(169, 1650)","(450, 1030)"
"(256, 1490)","(350, 1140)"
"(7, 2490)","(780, 720)"
"(118, 2180)","(710, 780)"
"(187, 2340)","(790, 700)"
"(49, 2410)","(770, 730)"
"(196, 2230)","(760, 740)"
"(355, 2240)","(830, 670)"
"(250, 1490)","(350, 1150)"
"(175, 2000)","(660, 840)"
"(169, 1860)","(580, 910)"
"(46, 2300)","(730, 770)"
"(76, 1410)","(300, 1200)"
"(214, 2310)","(790, 700)"
"(364, 2320)","(840, 630)"
"(118, 2080)","(670, 820)"
"(202, 1440)","(300, 1200)"
"(127, 1920)","(600, 900)"
"(214, 2350)","(810, 690)"
"(13, 1420)","(300, 1200)"
"(328, 2400)","(870, 630)"
"(400, 2260)","(850, 640)"
"(58, 2320)","(740, 760)"
"(277, 1980)","(690, 810)"
"(85, 1900)","(580, 920)"
"(307, 1670)","(510, 970)"
"(118, 1770)","(520, 980)"
"(271, 2160)","(760, 740)"
"(181, 2540)","(830, 630)"
"(208, 1520)","(360, 1120)"
"(175, 1490)","(330, 1170)"
"(256, 2310)","(810, 690)"
"(181, 1700)","(490, 1000)"
"(388, 1680)","(550, 930)"
"(97, 1820)","(540, 960)"
"(349, 1570)","(450, 1040)"
"(373, 2070)","(770, 730)"
"(319, 2480)","(890, 610)"
"(67, 1930)","(580, 900)"
"(148, 2420)","(800, 690)"
"(253, 1910)","(640, 850)"
"(73, 1810)","(520, 960)"
"(256, 2270)","(790, 700)"
"(262, 1870)","(620, 870)"
"(379, 2290)","(850, 640)"
"(16, 2430)","(760, 730)"
"(370, 1920)","(690, 800)"
"(31, 1920)","(570, 930)"
"(136, 2050)","(660, 830)"
"(211, 2490)","(840, 640)"
"(385, 2070)","(770, 720)"
"(304, 1790)","(590, 900)"
"(196, 1530)","(370, 1130)"
"(301, 1960)","(690, 810)"
"(295, 1530)","(400, 1100)"
"(127, 1700)","(470, 1010)"
"(133, 2600)","(840, 640)"
"(94, 1930)","(590, 890)"
"(25, 2010)","(610, 890)"
"(232, 2560)","(870, 620)"
"(352, 1920)","(690, 810)"
"(235, 2300)","(800, 700)"
"(100, 2020)","(640, 860)"
"(40, 1950)","(590, 910)"
"(277, 2170)","(770, 730)"
"(166, 1940)","(620, 870)"
"(250, 1940)","(660, 840)"
"(385, 1520)","(420, 1070)"
"(265, 1840)","(610, 890)"
"(151, 2010)","(650, 840)"
"(298, 1860)","(630, 860)"
"(199, 2550)","(860, 640)"
"(322, 1440)","(320, 1170)"
"(307, 2580)","(850, 550)"
"(172, 1410)","(300, 1200)"
"(355, 2150)","(790, 700)"
"(160, 1410)","(300, 1200)"
"(100, 1820)","(540, 960)"
"(397, 2200)","(830, 670)"
"(241, 1830)","(590, 900)"
"(319, 1530)","(410, 1090)"
"(385, 2570)","(940, 560)"
"(94, 1500)","(320, 1180)"
"(103, 2080)","(670, 830)"
"(298, 1880)","(640, 850)"
"(142, 2290)","(760, 740)"
"(163, 1490)","(330, 1170)"
"(127, 2030)","(650, 840)"
"(1, 1820)","(510, 990)"
"(376, 2230)","(830, 660)"
"(196, 1480)","(330, 1170)"
"(385, 1900)","(690, 800)"
"(85, 1510)","(320, 1150)"
"(331, 1930)","(680, 810)"
"(247, 1910)","(640, 860)"
"(316, 2430)","(850, 610)"
"(112, 2540)","(830, 670)"
"(388, 2370)","(860, 600)"
"(61, 1490)","(300, 1180)"
"(328, 2080)","(750, 740)"
"(61, 1420)","(300, 1200)"
"(319, 1890)","(660, 840)"
"(352, 2540)","(920, 580)"
"(13, 1660)","(420, 1080)"
"(7, 1690)","(430, 1050)"
"(259, 2240)","(790, 710)"
"(334, 1510)","(390, 1090)"
"(49, 1490)","(300, 1190)"
"(184, 2530)","(850, 650)"
"(274, 2500)","(870, 620)"
"(211, 1600)","(430, 1070)"
"(70, 2370)","(760, 730)"
"(7, 2120)","(650, 840)"
"(328, 2600)","(880, 550)"
"(151, 1610)","(420, 1080)"
"(118, 2340)","(770, 730)"
"(4, 1430)","(300, 1200)"
"(385, 1980)","(730, 760)"
"(208, 1490)","(340, 1160)"
"(277, 1710)","(530, 960)"
"(52, 1450)","(300, 1200)"
"(34, 1590)","(370, 1110)"
"(202, 2260)","(770, 730)"
"(337, 2040)","(740, 760)"
"(214, 2580)","(850, 610)"
"(271, 1970)","(680, 820)"
"(133, 1650)","(440, 1040)"
"(130, 2570)","(840, 660)"
"(271, 2500)","(870, 620)"
"(196, 2310)","(790, 710)"
"(181, 1900)","(610, 890)"
"(214, 2120)","(720, 770)"
"(124, 2010)","(640, 850)"
"(202, 2350)","(800, 690)"
"(340, 1910)","(680, 820)"
"(229, 2550)","(820, 590)"
"(364, 2260)","(840, 660)"
"(331, 2280)","(830, 670)"
"(61, 2170)","(690, 810)"
"(19, 2470)","(770, 720)"
"(289, 2000)","(700, 800)"
"(376, 1500)","(400, 1100)"
"(172, 2370)","(800, 700)"
"(16, 2490)","(780, 720)"
"(256, 2500)","(840, 610)"
"(223, 1780)","(560, 940)"
"(76, 1540)","(350, 1150)"
"(118, 2000)","(640, 860)"
"(61, 2570)","(820, 680)"
"(16, 2230)","(700, 800)"
"(214, 1760)","(540, 950)"
"(157, 1950)","(630, 870)"
"(175, 1970)","(640, 850)"
"(43, 2260)","(720, 780)"
"(193, 1870)","(600, 900)"
"(358, 1410)","(300, 1200)"
"(301, 2420)","(840, 620)"
"(334, 1980)","(710, 790)"
"(352, 2150)","(790, 710)"
"(64, 2530)","(810, 690)"
"(154, 1910)","(600, 890)"
"(271, 2040)","(710, 790)"
"(367, 2050)","(760, 740)"
"(211, 2190)","(750, 750)"
"(265, 1970)","(680, 820)"
"(25, 2350)","(740, 760)"
"(262, 1980)","(680, 820)"
"(79, 2110)","(670, 830)"
"(358, 2280)","(800, 620)"
"(124, 2140)","(700, 800)"
"(310, 2520)","(890, 600)"
"(193, 1950)","(640, 860)"
"(376, 1970)","(720, 770)"
"(298, 1810)","(600, 890)"
"(286, 1580)","(440, 1060)"
"(226, 1470)","(320, 1160)"
"(322, 1870)","(650, 850)"
"(88, 2410)","(780, 720)"
"(283, 1750)","(560, 940)"
"(262, 1590)","(440, 1060)"
"(238, 2340)","(810, 680)"
"(115, 2470)","(810, 690)"
"(325, 2300)","(830, 660)"
"(229, 2110)","(720, 770)"
"(121, 2150)","(700, 800)"
"(280, 2430)","(860, 640)"
"(163, 2550)","(850, 650)"
"(163, 2500)","(830, 660)"
"(187, 2250)","(760, 730)"
"(202, 1630)","(450, 1050)"
"(7, 2590)","(800, 690)"
"(133, 2590)","(850, 650)"
"(250, 2510)","(870, 630)"
"(304, 1990)","(700, 790)"
"(319, 2220)","(800, 690)"
"(274, 2290)","(810, 690)"
"(85, 2080)","(660, 840)"
"(304, 1650)","(500, 1000)"
"(196, 2410)","(820, 680)"
"(247, 2230)","(780, 720)"
"(163, 2300)","(770, 730)"
"(355, 2200)","(810, 690)"
"(109, 1530)","(350, 1150)"
"(43, 1630)","(400, 1080)"
"(97, 1520)","(340, 1160)"
"(397, 1490)","(400, 1100)"
"(124, 2330)","(770, 730)"
"(331, 2170)","(790, 710)"
"(391, 1530)","(430, 1060)"
"(154, 2200)","(730, 760)"
"(163, 1870)","(590, 910)"
"(385, 2590)","(910, 530)"
"(235, 1860)","(610, 890)"
"(331, 2350)","(850, 640)"
"(7, 2030)","(610, 880)"
"(337, 2200)","(800, 690)"
"(397, 2140)","(810, 690)"
"(370, 1470)","(370, 1130)"
"(328, 1600)","(470, 1030)"
"(34, 2560)","(800, 690)"
"(196, 2500)","(840, 650)"
"(289, 2070)","(730, 770)"
"(97, 2350)","(760, 730)"
"(268, 1520)","(380, 1110)"
"(241, 1950)","(660, 840)"
"(346, 1720)","(560, 920)"
"(304, 2590)","(900, 580)"
"(88, 1590)","(390, 1110)"
"(181, 1720)","(500, 980)"
"(28, 2200)","(690, 810)"
"(229, 2300)","(790, 700)"
"(40, 2220)","(700, 800)"
"(28, 2210)","(690, 800)"
"(4, 1520)","(310, 1160)"
"(52, 1860)","(540, 940)"
"(172, 2050)","(680, 820)"
"(400, 1920)","(710, 790)"
"(295, 1490)","(360, 1130)"
"(220, 2480)","(850, 650)"
"(43, 2250)","(710, 780)"
"(94, 1420)","(300, 1200)"
"(97, 1680)","(450, 1040)"
"(331, 1750)","(580, 920)"
"(181, 2070)","(690, 810)"
"(223, 2450)","(840, 660)"
"(13, 1410)","(300, 1200)"
"(229, 1560)","(400, 1080)"
"(67, 2410)","(770, 720)"
"(103, 1990)","(620, 860)"
"(292, 1840)","(620, 880)"
"(220, 1610)","(440, 1050)"
"(235, 2360)","(820, 680)"
"(31, 2500)","(790, 710)"
"(316, 1410)","(300, 1200)"
"(325, 1830)","(630, 870)"
"(256, 1530)","(390, 1110)"
"(367, 2240)","(830, 670)"
"(250, 1710)","(520, 970)"
"(349, 1510)","(400, 1100)"
"(190, 2090)","(700, 800)"
"(319, 2180)","(790, 710)"
"(265, 1570)","(420, 1060)"
"(25, 2210)","(690, 800)"
"(109, 2030)","(650, 850)"
"(379, 1780)","(620, 880)"
"(34, 1540)","(340, 1160)"
"(313, 1490)","(370, 1130)"
"(58, 2300)","(730, 760)"
"(22, 1930)","(570, 920)"
"(373, 1550)","(440, 1040)"
"(226, 1590)","(430, 1070)"
"(259, 2130)","(740, 750)"
"(37, 2570)","(810, 690)"
"(226, 2060)","(700, 790)"
"(208, 2370)","(810, 690)"
"(235, 2030)","(690, 800)"
"(28, 2510)","(790, 710)"
"(190, 1510)","(350, 1140)"
"(265, 1550)","(410, 1090)"
"(352, 2230)","(820, 680)"
"(355, 2400)","(840, 590)"
"(112, 2420)","(790, 710)"
"(379, 1400)","(300, 1200)"
"(64, 1600)","(390, 1110)"
"(325, 2590)","(920, 580)"
"(55, 1910)","(570, 920)"
"(241, 1470)","(330, 1170)"
"(364, 2140)","(790, 700)"
"(397, 2490)","(920, 570)"
"(331, 2420)","(870, 620)"
"(49, 2480)","(790, 710)"
"(313, 2060)","(740, 760)"
"(127, 2040)","(660, 840)"
"(250, 1420)","(300, 1200)"
"(334, 2540)","(890, 580)"
"(385, 2540)","(900, 550)"
"(7, 2560)","(800, 700)"
"(283, 2370)","(820, 640)"
"(58, 2100)","(660, 840)"
"(28, 2520)","(790, 700)"
"(37, 2420)","(770, 730)"
"(244, 2570)","(850, 590)"
"(271, 1620)","(470, 1030)"
"(382, 2590)","(940, 550)"
"(226, 1970)","(660, 840)"
"(58, 1690)","(450, 1050)"
"(238, 1400)","(300, 1200)"
"(151, 2430)","(810, 690)"
"(247, 2410)","(840, 660)"
"(109, 1550)","(360, 1120)"
"(40, 1500)","(310, 1190)"
"(160, 2090)","(690, 810)"
"(28, 2490)","(780, 710)"
"(142, 1910)","(600, 900)"
"(85, 1640)","(420, 1070)"
"(154, 1520)","(350, 1150)"
"(280, 2260)","(800, 700)"
"(31, 1990)","(600, 890)"
"(352, 2090)","(770, 730)"
"(94, 1790)","(520, 980)"
"(145, 1610)","(420, 1080)"
"(325, 1440)","(320, 1170)"
"(229, 1450)","(310, 1190)"
"(187, 2240)","(760, 740)"
"(277, 2000)","(690, 800)"
"(358, 1920)","(690, 810)"
"(172, 1580)","(400, 1080)"
"(361, 2570)","(930, 570)"
"(232, 1600)","(440, 1060)"
"(244, 2150)","(750, 750)"
"(334, 2170)","(790, 710)"
"(112, 2360)","(770, 720)"
"(121, 2190)","(720, 780)"
"(64, 1650)","(420, 1060)"
"(283, 2340)","(830, 670)"
"(88, 2170)","(700, 800)"
"(277, 2470)","(840, 610)"
"(49, 2000)","(610, 880)"
"(205, 2260)","(770, 720)"
"(130, 1950)","(610, 870)"
"(364, 2370)","(870, 620)"
"(274, 2450)","(850, 630)"
"(274, 1760)","(560, 930)"
"(388, 1700)","(570, 930)"
"(361, 1740)","(590, 910)"
"(337, 1640)","(500, 980)"
"(199, 2210)","(750, 740)"
"(238, 1760)","(550, 950)"
"(76, 1460)","(300, 1200)"
"(355, 1880)","(670, 830)"
"(19, 2340)","(730, 760)"
"(151, 2250)","(750, 750)"
"(256, 1780)","(570, 930)"
"(133, 2570)","(840, 650)"
"(28, 1780)","(490, 990)"
"(373, 1450)","(350, 1150)"
"(61, 1780)","(500, 980)"
"(10, 2110)","(650, 850)"
"(268, 2270)","(800, 700)"
"(313, 1430)","(310, 1190)"
"(13, 2040)","(620, 880)"
"(232, 2220)","(770, 730)"
"(85, 2250)","(730, 770)"
"(355, 2120)","(780, 720)"
"(112, 2270)","(740, 750)"
"(358, 1570)","(460, 1040)"
"(154, 2150)","(710, 780)"
"(151, 1780)","(530, 960)"
"(70, 2000)","(620, 880)"
"(28, 2220)","(700, 800)"
"(31, 2330)","(740, 760)"
"(316, 1850)","(630, 860)"
"(19, 2270)","(710, 780)"
"(88, 2300)","(740, 750)"
"(202, 1860)","(590, 890)"
"(394, 1430)","(330, 1160)"
"(337, 2500)","(900, 600)"
"(286, 1900)","(650, 850)"
"(46, 2000)","(610, 880)"
"(208, 1900)","(620, 880)"
"(238, 2510)","(860, 630)"
"(367, 2230)","(830, 670)"
"(283, 1910)","(650, 840)"
"(370, 2000)","(730, 760)"
"(280, 2330)","(820, 670)"
"(169, 1800)","(550, 950)"
"(400, 2330)","(870, 610)"
"(154, 1860)","(580, 920)"
"(13, 2560)","(800, 700)"
"(199, 2460)","(820, 650)"
"(184, 2310)","(780, 710)"
"(247, 1580)","(430, 1070)"
"(43, 1680)","(440, 1060)"
"(130, 2320)","(760, 730)"
"(310, 2270)","(820, 680)"
"(253, 2340)","(820, 680)"
"(178, 2480)","(830, 660)"
"(277, 2110)","(740, 750)"
"(235, 1950)","(650, 840)"
"(274, 1970)","(680, 820)"
"(361, 2070)","(760, 730)"
"(88, 1640)","(420, 1060)"
"(247, 1940)","(650, 840)"
"(292, 1400)","(300, 1200)"
"(157, 2260)","(750, 740)"
"(301, 1750)","(570, 930)"
"(1, 1970)","(580, 900)"
"(334, 1910)","(670, 820)"
"(262, 2540)","(870, 610)"
"(145, 1980)","(640, 860)"
"(163, 2100)","(700, 800)"
"(151, 2150)","(710, 780)"
"(10, 1500)","(300, 1190)"
"(304, 2180)","(780, 710)"
"(247, 2550)","(850, 600)"
"(43, 1660)","(420, 1060)"
"(334, 1440)","(320, 1160)"
"(229, 1680)","(490, 990)"
"(196, 1670)","(480, 1020)"
"(361, 1920)","(690, 810)"
"(112, 1710)","(480, 1020)"
"(70, 1480)","(300, 1200)"
"(187, 1560)","(390, 1100)"
"(46, 2220)","(700, 790)"
"(280, 1660)","(500, 1000)"
"(310, 2350)","(840, 650)"
"(304, 2050)","(730, 770)"
"(31, 1410)","(300, 1200)"
"(181, 2080)","(690, 800)"
"(307, 2050)","(730, 770)"
"(370, 2130)","(790, 710)"
"(220, 1660)","(480, 1020)"
"(343, 1620)","(490, 1000)"
"(394, 2180)","(820, 680)"
"(292, 2480)","(860, 610)"
"(385, 2470)","(910, 580)"
"(304, 2500)","(870, 600)"
"(301, 2080)","(740, 760)"
"(49, 2290)","(730, 770)"
"(385, 1850)","(660, 830)"
"(232, 2250)","(780, 720)"
"(136, 2300)","(760, 740)"
"(346, 2220)","(810, 680)"
"(67, 1620)","(400, 1080)"
"(235, 2270)","(790, 710)"
"(58, 2470)","(790, 710)"
"(25, 1400)","(300, 1200)"
"(127, 1650)","(440, 1050)"
"(172, 1710)","(500, 1000)"
"(358, 1910)","(680, 810)"
"(115, 1820)","(540, 950)"
"(262, 2360)","(830, 670)"
"(379, 1460)","(360, 1140)"
"(397, 1770)","(620, 870)"
"(136, 2600)","(840, 640)"
"(352, 1660)","(530, 970)"
"(241, 2600)","(880, 600)"
"(193, 2130)","(720, 780)"
"(325, 2570)","(860, 550)"
"(247, 1550)","(400, 1090)"
"(202, 1930)","(630, 860)"
"(304, 2400)","(860, 640)"
"(241, 2400)","(830, 660)"
"(46, 2020)","(620, 870)"
"(157, 1490)","(320, 1150)"
"(214, 2600)","(850, 600)"
"(277, 1800)","(590, 910)"
"(214, 1810)","(570, 920)"
"(388, 1940)","(710, 780)"
"(127, 1530)","(350, 1140)"
"(376, 2180)","(810, 680)"
"(28, 1760)","(480, 1010)"
"(232, 2430)","(840, 660)"
"(88, 1900)","(580, 920)"
"(52, 2330)","(740, 750)"
"(28, 1640)","(410, 1090)"
"(388, 1470)","(370, 1120)"
"(145, 2100)","(690, 810)"
"(310, 2290)","(820, 670)"
"(169, 1850)","(580, 920)"
"(37, 1800)","(510, 990)"
"(211, 1860)","(600, 900)"
"(19, 1610)","(380, 1100)"
"(154, 1820)","(560, 940)"
"(328, 1800)","(610, 890)"
"(184, 1440)","(300, 1200)"
"(196, 1800)","(560, 940)"
"(214, 2260)","(770, 720)"
"(382, 2100)","(780, 710)"
"(265, 1580)","(430, 1060)"
"(346, 1420)","(310, 1190)"
"(394, 2580)","(940, 550)"
"(259, 1880)","(630, 870)"
"(79, 1830)","(540, 960)"
"(259, 1440)","(300, 1180)"
"(328, 1630)","(490, 1000)"
"(325, 2470)","(840, 580)"
"(202, 2150)","(730, 770)"
"(172, 2600)","(830, 610)"
"(400, 1810)","(650, 850)"
"(277, 1620)","(470, 1030)"
"(247, 2320)","(810, 690)"
"(142, 1720)","(490, 1000)"
"(370, 2180)","(810, 690)"
"(214, 2180)","(750, 750)"
"(169, 1700)","(490, 1010)"
"(271, 1590)","(440, 1050)"
"(193, 1480)","(330, 1170)"
"(16, 2070)","(630, 860)"
"(382, 1670)","(540, 940)"
"(100, 2120)","(680, 810)"
"(319, 1470)","(350, 1140)"
"(259, 2020)","(700, 800)"
"(250, 1640)","(470, 1020)"
"(265, 1480)","(340, 1140)"
"(385, 2010)","(750, 750)"
"(100, 1560)","(370, 1130)"
"(295, 1540)","(410, 1090)"
"(313, 2340)","(840, 650)"
"(100, 1620)","(410, 1080)"
"(166, 1600)","(420, 1080)"
"(43, 1840)","(530, 960)"
"(208, 2260)","(770, 720)"
"(157, 1850)","(570, 920)"
"(73, 2410)","(770, 720)"
"(190, 2150)","(730, 770)"
"(85, 1480)","(300, 1200)"
"(94, 2050)","(650, 850)"
"(91, 2200)","(710, 790)"
"(112, 1970)","(620, 880)"
"(283, 2500)","(880, 620)"
"(13, 1570)","(360, 1140)"
"(385, 1930)","(710, 790)"
"(64, 2100)","(660, 830)"
"(124, 1770)","(520, 980)"
"(328, 2100)","(760, 740)"
"(289, 2420)","(860, 640)"
"(25, 1410)","(300, 1200)"
"(379, 2440)","(880, 580)"
"(229, 2100)","(720, 780)"
"(22, 1750)","(480, 1020)"
"(1, 2060)","(620, 870)"
"(40, 2360)","(750, 750)"
"(370, 2480)","(900, 580)"
"(262, 1630)","(470, 1030)"
"(349, 2440)","(860, 590)"
"(166, 2500)","(830, 660)"
"(139, 1590)","(400, 1090)"
"(358, 1740)","(580, 910)"
"(139, 2030)","(660, 840)"
"(274, 1610)","(460, 1040)"
"(322, 1840)","(630, 870)"
"(97, 1500)","(320, 1180)"
"(199, 1510)","(350, 1130)"
"(73, 2400)","(770, 720)"
"(226, 1900)","(630, 870)"
"(100, 2230)","(720, 770)"
"(85, 1850)","(550, 940)"
"(247, 1450)","(310, 1180)"
"(304, 2490)","(850, 590)"
"(322, 1630)","(490, 1000)"
"(142, 2020)","(650, 840)"
"(145, 2210)","(730, 760)"
"(184, 1820)","(570, 930)"
"(268, 2250)","(790, 700)"
"(181, 1460)","(300, 1180)"
"(337, 1790)","(610, 890)"
"(301, 1430)","(300, 1180)"
"(52, 2460)","(780, 710)"
"(208, 2010)","(670, 820)"
"(82, 1680)","(450, 1050)"
"(7, 2160)","(670, 830)"
"(355, 2230)","(820, 670)"
"(205, 1800)","(560, 930)"
"(256, 1950)","(660, 830)"
"(154, 1700)","(480, 1010)"
"(70, 2530)","(810, 690)"
"(244, 1650)","(480, 1020)"
"(181, 2170)","(730, 770)"
"(136, 2350)","(780, 720)"
"(139, 1980)","(630, 860)"
"(340, 1640)","(510, 990)"
"(166, 2080)","(690, 810)"
"(370, 1850)","(660, 840)"
"(76, 1480)","(300, 1200)"
"(361, 2270)","(840, 660)"
"(100, 1910)","(590, 910)"
"(100, 2190)","(710, 790)"
"(304, 2530)","(890, 600)"
"(61, 1580)","(370, 1110)"
"(208, 1700)","(500, 990)"
"(211, 1480)","(330, 1170)"
"(97, 2060)","(660, 840)"
"(241, 1750)","(540, 940)"
"(139, 1560)","(380, 1120)"
"(253, 2190)","(760, 730)"
"(370, 1810)","(630, 860)"
"(388, 2110)","(790, 710)"
"(337, 2510)","(900, 590)"
"(325, 2260)","(820, 680)"
"(247, 1860)","(610, 880)"
"(121, 1520)","(340, 1150)"
"(223, 1870)","(610, 890)"
"(373, 1630)","(510, 980)"
"(244, 2340)","(810, 680)"
"(67, 1470)","(300, 1200)"
"(367, 2430)","(890, 600)"
"(70, 2170)","(690, 800)"
"(61, 1910)","(570, 920)"
"(226, 2220)","(770, 730)"
"(292, 1580)","(440, 1050)"
"(61, 1940)","(590, 910)"
"(289, 2060)","(730, 770)"
"(67, 2390)","(770, 730)"
"(391, 2470)","(880, 560)"
"(379, 2120)","(790, 710)"
"(229, 2150)","(740, 760)"
"(334, 2120)","(770, 730)"
"(319, 1960)","(690, 800)"
"(13, 2130)","(660, 840)"
"(10, 2580)","(800, 690)"
"(382, 2240)","(840, 660)"
"(277, 2570)","(880, 590)"
"(250, 1760)","(550, 930)"
"(310, 2220)","(800, 700)"
"(112, 1560)","(370, 1120)"
"(385, 1560)","(460, 1040)"
"(4, 2020)","(610, 890)"
"(367, 2580)","(930, 570)"
"(100, 1530)","(340, 1140)"
"(235, 1500)","(350, 1130)"
"(388, 1930)","(710, 790)"
"(88, 1990)","(620, 870)"
"(76, 2220)","(710, 780)"
"(19, 1410)","(300, 1200)"
"(184, 1920)","(620, 880)"
"(232, 2470)","(830, 630)"
"(4, 2370)","(740, 760)"
"(211, 2040)","(690, 810)"
"(364, 2240)","(830, 670)"
"(328, 1680)","(530, 960)"
"(67, 1730)","(480, 1020)"
"(328, 2330)","(830, 640)"
"(172, 1460)","(300, 1190)"
"(193, 1730)","(510, 970)"
"(205, 2600)","(870, 620)"
"(4, 1650)","(410, 1090)"
"(121, 2350)","(770, 720)"
"(169, 2170)","(730, 770)"
"(46, 2590)","(820, 680)"
"(253, 1920)","(650, 850)"
"(232, 1950)","(650, 840)"
"(334, 2350)","(850, 640)"
"(289, 1550)","(410, 1070)"
"(265, 2020)","(700, 800)"
"(241, 2070)","(710, 780)"
"(304, 2230)","(800, 700)"
"(364, 1980)","(720, 770)"
"(232, 1480)","(340, 1160)"
"(109, 1630)","(420, 1070)"
"(100, 2460)","(800, 700)"
"(91, 1970)","(610, 880)"
"(133, 2340)","(770, 720)"
"(13, 2300)","(720, 780)"
"(103, 2590)","(830, 660)"
"(289, 1710)","(540, 960)"
"(22, 2270)","(710, 780)"
"(43, 1750)","(480, 1010)"
"(325, 2310)","(840, 660)"
"(343, 2370)","(850, 620)"
"(334, 1540)","(420, 1070)"
"(127, 1480)","(310, 1190)"
"(385, 1880)","(680, 820)"
"(346, 2350)","(860, 640)"
"(88, 2230)","(720, 780)"
"(310, 2250)","(810, 690)"
"(376, 2120)","(790, 710)"
"(61, 1520)","(330, 1170)"
"(379, 1720)","(580, 920)"
"(55, 1550)","(350, 1150)"
"(16, 1580)","(360, 1120)"
"(208, 1820)","(570, 910)"
"(304, 2470)","(850, 600)"
"(46, 2080)","(650, 850)"
"(172, 1940)","(630, 870)"
"(37, 1560)","(350, 1130)"
"(145, 1500)","(330, 1160)"
"(49, 1790)","(510, 990)"
"(106, 2240)","(730, 770)"
"(181, 1880)","(600, 900)"
"(265, 2170)","(760, 730)"
"(94, 2090)","(670, 830)"
"(205, 2020)","(680, 820)"
"(178, 2310)","(780, 720)"
"(190, 2430)","(820, 670)"
"(223, 1940)","(640, 850)"
"(199, 1420)","(300, 1200)"
"(118, 1490)","(320, 1180)"
"(115, 2120)","(690, 810)"
"(289, 2470)","(850, 610)"
"(28, 1890)","(550, 940)"
"(286, 1950)","(670, 820)"
"(310, 1880)","(650, 850)"
"(253, 2230)","(780, 720)"
"(25, 2150)","(670, 830)"
"(331, 2010)","(720, 770)"
"(373, 2350)","(860, 620)"
"(151, 1740)","(510, 990)"
"(55, 2390)","(760, 730)"
"(205, 2050)","(690, 810)"
"(193, 1750)","(530, 970)"
"(43, 1710)","(460, 1040)"
"(7, 2220)","(690, 810)"
"(232, 1740)","(530, 950)"
"(292, 2400)","(850, 640)"
"(373, 1970)","(720, 770)"
"(121, 1700)","(470, 1020)"
"(13, 2400)","(750, 740)"
"(49, 2030)","(630, 870)"
"(193, 1760)","(530, 950)"
"(88, 1470)","(300, 1200)"
"(295, 2390)","(850, 650)"
"(322, 2240)","(810, 680)"
"(70, 1700)","(460, 1040)"
"(274, 2590)","(890, 590)"
"(70, 2290)","(730, 760)"
"(394, 2440)","(910, 580)"
"(274, 1990)","(690, 810)"
"(361, 1560)","(450, 1050)"
"(349, 1410)","(300, 1200)"
"(235, 2500)","(860, 640)"
"(16, 1870)","(540, 960)"
"(148, 2010)","(650, 850)"
"(253, 2560)","(860, 600)"
"(160, 2600)","(840, 620)"
"(238, 2040)","(700, 800)"
"(49, 1980)","(600, 890)"
"(232, 1540)","(390, 1110)"
"(121, 2290)","(750, 740)"
"(136, 1800)","(540, 960)"
"(214, 1980)","(660, 840)"
"(130, 2030)","(650, 840)"
"(343, 2240)","(820, 680)"
"(73, 2250)","(720, 770)"
"(61, 2550)","(810, 680)"
"(253, 2180)","(760, 740)"
"(394, 1630)","(520, 980)"
"(4, 1460)","(300, 1200)"
"(352, 2580)","(910, 560)"
"(148, 1810)","(550, 950)"
"(373, 2430)","(890, 600)"
"(277, 1430)","(300, 1200)"
"(382, 1630)","(510, 970)"
"(169, 2570)","(850, 640)"
"(22, 2470)","(780, 720)"
"(82, 1550)","(360, 1140)"
"(10, 1700)","(440, 1050)"
"(184, 1930)","(630, 870)"
"(394, 1870)","(680, 820)"
"(46, 1780)","(500, 1000)"
"(16, 2170)","(670, 820)"
"(289, 2120)","(750, 740)"
"(241, 2240)","(780, 720)"
"(394, 2000)","(750, 750)"
"(91, 2070)","(660, 840)"
"(22, 2060)","(630, 860)"
"(106, 2200)","(710, 780)"
"(109, 2360)","(770, 720)"
"(103, 2500)","(810, 680)"
"(223, 2540)","(850, 620)"
"(178, 1980)","(650, 850)"
"(145, 2070)","(680, 820)"
"(94, 1620)","(410, 1080)"
"(103, 2560)","(830, 670)"
"(163, 2560)","(850, 650)"
"(103, 2280)","(740, 750)"
"(97, 2530)","(820, 680)"
"(7, 1830)","(520, 980)"
"(346, 1440)","(330, 1170)"
"(22, 2110)","(650, 840)"
"(238, 2440)","(840, 650)"
"(4, 1620)","(390, 1110)"
"(226, 1630)","(460, 1040)"
"(88, 1850)","(550, 940)"
"(289, 2100)","(740, 750)"
"(394, 2290)","(860, 640)"
"(220, 2260)","(780, 720)"
"(391, 2130)","(800, 700)"
"(79, 1760)","(500, 1000)"
"(55, 2520)","(800, 690)"
"(145, 1630)","(430, 1060)"
"(328, 1530)","(410, 1090)"
"(202, 2340)","(800, 700)"
"(208, 2470)","(840, 660)"
"(16, 1400)","(300, 1200)"
"(160, 2380)","(790, 700)"
"(310, 1680)","(520, 970)"
"(13, 2010)","(610, 890)"
"(370, 1610)","(490, 990)"
"(280, 2090)","(740, 760)"
"(202, 1920)","(630, 870)"
"(253, 2360)","(820, 670)"
"(4, 2140)","(660, 840)"
"(205, 1890)","(610, 880)"
"(58, 2570)","(820, 680)"
"(376, 2500)","(900, 580)"
"(211, 2080)","(700, 790)"
"(361, 1830)","(640, 850)"
"(202, 2320)","(790, 700)"
"(193, 1400)","(300, 1200)"
"(217, 2160)","(740, 760)"
"(58, 2010)","(610, 860)"
"(88, 2550)","(820, 680)"
"(46, 2410)","(770, 730)"
"(25, 2140)","(660, 830)"
"(328, 2370)","(850, 630)"
"(271, 2560)","(880, 600)"
"(112, 2390)","(780, 710)"
"(250, 1850)","(610, 890)"
"(394, 2420)","(890, 590)"
"(394, 1810)","(640, 850)"
"(301, 1520)","(390, 1100)"
"(49, 1570)","(360, 1120)"
"(346, 2520)","(910, 590)"
"(196, 2390)","(810, 680)"
"(22, 2240)","(700, 790)"
"(79, 1790)","(510, 970)"
"(364, 2360)","(860, 620)"
"(199, 2090)","(700, 790)"
"(277, 2430)","(850, 640)"
"(28, 1700)","(450, 1050)"
"(250, 2340)","(820, 680)"
"(259, 2440)","(850, 650)"
"(151, 2230)","(740, 750)"
"(97, 2360)","(770, 730)"
"(28, 2600)","(810, 680)"
"(259, 2260)","(790, 700)"
"(295, 2600)","(880, 570)"
"(112, 2530)","(820, 670)"
"(1, 1530)","(320, 1160)"
"(166, 2290)","(770, 730)"
"(13, 2460)","(770, 730)"
"(154, 2500)","(830, 670)"
"(22, 2370)","(750, 750)"
"(184, 1460)","(300, 1180)"
"(76, 1920)","(580, 910)"
"(385, 1430)","(330, 1170)"
"(109, 2350)","(770, 730)"
"(46, 2370)","(750, 740)"
"(58, 1600)","(390, 1110)"
"(109, 1930)","(600, 900)"
"(67, 2400)","(770, 730)"
"(361, 1900)","(680, 820)"
"(100, 1400)","(300, 1200)"
"(304, 1550)","(420, 1080)"
"(112, 2170)","(710, 790)"
"(160, 1670)","(460, 1020)"
"(154, 1410)","(300, 1200)"
"(118, 2440)","(800, 700)"
"(205, 1400)","(300, 1200)"
"(127, 2580)","(840, 650)"
"(196, 1540)","(380, 1120)"
"(40, 1570)","(360, 1130)"
"(334, 1760)","(590, 910)"
"(361, 2480)","(910, 590)"
"(208, 1420)","(300, 1200)"
"(223, 2460)","(830, 640)"
"(367, 1670)","(540, 960)"
"(208, 1740)","(530, 970)"
"(388, 2040)","(760, 740)"
"(364, 2220)","(820, 670)"
"(271, 1840)","(610, 890)"
"(370, 2380)","(880, 620)"
"(196, 2560)","(840, 620)"
"(121, 2180)","(710, 780)"
"(376, 2510)","(890, 560)"
"(394, 2040)","(760, 730)"
"(328, 1690)","(540, 960)"
"(334, 2520)","(890, 580)"
"(160, 2430)","(810, 690)"
"(316, 1970)","(700, 800)"
"(217, 1940)","(640, 850)"
"(325, 2000)","(710, 780)"
"(241, 1450)","(310, 1190)"
"(91, 1420)","(300, 1200)"
"(349, 1860)","(650, 840)"
"(136, 1410)","(300, 1200)"
"(199, 1440)","(300, 1200)"
"(349, 1790)","(610, 880)"
"(331, 1900)","(670, 830)"
"(112, 2110)","(680, 810)"
"(229, 1440)","(300, 1200)"
"(334, 2180)","(790, 700)"
"(376, 1490)","(390, 1110)"
"(337, 1980)","(710, 790)"
"(172, 2320)","(780, 720)"
"(46, 1810)","(520, 980)"
"(220, 1990)","(670, 830)"
"(301, 2200)","(790, 710)"
"(172, 1430)","(300, 1200)"
"(211, 1640)","(460, 1040)"
"(40, 1870)","(550, 950)"
"(364, 2200)","(810, 680)"
"(70, 2150)","(680, 810)"
"(76, 2480)","(800, 700)"
"(256, 2200)","(770, 730)"
"(268, 2500)","(850, 610)"
"(346, 2020)","(730, 760)"
"(241, 1700)","(510, 980)"
"(268, 1420)","(300, 1200)"
"(178, 2080)","(690, 800)"
"(370, 2220)","(820, 670)"
"(148, 1500)","(330, 1160)"
"(94, 2330)","(760, 740)"
"(172, 1920)","(610, 870)"
"(160, 1960)","(630, 860)"
"(34, 2520)","(790, 700)"
"(55, 1710)","(460, 1030)"
"(97, 1690)","(460, 1040)"
"(283, 1540)","(400, 1080)"
"(256, 2350)","(820, 670)"
"(190, 1520)","(360, 1140)"
"(253, 2200)","(770, 730)"
"(370, 2470)","(900, 590)"
"(196, 2450)","(830, 670)"
"(337, 1600)","(470, 1020)"
"(130, 1830)","(550, 940)"
"(277, 1470)","(340, 1160)"
"(85, 1740)","(490, 1010)"
"(319, 1570)","(440, 1050)"
"(211, 1780)","(550, 940)"
"(220, 1770)","(550, 950)"
"(4, 1600)","(370, 1110)"
"(151, 2270)","(760, 740)"
"(1, 2340)","(730, 770)"
"(331, 2520)","(900, 590)"
"(163, 2290)","(770, 730)"
"(43, 1520)","(320, 1160)"
"(49, 2160)","(680, 820)"
"(82, 2090)","(660, 830)"
"(226, 1870)","(610, 890)"
"(235, 2180)","(750, 740)"
"(88, 1560)","(370, 1130)"
"(310, 2200)","(790, 700)"
"(298, 2100)","(750, 750)"
"(124, 1700)","(470, 1010)"
"(112, 2330)","(760, 730)"
"(202, 1850)","(590, 910)"
"(61, 2410)","(770, 730)"
"(379, 2480)","(900, 570)"
"(175, 1890)","(600, 890)"
"(208, 2320)","(790, 700)"
"(367, 1560)","(450, 1040)"
"(127, 1850)","(560, 930)"
"(271, 2430)","(820, 620)"
"(379, 1590)","(480, 1010)"
"(97, 2070)","(660, 840)"
"(91, 1910)","(580, 910)"
"(91, 1890)","(570, 920)"
"(103, 2000)","(630, 860)"
"(175, 1670)","(470, 1030)"
"(208, 2300)","(790, 710)"
"(238, 1410)","(300, 1200)"
"(247, 1530)","(380, 1100)"
"(364, 2460)","(880, 580)"
"(31, 2420)","(760, 730)"
"(250, 2150)","(750, 750)"
"(274, 2390)","(840, 650)"
"(184, 1570)","(400, 1100)"
"(370, 1570)","(460, 1030)"
"(364, 1900)","(680, 810)"
"(334, 2080)","(750, 740)"
"(40, 2580)","(810, 680)"
"(310, 2080)","(740, 750)"
"(124, 1510)","(330, 1150)"
"(22, 1940)","(580, 920)"
"(193, 2440)","(830, 670)"
"(331, 2450)","(880, 620)"
"(199, 1620)","(440, 1050)"
"(55, 2570)","(810, 680)"
"(100, 1510)","(330, 1170)"
"(253, 2080)","(720, 780)"
"(103, 1950)","(610, 890)"
"(151, 2160)","(710, 780)"
"(367, 2460)","(890, 590)"
"(283, 2580)","(890, 590)"
"(394, 1670)","(550, 940)"
"(343, 1610)","(480, 1010)"
"(397, 1840)","(660, 830)"
"(13, 1430)","(300, 1200)"
"(91, 1660)","(440, 1060)"
"(313, 2090)","(750, 750)"
"(142, 1980)","(630, 860)"
"(379, 2280)","(850, 650)"
"(232, 1490)","(340, 1140)"
"(316, 1960)","(690, 800)"
"(226, 2370)","(820, 680)"
"(235, 1980)","(670, 830)"
"(106, 2520)","(820, 680)"
"(163, 1990)","(650, 850)"
"(253, 1890)","(630, 870)"
"(307, 2190)","(790, 710)"
"(391, 1590)","(490, 1010)"
"(88, 2070)","(660, 840)"
"(271, 2520)","(880, 620)"
"(289, 1640)","(490, 1010)"
"(244, 1750)","(550, 950)"
"(28, 1540)","(340, 1160)"
"(262, 1430)","(300, 1200)"
"(193, 1500)","(340, 1140)"
"(295, 1970)","(690, 810)"
"(25, 1520)","(320, 1180)"
"(229, 1870)","(610, 890)"
"(283, 1930)","(660, 830)"
"(133, 1690)","(470, 1020)"
"(136, 1860)","(570, 920)"
"(142, 1620)","(420, 1060)"
"(184, 1730)","(510, 980)"
"(28, 1800)","(510, 990)"
"(139, 1620)","(420, 1060)"
"(283, 2020)","(710, 790)"
"(124, 2170)","(710, 790)"
"(25, 1530)","(330, 1170)"
"(343, 2290)","(840, 660)"
"(340, 1680)","(530, 950)"
"(247, 2380)","(830, 670)"
"(331, 1530)","(410, 1080)"
"(352, 1480)","(370, 1120)"
"(262, 2350)","(820, 670)"
"(319, 2540)","(900, 590)"
"(220, 2570)","(850, 610)"
"(181, 2480)","(830, 660)"
"(250, 2490)","(860, 630)"
"(154, 2350)","(780, 710)"
"(19, 2250)","(700, 790)"
"(223, 2010)","(680, 820)"
"(250, 1450)","(310, 1180)"
"(7, 1710)","(450, 1050)"
"(190, 2260)","(770, 730)"
"(100, 2150)","(690, 800)"
"(367, 1470)","(370, 1130)"
"(256, 1760)","(560, 940)"
"(286, 2380)","(840, 650)"
"(328, 2430)","(880, 620)"
"(31, 2360)","(740, 750)"
"(34, 2270)","(720, 780)"
"(355, 2260)","(830, 660)"
"(10, 2340)","(730, 760)"
"(298, 2220)","(790, 700)"
"(328, 1540)","(420, 1080)"
"(220, 1490)","(340, 1150)"
"(217, 2540)","(860, 630)"
"(256, 1940)","(660, 840)"
"(265, 2390)","(840, 660)"
"(52, 1530)","(330, 1150)"
"(316, 2550)","(900, 590)"
"(4, 1800)","(500, 1000)"
"(73, 2460)","(790, 710)"
"(307, 2020)","(720, 780)"
"(124, 1640)","(430, 1050)"
"(148, 1530)","(360, 1140)"
"(22, 2040)","(620, 870)"
"(388, 2500)","(920, 580)"
"(118, 2510)","(780, 640)"
"(238, 1980)","(670, 830)"
"(109, 1700)","(470, 1030)"
"(217, 2470)","(840, 650)"
"(214, 2410)","(820, 670)"
"(340, 2020)","(730, 770)"
"(319, 1680)","(530, 970)"
"(154, 1840)","(570, 930)"
"(139, 2390)","(790, 710)"
"(364, 1750)","(590, 900)"
"(118, 1990)","(630, 860)"
"(103, 2230)","(720, 770)"
"(352, 1730)","(570, 910)"
"(142, 1430)","(300, 1200)"
"(205, 1640)","(460, 1040)"
"(79, 1840)","(540, 950)"
"(256, 2600)","(890, 600)"
"(376, 2380)","(880, 620)"
"(352, 1440)","(330, 1170)"
"(331, 1890)","(660, 830)"
"(28, 1460)","(300, 1200)"
"(34, 2200)","(690, 810)"
"(388, 1910)","(700, 800)"
"(268, 1750)","(550, 930)"
"(271, 2590)","(880, 590)"
"(34, 2490)","(790, 710)"
"(268, 1620)","(460, 1020)"
"(82, 1400)","(300, 1200)"
"(373, 1920)","(700, 800)"
"(247, 1740)","(540, 950)"
"(19, 1970)","(590, 910)"
"(43, 1740)","(480, 1020)"
"(232, 1800)","(570, 920)"
"(253, 2350)","(820, 680)"
"(298, 2080)","(740, 760)"
"(58, 1400)","(300, 1200)"
"(19, 2000)","(600, 890)"
"(352, 2600)","(940, 560)"
"(37, 2440)","(770, 720)"
"(394, 1600)","(500, 1000)"
"(172, 2030)","(670, 830)"
"(295, 1830)","(610, 880)"
"(172, 1780)","(540, 960)"
"(367, 1810)","(630, 860)"
"(331, 1480)","(360, 1120)"
"(265, 2330)","(820, 680)"
"(346, 2380)","(870, 630)"
"(85, 2050)","(650, 850)"
"(295, 1580)","(440, 1050)"
"(58, 2380)","(760, 740)"
"(52, 2550)","(810, 690)"
"(175, 2200)","(740, 760)"
"(268, 1850)","(610, 880)"
"(73, 2180)","(700, 800)"
"(142, 1950)","(620, 880)"
"(70, 2210)","(710, 790)"
"(181, 2600)","(870, 630)"
"(202, 2540)","(860, 640)"
"(73, 1540)","(350, 1150)"
"(343, 2320)","(840, 640)"
"(382, 2520)","(930, 570)"
"(382, 1410)","(310, 1190)"
"(25, 2340)","(740, 760)"
"(22, 1910)","(560, 930)"
"(49, 1680)","(440, 1060)"
"(181, 2410)","(810, 680)"
"(58, 2280)","(730, 770)"
"(286, 1510)","(380, 1120)"
"(61, 2080)","(650, 840)"
"(115, 2450)","(800, 700)"
"(313, 2000)","(710, 790)"
"(28, 2380)","(750, 750)"
"(70, 2350)","(750, 740)"
"(136, 2400)","(790, 700)"
"(307, 1410)","(300, 1200)"
"(76, 1620)","(410, 1090)"
"(340, 1940)","(690, 800)"
"(394, 2130)","(800, 690)"
"(322, 2250)","(810, 680)"
"(145, 2260)","(750, 750)"
"(16, 2310)","(720, 770)"
"(82, 2310)","(750, 750)"
"(76, 2450)","(790, 710)"
"(316, 1440)","(320, 1180)"
"(205, 2290)","(780, 710)"
"(127, 2000)","(640, 860)"
"(187, 2600)","(840, 610)"
"(1, 2430)","(760, 740)"
"(88, 1970)","(610, 880)"
"(331, 1430)","(310, 1170)"
"(64, 2030)","(630, 860)"
"(16, 1490)","(300, 1200)"
"(118, 2280)","(750, 750)"
"(148, 1440)","(300, 1200)"
"(253, 1640)","(470, 1010)"
"(106, 1660)","(440, 1050)"
"(163, 2030)","(670, 830)"
"(289, 1770)","(570, 910)"
"(193, 1420)","(300, 1200)"
"(235, 1600)","(440, 1060)"
"(253, 2500)","(870, 630)"
"(22, 2150)","(670, 830)"
"(124, 2190)","(720, 780)"
"(388, 1420)","(320, 1180)"
"(349, 1940)","(700, 800)"
"(355, 1920)","(690, 810)"
"(16, 1740)","(470, 1030)"
"(274, 1960)","(670, 820)"
"(307, 2120)","(760, 740)"
"(97, 2460)","(800, 700)"
"(358, 2340)","(860, 640)"
"(22, 1700)","(440, 1040)"
"(358, 1700)","(560, 940)"
"(235, 1580)","(420, 1070)"
"(55, 1860)","(550, 950)"
"(133, 1860)","(570, 920)"
"(277, 2450)","(850, 630)"
"(277, 2410)","(850, 650)"
"(151, 2070)","(680, 820)"
"(292, 2580)","(880, 580)"
"(238, 2180)","(750, 740)"
"(181, 1610)","(430, 1070)"
"(175, 2300)","(770, 720)"
"(310, 2310)","(830, 670)"
"(121, 2520)","(820, 670)"
"(115, 2330)","(760, 730)"
"(229, 1430)","(300, 1200)"
"(130, 2080)","(680, 820)"
"(199, 2180)","(740, 760)"
"(238, 1930)","(650, 850)"
"(115, 2100)","(680, 820)"
"(43, 1820)","(520, 970)"
"(340, 2390)","(870, 630)"
"(28, 1600)","(380, 1120)"
"(397, 2250)","(850, 650)"
"(316, 1650)","(500, 980)"
"(43, 1600)","(380, 1100)"
"(115, 1550)","(360, 1120)"
"(202, 2060)","(690, 800)"
"(52, 1810)","(520, 980)"
"(334, 1720)","(560, 930)"
"(316, 1760)","(580, 920)"
"(262, 1700)","(520, 980)"
"(70, 2280)","(730, 760)"
"(259, 2230)","(780, 710)"
"(220, 1650)","(470, 1030)"
"(256, 2420)","(840, 650)"
"(94, 1410)","(300, 1200)"
"(157, 1830)","(560, 930)"
"(70, 2300)","(740, 760)"
"(169, 1890)","(600, 900)"
"(190, 2230)","(760, 740)"
"(241, 1810)","(580, 910)"
"(319, 2100)","(760, 740)"
"(199, 1730)","(520, 980)"
"(190, 2120)","(710, 780)"
"(160, 2220)","(740, 760)"
"(169, 2020)","(660, 830)"
"(4, 1400)","(300, 1200)"
"(277, 1930)","(660, 840)"
"(145, 1430)","(300, 1200)"
"(82, 1460)","(300, 1200)"
"(349, 1490)","(380, 1120)"
"(49, 2510)","(800, 700)"
"(73, 1980)","(610, 880)"
"(400, 2500)","(930, 570)"
"(394, 1960)","(730, 770)"
"(85, 2060)","(650, 840)"
"(250, 2030)","(700, 800)"
"(358, 2560)","(920, 570)"
"(79, 2130)","(680, 820)"
"(163, 2360)","(790, 710)"
"(28, 2410)","(760, 740)"
"(280, 1510)","(380, 1120)"
"(235, 1470)","(330, 1170)"
"(79, 2030)","(640, 860)"
"(175, 2250)","(760, 740)"
"(130, 1810)","(540, 950)"
"(205, 1920)","(630, 870)"
"(94, 2220)","(720, 780)"
"(340, 2350)","(860, 640)"
"(298, 2120)","(760, 740)"
"(151, 1860)","(580, 920)"
"(382, 1880)","(680, 820)"
"(280, 1890)","(640, 850)"
"(73, 2390)","(770, 730)"
"(232, 1610)","(440, 1040)"
"(166, 2170)","(720, 770)"
"(397, 2180)","(830, 670)"
"(331, 1920)","(680, 820)"
"(67, 2230)","(710, 780)"
"(388, 2160)","(810, 690)"
"(130, 2190)","(720, 780)"
"(325, 1580)","(450, 1040)"
"(331, 1830)","(630, 870)"
"(187, 2220)","(750, 750)"
"(274, 2120)","(750, 750)"
"(292, 2280)","(810, 680)"
"(295, 1710)","(540, 960)"
"(226, 2510)","(820, 610)"
"(304, 2100)","(750, 750)"
"(55, 1530)","(330, 1150)"
"(1, 1800)","(500, 1000)"
"(178, 1420)","(300, 1200)"
"(127, 2280)","(750, 750)"
"(133, 1760)","(510, 970)"
"(169, 2000)","(650, 840)"
"(25, 2060)","(630, 860)"
"(91, 1410)","(300, 1200)"
"(286, 1860)","(630, 870)"
"(76, 1890)","(570, 930)"
"(325, 2050)","(740, 760)"
"(214, 1680)","(490, 1010)"
"(373, 2190)","(820, 680)"
"(28, 1500)","(300, 1170)"
"(139, 1880)","(580, 910)"
"(388, 2190)","(820, 670)"
"(229, 2050)","(700, 800)"
"(1, 2320)","(720, 770)"
"(25, 2030)","(620, 880)"
"(376, 1510)","(410, 1090)"
"(202, 1450)","(300, 1200)"
"(31, 2120)","(660, 840)"
"(1, 2530)","(790, 710)"
"(268, 2530)","(870, 610)"
"(130, 1450)","(300, 1200)"
"(379, 2320)","(830, 610)"
"(364, 1940)","(700, 790)"
"(4, 1440)","(300, 1200)"
"(322, 2110)","(760, 730)"
"(226, 1720)","(520, 980)"
"(397, 2450)","(910, 580)"
"(223, 2270)","(780, 710)"
"(25, 1720)","(460, 1040)"
"(256, 1880)","(630, 870)"
"(46, 1430)","(300, 1200)"
"(262, 2510)","(870, 620)"
"(217, 1510)","(360, 1140)"
"(253, 1850)","(610, 890)"
"(202, 1480)","(330, 1170)"
"(352, 2570)","(930, 570)"
"(292, 1720)","(540, 940)"
"(352, 2370)","(860, 620)"
"(211, 2540)","(840, 620)"
"(220, 1600)","(430, 1060)"
"(382, 2400)","(880, 600)"
"(40, 2590)","(820, 680)"
"(250, 2350)","(820, 680)"
"(184, 2580)","(860, 630)"
"(55, 1610)","(390, 1090)"
"(145, 1720)","(490, 1000)"
"(322, 1580)","(450, 1040)"
"(373, 2300)","(850, 640)"
"(49, 2440)","(780, 720)"
"(358, 2360)","(870, 630)"
"(385, 1870)","(680, 820)"
"(238, 1440)","(300, 1200)"
"(37, 1710)","(460, 1040)"
"(265, 2510)","(870, 620)"
"(178, 1870)","(590, 900)"
"(106, 1950)","(610, 890)"
"(58, 2090)","(660, 840)"
"(196, 2010)","(670, 830)"
"(346, 2250)","(820, 670)"
"(58, 1730)","(470, 1010)"
"(121, 2020)","(650, 850)"
"(193, 1590)","(420, 1080)"
"(136, 2570)","(840, 650)"
"(103, 2210)","(720, 780)"
"(370, 2010)","(740, 760)"
"(277, 2380)","(840, 660)"
"(151, 2200)","(730, 770)"
"(154, 1780)","(530, 960)"
"(166, 2360)","(790, 700)"
"(229, 1940)","(650, 850)"
"(169, 2390)","(800, 690)"
"(328, 1780)","(600, 900)"
"(334, 1930)","(680, 810)"
"(310, 2140)","(770, 730)"
"(106, 2570)","(830, 660)"
"(385, 1580)","(480, 1020)"
"(241, 1790)","(570, 930)"
"(289, 2340)","(830, 660)"
"(361, 1510)","(400, 1080)"
"(157, 2550)","(840, 650)"
"(181, 1830)","(570, 920)"
"(7, 1550)","(340, 1160)"
"(10, 2270)","(710, 790)"
"(340, 1980)","(710, 780)"
"(28, 2440)","(770, 730)"
"(370, 1730)","(580, 910)"
"(208, 1460)","(310, 1190)"
"(268, 2120)","(740, 750)"
"(7, 1810)","(500, 980)"
"(130, 2010)","(640, 850)"
"(298, 1480)","(350, 1130)"
"(190, 2580)","(860, 630)"
"(400, 1710)","(580, 910)"
"(307, 2260)","(810, 680)"
"(355, 1640)","(510, 980)"
"(229, 2190)","(760, 740)"
"(64, 1620)","(400, 1080)"
"(193, 1820)","(570, 930)"
"(340, 1660)","(520, 970)"
"(88, 1430)","(300, 1200)"
"(64, 2020)","(630, 870)"
"(328, 2260)","(820, 680)"
"(373, 2110)","(780, 710)"
"(352, 1760)","(600, 900)"
"(271, 1690)","(520, 980)"
"(1, 2520)","(780, 710)"
"(181, 1440)","(300, 1200)"
"(316, 2350)","(840, 650)"
"(385, 1550)","(450, 1050)"
"(400, 2150)","(790, 670)"
"(172, 2090)","(690, 800)"
"(46, 1700)","(450, 1040)"
"(22, 1440)","(300, 1200)"
"(1, 2280)","(710, 790)"
"(115, 2230)","(730, 770)"
"(124, 1790)","(530, 970)"
"(85, 2190)","(700, 790)"
"(277, 2090)","(730, 760)"
"(4, 1850)","(530, 970)"
"(226, 2200)","(760, 740)"
"(61, 2530)","(810, 690)"
"(355, 1690)","(550, 950)"
"(304, 1690)","(530, 970)"
"(1, 2030)","(610, 880)"
"(343, 1550)","(430, 1060)"
"(247, 2250)","(780, 710)"
"(286, 2460)","(870, 630)"
"(88, 1770)","(510, 990)"
"(163, 1650)","(450, 1040)"
"(28, 2060)","(630, 860)"
"(166, 2440)","(820, 680)"
"(67, 1850)","(540, 940)"
"(304, 1420)","(300, 1200)"
"(184, 2290)","(770, 720)"
"(142, 2570)","(840, 650)"
"(16, 2550)","(800, 700)"
"(196, 1610)","(430, 1050)"
"(79, 1590)","(390, 1110)"
"(331, 1970)","(700, 790)"
"(43, 2270)","(720, 780)"
"(328, 2250)","(820, 680)"
"(157, 1960)","(630, 870)"
"(373, 1590)","(480, 1020)"
"(64, 1520)","(330, 1170)"
"(259, 1620)","(460, 1030)"
"(367, 1660)","(530, 960)"
"(49, 1910)","(570, 930)"
"(319, 1540)","(420, 1080)"
"(337, 1580)","(460, 1040)"
"(205, 1430)","(300, 1200)"
"(352, 1620)","(490, 990)"
"(244, 1760)","(550, 940)"
"(49, 2320)","(740, 760)"
"(301, 1820)","(610, 890)"
"(235, 2350)","(810, 680)"
"(283, 1490)","(360, 1140)"
"(91, 2140)","(690, 810)"
"(349, 2260)","(830, 670)"
"(391, 1560)","(460, 1040)"
"(208, 1750)","(530, 960)"
"(235, 1800)","(570, 920)"
"(247, 1760)","(550, 940)"
"(364, 1640)","(510, 970)"
"(82, 1800)","(520, 970)"
"(376, 1880)","(680, 820)"
"(262, 1780)","(570, 920)"
"(223, 1640)","(460, 1020)"
"(352, 2510)","(890, 570)"
"(91, 2550)","(820, 670)"
"(79, 1630)","(410, 1070)"
"(355, 1800)","(620, 870)"
"(22, 2500)","(780, 710)"
"(388, 2210)","(830, 670)"
"(199, 2430)","(820, 670)"
"(262, 2080)","(720, 770)"
"(364, 2270)","(840, 660)"
"(208, 2600)","(880, 620)"
"(346, 1740)","(580, 920)"
"(16, 2400)","(750, 740)"
"(316, 2210)","(800, 700)"
"(319, 2190)","(790, 700)"
"(169, 1620)","(430, 1060)"
"(79, 1420)","(300, 1200)"
"(112, 2570)","(830, 660)"
"(268, 2060)","(720, 780)"
"(382, 2110)","(790, 710)"
"(97, 1980)","(620, 880)"
"(1, 2450)","(760, 730)"
"(364, 2250)","(830, 660)"
"(79, 2140)","(680, 810)"
"(316, 2100)","(750, 740)"
"(67, 2520)","(800, 690)"
"(316, 2000)","(710, 790)"
"(97, 2590)","(830, 660)"
"(10, 1420)","(300, 1200)"
"(292, 2110)","(750, 750)"
"(307, 1940)","(680, 820)"
"(205, 1830)","(580, 920)"
"(34, 1440)","(300, 1200)"
"(355, 1610)","(490, 1010)"
"(145, 1590)","(400, 1080)"
"(76, 1730)","(480, 1020)"
"(34, 2040)","(620, 860)"
"(130, 1620)","(420, 1070)"
"(334, 2240)","(810, 680)"
"(1, 2230)","(690, 800)"
"(169, 1530)","(360, 1130)"
"(163, 1970)","(640, 860)"
"(307, 2060)","(730, 760)"
"(364, 2350)","(870, 630)"
"(181, 1820)","(560, 920)"
"(283, 2230)","(790, 700)"
"(256, 2430)","(850, 650)"
"(139, 1680)","(470, 1030)"
"(58, 1570)","(370, 1130)"
"(217, 1500)","(350, 1150)"
"(190, 1530)","(370, 1130)"
"(181, 2140)","(720, 780)"
"(181, 2020)","(670, 830)"
"(391, 2230)","(840, 660)"
"(178, 1920)","(620, 880)"
"(256, 2300)","(800, 690)"
"(160, 2450)","(820, 680)"
"(109, 1960)","(610, 880)"
"(145, 2460)","(810, 680)"
"(328, 1490)","(370, 1120)"
"(58, 1530)","(330, 1140)"
"(175, 1850)","(580, 920)"
"(271, 2170)","(760, 730)"
"(397, 2390)","(880, 590)"
"(295, 2590)","(880, 570)"
"(136, 2080)","(680, 820)"
"(349, 1420)","(310, 1190)"
"(22, 1680)","(430, 1060)"
"(25, 2450)","(770, 720)"
"(67, 1430)","(300, 1200)"
"(73, 1900)","(570, 920)"
"(238, 1650)","(480, 1020)"
"(148, 1420)","(300, 1200)"
"(223, 2060)","(700, 800)"
"(265, 1810)","(590, 910)"
"(133, 1550)","(370, 1130)"
"(70, 1610)","(400, 1100)"
"(316, 1840)","(630, 870)"
"(142, 2030)","(660, 840)"
"(49, 1460)","(300, 1200)"
"(1, 1830)","(510, 970)"
"(73, 1620)","(410, 1090)"
"(394, 2460)","(890, 570)"
"(1, 1510)","(310, 1190)"
"(79, 1980)","(610, 880)"
"(199, 1880)","(600, 880)"
"(28, 2450)","(770, 720)"
"(310, 1910)","(660, 830)"
"(298, 1750)","(570, 930)"
"(295, 2570)","(900, 600)"
"(358, 2490)","(870, 570)"
"(253, 1620)","(460, 1040)"
"(325, 1970)","(700, 800)"
"(85, 2600)","(820, 650)"
"(22, 2310)","(730, 770)"
"(109, 2310)","(750, 740)"
"(118, 2190)","(710, 780)"
"(292, 2050)","(720, 770)"
"(292, 2390)","(850, 650)"
"(355, 2390)","(860, 610)"
"(70, 1840)","(540, 950)"
"(85, 2040)","(640, 850)"
"(379, 2310)","(860, 640)"
"(394, 2280)","(850, 640)"
"(280, 2320)","(820, 670)"
"(91, 2250)","(730, 770)"
"(118, 1690)","(470, 1030)"
"(334, 1950)","(690, 800)"
"(7, 2010)","(600, 880)"
"(124, 1540)","(360, 1140)"
"(295, 2520)","(890, 610)"
"(7, 1950)","(580, 920)"
"(94, 1700)","(460, 1020)"
"(37, 2070)","(640, 860)"
"(130, 2280)","(750, 740)"
"(82, 2230)","(720, 780)"
"(277, 1880)","(630, 860)"
"(70, 2320)","(740, 750)"
"(202, 2470)","(840, 660)"
"(283, 1480)","(350, 1150)"
"(169, 2480)","(830, 670)"
"(124, 2250)","(740, 760)"
"(232, 1580)","(420, 1070)"
"(244, 2310)","(800, 690)"
"(64, 1540)","(340, 1140)"
"(85, 1470)","(300, 1200)"
"(88, 2010)","(630, 870)"
"(166, 1610)","(420, 1060)"
"(358, 2080)","(760, 730)"
"(160, 1920)","(610, 880)"
"(136, 2340)","(770, 720)"
"(19, 2100)","(650, 850)"
"(166, 2340)","(780, 710)"
"(142, 2120)","(700, 800)"
"(187, 1510)","(350, 1150)"
"(241, 2040)","(700, 800)"
"(277, 1950)","(670, 830)"
"(22, 1890)","(550, 940)"
"(7, 1890)","(550, 950)"
"(211, 2110)","(720, 780)"
"(343, 1650)","(510, 970)"
"(343, 2460)","(890, 600)"
"(46, 2110)","(660, 840)"
"(262, 1710)","(530, 970)"
"(235, 2330)","(810, 690)"
"(214, 2010)","(670, 820)"
"(391, 2180)","(820, 680)"
"(1, 1630)","(390, 1090)"
"(301, 2520)","(880, 600)"
"(331, 1560)","(440, 1060)"
"(28, 2090)","(650, 850)"
"(397, 1740)","(600, 890)"
"(178, 1660)","(460, 1020)"
"(331, 2340)","(850, 650)"
"(169, 2440)","(820, 680)"
"(166, 2100)","(700, 800)"
"(367, 1970)","(720, 780)"
"(148, 2300)","(760, 730)"
"(304, 2250)","(810, 690)"
"(304, 2600)","(910, 580)"
"(208, 1990)","(660, 830)"
"(322, 2210)","(800, 700)"
"(286, 1560)","(420, 1070)"
"(148, 2350)","(780, 710)"
"(133, 2440)","(800, 690)"
"(283, 2120)","(750, 750)"
"(70, 2600)","(810, 650)"
"(334, 1940)","(690, 810)"
"(178, 2060)","(680, 810)"
"(19, 1430)","(300, 1200)"
"(382, 2000)","(740, 760)"
"(121, 1970)","(620, 870)"
"(43, 1700)","(450, 1040)"
"(13, 1400)","(300, 1200)"
"(37, 2600)","(820, 680)"
"(199, 1890)","(610, 890)"
"(172, 1790)","(540, 940)"
"(118, 2250)","(740, 760)"
"(202, 1830)","(580, 920)"
"(130, 1490)","(320, 1180)"
"(10, 1460)","(300, 1200)"
"(304, 2160)","(770, 720)"
"(154, 1530)","(360, 1140)"
"(319, 2600)","(920, 580)"
"(370, 2520)","(900, 570)"
"(235, 1760)","(550, 950)"
"(97, 2080)","(660, 830)"
"(280, 2360)","(830, 660)"
"(280, 2600)","(900, 590)"
"(337, 1590)","(460, 1020)"
"(256, 1840)","(600, 890)"
"(112, 2150)","(700, 800)"
"(40, 1720)","(460, 1030)"
"(361, 2290)","(850, 650)"
"(298, 2510)","(870, 600)"
"(388, 1530)","(430, 1060)"
"(217, 2460)","(840, 660)"
"(103, 1800)","(530, 970)"
"(70, 1860)","(550, 940)"
"(256, 2000)","(690, 810)"
"(292, 2240)","(800, 700)"
"(322, 2540)","(900, 590)"
"(325, 2600)","(920, 580)"
"(238, 2200)","(760, 730)"
"(85, 2070)","(660, 840)"
"(295, 2340)","(830, 660)"
"(241, 1820)","(590, 910)"
"(364, 2420)","(860, 590)"
"(67, 2180)","(690, 800)"
"(313, 1530)","(410, 1090)"
"(145, 1930)","(610, 880)"
"(160, 1850)","(570, 910)"
"(352, 2070)","(760, 740)"
"(343, 1820)","(630, 870)"
"(37, 2530)","(800, 700)"
"(196, 2380)","(810, 690)"
"(265, 1780)","(570, 920)"
"(157, 2090)","(690, 810)"
"(310, 1730)","(560, 940)"
"(154, 1960)","(630, 870)"
"(319, 1700)","(540, 950)"
"(259, 2080)","(720, 770)"
"(289, 2210)","(790, 710)"
"(331, 2560)","(900, 570)"
"(385, 1920)","(700, 790)"
"(325, 1690)","(540, 960)"
"(238, 2290)","(790, 700)"
"(154, 2120)","(700, 800)"
"(301, 2500)","(870, 600)"
"(184, 2340)","(790, 700)"
"(109, 2260)","(740, 760)"
"(316, 2040)","(730, 770)"
"(397, 2100)","(790, 710)"
"(238, 2120)","(730, 760)"
"(70, 2550)","(810, 680)"
"(31, 1560)","(350, 1140)"
"(157, 1840)","(570, 930)"
"(214, 2570)","(860, 620)"
"(139, 1640)","(440, 1060)"
"(34, 1960)","(590, 910)"
"(166, 2580)","(860, 640)"
"(295, 2460)","(840, 600)"
"(103, 2380)","(780, 720)"
"(109, 2470)","(800, 690)"
"(142, 1750)","(510, 980)"
"(181, 1680)","(480, 1020)"
"(106, 2220)","(720, 770)"
"(58, 1830)","(530, 960)"
"(58, 1750)","(490, 1010)"
"(313, 2580)","(910, 590)"
"(400, 1970)","(730, 760)"
"(367, 1700)","(560, 930)"
"(325, 2390)","(860, 630)"
"(76, 1770)","(500, 990)"
"(250, 1790)","(570, 920)"
"(334, 1480)","(370, 1130)"
"(106, 1730)","(490, 1010)"
"(151, 2450)","(810, 680)"
"(226, 2090)","(710, 780)"
"(382, 1970)","(730, 770)"
"(4, 2290)","(710, 780)"
"(25, 1830)","(520, 970)"
"(31, 1640)","(410, 1090)"
"(172, 1970)","(640, 860)"
"(157, 1660)","(460, 1040)"
"(124, 2450)","(800, 690)"
"(346, 2260)","(830, 670)"
"(280, 2250)","(800, 700)"
"(106, 1900)","(580, 910)"
"(1, 1400)","(300, 1200)"
"(259, 1550)","(410, 1090)"
"(28, 1980)","(600, 900)"
"(178, 1760)","(530, 970)"
"(349, 1460)","(350, 1150)"
"(163, 1780)","(540, 960)"
"(271, 1800)","(590, 910)"
"(19, 1820)","(510, 970)"
"(28, 1510)","(310, 1170)"
"(337, 1630)","(500, 1000)"
"(277, 2540)","(890, 610)"
"(172, 1680)","(480, 1020)"
"(154, 2360)","(790, 710)"
"(217, 1880)","(610, 880)"
"(169, 2300)","(770, 720)"
"(148, 1880)","(590, 910)"
"(4, 2300)","(720, 780)"
"(214, 1560)","(400, 1100)"
"(43, 2350)","(750, 750)"
"(367, 2110)","(780, 710)"
"(367, 2390)","(870, 610)"
"(25, 1820)","(520, 980)"
"(34, 1400)","(300, 1200)"
"(82, 2040)","(640, 850)"
"(337, 2600)","(920, 580)"
"(52, 1660)","(430, 1070)"
"(334, 2360)","(860, 640)"
"(175, 2130)","(710, 780)"
"(64, 2080)","(650, 840)"
"(109, 2050)","(660, 840)"
"(7, 1870)","(540, 960)"
"(217, 2260)","(780, 720)"
"(16, 2340)","(730, 760)"
"(139, 2100)","(690, 810)"
"(76, 1880)","(560, 930)"
"(340, 2460)","(890, 610)"
"(19, 2300)","(720, 770)"
"(43, 2040)","(630, 870)"
"(214, 2480)","(840, 650)"
"(304, 1820)","(610, 880)"
"(376, 2530)","(930, 570)"
"(391, 2210)","(830, 670)"
"(40, 2260)","(710, 780)"
"(277, 2550)","(890, 610)"
"(82, 1790)","(520, 980)"
"(379, 1830)","(650, 850)"
"(124, 2570)","(840, 660)"
"(349, 2530)","(920, 580)"
"(52, 2580)","(820, 680)"
"(307, 2530)","(900, 600)"
"(187, 1580)","(410, 1090)"
"(376, 1530)","(430, 1070)"
"(196, 2000)","(660, 830)"
"(223, 2300)","(790, 700)"
"(370, 2200)","(820, 680)"
"(97, 2250)","(730, 770)"
"(358, 2070)","(760, 740)"
"(268, 1800)","(580, 900)"
"(214, 1590)","(420, 1060)"
"(70, 2510)","(800, 690)"
"(88, 2480)","(800, 700)"
"(238, 1960)","(660, 840)"
"(232, 2010)","(680, 810)"
"(148, 2320)","(770, 720)"
"(235, 2560)","(850, 600)"
"(172, 2510)","(840, 660)"
"(31, 2090)","(650, 850)"
"(151, 2420)","(800, 690)"
"(322, 1510)","(390, 1110)"
"(52, 1430)","(300, 1200)"
"(244, 2190)","(760, 730)"
"(142, 1880)","(580, 900)"
"(220, 1880)","(610, 880)"
"(289, 2290)","(810, 680)"
"(25, 1960)","(590, 910)"
"(106, 1690)","(460, 1030)"
"(262, 1960)","(670, 830)"
"(199, 1670)","(480, 1020)"
"(301, 2600)","(900, 580)"
"(400, 1870)","(680, 810)"
"(22, 1470)","(300, 1200)"
"(205, 1840)","(580, 900)"
"(298, 2230)","(800, 700)"
"(136, 2170)","(710, 780)"
"(250, 2090)","(720, 770)"
"(118, 1760)","(510, 990)"
"(316, 1930)","(680, 820)"
"(394, 2150)","(810, 690)"
"(277, 2420)","(850, 640)"
"(97, 1620)","(410, 1080)"
"(283, 1820)","(600, 890)"
"(61, 2430)","(780, 720)"
"(229, 2070)","(710, 790)"
"(85, 2470)","(800, 700)"
"(289, 1920)","(660, 840)"
"(103, 1650)","(430, 1050)"
"(364, 2300)","(850, 650)"
"(55, 1650)","(420, 1070)"
"(250, 1460)","(320, 1170)"
"(256, 1570)","(420, 1070)"
"(49, 1420)","(300, 1200)"
"(268, 1810)","(590, 900)"
"(145, 1480)","(310, 1170)"
"(370, 2020)","(740, 750)"
"(370, 2050)","(760, 740)"
"(256, 1500)","(360, 1140)"
"(82, 1770)","(500, 980)"
"(226, 1810)","(570, 910)"
"(193, 2320)","(790, 710)"
"(25, 2460)","(770, 720)"
"(325, 2280)","(830, 670)"
"(7, 1470)","(300, 1200)"
"(355, 2160)","(800, 700)"
"(304, 1720)","(550, 950)"
"(124, 1920)","(600, 900)"
"(28, 1930)","(570, 920)"
"(133, 2380)","(790, 710)"
"(313, 1630)","(490, 1010)"
"(160, 2370)","(790, 700)"
"(13, 2250)","(700, 790)"
"(304, 1430)","(310, 1190)"
"(139, 2040)","(660, 830)"
"(217, 2020)","(680, 820)"
"(277, 1810)","(590, 890)"
"(190, 2480)","(840, 660)"
"(148, 2050)","(670, 830)"
"(340, 1590)","(470, 1030)"
"(235, 1940)","(650, 850)"
"(184, 1430)","(300, 1200)"
"(196, 2590)","(870, 630)"
"(325, 1550)","(430, 1070)"
"(370, 2590)","(930, 560)"
"(169, 1680)","(470, 1010)"
"(136, 2380)","(790, 710)"
"(22, 2320)","(730, 770)"
"(7, 2380)","(740, 750)"
"(127, 2410)","(790, 700)"
"(58, 2330)","(740, 750)"
"(343, 2520)","(890, 580)"
"(136, 2260)","(750, 750)"
"(118, 1970)","(620, 870)"
"(76, 1640)","(420, 1070)"
"(391, 1920)","(700, 790)"
"(355, 1570)","(450, 1030)"
"(322, 1960)","(690, 800)"
"(220, 1810)","(570, 920)"
"(283, 1700)","(530, 970)"
"(331, 2510)","(900, 590)"
"(64, 2040)","(640, 860)"
"(295, 2430)","(840, 620)"
"(379, 1870)","(670, 820)"
"(121, 1680)","(460, 1040)"
"(130, 2450)","(810, 690)"
"(238, 2520)","(850, 620)"
"(241, 2450)","(850, 650)"
"(91, 2000)","(630, 870)"
"(193, 1960)","(640, 850)"
"(217, 1970)","(660, 840)"
"(334, 1670)","(530, 970)"
"(151, 1800)","(540, 950)"
"(16, 1440)","(300, 1200)"
"(103, 1490)","(310, 1180)"
"(88, 2050)","(650, 850)"
"(16, 2520)","(790, 710)"
"(205, 1580)","(410, 1080)"
"(388, 1600)","(490, 1000)"
"(43, 1490)","(300, 1200)"
"(271, 1560)","(420, 1080)"
"(358, 1630)","(500, 980)"
"(388, 1850)","(670, 830)"
"(256, 2100)","(730, 770)"
"(283, 1950)","(670, 820)"
"(97, 2580)","(830, 660)"
"(265, 2050)","(710, 780)"
"(160, 2170)","(720, 770)"
"(109, 2040)","(650, 850)"
"(121, 1510)","(330, 1150)"
"(67, 2160)","(690, 810)"
"(145, 2410)","(800, 700)"
"(313, 1960)","(690, 810)"
"(256, 1720)","(530, 960)"
"(7, 2080)","(620, 840)"
"(346, 1810)","(620, 870)"
"(283, 1800)","(590, 900)"
"(172, 1980)","(650, 850)"
"(253, 1590)","(440, 1060)"
"(265, 2260)","(790, 700)"
"(286, 2290)","(810, 680)"
"(46, 2070)","(640, 850)"
"(370, 2580)","(920, 550)"
"(220, 1720)","(520, 980)"
"(223, 1420)","(300, 1200)"
"(175, 2530)","(840, 650)"
"(346, 2000)","(720, 770)"
"(283, 1580)","(440, 1060)"
"(160, 1820)","(560, 940)"
"(346, 1920)","(680, 810)"
"(73, 2550)","(820, 680)"
"(10, 2060)","(630, 870)"
"(190, 1560)","(390, 1100)"
"(115, 1480)","(310, 1190)"
"(118, 2310)","(760, 740)"
"(160, 2070)","(680, 810)"
"(172, 1830)","(570, 930)"
"(232, 1680)","(490, 990)"
"(382, 1660)","(540, 960)"
"(247, 2260)","(790, 710)"
"(28, 1770)","(490, 1010)"
"(283, 2190)","(780, 720)"
"(268, 1910)","(650, 850)"
"(58, 2150)","(680, 820)"
"(391, 1610)","(500, 990)"
"(373, 2450)","(890, 590)"
"(229, 1400)","(300, 1200)"
"(334, 1970)","(700, 790)"
"(34, 1990)","(600, 890)"
"(262, 1540)","(400, 1100)"
"(139, 2240)","(740, 760)"
"(58, 2580)","(820, 680)"
"(388, 2100)","(790, 710)"
"(109, 1730)","(490, 1010)"
"(187, 1710)","(500, 990)"
"(319, 1790)","(600, 900)"
"(376, 2020)","(750, 750)"
"(274, 2380)","(840, 660)"
"(55, 1570)","(360, 1120)"
"(37, 2490)","(790, 710)"
"(388, 2360)","(870, 610)"
"(400, 1660)","(550, 950)"
"(94, 1430)","(300, 1200)"
"(307, 2490)","(870, 600)"
"(214, 2110)","(720, 780)"
"(202, 2080)","(700, 790)"
"(148, 1640)","(440, 1050)"
"(91, 1400)","(300, 1200)"
"(106, 1410)","(300, 1200)"
"(205, 2110)","(710, 780)"
"(211, 2390)","(820, 680)"
"(373, 2530)","(900, 560)"
"(367, 1550)","(440, 1050)"
"(211, 1400)","(300, 1200)"
"(172, 1520)","(350, 1130)"
"(109, 1570)","(380, 1120)"
"(136, 2220)","(730, 760)"
"(250, 1620)","(460, 1040)"
"(301, 2250)","(810, 690)"
"(223, 1670)","(490, 1010)"
"(22, 2190)","(680, 810)"
"(157, 2340)","(780, 710)"
"(127, 1560)","(380, 1120)"
"(283, 2560)","(860, 580)"
"(244, 2490)","(840, 620)"
"(259, 2140)","(750, 750)"
"(193, 1670)","(480, 1020)"
"(103, 2140)","(690, 810)"
"(70, 2050)","(640, 850)"
"(295, 1980)","(690, 800)"
"(121, 1610)","(410, 1080)"
"(124, 2500)","(820, 680)"
"(121, 2510)","(820, 680)"
"(247, 1800)","(580, 920)"
"(175, 1920)","(620, 880)"
"(349, 1600)","(480, 1020)"
"(304, 1840)","(620, 870)"
"(298, 1770)","(580, 920)"
"(43, 2590)","(820, 680)"
"(391, 1450)","(350, 1140)"
"(310, 1490)","(370, 1130)"
"(337, 2550)","(910, 590)"
"(166, 2380)","(800, 700)"
"(379, 1810)","(640, 860)"
"(325, 2020)","(720, 770)"
"(367, 1480)","(380, 1120)"
"(49, 2430)","(770, 720)"
"(28, 2240)","(700, 790)"
"(322, 1640)","(500, 1000)"
"(169, 2460)","(820, 670)"
"(259, 2390)","(840, 660)"
"(22, 1420)","(300, 1200)"
"(88, 2060)","(650, 840)"
"(238, 1740)","(540, 960)"
"(238, 2030)","(690, 800)"
"(16, 1610)","(380, 1100)"
"(103, 2360)","(770, 730)"
"(121, 2320)","(760, 730)"
"(229, 2220)","(770, 730)"
"(262, 1530)","(390, 1110)"
"(265, 2240)","(790, 710)"
"(19, 1450)","(300, 1200)"
"(16, 1900)","(550, 930)"
"(274, 2000)","(690, 800)"
"(304, 2170)","(780, 720)"
"(58, 2160)","(680, 810)"
"(346, 1490)","(380, 1120)"
"(64, 1530)","(340, 1160)"
"(208, 1610)","(440, 1060)"
"(28, 2150)","(670, 830)"
"(52, 2490)","(790, 700)"
"(232, 2360)","(820, 680)"
"(1, 1540)","(330, 1170)"
"(235, 2440)","(840, 650)"
"(235, 1870)","(610, 880)"
"(265, 2010)","(690, 800)"
"(292, 1560)","(420, 1060)"
"(79, 2230)","(720, 780)"
"(202, 1970)","(650, 840)"
"(13, 2020)","(610, 880)"
"(64, 2480)","(790, 700)"
"(172, 2180)","(730, 770)"
"(142, 1940)","(610, 870)"
"(250, 2290)","(800, 700)"
"(286, 2170)","(770, 730)"
"(205, 2560)","(860, 630)"
"(373, 1910)","(690, 800)"
"(262, 2150)","(750, 740)"
"(202, 1570)","(400, 1080)"
"(55, 2330)","(740, 750)"
"(91, 2480)","(800, 690)"
"(25, 1840)","(530, 970)"
"(343, 2560)","(900, 570)"
"(151, 2290)","(760, 730)"
"(268, 2130)","(750, 750)"
"(208, 1570)","(410, 1090)"
"(370, 2260)","(840, 660)"
"(67, 1800)","(520, 980)"
"(25, 1860)","(540, 960)"
"(316, 1870)","(650, 850)"
"(319, 1600)","(470, 1030)"
"(97, 2340)","(760, 740)"
"(262, 2060)","(720, 780)"
"(103, 1580)","(380, 1100)"
"(253, 2140)","(750, 750)"
"(259, 1420)","(300, 1200)"
"(73, 2430)","(780, 720)"
"(259, 2160)","(760, 740)"
"(181, 1430)","(300, 1200)"
"(223, 2240)","(770, 720)"
"(286, 2490)","(870, 620)"
"(115, 2370)","(780, 720)"
"(220, 1460)","(310, 1170)"
"(79, 2190)","(700, 790)"
"(310, 2050)","(730, 770)"
"(307, 1650)","(500, 990)"
"(400, 2230)","(840, 650)"
"(52, 1460)","(300, 1200)"
"(364, 1500)","(390, 1090)"
"(208, 1910)","(620, 870)"
"(52, 2030)","(630, 870)"
"(295, 2560)","(870, 580)"
"(121, 2500)","(820, 680)"
"(7, 1730)","(460, 1040)"
"(361, 1970)","(720, 780)"
"(223, 1510)","(360, 1140)"
"(55, 1810)","(520, 980)"
"(298, 2040)","(720, 770)"
"(193, 1470)","(320, 1180)"
"(343, 2380)","(870, 630)"
"(196, 2070)","(690, 800)"
"(10, 2180)","(680, 820)"
"(226, 1500)","(350, 1140)"
"(40, 1790)","(500, 980)"
"(328, 1660)","(520, 980)"
"(232, 1870)","(610, 880)"
"(22, 2380)","(750, 750)"
"(205, 1860)","(600, 900)"
"(7, 1880)","(540, 950)"
"(385, 2150)","(810, 690)"
"(67, 2600)","(830, 670)"
"(256, 1850)","(610, 890)"
"(133, 1890)","(590, 910)"
"(70, 2540)","(810, 680)"
"(82, 2080)","(660, 840)"
"(259, 1650)","(480, 1010)"
"(292, 2590)","(910, 590)"
"(178, 2280)","(770, 730)"
"(253, 1680)","(500, 990)"
"(157, 1970)","(640, 860)"
"(319, 1670)","(520, 980)"
"(373, 1610)","(500, 1000)"
"(136, 1690)","(470, 1020)"
"(148, 1470)","(300, 1170)"
"(229, 1670)","(490, 1010)"
"(349, 2480)","(870, 580)"
"(10, 1950)","(580, 920)"
"(328, 2420)","(870, 620)"
"(115, 2420)","(790, 700)"
"(259, 1520)","(380, 1120)"
"(394, 1460)","(360, 1120)"
"(52, 2050)","(640, 860)"
"(10, 1650)","(410, 1090)"
"(304, 2550)","(900, 600)"
"(286, 2030)","(710, 780)"
"(262, 2400)","(840, 660)"
"(400, 1790)","(640, 860)"
"(85, 1830)","(540, 960)"
"(328, 2580)","(890, 560)"
"(121, 1570)","(380, 1110)"
"(166, 1560)","(390, 1110)"
"(256, 1810)","(590, 910)"
"(352, 1570)","(450, 1030)"
"(55, 2480)","(790, 710)"
"(193, 2530)","(850, 640)"
"(385, 2580)","(930, 550)"
"(121, 2600)","(830, 640)"
"(37, 2340)","(740, 760)"
"(262, 1790)","(580, 920)"
"(223, 2410)","(820, 660)"
"(100, 1570)","(380, 1120)"
"(343, 2430)","(880, 610)"
"(214, 2040)","(690, 810)"
"(106, 2190)","(710, 790)"
"(4, 2350)","(730, 760)"
"(226, 2330)","(800, 690)"
"(298, 2490)","(870, 610)"
"(151, 2340)","(780, 720)"
"(232, 2510)","(850, 630)"
"(301, 2160)","(770, 720)"
"(142, 2240)","(740, 750)"
"(7, 2370)","(740, 760)"
"(376, 2410)","(880, 600)"
"(76, 1980)","(610, 880)"
"(280, 1600)","(450, 1040)"
"(220, 1580)","(420, 1080)"
"(223, 1560)","(400, 1090)"
"(193, 2370)","(800, 690)"
"(289, 2010)","(700, 790)"
"(379, 1600)","(490, 1010)"
"(205, 1550)","(390, 1110)"
"(154, 2510)","(830, 660)"
"(166, 1860)","(580, 910)"
"(31, 1470)","(300, 1200)"
"(307, 2330)","(840, 660)"
"(82, 1590)","(390, 1110)"
"(319, 2450)","(880, 620)"
"(316, 1990)","(710, 790)"
"(358, 2380)","(860, 610)"
"(226, 2050)","(700, 800)"
"(166, 1960)","(630, 860)"
"(49, 1840)","(530, 950)"
"(253, 2170)","(760, 740)"
"(295, 2000)","(700, 790)"
"(217, 1430)","(300, 1200)"
"(271, 2230)","(790, 710)"
"(22, 2010)","(610, 890)"
"(295, 2080)","(740, 760)"
"(214, 1430)","(300, 1200)"
"(88, 2290)","(740, 760)"
"(235, 1930)","(640, 850)"
"(235, 2600)","(870, 600)"
"(355, 1580)","(460, 1020)"
"(316, 2020)","(720, 780)"
"(157, 2100)","(690, 800)"
"(43, 1440)","(300, 1200)"
"(397, 2440)","(880, 570)"
"(25, 2120)","(660, 840)"
"(286, 1440)","(310, 1180)"
"(331, 1670)","(520, 960)"
"(361, 1580)","(470, 1030)"
"(55, 2000)","(610, 870)"
"(181, 2290)","(770, 720)"
"(214, 2020)","(680, 820)"
"(397, 2290)","(850, 620)"
"(388, 2060)","(770, 730)"
"(310, 2410)","(860, 630)"
"(76, 1400)","(300, 1200)"
"(133, 1490)","(320, 1180)"
"(28, 2550)","(800, 700)"
"(154, 1770)","(530, 970)"
"(4, 1490)","(300, 1200)"
"(163, 2230)","(750, 750)"
"(190, 1470)","(320, 1180)"
"(376, 1670)","(540, 950)"
"(364, 1730)","(580, 920)"
"(286, 1520)","(390, 1110)"
"(46, 1620)","(400, 1100)"
"(238, 2430)","(820, 640)"
"(355, 1900)","(680, 820)"
"(40, 1810)","(510, 970)"
"(253, 1730)","(540, 960)"
"(82, 1960)","(600, 880)"
"(40, 2060)","(640, 860)"
"(13, 2220)","(690, 800)"
"(94, 1490)","(310, 1180)"
"(163, 1660)","(460, 1040)"
"(244, 1970)","(670, 830)"
"(118, 2500)","(820, 680)"
"(268, 2580)","(870, 590)"
"(370, 2290)","(850, 650)"
"(85, 2370)","(770, 730)"
"(349, 2430)","(880, 610)"
"(388, 1900)","(690, 800)"
"(4, 2160)","(670, 830)"
"(16, 1680)","(430, 1060)"
"(313, 1410)","(300, 1200)"
"(319, 1620)","(480, 1010)"
"(382, 1850)","(660, 830)"
"(121, 1410)","(300, 1200)"
"(250, 1720)","(530, 970)"
"(121, 2260)","(740, 750)"
"(178, 2530)","(850, 650)"
"(25, 2290)","(720, 780)"
"(298, 2260)","(810, 690)"
"(4, 1550)","(340, 1160)"
"(151, 1770)","(530, 970)"
"(388, 1670)","(550, 950)"
"(100, 2350)","(760, 730)"
"(16, 1860)","(530, 950)"
"(292, 2150)","(760, 730)"
"(136, 2240)","(740, 760)"
"(94, 1470)","(300, 1200)"
"(16, 2290)","(720, 780)"
"(265, 2580)","(870, 590)"
"(373, 1830)","(650, 850)"
"(361, 1520)","(410, 1080)"
"(367, 1770)","(610, 890)"
"(376, 2340)","(860, 620)"
"(25, 1550)","(340, 1140)"
"(118, 1530)","(350, 1150)"
"(232, 1750)","(540, 950)"
"(115, 1430)","(300, 1200)"
"(313, 1900)","(660, 840)"
"(97, 1630)","(420, 1080)"
"(262, 1470)","(330, 1150)"
"(112, 1790)","(520, 960)"
"(265, 2560)","(890, 610)"
"(52, 1710)","(460, 1040)"
"(286, 1480)","(350, 1150)"
"(163, 2410)","(810, 690)"
"(292, 2040)","(720, 780)"
"(151, 2110)","(690, 800)"
"(160, 1620)","(430, 1070)"
"(373, 2100)","(780, 720)"
"(208, 1720)","(510, 970)"
"(1, 2010)","(600, 890)"
"(157, 1700)","(480, 1000)"
"(175, 2540)","(850, 650)"
"(148, 2580)","(850, 650)"
"(349, 1610)","(490, 1010)"
"(166, 1410)","(300, 1200)"
"(313, 1460)","(340, 1160)"
"(40, 1900)","(560, 930)"
"(325, 1820)","(620, 880)"
"(70, 2180)","(690, 800)"
"(337, 2580)","(910, 570)"
"(244, 1460)","(320, 1180)"
"(385, 2440)","(900, 590)"
"(73, 2370)","(760, 730)"
"(259, 1820)","(590, 900)"
"(121, 1760)","(510, 980)"
"(25, 1460)","(300, 1200)"
"(379, 2070)","(770, 730)"
"(205, 1620)","(440, 1040)"
"(274, 1500)","(370, 1130)"
"(295, 1560)","(430, 1070)"
"(370, 2030)","(750, 750)"
"(361, 1890)","(680, 820)"
"(196, 2090)","(700, 790)"
"(394, 1610)","(500, 980)"
"(190, 2410)","(820, 680)"
"(247, 1510)","(370, 1130)"
"(394, 2220)","(840, 660)"
"(112, 1590)","(390, 1090)"
"(247, 1870)","(620, 880)"
"(307, 2560)","(900, 590)"
"(283, 1690)","(520, 970)"
"(385, 2340)","(860, 620)"
"(34, 2500)","(790, 710)"
"(187, 1700)","(490, 990)"
"(376, 2130)","(790, 700)"
"(91, 1740)","(490, 1010)"
"(1, 1570)","(350, 1140)"
"(199, 1430)","(300, 1200)"
"(154, 2320)","(770, 720)"
"(370, 1660)","(530, 960)"
"(82, 1830)","(540, 960)"
"(343, 2330)","(840, 640)"
"(349, 1670)","(530, 960)"
"(250, 2590)","(880, 600)"
"(295, 2020)","(710, 780)"
"(193, 1410)","(300, 1200)"
"(163, 1690)","(480, 1020)"
"(211, 1660)","(470, 1010)"
"(370, 1620)","(500, 990)"
"(250, 2240)","(780, 710)"
"(244, 2560)","(880, 620)"
"(34, 1890)","(550, 930)"
"(391, 1890)","(690, 810)"
"(118, 2590)","(840, 650)"
"(58, 2200)","(700, 800)"
"(94, 1580)","(380, 1110)"
"(4, 1820)","(510, 990)"
"(193, 2540)","(850, 640)"
"(337, 2410)","(860, 610)"
"(28, 2580)","(810, 690)"
"(187, 1440)","(300, 1200)"
"(361, 2000)","(730, 770)"
"(349, 1560)","(440, 1040)"
"(337, 2100)","(760, 730)"
"(16, 2580)","(800, 690)"
"(46, 2170)","(680, 810)"
"(319, 1830)","(620, 870)"
"(139, 1870)","(580, 920)"
"(274, 2460)","(860, 630)"
"(118, 2040)","(650, 840)"
"(274, 2560)","(880, 600)"
"(355, 2170)","(800, 700)"
"(349, 2120)","(780, 720)"
"(67, 2080)","(650, 840)"
"(397, 2090)","(790, 710)"
"(172, 1630)","(440, 1050)"
"(250, 1910)","(640, 860)"
"(361, 2520)","(910, 580)"
"(325, 1810)","(610, 880)"
"(46, 2400)","(760, 730)"
"(106, 2130)","(690, 810)"
"(13, 2070)","(630, 860)"
"(115, 2440)","(800, 700)"
"(355, 1760)","(600, 900)"
"(157, 1980)","(640, 860)"
"(388, 1510)","(410, 1080)"
"(223, 1540)","(390, 1110)"
"(88, 2160)","(690, 800)"
"(127, 2220)","(730, 770)"
"(16, 1500)","(300, 1190)"
"(238, 2400)","(830, 670)"
"(58, 1460)","(300, 1200)"
"(154, 2020)","(660, 840)"
"(163, 1520)","(350, 1140)"
"(58, 1710)","(460, 1030)"
"(217, 2110)","(720, 780)"
"(40, 1930)","(580, 920)"
"(361, 1450)","(340, 1140)"
"(388, 2420)","(870, 580)"
"(397, 1990)","(740, 750)"
"(112, 2600)","(810, 630)"
"(151, 1490)","(320, 1160)"
"(34, 1860)","(540, 960)"
"(184, 1790)","(550, 950)"
"(139, 1930)","(610, 890)"
"(124, 2280)","(750, 750)"
"(25, 1450)","(300, 1200)"
"(19, 2090)","(640, 850)"
"(373, 2600)","(920, 540)"
"(178, 2010)","(660, 830)"
"(220, 2390)","(820, 680)"
"(85, 1950)","(600, 890)"
"(325, 2330)","(830, 640)"
"(211, 2280)","(780, 710)"
"(73, 2230)","(710, 780)"
"(133, 1400)","(300, 1200)"
"(265, 1710)","(530, 970)"
"(343, 2340)","(850, 640)"
"(271, 1630)","(470, 1020)"
"(241, 1440)","(300, 1200)"
"(274, 1540)","(400, 1090)"
"(343, 1900)","(670, 820)"
"(205, 1690)","(490, 1000)"
"(97, 1920)","(590, 900)"
"(52, 1780)","(500, 990)"
"(253, 1490)","(350, 1150)"
"(340, 1650)","(510, 980)"
"(349, 2140)","(790, 710)"
"(40, 2600)","(820, 680)"
"(13, 1560)","(350, 1150)"
"(22, 1720)","(460, 1040)"
"(220, 1870)","(610, 890)"
"(157, 1430)","(300, 1200)"
"(331, 2300)","(840, 660)"
"(325, 2090)","(750, 740)"
"(109, 1670)","(450, 1050)"
"(34, 2310)","(730, 770)"
"(109, 1760)","(510, 990)"
"(268, 1900)","(640, 850)"
"(367, 2120)","(790, 710)"
"(400, 2560)","(900, 530)"
"(148, 2600)","(860, 640)"
"(292, 2330)","(830, 670)"
"(28, 1420)","(300, 1200)"
"(334, 2020)","(730, 770)"
"(70, 1670)","(440, 1060)"
"(73, 2150)","(680, 810)"
"(70, 2130)","(680, 820)"
"(373, 1700)","(560, 930)"
"(265, 1920)","(650, 850)"
"(100, 2590)","(830, 660)"
"(31, 2300)","(730, 770)"
"(13, 1730)","(460, 1030)"
"(31, 1690)","(440, 1050)"
"(37, 2230)","(700, 790)"
"(262, 1910)","(640, 850)"
"(367, 2320)","(850, 640)"
"(91, 1720)","(480, 1020)"
"(187, 1720)","(510, 990)"
"(169, 1550)","(380, 1120)"
"(58, 1760)","(490, 1000)"
"(85, 1690)","(460, 1040)"
"(4, 1720)","(450, 1040)"
"(31, 1630)","(400, 1090)"
"(235, 2150)","(740, 750)"
"(226, 1620)","(450, 1050)"
"(163, 2220)","(740, 750)"
"(82, 2180)","(700, 800)"
"(340, 1710)","(560, 940)"
"(202, 2510)","(850, 650)"
"(58, 1950)","(590, 900)"
"(241, 2570)","(860, 600)"
"(145, 2390)","(790, 700)"
"(325, 2250)","(820, 680)"
"(133, 2430)","(800, 690)"
"(118, 1510)","(330, 1150)"
"(250, 1800)","(580, 920)"
"(76, 2370)","(760, 730)"
"(88, 2200)","(710, 790)"
"(355, 1530)","(420, 1080)"
"(61, 2590)","(820, 670)"
"(43, 1780)","(500, 1000)"
"(340, 1920)","(680, 810)"
"(325, 1740)","(570, 930)"
"(178, 2560)","(850, 640)"
"(364, 1670)","(540, 960)"
"(79, 1860)","(550, 940)"
"(256, 1770)","(560, 930)"
"(274, 1640)","(480, 1010)"
"(73, 2330)","(750, 750)"
"(106, 2480)","(810, 690)"
"(385, 2420)","(850, 570)"
"(49, 1700)","(450, 1040)"
"(283, 1850)","(620, 880)"
"(361, 2230)","(820, 670)"
"(331, 2220)","(810, 690)"
"(373, 2290)","(850, 650)"
"(280, 1620)","(470, 1030)"
"(40, 1540)","(340, 1160)"
"(97, 2430)","(790, 710)"
"(31, 2060)","(630, 860)"
"(13, 1780)","(490, 1000)"
"(244, 2450)","(850, 650)"
"(277, 1870)","(630, 870)"
"(190, 1960)","(640, 850)"
"(85, 2130)","(680, 820)"
"(169, 1630)","(440, 1060)"
"(145, 1450)","(300, 1200)"
"(133, 1430)","(300, 1200)"
"(178, 1940)","(630, 870)"
"(232, 2330)","(810, 690)"
"(184, 2400)","(810, 690)"
"(382, 1840)","(660, 840)"
"(178, 1600)","(420, 1070)"
"(85, 1560)","(360, 1120)"
"(106, 1610)","(410, 1090)"
"(100, 1990)","(620, 860)"
"(46, 1650)","(420, 1080)"
"(244, 1710)","(520, 980)"
"(172, 1610)","(430, 1070)"
"(244, 1770)","(560, 940)"
"(130, 2000)","(640, 860)"
"(298, 2580)","(870, 570)"
"(103, 2570)","(830, 670)"
"(214, 1740)","(530, 970)"
"(4, 1960)","(580, 910)"
"(37, 2190)","(690, 810)"
"(40, 1730)","(470, 1030)"
"(64, 2590)","(820, 670)"
"(79, 1600)","(390, 1090)"
"(16, 1510)","(310, 1190)"
"(37, 1720)","(460, 1030)"
"(358, 1760)","(600, 900)"
"(283, 2330)","(830, 670)"
"(76, 1500)","(310, 1160)"
"(76, 2320)","(750, 750)"
"(256, 1440)","(300, 1180)"
"(277, 1610)","(460, 1040)"
"(355, 2070)","(760, 740)"
"(334, 2050)","(740, 750)"
"(190, 2140)","(720, 770)"
"(58, 1910)","(570, 920)"
"(319, 2160)","(780, 720)"
"(100, 2160)","(700, 800)"
"(328, 1960)","(700, 800)"
"(289, 1950)","(680, 820)"
"(346, 2100)","(770, 730)"
"(124, 1680)","(460, 1030)"
"(160, 2400)","(800, 690)"
"(310, 2330)","(840, 660)"
"(115, 2200)","(720, 780)"
"(4, 1880)","(540, 950)"
"(376, 1610)","(500, 1000)"
"(169, 1940)","(630, 870)"
"(298, 1520)","(390, 1100)"
"(82, 2000)","(620, 870)"
"(46, 2270)","(720, 780)"
"(31, 2390)","(750, 740)"
"(349, 2030)","(740, 760)"
"(145, 1410)","(300, 1200)"
"(364, 2580)","(880, 530)"
"(274, 1800)","(590, 910)"
"(259, 1780)","(570, 930)"
"(265, 1750)","(550, 940)"
"(376, 1950)","(710, 780)"
"(307, 1700)","(540, 960)"
"(103, 1690)","(460, 1030)"
"(391, 2120)","(800, 700)"
"(64, 2430)","(780, 720)"
"(136, 1450)","(300, 1200)"
"(133, 2230)","(730, 760)"
"(37, 2260)","(710, 780)"
"(178, 2350)","(790, 700)"
"(58, 1670)","(440, 1060)"
"(46, 1790)","(500, 980)"
"(199, 2390)","(810, 680)"
"(127, 1710)","(480, 1010)"
"(361, 2040)","(750, 750)"
"(340, 2330)","(850, 650)"
"(286, 1870)","(630, 860)"
"(325, 1720)","(560, 940)"
"(112, 2440)","(800, 700)"
"(55, 1800)","(510, 970)"
"(94, 1710)","(470, 1020)"
"(277, 2600)","(890, 590)"
"(397, 1480)","(390, 1110)"
"(241, 1480)","(340, 1160)"
"(298, 2350)","(840, 660)"
"(289, 2150)","(760, 730)"
"(268, 1840)","(610, 890)"
"(7, 2310)","(720, 770)"
"(67, 2100)","(660, 830)"
"(58, 1920)","(580, 920)"
"(310, 2500)","(860, 590)"
"(175, 1470)","(310, 1180)"
"(370, 1590)","(480, 1020)"
"(295, 1630)","(480, 1010)"
"(16, 2270)","(710, 790)"
"(40, 1770)","(490, 1000)"
"(214, 2000)","(670, 830)"
"(46, 2340)","(740, 750)"
"(82, 2210)","(710, 790)"
"(109, 1900)","(580, 910)"
"(358, 2120)","(780, 710)"
"(190, 1590)","(420, 1080)"
"(16, 2050)","(620, 860)"
"(349, 1440)","(330, 1170)"
"(364, 2060)","(760, 740)"
"(136, 2130)","(700, 800)"
"(58, 1470)","(300, 1200)"
"(352, 2360)","(860, 630)"
"(34, 1820)","(520, 980)"
"(178, 1730)","(510, 980)"
"(157, 1740)","(510, 990)"
"(193, 1780)","(550, 950)"
"(211, 2030)","(680, 810)"
"(82, 2100)","(670, 830)"
"(70, 2390)","(770, 730)"
"(79, 2060)","(650, 850)"
"(247, 1520)","(380, 1120)"
"(268, 2230)","(790, 710)"
"(238, 1850)","(600, 890)"
"(391, 1800)","(640, 860)"
"(307, 1800)","(600, 890)"
"(187, 1950)","(640, 860)"
"(358, 1510)","(400, 1090)"
"(82, 1660)","(440, 1060)"
"(283, 2320)","(820, 670)"
"(73, 1870)","(560, 940)"
"(34, 1970)","(590, 890)"
"(148, 2590)","(850, 640)"
"(97, 1940)","(600, 900)"
"(169, 1910)","(610, 890)"
"(202, 1700)","(500, 1000)"
"(256, 1650)","(480, 1010)"
"(262, 2600)","(900, 600)"
"(28, 2140)","(670, 830)"
"(157, 2110)","(700, 800)"
"(334, 2450)","(880, 610)"
"(262, 1740)","(550, 950)"
"(334, 1820)","(620, 870)"
"(172, 1850)","(580, 920)"
"(85, 1580)","(380, 1120)"
"(367, 1920)","(690, 800)"
"(391, 2380)","(890, 610)"
"(307, 1880)","(650, 850)"
"(397, 1420)","(320, 1170)"
"(295, 1780)","(580, 910)"
"(37, 1490)","(300, 1200)"
"(328, 2320)","(840, 650)"
"(139, 1780)","(530, 970)"
"(361, 1960)","(710, 780)"
"(226, 1530)","(380, 1120)"
"(247, 2020)","(690, 800)"
"(127, 1500)","(330, 1170)"
"(52, 1770)","(500, 1000)"
"(292, 1510)","(380, 1120)"
"(256, 2250)","(790, 710)"
"(79, 2600)","(820, 660)"
"(148, 2000)","(650, 850)"
"(355, 1970)","(710, 780)"
"(385, 2310)","(850, 630)"
"(4, 2540)","(790, 710)"
"(268, 1640)","(480, 1020)"
"(283, 2070)","(730, 770)"
"(268, 1570)","(420, 1060)"
"(82, 1450)","(300, 1200)"
"(391, 2570)","(930, 550)"
"(223, 1710)","(510, 980)"
"(109, 2430)","(790, 700)"
"(136, 1620)","(420, 1070)"
"(253, 1630)","(470, 1030)"
"(400, 2270)","(850, 640)"
"(295, 2190)","(780, 710)"
"(373, 2250)","(840, 660)"
"(220, 1700)","(500, 980)"
"(157, 2480)","(820, 670)"
"(10, 1830)","(520, 980)"
"(289, 2490)","(850, 600)"
"(31, 1660)","(420, 1070)"
"(130, 2210)","(730, 770)"
"(358, 2060)","(760, 740)"
"(73, 1610)","(400, 1100)"
"(130, 1720)","(490, 1010)"
"(22, 1710)","(450, 1040)"
"(331, 2460)","(870, 600)"
"(13, 2380)","(750, 750)"
"(49, 1950)","(590, 910)"
"(373, 1560)","(450, 1040)"
"(142, 2000)","(640, 850)"
"(244, 1600)","(440, 1050)"
"(298, 2380)","(850, 650)"
"(1, 1910)","(550, 930)"
"(373, 1620)","(500, 990)"
"(235, 2100)","(720, 770)"
"(277, 1780)","(580, 920)"
"(355, 1730)","(580, 920)"
"(370, 1750)","(600, 900)"
"(76, 1550)","(350, 1130)"
"(253, 1750)","(550, 950)"
"(109, 1890)","(580, 920)"
"(247, 1680)","(500, 990)"
"(319, 2570)","(910, 590)"
"(7, 2230)","(690, 800)"
"(238, 1770)","(560, 940)"
"(142, 2180)","(720, 780)"
"(223, 2090)","(710, 780)"
"(379, 2030)","(750, 740)"
"(376, 2560)","(920, 560)"
"(148, 2360)","(780, 710)"
"(169, 2290)","(770, 730)"
"(94, 2600)","(840, 660)"
"(253, 2260)","(790, 710)"
"(262, 2290)","(800, 690)"
"(223, 1450)","(300, 1180)"
"(259, 2070)","(720, 780)"
"(61, 1970)","(600, 890)"
"(325, 1640)","(500, 1000)"
"(286, 2140)","(760, 740)"
"(154, 1440)","(300, 1200)"
"(235, 2160)","(750, 750)"
"(175, 2480)","(830, 670)"
"(229, 2200)","(760, 740)"
"(253, 2450)","(830, 630)"
"(316, 1540)","(420, 1080)"
"(304, 2430)","(870, 630)"
"(193, 1990)","(660, 840)"
"(187, 1830)","(570, 920)"
"(292, 2190)","(780, 720)"
"(349, 2210)","(810, 680)"
"(250, 2580)","(880, 610)"
"(157, 2160)","(720, 780)"
"(175, 2370)","(800, 700)"
"(148, 2190)","(730, 770)"
"(166, 2260)","(760, 740)"
"(292, 2180)","(780, 720)"
"(7, 1590)","(370, 1130)"
"(88, 2340)","(760, 740)"
"(316, 2450)","(820, 590)"
"(145, 1660)","(450, 1030)"
"(160, 1880)","(590, 900)"
"(142, 2360)","(780, 710)"
"(187, 1450)","(300, 1200)"
"(148, 1800)","(540, 950)"
"(256, 2180)","(760, 730)"
"(52, 1790)","(510, 990)"
"(235, 1710)","(520, 980)"
"(73, 2530)","(810, 690)"
"(94, 2140)","(690, 810)"
"(10, 2590)","(810, 690)"
"(214, 1620)","(450, 1050)"
"(25, 2520)","(790, 700)"
"(214, 2560)","(870, 630)"
"(154, 1590)","(410, 1090)"
"(307, 2470)","(850, 600)"
"(280, 1880)","(640, 860)"
"(196, 2200)","(750, 750)"
"(331, 2090)","(760, 740)"
"(169, 1880)","(590, 900)"
"(232, 1920)","(640, 860)"
"(13, 2000)","(600, 890)"
"(298, 1830)","(620, 880)"
"(262, 2030)","(700, 790)"
"(40, 1840)","(530, 960)"
"(211, 1700)","(500, 990)"
"(220, 1500)","(350, 1150)"
"(208, 2450)","(830, 660)"
"(295, 2470)","(870, 620)"
"(25, 2080)","(640, 860)"
"(295, 2070)","(730, 760)"
"(199, 1950)","(640, 860)"
"(7, 2050)","(620, 870)"
"(76, 1780)","(510, 990)"
"(394, 2470)","(900, 570)"
"(247, 2010)","(690, 810)"
"(331, 2440)","(870, 610)"
"(313, 2140)","(770, 730)"
"(121, 2480)","(810, 680)"
"(67, 1760)","(490, 990)"
"(274, 1420)","(300, 1200)"
"(229, 2390)","(820, 670)"
"(82, 2280)","(730, 760)"
"(367, 2270)","(840, 650)"
"(199, 1930)","(630, 860)"
"(307, 2210)","(790, 700)"
"(25, 1890)","(550, 940)"
"(133, 1620)","(420, 1070)"
"(1, 2180)","(670, 820)"
"(100, 1670)","(450, 1050)"
"(352, 2400)","(860, 610)"
"(298, 1440)","(310, 1170)"
"(112, 2260)","(740, 760)"
"(166, 1990)","(650, 850)"
"(286, 1590)","(450, 1050)"
"(316, 1480)","(360, 1140)"
"(325, 2530)","(900, 590)"
"(73, 2060)","(650, 850)"
"(208, 1760)","(540, 960)"
"(181, 1710)","(500, 1000)"
"(178, 2400)","(810, 690)"
"(313, 1880)","(650, 850)"
"(385, 1670)","(550, 950)"
"(43, 2560)","(810, 690)"
"(55, 1680)","(440, 1050)"
"(364, 2280)","(830, 640)"
"(301, 2280)","(820, 680)"
"(385, 1960)","(720, 770)"
"(25, 2270)","(710, 780)"
"(385, 2290)","(850, 640)"
"(100, 1610)","(410, 1090)"
"(163, 2040)","(670, 830)"
"(388, 1760)","(610, 890)"
"(100, 1660)","(440, 1050)"
"(373, 1710)","(570, 930)"
"(268, 2100)","(730, 760)"
"(211, 1750)","(530, 950)"
"(307, 2170)","(780, 720)"
"(352, 2120)","(780, 720)"
"(211, 2090)","(710, 790)"
"(127, 1760)","(510, 980)"
"(145, 1490)","(320, 1170)"
"(43, 1770)","(490, 1000)"
"(316, 2480)","(890, 610)"
"(220, 1910)","(630, 870)"
"(76, 1970)","(610, 890)"
"(301, 1930)","(670, 830)"
"(13, 2590)","(810, 690)"
"(319, 1950)","(690, 810)"
"(370, 1790)","(620, 870)"
"(355, 1600)","(480, 1020)"
"(337, 2210)","(810, 690)"
"(289, 1860)","(630, 870)"
"(106, 2000)","(630, 860)"
"(331, 2550)","(900, 580)"
"(379, 2390)","(870, 600)"
"(166, 1450)","(300, 1200)"
"(7, 2000)","(600, 900)"
"(55, 2100)","(660, 840)"
"(127, 2370)","(780, 720)"
"(322, 1860)","(640, 850)"
"(175, 2490)","(830, 660)"
"(232, 1940)","(650, 850)"
"(268, 2330)","(820, 680)"
"(169, 2430)","(810, 680)"
"(52, 2400)","(760, 730)"
"(46, 2350)","(750, 750)"
"(232, 1810)","(580, 920)"
"(226, 2320)","(790, 690)"
"(337, 1520)","(400, 1080)"
"(55, 2070)","(650, 850)"
"(211, 1570)","(410, 1090)"
"(322, 2450)","(880, 620)"
"(49, 1640)","(410, 1070)"
"(259, 2470)","(850, 630)"
"(223, 1400)","(300, 1200)"
"(241, 2260)","(790, 710)"
"(232, 2030)","(690, 810)"
"(328, 2090)","(760, 740)"
"(238, 2110)","(730, 770)"
"(16, 1980)","(590, 900)"
"(340, 2250)","(820, 670)"
"(67, 2300)","(740, 760)"
"(358, 1880)","(670, 830)"
"(247, 2180)","(760, 740)"
"(202, 2530)","(850, 640)"
"(286, 2450)","(860, 630)"
"(283, 1880)","(640, 860)"
"(304, 2290)","(820, 670)"
"(238, 2190)","(760, 740)"
"(13, 2150)","(660, 830)"
"(208, 2240)","(770, 730)"
"(172, 2040)","(670, 820)"
"(181, 1780)","(540, 950)"
"(337, 2230)","(810, 680)"
"(244, 1400)","(300, 1200)"
"(247, 1600)","(440, 1050)"
"(70, 1850)","(540, 940)"
"(106, 1980)","(620, 870)"
"(31, 1810)","(510, 980)"
"(91, 1920)","(590, 910)"
"(286, 1840)","(620, 880)"
"(250, 2080)","(720, 780)"
"(196, 1470)","(320, 1180)"
"(67, 2060)","(650, 850)"
"(145, 1510)","(340, 1160)"
"(241, 1770)","(560, 940)"
"(76, 2200)","(700, 790)"
"(121, 2070)","(670, 830)"
"(253, 2130)","(740, 750)"
"(112, 1760)","(510, 990)"
"(283, 1560)","(420, 1070)"
"(313, 1870)","(640, 850)"
"(142, 1480)","(310, 1170)"
"(265, 1590)","(440, 1060)"
"(25, 1920)","(570, 930)"
"(241, 2050)","(700, 790)"
"(157, 1990)","(640, 850)"
"(301, 1860)","(630, 860)"
"(304, 1630)","(480, 1000)"
"(340, 1690)","(540, 950)"
"(40, 1940)","(580, 910)"
"(28, 1990)","(600, 890)"
"(112, 1960)","(610, 870)"
"(118, 1620)","(420, 1080)"
"(67, 2220)","(710, 790)"
"(10, 1580)","(360, 1130)"
"(346, 1630)","(500, 990)"
"(97, 1830)","(540, 950)"
"(49, 2370)","(750, 740)"
"(40, 2330)","(740, 760)"
"(130, 1960)","(620, 870)"
"(277, 2210)","(780, 710)"
"(307, 2030)","(720, 780)"
"(220, 1860)","(600, 890)"
"(328, 2480)","(870, 590)"
"(271, 2460)","(840, 620)"
"(85, 1880)","(570, 930)"
"(223, 1700)","(510, 990)"
"(247, 2040)","(700, 800)"
"(79, 1660)","(430, 1050)"
"(400, 2390)","(860, 580)"
"(154, 2010)","(650, 840)"
"(10, 1800)","(500, 990)"
"(388, 2410)","(900, 600)"
"(343, 2220)","(810, 680)"
"(316, 2200)","(790, 700)"
"(103, 1600)","(400, 1100)"
"(133, 1520)","(340, 1140)"
"(13, 1480)","(300, 1200)"
"(16, 1770)","(490, 1010)"
"(238, 1580)","(420, 1070)"
"(139, 1440)","(300, 1200)"
"(400, 1630)","(520, 970)"
"(331, 1880)","(660, 840)"
"(319, 1740)","(570, 930)"
"(202, 2070)","(700, 800)"
"(331, 2150)","(780, 710)"
"(340, 2190)","(800, 700)"
"(262, 2480)","(860, 630)"
"(163, 2580)","(840, 630)"
"(151, 1990)","(640, 850)"
"(52, 2200)","(700, 800)"
"(181, 1660)","(460, 1020)"
"(358, 1590)","(470, 1020)"
"(283, 2000)","(700, 800)"
"(370, 2040)","(750, 740)"
"(25, 1780)","(490, 990)"
"(214, 2430)","(830, 670)"
"(388, 1780)","(620, 870)"
"(325, 1530)","(410, 1090)"
"(139, 1920)","(600, 890)"
"(277, 1850)","(620, 880)"
"(82, 2480)","(800, 700)"
"(22, 1770)","(490, 1010)"
"(148, 1770)","(520, 960)"
"(277, 2560)","(870, 590)"
"(10, 1530)","(320, 1160)"
"(283, 1740)","(550, 940)"
"(205, 2380)","(810, 680)"
"(166, 1700)","(490, 1010)"
"(37, 1430)","(300, 1200)"
"(16, 1710)","(450, 1050)"
"(121, 1740)","(500, 1000)"
"(118, 2460)","(800, 690)"
"(34, 2250)","(710, 790)"
"(193, 2040)","(680, 820)"
"(55, 2210)","(700, 790)"
"(187, 1920)","(620, 870)"
"(394, 2200)","(830, 670)"
"(202, 2400)","(820, 680)"
"(79, 2450)","(790, 710)"
"(142, 2210)","(730, 770)"
"(55, 1660)","(430, 1070)"
"(46, 1980)","(600, 890)"
"(139, 2510)","(830, 670)"
"(247, 1840)","(600, 890)"
"(202, 2590)","(850, 610)"
"(211, 2230)","(760, 730)"
"(241, 2220)","(770, 720)"
"(202, 2490)","(840, 650)"
"(97, 2510)","(810, 680)"
"(238, 2500)","(850, 630)"
"(340, 2450)","(890, 610)"
"(175, 1990)","(650, 840)"
"(388, 2510)","(920, 570)"
"(223, 2520)","(810, 600)"
"(199, 1990)","(660, 840)"
"(367, 2380)","(850, 600)"
"(247, 2160)","(750, 750)"
"(268, 2470)","(850, 620)"
"(367, 1950)","(710, 790)"
"(241, 1530)","(380, 1110)"
"(22, 2170)","(680, 820)"
"(139, 1860)","(570, 920)"
"(232, 2070)","(710, 790)"
"(73, 2350)","(760, 740)"
"(307, 1790)","(590, 890)"
"(226, 2040)","(690, 800)"
"(250, 1680)","(500, 990)"
"(271, 2570)","(870, 590)"
"(241, 1720)","(520, 960)"
"(277, 1840)","(610, 880)"
"(4, 1670)","(420, 1070)"
"(169, 2520)","(840, 660)"
"(355, 2410)","(880, 620)"
"(274, 1570)","(430, 1070)"
"(247, 1660)","(490, 1010)"
"(340, 2530)","(900, 580)"
"(307, 1610)","(470, 1030)"
"(85, 1450)","(300, 1200)"
"(130, 1420)","(300, 1200)"
"(193, 1810)","(560, 930)"
"(142, 2220)","(730, 760)"
"(229, 1780)","(560, 940)"
"(4, 2000)","(600, 900)"
"(361, 2510)","(890, 570)"
"(31, 1700)","(450, 1050)"
"(10, 2570)","(800, 700)"
"(217, 1400)","(300, 1200)"
"(385, 2330)","(830, 600)"
"(187, 2570)","(850, 630)"
"(103, 1670)","(450, 1050)"
"(379, 1530)","(430, 1070)"
"(64, 1840)","(540, 960)"
"(268, 1870)","(630, 870)"
"(298, 2540)","(880, 590)"
"(325, 1420)","(300, 1200)"
"(172, 2020)","(660, 830)"
"(61, 1800)","(510, 970)"
"(106, 2580)","(830, 660)"
"(262, 1500)","(360, 1130)"
"(310, 1760)","(580, 920)"
"(217, 1830)","(580, 910)"
"(331, 2120)","(770, 730)"
"(367, 2490)","(900, 580)"
"(10, 2080)","(630, 850)"
"(142, 2190)","(720, 770)"
"(79, 2120)","(670, 820)"
"(295, 2030)","(720, 780)"
"(331, 1980)","(710, 790)"
"(241, 2310)","(800, 690)"
"(244, 1490)","(350, 1150)"
"(145, 1810)","(550, 950)"
"(361, 1760)","(600, 900)"
"(400, 1610)","(510, 990)"
"(127, 2540)","(830, 670)"
"(247, 1830)","(590, 890)"
"(121, 1450)","(300, 1200)"
"(343, 2170)","(790, 700)"
"(73, 1710)","(470, 1030)"
"(289, 2040)","(720, 780)"
"(280, 1940)","(670, 830)"
"(346, 1990)","(720, 780)"
"(154, 1480)","(320, 1180)"
"(151, 1870)","(580, 910)"
"(4, 2210)","(680, 810)"
"(370, 2550)","(930, 570)"
"(169, 1780)","(540, 960)"
"(235, 2470)","(840, 640)"
"(46, 1880)","(550, 930)"
"(127, 2590)","(840, 650)"
"(124, 1900)","(590, 910)"
"(94, 2370)","(770, 730)"
"(85, 2570)","(820, 670)"
"(211, 2530)","(820, 610)"
"(349, 2400)","(870, 620)"
"(277, 1460)","(330, 1170)"
"(34, 1560)","(350, 1140)"
"(259, 2370)","(830, 670)"
"(166, 1590)","(410, 1090)"
"(238, 1730)","(530, 960)"
"(283, 1450)","(320, 1180)"
"(355, 2300)","(840, 650)"
"(37, 2270)","(720, 780)"
"(286, 2130)","(750, 740)"
"(100, 2580)","(830, 660)"
"(277, 2280)","(810, 690)"
"(25, 1990)","(600, 890)"
"(247, 1790)","(570, 920)"
"(130, 2290)","(750, 740)"
"(268, 1410)","(300, 1200)"
"(163, 2180)","(730, 770)"
"(139, 1790)","(530, 950)"
"(370, 2450)","(900, 590)"
"(49, 1810)","(520, 980)"
"(193, 1910)","(620, 880)"
"(37, 1960)","(590, 900)"
"(115, 2540)","(830, 670)"
"(247, 2400)","(830, 660)"
"(169, 1790)","(540, 940)"
"(349, 1970)","(710, 790)"
"(10, 2360)","(740, 760)"
"(22, 2230)","(700, 800)"
"(118, 2030)","(650, 850)"
"(154, 1460)","(300, 1200)"
"(262, 2530)","(880, 620)"
"(121, 1480)","(310, 1190)"
"(391, 1940)","(710, 780)"
"(388, 1550)","(450, 1050)"
"(52, 2540)","(810, 690)"
"(94, 1650)","(430, 1060)"
"(394, 1520)","(420, 1060)"
"(46, 1490)","(300, 1200)"
"(175, 1800)","(550, 940)"
"(370, 2570)","(930, 560)"
"(376, 1620)","(500, 980)"
"(22, 1430)","(300, 1200)"
"(58, 1440)","(300, 1200)"
"(397, 2130)","(800, 690)"
"(64, 2520)","(800, 690)"
"(328, 2130)","(770, 720)"
"(94, 1510)","(330, 1170)"
"(229, 1840)","(590, 900)"
"(202, 1640)","(460, 1040)"
"(19, 2590)","(810, 690)"
"(130, 2310)","(760, 730)"
"(193, 2160)","(730, 770)"
"(154, 1940)","(620, 880)"
"(124, 1750)","(500, 980)"
"(37, 1670)","(430, 1070)"
"(76, 2060)","(650, 850)"
"(271, 2220)","(780, 710)"
"(325, 1800)","(610, 890)"
"(127, 2390)","(790, 710)"
"(286, 2580)","(890, 590)"
"(325, 1910)","(670, 830)"
"(352, 2320)","(850, 640)"
"(358, 2110)","(780, 720)"
"(4, 2420)","(760, 740)"
"(316, 1720)","(550, 940)"
"(130, 1400)","(300, 1200)"
"(172, 2480)","(830, 670)"
"(115, 1460)","(300, 1200)"
"(16, 2600)","(790, 670)"
"(127, 2080)","(670, 820)"
"(217, 2400)","(820, 670)"
"(109, 1650)","(440, 1060)"
"(58, 2020)","(620, 860)"
"(28, 1520)","(320, 1170)"
"(118, 2320)","(760, 730)"
"(178, 1500)","(340, 1160)"
"(370, 2410)","(880, 600)"
"(64, 2510)","(800, 690)"
"(172, 1770)","(530, 960)"
"(196, 1900)","(610, 880)"
"(301, 1730)","(550, 930)"
"(292, 2560)","(890, 590)"
"(256, 1860)","(620, 880)"
"(166, 2540)","(840, 650)"
"(196, 1640)","(460, 1040)"
"(190, 1830)","(570, 920)"
"(298, 2280)","(820, 680)"
"(313, 1440)","(320, 1180)"
"(244, 1720)","(530, 970)"
"(340, 1460)","(350, 1150)"
"(151, 2460)","(820, 680)"
"(160, 2240)","(750, 750)"
"(283, 2240)","(790, 700)"
"(109, 1840)","(550, 940)"
"(139, 2470)","(810, 680)"
"(265, 2540)","(860, 600)"
"(34, 1840)","(530, 970)"
"(82, 2590)","(830, 670)"
"(394, 1560)","(460, 1030)"
"(172, 1640)","(450, 1050)"
"(280, 1680)","(510, 980)"
"(154, 1600)","(410, 1070)"
"(43, 2440)","(770, 720)"
"(139, 2230)","(740, 760)"
"(343, 1750)","(580, 910)"
"(25, 1810)","(510, 980)"
"(70, 1960)","(600, 890)"
"(67, 1480)","(300, 1200)"
"(1, 1950)","(570, 910)"
"(337, 2430)","(880, 620)"
"(388, 2220)","(830, 660)"
"(313, 2380)","(850, 640)"
"(169, 2500)","(830, 660)"
"(274, 2190)","(770, 720)"
"(397, 1870)","(680, 820)"
"(58, 1900)","(570, 930)"
"(346, 1620)","(490, 1000)"
"(16, 1790)","(500, 1000)"
"(157, 2530)","(840, 660)"
"(340, 2440)","(870, 610)"
"(370, 2070)","(770, 730)"
"(58, 2290)","(730, 770)"
"(298, 2440)","(870, 630)"
"(205, 1710)","(510, 990)"
"(106, 2300)","(750, 750)"
"(1, 1900)","(550, 940)"
"(85, 1500)","(320, 1180)"
"(274, 2010)","(700, 800)"
"(193, 2480)","(840, 660)"
"(343, 1690)","(540, 950)"
"(382, 1590)","(480, 1010)"
"(112, 1400)","(300, 1200)"
"(289, 1990)","(690, 800)"
"(286, 1980)","(690, 810)"
"(373, 2500)","(910, 580)"
"(196, 1510)","(350, 1140)"
"(112, 1920)","(590, 890)"
"(394, 2300)","(860, 630)"
"(229, 1800)","(570, 920)"
"(214, 1640)","(460, 1030)"
"(205, 1610)","(440, 1060)"
"(334, 2370)","(850, 630)"
"(124, 1990)","(630, 860)"
"(61, 1830)","(530, 960)"
"(130, 1850)","(560, 920)"
"(16, 2360)","(740, 760)"
"(217, 1490)","(340, 1160)"
"(88, 2120)","(680, 820)"
"(34, 1980)","(600, 900)"
"(118, 1660)","(450, 1050)"
"(16, 2540)","(790, 700)"
"(274, 2180)","(770, 730)"
"(241, 2280)","(790, 700)"
"(7, 2350)","(730, 760)"
"(328, 1400)","(300, 1200)"
"(148, 2380)","(790, 700)"
"(310, 2580)","(910, 580)"
"(151, 1680)","(470, 1030)"
"(358, 2290)","(840, 650)"
"(94, 1610)","(400, 1080)"
"(124, 2410)","(790, 700)"
"(262, 2050)","(710, 780)"
"(379, 2580)","(920, 540)"
"(271, 2470)","(860, 630)"
"(112, 1680)","(460, 1040)"
"(76, 2210)","(710, 790)"
"(55, 2590)","(810, 670)"
"(205, 1590)","(420, 1070)"
"(283, 2060)","(720, 770)"
"(373, 2090)","(780, 720)"
"(10, 1880)","(540, 950)"
"(10, 1560)","(350, 1150)"
"(187, 1750)","(530, 970)"
"(52, 1930)","(580, 910)"
"(226, 2380)","(820, 680)"
"(151, 1750)","(510, 970)"
"(286, 2370)","(840, 660)"
"(238, 2350)","(810, 680)"
"(103, 1570)","(380, 1120)"
"(19, 2140)","(660, 830)"
"(10, 2510)","(780, 710)"
"(70, 1710)","(460, 1020)"
"(193, 2180)","(740, 760)"
"(346, 2090)","(760, 730)"
"(22, 1690)","(440, 1060)"
"(370, 1930)","(700, 800)"
"(37, 1900)","(560, 930)"
"(313, 1740)","(560, 920)"
"(73, 1890)","(570, 930)"
"(109, 2530)","(810, 670)"
"(145, 2530)","(830, 660)"
"(289, 1820)","(610, 890)"
"(352, 1810)","(630, 870)"
"(4, 1540)","(330, 1160)"
"(67, 2200)","(700, 790)"
"(175, 2150)","(720, 780)"
"(250, 2540)","(860, 610)"
"(322, 2080)","(750, 750)"
"(136, 2430)","(800, 690)"
"(178, 1990)","(650, 840)"
"(349, 2380)","(870, 630)"
"(250, 1930)","(650, 850)"
"(250, 2310)","(810, 690)"
"(367, 2020)","(740, 750)"
"(274, 2260)","(800, 700)"
"(148, 1720)","(490, 990)"
"(340, 2220)","(810, 680)"
"(220, 2440)","(840, 660)"
"(268, 1470)","(340, 1160)"
"(193, 1450)","(300, 1200)"
"(46, 1970)","(600, 900)"
"(133, 2220)","(730, 760)"
"(109, 1680)","(460, 1040)"
"(58, 1960)","(600, 900)"
"(58, 2530)","(800, 690)"
"(70, 1730)","(480, 1020)"
"(151, 1730)","(500, 990)"
"(115, 2390)","(780, 710)"
"(211, 1530)","(370, 1110)"
"(322, 1810)","(610, 880)"
"(325, 2270)","(820, 670)"
"(241, 2000)","(680, 820)"
"(82, 1780)","(510, 980)"
"(343, 1700)","(550, 940)"
"(379, 1470)","(370, 1130)"
"(370, 1700)","(560, 930)"
"(361, 1990)","(730, 770)"
"(328, 2570)","(920, 580)"
"(382, 1540)","(440, 1060)"
"(199, 1850)","(590, 910)"
"(184, 2450)","(830, 670)"
"(292, 1950)","(680, 820)"
"(1, 1660)","(410, 1070)"
"(115, 2560)","(830, 660)"
"(199, 2080)","(700, 800)"
"(148, 2040)","(660, 830)"
"(181, 1850)","(580, 910)"
"(391, 2320)","(860, 620)"
"(79, 1670)","(440, 1050)"
"(316, 2420)","(860, 620)"
"(322, 2310)","(840, 660)"
"(196, 2360)","(800, 690)"
"(181, 1580)","(410, 1090)"
"(94, 1770)","(510, 990)"
"(400, 1490)","(400, 1100)"
"(313, 2360)","(850, 650)"
"(25, 1510)","(310, 1180)"
"(262, 1730)","(540, 960)"
"(283, 1400)","(300, 1200)"
"(256, 2280)","(800, 700)"
"(289, 1840)","(620, 880)"
"(28, 2050)","(630, 870)"
"(259, 2590)","(890, 600)"
"(316, 1890)","(660, 840)"
"(136, 1610)","(420, 1080)"
"(289, 1540)","(410, 1090)"
"(130, 1820)","(550, 950)"
"(79, 2470)","(790, 700)"
"(232, 1860)","(600, 880)"
"(190, 2470)","(830, 660)"
"(307, 1890)","(650, 840)"
"(76, 2580)","(820, 670)"
"(10, 2100)","(640, 850)"
"(22, 2250)","(700, 790)"
"(211, 2210)","(760, 740)"
"(247, 2350)","(820, 680)"
"(349, 2250)","(830, 670)"
"(217, 1630)","(450, 1030)"
"(280, 1580)","(440, 1060)"
"(277, 1900)","(650, 850)"
"(301, 1530)","(400, 1090)"
"(253, 2060)","(710, 780)"
"(67, 1750)","(490, 1010)"
"(373, 1980)","(730, 770)"
"(247, 1690)","(510, 990)"
"(145, 2520)","(830, 660)"
"(220, 2210)","(760, 740)"
"(373, 1800)","(630, 870)"
"(298, 2430)","(870, 630)"
"(400, 2350)","(880, 610)"
"(55, 2060)","(640, 850)"
"(76, 2330)","(750, 750)"
"(286, 2020)","(710, 790)"
"(382, 2600)","(940, 550)"
"(22, 1730)","(460, 1020)"
"(349, 2500)","(900, 590)"
"(115, 1900)","(590, 910)"
"(46, 2260)","(720, 780)"
"(4, 2520)","(780, 710)"
"(106, 2260)","(740, 760)"
"(229, 1480)","(330, 1150)"
"(22, 2050)","(630, 870)"
"(385, 1840)","(660, 840)"
"(115, 1590)","(390, 1090)"
"(61, 1730)","(470, 1010)"
"(361, 2090)","(770, 730)"
"(85, 1720)","(470, 1010)"
"(175, 2290)","(770, 720)"
"(1, 1520)","(310, 1160)"
"(190, 2270)","(770, 730)"
"(328, 1850)","(640, 860)"
"(295, 1820)","(610, 890)"
"(346, 2010)","(730, 770)"
"(340, 1860)","(650, 850)"
"(388, 2350)","(850, 600)"
"(94, 2530)","(820, 680)"
"(16, 2450)","(770, 730)"
"(166, 1890)","(600, 900)"
"(235, 1440)","(300, 1200)"
"(355, 1950)","(700, 790)"
"(58, 2460)","(780, 710)"
"(103, 2150)","(690, 800)"
"(268, 2050)","(710, 780)"
"(139, 2080)","(680, 820)"
"(295, 1670)","(510, 980)"
"(286, 2070)","(730, 770)"
"(220, 2110)","(720, 780)"
"(154, 2190)","(730, 770)"
"(145, 2510)","(830, 670)"
"(31, 2530)","(800, 700)"
"(145, 2270)","(750, 740)"
"(184, 2570)","(850, 630)"
"(331, 1420)","(300, 1190)"
"(52, 2080)","(650, 850)"
"(280, 2030)","(710, 790)"
"(352, 1600)","(480, 1020)"
"(235, 2290)","(790, 700)"
"(85, 2150)","(690, 810)"
"(223, 2390)","(820, 670)"
"(334, 1450)","(340, 1160)"
"(331, 2290)","(830, 660)"
"(115, 2290)","(750, 750)"
"(88, 1720)","(480, 1020)"
"(7, 2110)","(650, 850)"
"(67, 2380)","(760, 730)"
"(382, 2130)","(800, 700)"
"(7, 1960)","(580, 910)"
"(241, 1490)","(350, 1150)"
"(109, 2250)","(730, 760)"
"(37, 1520)","(320, 1170)"
"(100, 2380)","(770, 720)"
"(397, 1830)","(660, 840)"
"(376, 2090)","(780, 720)"
"(97, 1570)","(380, 1120)"
"(169, 1920)","(610, 870)"
"(46, 2010)","(620, 880)"
"(1, 2510)","(780, 710)"
"(379, 1540)","(440, 1060)"
"(241, 1760)","(550, 940)"
"(304, 1560)","(430, 1070)"
"(115, 1750)","(500, 990)"
"(361, 2200)","(810, 680)"
"(136, 1810)","(540, 940)"
"(49, 1740)","(480, 1020)"
"(34, 1520)","(320, 1170)"
"(61, 2500)","(800, 700)"
"(13, 1620)","(390, 1100)"
"(235, 2010)","(680, 810)"
"(223, 2420)","(820, 660)"
"(391, 1510)","(410, 1070)"
"(166, 1530)","(360, 1130)"
"(253, 1550)","(400, 1080)"
"(139, 2070)","(670, 820)"
"(217, 1640)","(460, 1030)"
"(292, 2140)","(760, 730)"
"(97, 2120)","(680, 820)"
"(337, 2280)","(830, 660)"
"(130, 2540)","(830, 660)"
"(181, 1770)","(540, 960)"
"(265, 1500)","(360, 1120)"
"(55, 2340)","(750, 750)"
"(286, 2440)","(810, 600)"
"(268, 2040)","(710, 790)"
"(115, 1940)","(600, 880)"
"(250, 2260)","(790, 710)"
"(22, 1810)","(510, 990)"
"(187, 2310)","(780, 710)"
"(262, 1670)","(500, 1000)"
"(91, 2220)","(720, 780)"
"(52, 2370)","(750, 740)"
"(124, 2130)","(690, 800)"
"(94, 2270)","(740, 760)"
"(304, 1800)","(600, 900)"
"(262, 2020)","(700, 800)"
"(295, 2130)","(760, 740)"
"(178, 1630)","(440, 1050)"
"(367, 1520)","(410, 1070)"
"(52, 1740)","(480, 1020)"
"(307, 1520)","(390, 1090)"
"(79, 2220)","(710, 780)"
"(271, 2190)","(770, 720)"
"(130, 2440)","(800, 690)"
"(268, 1790)","(580, 920)"
"(334, 2110)","(770, 730)"
"(226, 1880)","(620, 880)"
"(22, 2490)","(780, 710)"
"(349, 2360)","(860, 630)"
"(190, 2200)","(740, 750)"
"(112, 1840)","(550, 940)"
"(379, 2520)","(930, 570)"
"(79, 2000)","(620, 870)"
"(394, 2590)","(950, 550)"
"(37, 1750)","(480, 1020)"
"(19, 2540)","(790, 700)"
"(163, 1430)","(300, 1200)"
"(301, 1880)","(640, 850)"
"(223, 1900)","(620, 870)"
"(214, 2450)","(840, 660)"
"(259, 1810)","(590, 910)"
"(229, 1510)","(360, 1130)"
"(355, 1770)","(600, 890)"
"(292, 2220)","(790, 700)"
"(358, 2600)","(920, 550)"
"(115, 2170)","(710, 790)"
"(37, 2300)","(730, 770)"
"(97, 2390)","(780, 720)"
"(286, 1730)","(550, 950)"
"(316, 2490)","(830, 570)"
"(352, 1460)","(350, 1140)"
"(4, 2440)","(760, 730)"
"(286, 2550)","(870, 590)"
"(58, 2270)","(720, 770)"
"(232, 2570)","(880, 620)"
"(307, 1720)","(550, 950)"
"(1, 2600)","(810, 690)"
"(259, 1890)","(630, 860)"
"(208, 2530)","(850, 630)"
"(136, 2370)","(780, 710)"
"(7, 2390)","(750, 750)"
"(253, 2480)","(850, 630)"
"(145, 1700)","(480, 1010)"
"(19, 2030)","(620, 880)"
"(154, 1930)","(610, 880)"
"(301, 2470)","(880, 620)"
"(334, 2100)","(760, 730)"
"(376, 2480)","(900, 590)"
"(292, 1640)","(490, 1010)"
"(121, 1860)","(570, 930)"
"(205, 2210)","(750, 740)"
"(133, 2010)","(650, 850)"
"(40, 2210)","(700, 800)"
"(268, 2520)","(850, 600)"
"(325, 2460)","(850, 590)"
"(355, 1490)","(380, 1110)"
"(70, 2440)","(780, 710)"
"(370, 1910)","(690, 810)"
"(280, 1840)","(610, 880)"
"(169, 1950)","(630, 870)"
"(268, 2380)","(830, 660)"
"(241, 2080)","(720, 780)"
"(160, 1930)","(620, 880)"
"(400, 2510)","(900, 550)"
"(292, 1660)","(500, 990)"
"(217, 1410)","(300, 1200)"
"(292, 1450)","(320, 1170)"
"(19, 1700)","(440, 1040)"
"(97, 2110)","(680, 820)"
"(46, 1590)","(380, 1120)"
"(151, 2080)","(680, 810)"
"(100, 2070)","(660, 840)"
"(355, 2500)","(880, 570)"
"(157, 1710)","(490, 1000)"
"(205, 2400)","(820, 680)"
"(343, 1760)","(590, 900)"
"(142, 2350)","(780, 720)"
"(46, 1630)","(410, 1090)"
"(55, 2180)","(690, 810)"
"(85, 2010)","(630, 870)"
"(127, 1460)","(300, 1200)"
"(163, 1770)","(530, 970)"
"(136, 1510)","(340, 1160)"
"(157, 1480)","(320, 1180)"
"(298, 1610)","(470, 1030)"
"(316, 1590)","(460, 1040)"
"(19, 2500)","(780, 710)"
"(250, 1840)","(600, 890)"
"(181, 2040)","(680, 820)"
"(184, 2460)","(830, 670)"
"(94, 1560)","(370, 1130)"
"(100, 2100)","(670, 820)"
"(340, 2570)","(890, 560)"
"(157, 2040)","(670, 830)"
"(121, 1730)","(490, 1000)"
"(388, 1820)","(650, 850)"
"(229, 1720)","(520, 970)"
"(109, 2060)","(660, 840)"
"(88, 2430)","(790, 710)"
"(82, 2200)","(710, 790)"
"(226, 1610)","(440, 1050)"
"(94, 1640)","(430, 1070)"
"(352, 2560)","(910, 570)"
"(109, 2010)","(640, 860)"
"(178, 1680)","(480, 1020)"
"(190, 2590)","(870, 630)"
"(265, 2270)","(800, 700)"
"(46, 2200)","(690, 800)"
"(277, 2370)","(840, 660)"
"(280, 1900)","(650, 850)"
"(43, 2570)","(810, 680)"
"(397, 1410)","(310, 1190)"
"(67, 2320)","(740, 750)"
"(10, 1510)","(310, 1190)"
"(244, 2390)","(830, 670)"
"(373, 2220)","(830, 670)"
"(208, 1810)","(570, 930)"
"(385, 2230)","(840, 660)"
"(265, 2340)","(820, 670)"
"(316, 1520)","(400, 1100)"
"(163, 2190)","(730, 770)"
"(178, 1960)","(640, 860)"
"(316, 1550)","(420, 1060)"
"(166, 2020)","(660, 830)"
"(232, 2450)","(840, 650)"
"(331, 1850)","(640, 860)"
"(334, 2310)","(840, 660)"
"(316, 1490)","(370, 1130)"
"(4, 1590)","(370, 1130)"
"(214, 1480)","(330, 1160)"
"(298, 1430)","(300, 1180)"
"(229, 1460)","(320, 1180)"
"(319, 2320)","(840, 660)"
"(169, 1440)","(300, 1200)"
"(301, 2210)","(790, 700)"
"(58, 2350)","(750, 750)"
"(343, 1710)","(560, 940)"
"(343, 1740)","(580, 920)"
"(313, 2250)","(810, 680)"
"(19, 2320)","(730, 770)"
"(25, 2330)","(730, 760)"
"(145, 2020)","(650, 840)"
"(214, 2250)","(770, 720)"
"(82, 2020)","(630, 860)"
"(13, 1850)","(530, 970)"
"(289, 1880)","(640, 860)"
"(34, 2240)","(710, 790)"
"(133, 2280)","(750, 740)"
"(124, 2020)","(650, 850)"
"(370, 1540)","(430, 1050)"
"(97, 1480)","(300, 1180)"
"(154, 1500)","(330, 1150)"
"(346, 1500)","(390, 1110)"
"(265, 2380)","(830, 660)"
"(28, 2110)","(650, 840)"
"(277, 1830)","(610, 890)"
"(397, 1750)","(610, 890)"
"(391, 1740)","(600, 900)"
"(376, 1680)","(550, 950)"
"(202, 1430)","(300, 1200)"
"(355, 1520)","(410, 1090)"
"(244, 1420)","(300, 1200)"
"(340, 2130)","(780, 720)"
"(97, 1960)","(610, 890)"
"(244, 2320)","(810, 690)"
"(70, 1590)","(380, 1100)"
"(163, 1630)","(440, 1060)"
"(223, 2070)","(700, 790)"
"(223, 1590)","(430, 1070)"
"(175, 2500)","(840, 660)"
"(394, 2430)","(910, 590)"
"(400, 1750)","(610, 890)"
"(43, 2580)","(810, 680)"
"(340, 2490)","(900, 600)"
"(196, 1810)","(560, 920)"
"(226, 1440)","(300, 1200)"
"(55, 1970)","(600, 890)"
"(109, 2300)","(750, 740)"
"(160, 2480)","(830, 670)"
"(232, 2420)","(830, 660)"
"(67, 2530)","(810, 690)"
"(13, 2430)","(760, 730)"
"(367, 1780)","(610, 880)"
"(91, 1560)","(370, 1130)"
"(196, 1430)","(300, 1200)"
"(1, 2360)","(740, 760)"
"(49, 1710)","(460, 1040)"
"(280, 1430)","(300, 1200)"
"(289, 2450)","(870, 630)"
"(364, 2310)","(850, 640)"
"(31, 1880)","(550, 950)"
"(256, 2530)","(860, 610)"
"(121, 2090)","(680, 820)"
"(61, 1480)","(300, 1200)"
"(262, 2570)","(890, 610)"
"(76, 2560)","(820, 680)"
"(250, 1500)","(360, 1140)"
"(325, 1590)","(460, 1030)"
"(157, 2200)","(730, 760)"
"(286, 1720)","(540, 950)"
"(94, 2410)","(780, 710)"
"(58, 2440)","(780, 720)"
"(178, 1830)","(570, 930)"
"(262, 1830)","(600, 890)"
"(259, 1800)","(580, 910)"
"(100, 1480)","(300, 1180)"
"(169, 1510)","(350, 1150)"
"(169, 2100)","(700, 800)"
"(16, 1540)","(330, 1150)"
"(151, 1930)","(610, 880)"
"(394, 1880)","(680, 810)"
"(322, 2040)","(730, 760)"
"(88, 1480)","(300, 1190)"
"(313, 1650)","(500, 990)"
"(244, 2040)","(700, 800)"
"(370, 1410)","(300, 1190)"
"(49, 2200)","(700, 800)"
"(310, 1950)","(680, 810)"
"(25, 2020)","(600, 860)"
"(283, 1590)","(450, 1050)"
"(151, 1720)","(490, 990)"
"(148, 1780)","(530, 960)"
"(283, 2420)","(840, 630)"
"(169, 1720)","(500, 990)"
"(91, 2180)","(700, 790)"
"(292, 2310)","(820, 670)"
"(76, 1720)","(470, 1020)"
"(19, 1830)","(520, 980)"
"(82, 2260)","(730, 770)"
"(52, 2130)","(670, 830)"
"(373, 2420)","(890, 600)"
"(229, 2090)","(720, 780)"
"(118, 2570)","(830, 660)"
"(394, 2540)","(930, 560)"
"(259, 2530)","(860, 610)"
"(235, 2250)","(780, 720)"
"(241, 1900)","(630, 860)"
"(139, 1770)","(520, 970)"
"(400, 2450)","(910, 580)"
"(76, 2240)","(720, 780)"
"(313, 2160)","(780, 720)"
"(304, 1870)","(640, 860)"
"(343, 1470)","(360, 1140)"
"(13, 1960)","(580, 910)"
"(133, 2500)","(820, 670)"
"(154, 1630)","(440, 1060)"
"(19, 1400)","(300, 1200)"
"(352, 1420)","(310, 1190)"
"(328, 2390)","(850, 620)"
"(340, 2300)","(840, 660)"
"(103, 1400)","(300, 1200)"
"(184, 2040)","(680, 820)"
"(325, 1860)","(640, 850)"
"(298, 1760)","(570, 920)"
"(40, 2550)","(800, 690)"
"(58, 2050)","(640, 860)"
"(136, 1550)","(370, 1130)"
"(298, 2460)","(870, 620)"
"(106, 1600)","(400, 1100)"
"(241, 1400)","(300, 1200)"
"(40, 1820)","(520, 970)"
"(190, 2130)","(720, 780)"
"(184, 2210)","(750, 750)"
"(355, 1850)","(650, 850)"
"(184, 1450)","(300, 1200)"
"(94, 1730)","(480, 1000)"
"(400, 2600)","(910, 520)"
"(355, 1960)","(710, 790)"
"(193, 2200)","(750, 750)"
"(220, 1670)","(480, 1000)"
"(337, 2010)","(720, 770)"
"(259, 2120)","(740, 760)"
"(325, 2120)","(770, 730)"
"(58, 2240)","(710, 780)"
"(388, 1660)","(540, 950)"
"(292, 2410)","(840, 630)"
"(115, 2210)","(720, 770)"
"(145, 1880)","(580, 900)"
"(193, 1530)","(370, 1130)"
"(133, 2560)","(840, 660)"
"(94, 2320)","(750, 740)"
"(37, 2520)","(800, 700)"
"(214, 1940)","(640, 850)"
"(79, 1780)","(510, 990)"
"(118, 1480)","(310, 1190)"
"(229, 2060)","(700, 790)"
"(100, 1420)","(300, 1200)"
"(208, 1950)","(640, 850)"
"(316, 1980)","(700, 790)"
"(220, 2150)","(740, 760)"
"(55, 1940)","(590, 910)"
"(49, 2310)","(730, 760)"
"(31, 2040)","(620, 860)"
"(43, 2010)","(610, 870)"
"(43, 1930)","(580, 920)"
"(328, 2490)","(880, 600)"
"(1, 1780)","(490, 1010)"
"(358, 1610)","(490, 1010)"
"(160, 2000)","(650, 850)"
"(136, 1920)","(600, 890)"
"(211, 2500)","(830, 630)"
"(100, 2520)","(820, 680)"
"(34, 1810)","(510, 980)"
"(157, 2170)","(720, 770)"
"(193, 2430)","(820, 670)"
"(316, 1620)","(480, 1010)"
"(109, 1950)","(610, 890)"
"(283, 1470)","(340, 1160)"
"(28, 1490)","(300, 1200)"
"(322, 1540)","(420, 1080)"
"(1, 2550)","(790, 700)"
"(16, 1410)","(300, 1200)"
"(220, 2190)","(750, 740)"
"(316, 2220)","(800, 690)"
"(301, 1700)","(530, 950)"
"(235, 2490)","(860, 640)"
"(70, 1690)","(450, 1040)"
"(280, 1670)","(500, 980)"
"(349, 1930)","(690, 810)"
"(346, 2300)","(840, 650)"
"(286, 2510)","(860, 600)"
"(19, 1570)","(360, 1140)"
"(379, 2400)","(890, 610)"
"(238, 1510)","(360, 1120)"
"(61, 2370)","(760, 740)"
"(73, 2310)","(740, 750)"
"(370, 2490)","(890, 570)"
"(61, 2130)","(670, 820)"
"(217, 2520)","(860, 640)"
"(319, 2270)","(820, 680)"
"(355, 2460)","(850, 570)"
"(373, 2550)","(930, 570)"
"(283, 2350)","(830, 660)"
"(289, 2600)","(890, 580)"
"(94, 1990)","(620, 870)"
"(331, 1790)","(610, 890)"
"(106, 1470)","(300, 1200)"
"(355, 1990)","(720, 770)"
"(106, 1940)","(600, 890)"
"(202, 1540)","(380, 1120)"
"(307, 1470)","(350, 1150)"
"(364, 1780)","(610, 880)"
"(121, 1630)","(430, 1070)"
"(73, 1760)","(500, 1000)"
"(157, 2300)","(770, 730)"
"(310, 1610)","(470, 1020)"
"(220, 1950)","(650, 850)"
"(115, 1830)","(550, 950)"
"(247, 2560)","(880, 620)"
"(7, 1480)","(300, 1200)"
"(328, 1450)","(330, 1150)"
"(376, 1810)","(640, 860)"
"(262, 2300)","(810, 690)"
"(385, 1740)","(600, 900)"
"(157, 2050)","(670, 820)"
"(373, 1950)","(710, 780)"
"(232, 2170)","(750, 750)"
"(343, 1770)","(600, 900)"
"(88, 1750)","(490, 990)"
"(10, 1670)","(420, 1060)"
"(355, 1430)","(320, 1180)"
"(106, 1770)","(510, 980)"
"(349, 2490)","(900, 590)"
"(217, 2230)","(770, 730)"
"(94, 1920)","(590, 910)"
"(250, 2060)","(710, 790)"
"(145, 2180)","(720, 780)"
"(223, 1650)","(470, 1020)"
"(367, 1850)","(660, 840)"
"(64, 1610)","(400, 1100)"
"(235, 1720)","(520, 970)"
"(382, 2380)","(890, 610)"
"(121, 1840)","(560, 940)"
"(136, 1730)","(500, 1000)"
"(70, 2570)","(820, 680)"
"(310, 1570)","(440, 1060)"
"(61, 2040)","(630, 860)"
"(265, 1430)","(300, 1200)"
"(337, 1410)","(300, 1200)"
"(373, 2170)","(810, 690)"
"(310, 1940)","(680, 820)"
"(208, 1830)","(580, 910)"
"(211, 2480)","(840, 650)"
"(85, 1810)","(530, 970)"
"(232, 2120)","(730, 770)"
"(136, 1790)","(530, 960)"
"(322, 2490)","(870, 590)"
"(355, 1480)","(370, 1120)"
"(193, 1830)","(570, 910)"
"(22, 1980)","(590, 890)"
"(205, 1530)","(370, 1120)"
"(70, 2160)","(690, 810)"
"(55, 2380)","(760, 740)"
"(100, 2560)","(830, 670)"
"(40, 1630)","(400, 1080)"
"(274, 1890)","(640, 860)"
"(19, 1520)","(320, 1180)"
"(310, 2260)","(810, 680)"
"(88, 1940)","(600, 900)"
"(331, 1450)","(330, 1150)"
"(310, 2530)","(890, 600)"
"(238, 2530)","(870, 630)"
"(283, 2270)","(810, 690)"
"(310, 1870)","(640, 850)"
"(337, 1740)","(570, 910)"
"(211, 2300)","(790, 710)"
"(76, 2310)","(740, 750)"
"(226, 2030)","(690, 810)"
"(187, 1810)","(560, 930)"
"(289, 2020)","(710, 790)"
"(259, 2550)","(880, 610)"
"(7, 1640)","(400, 1090)"
"(139, 1520)","(350, 1150)"
"(169, 2590)","(860, 630)"
"(133, 1830)","(550, 930)"
"(136, 2510)","(830, 670)"
"(13, 1460)","(300, 1200)"
"(187, 2480)","(830, 660)"
"(280, 1720)","(540, 960)"
"(1, 1550)","(340, 1160)"
"(322, 2290)","(830, 670)"
"(160, 1610)","(420, 1070)"
"(82, 2490)","(800, 690)"
"(244, 1500)","(360, 1140)"
"(379, 2170)","(810, 690)"
"(295, 2370)","(840, 650)"
"(79, 2380)","(770, 730)"
"(265, 1620)","(460, 1030)"
"(364, 1830)","(640, 850)"
"(217, 2210)","(760, 740)"
"(244, 2510)","(860, 630)"
"(148, 1610)","(420, 1080)"
"(94, 2180)","(700, 790)"
"(79, 1990)","(620, 880)"
"(52, 2210)","(700, 800)"
"(379, 2450)","(900, 590)"
"(268, 1960)","(670, 820)"
"(115, 1500)","(320, 1160)"
"(163, 1570)","(390, 1100)"
"(373, 1730)","(580, 910)"
"(400, 2290)","(860, 630)"
"(277, 1600)","(450, 1040)"
"(82, 1990)","(620, 880)"
"(43, 2230)","(700, 790)"
"(178, 2430)","(820, 680)"
"(4, 1640)","(400, 1090)"
"(7, 1580)","(360, 1130)"
"(322, 2320)","(840, 660)"
"(217, 2370)","(810, 680)"
"(43, 2530)","(790, 690)"
"(241, 1970)","(670, 830)"
"(172, 2340)","(790, 710)"
"(322, 2420)","(870, 620)"
"(193, 2410)","(820, 680)"
"(352, 1510)","(400, 1100)"
"(280, 2010)","(700, 800)"
"(25, 2320)","(730, 770)"
"(313, 2120)","(760, 730)"
"(361, 1870)","(660, 830)"
"(211, 2330)","(800, 700)"
"(265, 2350)","(820, 670)"
"(7, 1790)","(490, 990)"
"(307, 1560)","(430, 1070)"
"(22, 1850)","(530, 960)"
"(214, 2190)","(750, 750)"
"(166, 2350)","(790, 710)"
"(214, 1490)","(340, 1160)"
"(22, 1590)","(370, 1120)"
"(388, 1790)","(630, 870)"
"(256, 2170)","(760, 740)"
"(151, 2510)","(820, 660)"
"(379, 2060)","(770, 730)"
"(346, 1760)","(590, 900)"
"(157, 1760)","(520, 970)"
"(325, 1450)","(330, 1160)"
"(241, 1590)","(430, 1060)"
"(376, 2370)","(880, 620)"
"(31, 2190)","(690, 810)"
"(388, 1740)","(600, 900)"
"(382, 1860)","(670, 830)"
"(112, 1630)","(420, 1060)"
"(280, 2080)","(730, 760)"
"(232, 1840)","(590, 890)"
"(370, 1510)","(410, 1090)"
"(190, 1890)","(610, 890)"
"(112, 2240)","(730, 760)"
"(217, 2010)","(680, 820)"
"(172, 2450)","(820, 670)"
"(340, 2410)","(830, 590)"
"(205, 1760)","(540, 960)"
"(343, 2120)","(770, 720)"
"(262, 2070)","(720, 780)"
"(241, 2100)","(720, 770)"
"(268, 1530)","(390, 1100)"
"(79, 2560)","(820, 680)"
"(112, 1670)","(450, 1040)"
"(298, 2070)","(730, 760)"
"(382, 1430)","(330, 1170)"
"(85, 1410)","(300, 1200)"
"(238, 1700)","(510, 980)"
"(364, 2050)","(750, 740)"
"(274, 1790)","(580, 910)"
"(205, 2410)","(820, 670)"
"(145, 1740)","(510, 990)"
"(103, 2240)","(730, 770)"
"(226, 1490)","(340, 1140)"
"(139, 1610)","(420, 1080)"
"(352, 2290)","(840, 650)"
"(4, 1730)","(460, 1040)"
"(364, 1680)","(540, 940)"
"(94, 1660)","(440, 1060)"
"(154, 1950)","(620, 870)"
"(67, 1830)","(530, 950)"
"(157, 2220)","(740, 760)"
"(376, 2250)","(840, 660)"
"(202, 2250)","(770, 730)"
"(400, 2200)","(830, 660)"
"(208, 1580)","(410, 1070)"
"(40, 2450)","(780, 720)"
"(67, 2550)","(810, 680)"
"(97, 1670)","(450, 1050)"
"(397, 2020)","(760, 740)"
"(199, 2380)","(810, 690)"
"(274, 2600)","(900, 600)"
"(52, 1730)","(470, 1020)"
"(250, 1700)","(510, 970)"
"(85, 2140)","(680, 810)"
"(238, 1630)","(460, 1030)"
"(256, 2540)","(880, 620)"
"(280, 1520)","(390, 1110)"
"(73, 2130)","(680, 820)"
"(127, 2400)","(790, 710)"
"(304, 1950)","(680, 810)"
"(199, 2340)","(800, 700)"
"(73, 2560)","(810, 670)"
"(196, 1880)","(600, 890)"
"(88, 1880)","(570, 930)"
"(64, 1670)","(440, 1060)"
"(400, 2580)","(900, 520)"
"(61, 2050)","(640, 860)"
"(337, 2540)","(870, 560)"
"(76, 2180)","(700, 800)"
"(160, 2440)","(810, 680)"
"(199, 1560)","(400, 1100)"
"(310, 2010)","(710, 780)"
"(310, 2430)","(870, 630)"
"(346, 2330)","(850, 640)"
"(262, 2330)","(820, 680)"
"(310, 2380)","(850, 640)"
"(370, 1520)","(420, 1080)"
"(391, 1860)","(670, 820)"
"(40, 2400)","(760, 740)"
"(133, 2520)","(830, 670)"
"(1, 2080)","(630, 860)"
"(352, 2180)","(800, 690)"
"(55, 2540)","(810, 690)"
"(52, 2420)","(770, 730)"
"(385, 2060)","(770, 730)"
"(199, 1570)","(400, 1080)"
"(148, 2290)","(760, 730)"
"(79, 1450)","(300, 1200)"
"(319, 1550)","(420, 1060)"
"(352, 1890)","(670, 820)"
"(289, 2090)","(740, 760)"
"(313, 1780)","(590, 900)"
"(355, 1750)","(590, 910)"
"(370, 1630)","(510, 990)"
"(310, 2510)","(880, 600)"
"(139, 1600)","(410, 1090)"
"(64, 2170)","(690, 810)"
"(319, 2150)","(780, 720)"
"(370, 1680)","(550, 950)"
"(103, 2370)","(770, 720)"
"(331, 2490)","(870, 590)"
"(388, 1840)","(660, 840)"
"(166, 2150)","(720, 780)"
"(379, 1750)","(600, 900)"
"(262, 1990)","(680, 810)"
"(370, 1670)","(540, 960)"
"(346, 1970)","(710, 790)"
"(103, 1550)","(360, 1130)"
"(19, 1950)","(580, 910)"
"(178, 2260)","(760, 730)"
"(367, 1580)","(470, 1030)"
"(241, 1990)","(680, 820)"
"(226, 1550)","(400, 1100)"
"(124, 1500)","(330, 1170)"
"(193, 2260)","(770, 730)"
"(97, 1600)","(400, 1100)"
"(310, 1800)","(600, 890)"
"(46, 1930)","(580, 920)"
"(373, 2540)","(920, 570)"
"(286, 1940)","(670, 830)"
"(169, 1900)","(600, 880)"
"(175, 1540)","(370, 1120)"
"(103, 1840)","(550, 940)"
"(49, 2110)","(660, 840)"
"(196, 1780)","(550, 950)"
"(67, 1780)","(510, 990)"
"(28, 1570)","(360, 1140)"
"(37, 1500)","(310, 1190)"
"(145, 2600)","(850, 640)"
"(343, 1920)","(680, 810)"
"(247, 1670)","(490, 1000)"
"(316, 2560)","(900, 580)"
"(364, 2560)","(910, 560)"
"(139, 2290)","(760, 740)"
"(67, 2210)","(700, 790)"
"(124, 1950)","(610, 880)"
"(106, 2380)","(780, 720)"
"(13, 2490)","(780, 720)"
"(130, 1500)","(330, 1170)"
"(229, 2180)","(750, 740)"
"(391, 2360)","(880, 610)"
"(37, 1870)","(550, 950)"
"(385, 1450)","(350, 1140)"
"(94, 1830)","(540, 950)"
"(10, 1410)","(300, 1200)"
"(40, 2560)","(810, 690)"
"(283, 2390)","(840, 650)"
"(148, 2490)","(790, 640)"
"(295, 1920)","(660, 830)"
"(190, 2460)","(830, 670)"
"(217, 2550)","(870, 630)"
"(172, 2360)","(790, 700)"
"(97, 2520)","(810, 680)"
"(286, 2520)","(880, 610)"
"(133, 2030)","(650, 840)"
"(340, 2320)","(850, 650)"
"(115, 2600)","(840, 650)"
"(370, 2060)","(760, 730)"
"(151, 1820)","(550, 930)"
"(55, 2490)","(790, 700)"
"(349, 2100)","(770, 730)"
"(259, 1410)","(300, 1200)"
"(211, 2430)","(830, 670)"
"(325, 2010)","(720, 780)"
"(220, 1890)","(620, 880)"
"(7, 2450)","(770, 730)"
"(28, 2560)","(800, 690)"
"(67, 1970)","(600, 880)"
"(208, 1780)","(550, 940)"
"(394, 2110)","(790, 700)"
"(280, 1530)","(390, 1090)"
"(10, 2330)","(730, 770)"
"(121, 2200)","(720, 780)"
"(7, 2020)","(610, 890)"
"(256, 2140)","(750, 750)"
"(292, 1440)","(310, 1180)"
"(238, 2570)","(870, 610)"
"(163, 1840)","(570, 920)"
"(376, 2210)","(820, 670)"
"(25, 1480)","(300, 1200)"
"(343, 1850)","(650, 850)"
"(265, 1870)","(620, 870)"
"(325, 1460)","(340, 1150)"
"(289, 2570)","(890, 590)"
"(337, 2310)","(840, 650)"
"(202, 1770)","(540, 950)"
"(322, 2520)","(870, 580)"
"(349, 1840)","(640, 850)"
"(313, 2470)","(880, 620)"
"(112, 2140)","(690, 800)"
"(328, 1720)","(560, 940)"
"(88, 1960)","(610, 890)"
"(70, 2480)","(790, 700)"
"(79, 2100)","(670, 830)"
"(88, 1700)","(460, 1020)"
"(79, 2460)","(790, 700)"
"(1, 2020)","(610, 890)"
"(316, 1460)","(340, 1160)"
"(370, 1760)","(600, 890)"
"(115, 1870)","(570, 920)"
"(37, 2120)","(660, 840)"
"(16, 2350)","(740, 760)"
"(220, 2360)","(810, 680)"
"(88, 1660)","(440, 1060)"
"(16, 2090)","(640, 850)"
"(136, 1880)","(580, 910)"
"(223, 1860)","(600, 890)"
"(232, 1430)","(300, 1200)"
"(55, 2470)","(790, 710)"
"(115, 2060)","(660, 830)"
"(67, 2140)","(680, 820)"
"(148, 1510)","(340, 1160)"
"(37, 1400)","(300, 1200)"
"(97, 2150)","(690, 800)"
"(298, 2290)","(820, 680)"
"(364, 2390)","(880, 620)"
"(262, 2380)","(830, 660)"
"(79, 1510)","(320, 1160)"
"(301, 2540)","(880, 590)"
"(163, 1670)","(470, 1030)"
"(283, 2360)","(840, 660)"
"(361, 2210)","(820, 680)"
"(328, 2290)","(830, 660)"
"(7, 2400)","(750, 750)"
"(187, 2010)","(660, 830)"
"(82, 2110)","(670, 820)"
"(400, 2370)","(890, 610)"
"(82, 1940)","(590, 890)"
"(46, 1660)","(430, 1070)"
"(217, 1780)","(550, 930)"
"(157, 2420)","(810, 690)"
"(10, 1440)","(300, 1200)"
"(244, 2380)","(830, 670)"
"(292, 2490)","(850, 600)"
"(7, 2480)","(770, 720)"
"(13, 1720)","(450, 1030)"
"(46, 1900)","(560, 920)"
"(337, 2140)","(780, 720)"
"(184, 1600)","(420, 1070)"
"(352, 1790)","(610, 880)"
"(40, 2470)","(780, 710)"
"(88, 2590)","(830, 660)"
"(154, 1870)","(580, 910)"
"(82, 2330)","(750, 740)"
"(115, 1640)","(430, 1060)"
"(328, 2300)","(830, 660)"
"(154, 1970)","(630, 860)"
"(115, 2050)","(660, 840)"
"(316, 2120)","(760, 730)"
"(208, 2090)","(710, 790)"
"(145, 2060)","(670, 820)"
"(229, 2270)","(780, 710)"
"(52, 2320)","(740, 760)"
"(121, 2330)","(770, 730)"
"(241, 1540)","(390, 1100)"
"(307, 2360)","(850, 650)"
"(97, 1730)","(480, 1000)"
"(4, 2400)","(750, 750)"
"(292, 2350)","(840, 660)"
"(4, 1740)","(460, 1020)"
"(1, 1440)","(300, 1200)"
"(385, 2600)","(940, 550)"
"(346, 1770)","(600, 900)"
"(31, 1540)","(340, 1160)"
"(118, 1570)","(380, 1110)"
"(118, 2100)","(680, 820)"
"(271, 2080)","(730, 770)"
"(91, 1730)","(480, 1010)"
"(73, 1410)","(300, 1200)"
"(193, 1850)","(590, 910)"
"(70, 2460)","(790, 710)"
"(322, 2340)","(840, 650)"
"(379, 1610)","(500, 1000)"
"(289, 2410)","(850, 640)"
"(349, 2580)","(920, 560)"
"(157, 2520)","(840, 660)"
"(157, 1750)","(520, 980)"
"(112, 1730)","(490, 1010)"
"(256, 1820)","(590, 900)"
"(28, 2570)","(810, 690)"
"(286, 2300)","(820, 680)"
"(391, 1720)","(590, 910)"
"(352, 2430)","(890, 610)"
"(349, 1680)","(540, 960)"
"(400, 2050)","(770, 730)"
"(97, 2130)","(680, 810)"
"(304, 2460)","(870, 620)"
"(331, 2270)","(830, 670)"
"(34, 1940)","(580, 910)"
"(304, 1900)","(660, 840)"
"(49, 1750)","(480, 1010)"
"(235, 2540)","(860, 620)"
"(268, 2210)","(780, 720)"
"(304, 1620)","(480, 1020)"
"(187, 1630)","(450, 1050)"
"(166, 2520)","(840, 660)"
"(355, 2050)","(750, 750)"
"(394, 1540)","(440, 1050)"
"(280, 2000)","(700, 800)"
"(313, 2390)","(850, 630)"
"(310, 1860)","(640, 860)"
"(16, 2440)","(770, 730)"
"(19, 1650)","(410, 1080)"
"(346, 1610)","(480, 1000)"
"(10, 2490)","(780, 720)"
"(31, 2400)","(760, 740)"
"(364, 2450)","(890, 600)"
"(94, 1460)","(300, 1200)"
"(307, 2160)","(770, 720)"
"(115, 1700)","(470, 1020)"
"(166, 1540)","(370, 1130)"
"(343, 2280)","(830, 660)"
"(376, 1630)","(510, 980)"
"(31, 2580)","(810, 690)"
"(298, 1420)","(300, 1200)"
"(253, 1710)","(520, 970)"
"(31, 2550)","(800, 690)"
"(145, 1600)","(410, 1080)"
"(310, 1400)","(300, 1200)"
"(304, 2310)","(830, 670)"
"(250, 2110)","(730, 760)"
"(301, 1550)","(420, 1080)"
"(283, 2540)","(890, 610)"
"(244, 1410)","(300, 1200)"
"(217, 2530)","(850, 630)"
"(352, 1720)","(570, 930)"
"(232, 1960)","(660, 840)"
"(181, 2520)","(840, 650)"
"(175, 2100)","(700, 800)"
"(130, 1890)","(590, 910)"
"(166, 2120)","(700, 790)"
"(235, 1490)","(350, 1150)"
"(265, 1470)","(340, 1160)"
"(298, 2420)","(850, 630)"
"(250, 2160)","(750, 740)"
"(274, 1410)","(300, 1200)"
"(334, 1680)","(530, 960)"
"(301, 2060)","(730, 760)"
"(127, 2120)","(690, 810)"
"(271, 2000)","(690, 800)"
"(268, 2090)","(730, 770)"
"(106, 2540)","(820, 670)"
"(277, 1510)","(380, 1120)"
"(109, 1910)","(590, 910)"
"(166, 1750)","(520, 980)"
"(322, 2530)","(890, 590)"
"(58, 2420)","(770, 720)"
"(355, 1680)","(540, 950)"
"(196, 1440)","(300, 1200)"
"(382, 2570)","(930, 560)"
"(31, 2030)","(620, 870)"
"(52, 2590)","(820, 680)"
"(352, 1820)","(630, 860)"
"(232, 1780)","(560, 940)"
"(139, 2530)","(830, 660)"
"(166, 2430)","(810, 680)"
"(199, 1490)","(340, 1160)"
"(271, 2020)","(700, 790)"
"(247, 1480)","(340, 1160)"
"(250, 1970)","(670, 830)"
"(313, 1620)","(480, 1020)"
"(184, 1900)","(610, 890)"
"(61, 1900)","(570, 930)"
"(58, 2030)","(630, 870)"
"(202, 1680)","(480, 1000)"
"(181, 2510)","(840, 660)"
"(94, 1530)","(340, 1140)"
"(400, 1900)","(700, 800)"
"(7, 1610)","(380, 1110)"
"(37, 2210)","(700, 800)"
"(268, 1480)","(350, 1150)"
"(373, 2030)","(750, 750)"
"(97, 1890)","(570, 910)"
"(163, 2510)","(830, 660)"
"(268, 2200)","(770, 720)"
"(4, 2360)","(740, 760)"
"(355, 2420)","(880, 610)"
"(388, 2130)","(800, 700)"
"(295, 2500)","(860, 600)"
"(61, 1630)","(410, 1090)"
"(52, 1820)","(520, 960)"
"(391, 1870)","(680, 820)"
"(376, 2420)","(890, 600)"
"(61, 1870)","(550, 940)"
"(97, 2370)","(770, 730)"
"(280, 1990)","(690, 800)"
"(112, 2400)","(780, 710)"
"(235, 2120)","(730, 770)"
"(217, 2000)","(670, 820)"
"(106, 2440)","(790, 700)"
"(94, 1820)","(540, 960)"
"(331, 1870)","(650, 840)"
"(229, 1750)","(540, 950)"
"(124, 1490)","(320, 1180)"
"(388, 2170)","(810, 680)"
"(331, 2180)","(790, 700)"
"(265, 2480)","(850, 620)"
"(19, 1730)","(460, 1030)"
"(103, 1740)","(490, 1000)"
"(139, 2370)","(780, 710)"
"(145, 1750)","(510, 980)"
"(91, 2230)","(720, 780)"
"(373, 1670)","(540, 950)"
"(172, 2070)","(690, 810)"
"(253, 1780)","(570, 930)"
"(292, 2120)","(750, 740)"
"(262, 2420)","(840, 650)"
"(16, 2110)","(650, 850)"
"(79, 1720)","(470, 1010)"
"(298, 1620)","(470, 1010)"
"(391, 2500)","(930, 570)"
"(265, 2590)","(900, 600)"
"(178, 2390)","(800, 690)"
"(73, 1740)","(480, 1000)"
"(175, 1760)","(530, 970)"
"(40, 2110)","(660, 840)"
"(334, 1490)","(380, 1120)"
"(118, 2110)","(680, 810)"
"(322, 2330)","(840, 650)"
"(241, 1640)","(470, 1030)"
"(79, 2070)","(650, 840)"
"(64, 2270)","(730, 770)"
"(172, 1690)","(480, 1010)"
"(289, 2300)","(820, 680)"
"(310, 1790)","(600, 900)"
"(31, 2050)","(630, 870)"
"(256, 1920)","(650, 850)"
"(31, 1510)","(310, 1170)"
"(292, 2290)","(820, 680)"
"(31, 2290)","(720, 770)"
"(130, 2110)","(690, 810)"
"(307, 1660)","(510, 990)"
"(106, 2250)","(730, 760)"
"(328, 1880)","(660, 840)"
"(172, 2000)","(650, 840)"
"(352, 2500)","(870, 570)"
"(61, 1590)","(380, 1110)"
"(142, 1500)","(330, 1170)"
"(55, 1890)","(560, 930)"
"(232, 1620)","(450, 1040)"
"(280, 2050)","(720, 780)"
"(160, 1460)","(300, 1200)"
"(88, 1420)","(300, 1200)"
"(136, 1770)","(520, 970)"
"(22, 2430)","(760, 730)"
"(382, 2430)","(870, 580)"
"(214, 2420)","(820, 660)"
"(49, 1650)","(420, 1080)"
"(385, 2480)","(880, 560)"
"(319, 1750)","(570, 910)"
"(256, 1660)","(490, 1010)"
"(178, 2340)","(790, 710)"
"(391, 1410)","(310, 1190)"
"(55, 2290)","(730, 770)"
"(340, 1870)","(660, 840)"
"(187, 2350)","(800, 700)"
"(343, 1410)","(300, 1200)"
"(73, 2500)","(800, 690)"
"(319, 2580)","(910, 580)"
"(55, 2020)","(620, 870)"
"(295, 2180)","(780, 720)"
"(46, 1890)","(560, 940)"
"(265, 1770)","(570, 930)"
"(250, 2010)","(690, 810)"
"(376, 1890)","(680, 810)"
"(340, 1990)","(720, 780)"
"(145, 1620)","(430, 1070)"
"(388, 2580)","(940, 550)"
"(292, 1860)","(630, 870)"
"(376, 2030)","(750, 750)"
"(274, 2090)","(730, 760)"
"(157, 2500)","(830, 670)"
"(148, 2540)","(830, 650)"
"(289, 2310)","(820, 670)"
"(226, 1680)","(490, 1000)"
"(337, 1450)","(340, 1160)"
"(127, 1910)","(590, 890)"
"(259, 2490)","(850, 620)"
"(217, 1720)","(520, 980)"
"(373, 2510)","(900, 570)"
"(112, 1470)","(300, 1200)"
"(328, 1900)","(670, 830)"
"(31, 2230)","(700, 800)"
"(256, 2340)","(810, 680)"
"(130, 1750)","(510, 990)"
"(187, 2540)","(850, 640)"
"(319, 2030)","(730, 770)"
"(52, 1640)","(410, 1070)"
"(256, 1540)","(400, 1100)"
"(112, 1770)","(510, 970)"
"(358, 2240)","(830, 670)"
"(250, 1980)","(670, 820)"
"(202, 2140)","(730, 770)"
"(103, 1880)","(570, 920)"
"(67, 1840)","(540, 960)"
"(193, 2210)","(750, 750)"
"(124, 1620)","(420, 1080)"
"(31, 2430)","(770, 730)"
"(109, 2320)","(760, 740)"
"(295, 1460)","(330, 1150)"
"(142, 2260)","(750, 750)"
"(259, 2280)","(800, 700)"
"(52, 1410)","(300, 1200)"
"(193, 2550)","(830, 620)"
"(55, 1920)","(580, 920)"
"(82, 1760)","(500, 1000)"
"(154, 2550)","(800, 620)"
"(301, 1950)","(680, 820)"
"(304, 1830)","(620, 880)"
"(133, 2050)","(660, 830)"
"(91, 2210)","(710, 780)"
"(61, 2140)","(680, 820)"
"(397, 1790)","(630, 860)"
"(175, 2170)","(730, 770)"
"(103, 1440)","(300, 1200)"
"(58, 1880)","(560, 940)"
"(76, 1800)","(520, 980)"
"(175, 1650)","(460, 1040)"
"(286, 2410)","(850, 640)"
"(67, 2310)","(740, 760)"
"(394, 2170)","(820, 680)"
"(25, 2240)","(700, 790)"
"(163, 2170)","(720, 770)"
"(298, 1590)","(450, 1040)"
"(16, 2260)","(710, 790)"
"(37, 1730)","(470, 1030)"
"(160, 1550)","(380, 1120)"
"(322, 2590)","(910, 570)"
"(85, 2520)","(810, 680)"
"(202, 2000)","(670, 830)"
"(40, 1410)","(300, 1200)"
"(337, 2090)","(760, 740)"
"(271, 1410)","(300, 1200)"
"(196, 1970)","(650, 850)"
"(283, 2530)","(880, 600)"
"(184, 1470)","(310, 1170)"
"(10, 1820)","(510, 980)"
"(334, 1880)","(660, 840)"
"(79, 1680)","(450, 1050)"
"(142, 1410)","(300, 1200)"
"(175, 2340)","(790, 710)"
"(394, 2010)","(750, 750)"
"(181, 2320)","(780, 710)"
"(163, 2020)","(660, 840)"
"(223, 2530)","(860, 630)"
"(85, 2490)","(800, 690)"
"(334, 1840)","(640, 860)"
"(139, 2200)","(730, 770)"
"(85, 1530)","(340, 1150)"
"(376, 1430)","(330, 1170)"
"(55, 1590)","(380, 1120)"
"(10, 2440)","(760, 730)"
"(109, 2090)","(670, 820)"
"(73, 1750)","(490, 1010)"
"(70, 2580)","(820, 670)"
"(286, 1910)","(650, 840)"
"(100, 2400)","(780, 720)"
"(76, 2050)","(640, 850)"
"(205, 1650)","(470, 1030)"
"(1, 1930)","(560, 920)"
"(343, 1950)","(700, 800)"
"(298, 2530)","(870, 590)"
"(391, 2260)","(830, 630)"
"(196, 1590)","(420, 1080)"
"(184, 1830)","(570, 920)"
"(217, 1440)","(300, 1200)"
"(214, 1660)","(480, 1020)"
"(160, 1530)","(360, 1140)"
"(304, 2370)","(850, 650)"
"(196, 2040)","(680, 810)"
"(379, 1800)","(630, 860)"
"(250, 2450)","(850, 650)"
"(259, 2090)","(730, 770)"
"(292, 1750)","(560, 930)"
"(271, 1530)","(390, 1100)"
"(313, 2320)","(830, 660)"
"(163, 1880)","(590, 900)"
"(133, 2290)","(760, 740)"
"(205, 2120)","(720, 780)"
"(19, 2390)","(750, 740)"
"(91, 2590)","(820, 650)"
"(97, 2310)","(750, 750)"
"(355, 2060)","(750, 740)"
"(82, 1530)","(340, 1150)"
"(82, 2160)","(690, 800)"
"(145, 2000)","(650, 850)"
"(61, 2450)","(780, 710)"
"(115, 2110)","(680, 810)"
"(121, 1750)","(500, 980)"
"(295, 1620)","(470, 1010)"
"(280, 1560)","(420, 1080)"
"(325, 2070)","(750, 750)"
"(1, 2440)","(760, 740)"
"(76, 1430)","(300, 1200)"
"(364, 2550)","(930, 570)"
"(388, 2570)","(940, 550)"
"(61, 2360)","(750, 740)"
"(400, 1570)","(470, 1020)"
"(13, 1910)","(560, 940)"
"(241, 1890)","(630, 870)"
"(43, 2330)","(740, 760)"
"(7, 2070)","(620, 850)"
"(400, 2080)","(780, 710)"
"(256, 2370)","(830, 670)"
"(295, 1950)","(680, 820)"
"(313, 2450)","(860, 610)"
"(253, 1700)","(520, 980)"
"(376, 1740)","(590, 900)"
"(100, 1640)","(430, 1070)"
"(205, 2360)","(810, 690)"
"(100, 2530)","(820, 680)"
"(43, 2300)","(730, 770)"
"(43, 2160)","(680, 820)"
"(46, 1510)","(320, 1180)"
"(235, 2310)","(800, 700)"
"(136, 2090)","(680, 810)"
"(106, 1550)","(360, 1130)"
"(289, 1720)","(540, 950)"
"(313, 2220)","(800, 700)"
"(154, 2440)","(810, 680)"
"(277, 1760)","(560, 920)"
"(40, 2170)","(680, 810)"
"(340, 1530)","(410, 1070)"
"(121, 2080)","(670, 820)"
"(232, 1980)","(670, 830)"
"(373, 2160)","(800, 690)"
"(370, 2140)","(790, 700)"
"(364, 1440)","(330, 1150)"
"(358, 2050)","(750, 740)"
"(184, 1990)","(650, 840)"
"(250, 2280)","(800, 700)"
"(103, 2110)","(680, 820)"
"(91, 1960)","(610, 890)"
"(133, 1750)","(510, 990)"
"(343, 2450)","(860, 590)"
"(382, 1820)","(650, 850)"
"(280, 2100)","(740, 760)"
"(46, 1740)","(480, 1020)"
"(217, 2220)","(760, 730)"
"(322, 1600)","(470, 1030)"
"(64, 1800)","(520, 980)"
"(196, 1920)","(620, 870)"
"(103, 2330)","(760, 740)"
"(322, 1450)","(330, 1160)"
"(346, 2500)","(900, 590)"
"(103, 1930)","(600, 900)"
"(106, 1930)","(600, 900)"
"(319, 2090)","(750, 740)"
"(16, 1930)","(570, 930)"
"(352, 2220)","(820, 680)"
"(151, 2280)","(760, 740)"
"(82, 1720)","(470, 1010)"
"(346, 2310)","(850, 650)"
"(88, 2530)","(810, 680)"
"(217, 1810)","(570, 920)"
"(244, 1930)","(650, 850)"
"(259, 1870)","(620, 870)"
"(91, 2430)","(790, 710)"
"(334, 1500)","(380, 1100)"
"(64, 2580)","(820, 680)"
"(376, 1410)","(300, 1180)"
"(370, 1940)","(710, 790)"
"(316, 2260)","(820, 680)"
"(208, 2350)","(800, 690)"
"(154, 1800)","(540, 940)"
"(322, 1470)","(350, 1140)"
"(286, 1500)","(370, 1130)"
"(199, 1810)","(570, 930)"
"(85, 2270)","(730, 760)"
"(334, 1990)","(710, 780)"
"(172, 2350)","(790, 710)"
"(13, 2410)","(750, 740)"
"(40, 1580)","(370, 1130)"
"(358, 1650)","(520, 970)"
"(322, 1850)","(640, 860)"
"(277, 1860)","(620, 870)"
"(250, 1950)","(660, 840)"
"(283, 2050)","(720, 780)"
"(127, 2050)","(660, 830)"
"(199, 2500)","(840, 650)"
"(10, 1980)","(590, 900)"
"(55, 2050)","(640, 860)"
"(94, 2380)","(770, 720)"
"(277, 1740)","(550, 940)"
"(349, 2040)","(740, 750)"
"(391, 1950)","(720, 780)"
"(352, 1830)","(640, 860)"
"(148, 1820)","(550, 930)"
"(232, 1650)","(470, 1010)"
"(37, 1810)","(510, 970)"
"(388, 2590)","(920, 540)"
"(133, 2240)","(740, 760)"
"(55, 1880)","(560, 940)"
"(298, 2300)","(820, 670)"
"(196, 2140)","(720, 770)"
"(322, 2550)","(900, 580)"
"(298, 2160)","(770, 720)"
"(64, 1630)","(410, 1080)"
"(262, 1510)","(370, 1120)"
"(376, 1800)","(630, 870)"
"(85, 2390)","(770, 720)"
"(343, 2070)","(750, 740)"
"(91, 1450)","(300, 1200)"
"(199, 1750)","(530, 970)"
"(88, 1810)","(530, 970)"
"(151, 2550)","(840, 650)"
"(106, 2040)","(650, 850)"
"(70, 1400)","(300, 1200)"
"(31, 1960)","(590, 910)"
"(361, 2560)","(930, 570)"
"(226, 2310)","(800, 700)"
"(10, 1930)","(570, 930)"
"(352, 1550)","(440, 1060)"
"(169, 2510)","(830, 650)"
"(49, 2210)","(700, 800)"
"(388, 1610)","(500, 990)"
"(292, 2420)","(860, 640)"
"(283, 2090)","(740, 760)"
"(157, 1590)","(410, 1090)"
"(100, 2390)","(780, 720)"
"(145, 2120)","(700, 800)"
"(166, 2230)","(750, 750)"
"(208, 2050)","(690, 810)"
"(388, 1620)","(510, 990)"
"(331, 2330)","(850, 650)"
"(118, 1470)","(300, 1200)"
"(373, 2210)","(820, 670)"
"(91, 2150)","(690, 810)"
"(307, 1860)","(640, 860)"
"(310, 2020)","(720, 780)"
"(337, 1430)","(310, 1170)"
"(100, 1850)","(550, 930)"
"(382, 2170)","(810, 680)"
"(121, 1870)","(570, 920)"
"(70, 1450)","(300, 1200)"
"(70, 1520)","(330, 1170)"
"(70, 2330)","(750, 750)"
"(178, 1480)","(320, 1170)"
"(193, 2050)","(680, 810)"
"(130, 2360)","(780, 720)"
"(319, 1400)","(300, 1200)"
"(154, 2590)","(850, 640)"
"(202, 2030)","(680, 820)"
"(190, 2340)","(790, 700)"
"(382, 2020)","(750, 750)"
"(241, 2130)","(740, 760)"
"(385, 2350)","(870, 620)"
"(382, 1910)","(700, 800)"
"(187, 2000)","(660, 840)"
"(25, 2180)","(680, 820)"
"(268, 1690)","(510, 970)"
"(100, 2030)","(640, 850)"
"(58, 1850)","(540, 950)"
"(85, 1590)","(390, 1110)"
"(352, 2050)","(750, 750)"
"(367, 2330)","(860, 640)"
"(304, 1580)","(440, 1040)"
"(331, 1550)","(430, 1070)"
"(19, 2580)","(810, 690)"
"(163, 1750)","(520, 980)"
"(355, 1460)","(350, 1140)"
"(10, 2370)","(740, 750)"
"(139, 1660)","(450, 1040)"
"(34, 2290)","(720, 770)"
"(373, 1640)","(520, 980)"
"(10, 1770)","(480, 1000)"
"(349, 2550)","(920, 580)"
"(178, 1850)","(580, 910)"
"(154, 2310)","(770, 730)"
"(334, 1700)","(550, 950)"
"(241, 1800)","(570, 910)"
"(400, 2550)","(910, 540)"
"(211, 2020)","(680, 820)"
"(169, 2070)","(680, 810)"
"(205, 1820)","(570, 920)"
"(187, 1760)","(530, 960)"
"(118, 1870)","(570, 920)"
"(292, 1550)","(420, 1080)"
"(226, 1400)","(300, 1200)"
"(181, 2490)","(830, 660)"
"(277, 1660)","(500, 1000)"
"(310, 1740)","(560, 920)"
"(55, 2040)","(630, 860)"
"(115, 2550)","(830, 670)"
"(214, 1440)","(300, 1200)"
"(52, 2470)","(790, 710)"
"(367, 2530)","(900, 560)"
"(88, 2330)","(750, 740)"
"(214, 2590)","(860, 610)"
"(391, 2390)","(890, 610)"
"(187, 2590)","(850, 620)"
"(28, 2500)","(790, 710)"
"(355, 1650)","(520, 980)"
"(271, 1980)","(680, 810)"
"(121, 2560)","(830, 660)"
"(379, 1480)","(380, 1120)"
"(31, 1590)","(370, 1110)"
"(16, 2510)","(790, 710)"
"(163, 1540)","(370, 1130)"
"(265, 2600)","(900, 600)"
"(94, 1980)","(620, 880)"
"(283, 2480)","(850, 610)"
"(130, 1510)","(340, 1160)"
"(223, 2430)","(830, 660)"
"(73, 1840)","(540, 950)"
"(166, 2590)","(860, 640)"
"(172, 2270)","(760, 730)"
"(394, 2120)","(800, 700)"
"(103, 2490)","(810, 690)"
"(100, 1470)","(300, 1200)"
"(64, 2370)","(760, 740)"
"(130, 2370)","(780, 710)"
"(190, 1820)","(570, 930)"
"(205, 1420)","(300, 1200)"
"(343, 1580)","(460, 1040)"
"(16, 1460)","(300, 1200)"
"(259, 1510)","(370, 1130)"
"(226, 1800)","(570, 930)"
"(271, 2390)","(840, 660)"
"(1, 1980)","(590, 910)"
"(388, 1540)","(440, 1050)"
"(70, 1740)","(480, 1010)"
"(400, 1530)","(440, 1060)"
"(163, 2520)","(840, 660)"
"(328, 1460)","(340, 1140)"
"(154, 2180)","(720, 770)"
"(313, 1400)","(300, 1200)"
"(196, 2160)","(730, 760)"
"(259, 1730)","(540, 960)"
"(319, 1730)","(560, 930)"
"(169, 1610)","(420, 1060)"
"(304, 1770)","(580, 910)"
"(280, 1760)","(560, 920)"
"(127, 1570)","(380, 1100)"
"(103, 1500)","(320, 1170)"
"(376, 2600)","(940, 560)"
"(229, 2470)","(840, 640)"
"(13, 2450)","(770, 730)"
"(28, 1920)","(570, 930)"
"(343, 2050)","(740, 750)"
"(52, 1570)","(360, 1120)"
"(334, 2480)","(890, 600)"
"(250, 1830)","(600, 900)"
"(10, 2220)","(690, 810)"
"(25, 1630)","(400, 1090)"
"(13, 2180)","(680, 820)"
"(127, 2350)","(770, 720)"
"(181, 2580)","(850, 630)"
"(142, 2530)","(830, 660)"
"(22, 2530)","(790, 700)"
"(340, 1800)","(610, 880)"
"(220, 1470)","(320, 1160)"
"(238, 2600)","(890, 610)"
"(244, 2350)","(820, 680)"
"(304, 1980)","(700, 800)"
"(226, 1890)","(620, 880)"
"(4, 1410)","(300, 1200)"
"(295, 2200)","(790, 710)"
"(187, 1470)","(310, 1170)"
"(196, 2130)","(720, 780)"
"(298, 2240)","(800, 690)"
"(4, 2380)","(740, 750)"
"(238, 1670)","(490, 1000)"
"(391, 2240)","(840, 650)"
"(25, 1430)","(300, 1200)"
"(1, 2090)","(640, 860)"
"(289, 2590)","(890, 580)"
"(109, 2140)","(690, 800)"
"(133, 2450)","(810, 690)"
"(40, 1430)","(300, 1200)"
"(247, 2420)","(840, 660)"
"(232, 2480)","(830, 630)"
"(52, 2220)","(700, 790)"
"(13, 2370)","(740, 750)"
"(142, 1400)","(300, 1200)"
"(367, 1570)","(460, 1040)"
"(259, 1690)","(510, 980)"
"(337, 1800)","(610, 880)"
"(247, 2190)","(760, 730)"
"(163, 1810)","(550, 940)"
"(310, 1560)","(430, 1070)"
"(124, 2560)","(830, 660)"
"(52, 1400)","(300, 1200)"
"(55, 2410)","(770, 730)"
"(154, 2170)","(720, 780)"
"(325, 2040)","(730, 760)"
"(187, 1930)","(630, 870)"
"(7, 1800)","(500, 1000)"
"(139, 2180)","(720, 780)"
"(319, 2440)","(870, 620)"
"(160, 1840)","(570, 930)"
"(118, 2150)","(700, 800)"
"(184, 1490)","(330, 1160)"
"(106, 1430)","(300, 1200)"
"(280, 1780)","(580, 920)"
"(58, 2000)","(610, 870)"
"(10, 2130)","(660, 840)"
"(397, 2260)","(850, 640)"
"(394, 2250)","(850, 650)"
"(259, 1450)","(310, 1170)"
"(172, 1930)","(620, 870)"
"(244, 1540)","(390, 1100)"
"(130, 2580)","(840, 650)"
"(379, 1900)","(690, 810)"
"(367, 2000)","(730, 760)"
"(166, 1630)","(440, 1060)"
"(175, 1710)","(500, 1000)"
"(340, 1840)","(640, 860)"
"(118, 2330)","(760, 730)"
"(109, 1800)","(530, 960)"
"(124, 1570)","(380, 1110)"
"(43, 1430)","(300, 1200)"
"(304, 2380)","(850, 650)"
"(73, 2450)","(790, 710)"
"(199, 2450)","(830, 670)"
"(187, 1640)","(450, 1040)"
"(217, 2430)","(830, 660)"
"(370, 2320)","(860, 640)"
"(67, 2240)","(720, 780)"
"(22, 2450)","(770, 730)"
"(241, 1510)","(370, 1130)"
"(316, 1530)","(410, 1090)"
"(160, 1490)","(330, 1170)"
"(151, 2030)","(660, 840)"
"(289, 2460)","(870, 630)"
"(367, 2480)","(890, 580)"
"(247, 2280)","(790, 700)"
"(160, 2010)","(650, 840)"
"(52, 1950)","(590, 900)"
"(307, 1870)","(640, 850)"
"(172, 2230)","(750, 750)"
"(106, 2270)","(740, 760)"
"(160, 1770)","(530, 970)"
"(88, 2360)","(760, 730)"
"(226, 2270)","(780, 710)"
"(328, 2000)","(720, 780)"
"(19, 1990)","(600, 900)"
"(7, 2430)","(760, 740)"
"(97, 1400)","(300, 1200)"
"(271, 2450)","(860, 640)"
"(76, 2080)","(660, 840)"
"(346, 2270)","(820, 660)"
"(106, 1780)","(520, 980)"
"(202, 1890)","(610, 880)"
"(22, 2420)","(760, 730)"
"(298, 2560)","(900, 600)"
"(262, 2210)","(780, 720)"
"(121, 1790)","(530, 970)"
"(184, 2160)","(730, 770)"
"(175, 1880)","(600, 900)"
"(118, 1850)","(560, 930)"
"(46, 1710)","(460, 1040)"
"(46, 2050)","(630, 860)"
"(385, 1940)","(710, 780)"
"(76, 1600)","(390, 1100)"
"(10, 2390)","(750, 750)"
"(244, 2170)","(750, 740)"
"(202, 2170)","(740, 760)"
"(355, 1440)","(330, 1170)"
"(319, 2560)","(870, 560)"
"(37, 2180)","(680, 810)"
"(202, 1530)","(370, 1120)"
"(229, 1920)","(640, 860)"
"(139, 1670)","(460, 1040)"
"(295, 1960)","(680, 810)"
"(40, 2160)","(680, 820)"
"(10, 1680)","(430, 1070)"
"(10, 1740)","(470, 1030)"
"(364, 1590)","(480, 1020)"
"(22, 1900)","(560, 940)"
"(349, 2090)","(760, 730)"
"(76, 1520)","(330, 1160)"
"(394, 1950)","(720, 770)"
"(220, 2090)","(710, 780)"
"(40, 2190)","(690, 810)"
"(247, 2340)","(810, 680)"
"(31, 2150)","(670, 830)"
"(28, 1910)","(560, 930)"
"(304, 2480)","(870, 610)"
"(394, 1480)","(390, 1110)"
"(313, 2040)","(730, 770)"
"(262, 2230)","(780, 710)"
"(295, 1790)","(590, 910)"
"(106, 2230)","(730, 770)"
"(64, 1880)","(560, 940)"
"(175, 2050)","(680, 820)"
"(376, 2270)","(840, 650)"
"(82, 1610)","(400, 1090)"
"(280, 2460)","(860, 630)"
"(151, 1540)","(370, 1130)"
"(340, 2170)","(790, 700)"
"(364, 1870)","(670, 830)"
"(163, 1460)","(300, 1200)"
"(184, 2270)","(770, 730)"
"(337, 1480)","(370, 1130)"
"(310, 1700)","(540, 960)"
"(379, 1890)","(680, 810)"
"(52, 2240)","(710, 780)"
"(229, 1890)","(620, 870)"
"(190, 1500)","(340, 1150)"
"(331, 1720)","(560, 940)"
"(217, 2440)","(830, 660)"
"(214, 1580)","(420, 1080)"
"(55, 1640)","(410, 1070)"
"(394, 1690)","(560, 920)"
"(64, 2550)","(810, 680)"
"(313, 1510)","(390, 1110)"
"(292, 2020)","(710, 790)"
"(382, 1520)","(420, 1080)"
"(172, 2190)","(730, 760)"
"(208, 1590)","(420, 1070)"
"(67, 2350)","(750, 740)"
"(61, 2030)","(630, 870)"
"(28, 2280)","(720, 780)"
"(181, 2110)","(710, 790)"
"(391, 2140)","(800, 690)"
"(304, 1940)","(680, 820)"
"(79, 1940)","(590, 890)"
"(391, 1670)","(550, 950)"
"(247, 1610)","(450, 1050)"
"(205, 1750)","(530, 960)"
"(340, 2160)","(790, 710)"
"(247, 1850)","(610, 890)"
"(178, 1430)","(300, 1200)"
"(109, 2080)","(670, 830)"
"(349, 1620)","(490, 990)"
"(10, 1720)","(450, 1030)"
"(205, 2240)","(760, 730)"
"(187, 2390)","(810, 690)"
"(88, 2040)","(640, 850)"
"(265, 2250)","(790, 700)"
"(25, 2280)","(720, 780)"
"(118, 2390)","(780, 710)"
"(334, 2460)","(870, 600)"
"(289, 2380)","(840, 650)"
"(367, 1710)","(570, 930)"
"(352, 1980)","(720, 780)"
"(370, 2530)","(880, 550)"
"(301, 2550)","(900, 600)"
"(148, 1740)","(510, 990)"
"(376, 2470)","(890, 580)"
"(40, 2240)","(710, 790)"
"(391, 1550)","(450, 1040)"
"(70, 2360)","(760, 740)"
"(7, 2530)","(790, 710)"
"(217, 1800)","(570, 930)"
"(187, 1800)","(560, 940)"
"(232, 2490)","(850, 640)"
"(307, 1850)","(630, 870)"
"(145, 1540)","(360, 1120)"
"(328, 1930)","(680, 810)"
"(337, 2530)","(910, 590)"
"(340, 1810)","(620, 880)"
"(301, 1510)","(380, 1100)"
"(277, 1400)","(300, 1200)"
"(52, 2090)","(650, 840)"
"(193, 2080)","(700, 800)"
"(172, 2300)","(770, 720)"
"(316, 1770)","(590, 910)"
"(298, 1690)","(530, 970)"
"(103, 1940)","(600, 890)"
"(337, 2440)","(860, 600)"
"(373, 2330)","(860, 630)"
"(43, 1560)","(350, 1130)"
"(37, 2360)","(750, 750)"
"(49, 1520)","(320, 1150)"
"(229, 1760)","(550, 950)"
"(238, 1810)","(580, 920)"
"(397, 2050)","(770, 730)"
"(400, 1670)","(550, 940)"
"(85, 2420)","(780, 710)"
"(277, 1650)","(490, 1010)"
"(28, 1430)","(300, 1200)"
"(172, 1560)","(390, 1110)"
"(232, 1990)","(670, 820)"
"(55, 2270)","(720, 770)"
"(205, 1540)","(380, 1110)"
"(310, 1770)","(580, 910)"
"(301, 1680)","(520, 980)"
"(358, 2000)","(730, 770)"
"(61, 2150)","(680, 820)"
"(199, 1690)","(490, 1000)"
"(379, 2370)","(840, 590)"
"(61, 2090)","(660, 840)"
"(163, 2310)","(770, 720)"
"(232, 1690)","(500, 990)"
"(370, 1820)","(640, 860)"
"(304, 2510)","(890, 610)"
"(91, 1590)","(390, 1110)"
"(37, 1600)","(380, 1110)"
"(1, 1470)","(300, 1200)"
"(283, 2400)","(840, 640)"
"(316, 2530)","(870, 580)"
"(118, 2010)","(640, 860)"
"(295, 1590)","(450, 1050)"
"(112, 1820)","(540, 950)"
"(370, 2350)","(860, 620)"
"(346, 1690)","(540, 940)"
"(76, 2170)","(690, 800)"
"(127, 1670)","(450, 1030)"
"(349, 2390)","(860, 620)"
"(262, 2260)","(790, 700)"
"(79, 1870)","(560, 940)"
"(136, 1630)","(430, 1070)"
"(247, 1920)","(640, 850)"
"(250, 2390)","(830, 660)"
"(313, 1700)","(540, 960)"
"(187, 2110)","(710, 790)"
"(301, 1800)","(600, 900)"
"(112, 1930)","(600, 900)"
"(295, 1640)","(490, 1010)"
"(280, 1690)","(520, 980)"
"(31, 2440)","(770, 730)"
"(175, 1430)","(300, 1200)"
"(385, 1790)","(630, 870)"
"(259, 2000)","(690, 810)"
"(112, 2580)","(840, 660)"
"(61, 2070)","(650, 850)"
"(391, 2160)","(810, 680)"
"(190, 1720)","(510, 990)"
"(328, 1560)","(440, 1060)"
"(298, 1990)","(700, 800)"
"(304, 2000)","(710, 790)"
"(76, 2520)","(810, 690)"
"(361, 2320)","(840, 630)"
"(25, 2410)","(760, 740)"
"(262, 1610)","(450, 1030)"
"(358, 1460)","(350, 1140)"
"(241, 2390)","(830, 670)"
"(217, 1930)","(640, 860)"
"(139, 2220)","(730, 760)"
"(367, 2600)","(930, 550)"
"(85, 1820)","(530, 950)"
"(109, 1820)","(540, 950)"
"(187, 2410)","(810, 680)"
"(139, 1570)","(390, 1110)"
"(70, 2090)","(660, 840)"
"(103, 2260)","(740, 760)"
"(97, 2000)","(630, 870)"
"(118, 1410)","(300, 1200)"
"(142, 1920)","(600, 880)"
"(73, 2520)","(810, 690)"
"(163, 1410)","(300, 1200)"
"(136, 1560)","(380, 1120)"
"(139, 1720)","(490, 1000)"
"(115, 2070)","(670, 830)"
"(271, 2090)","(730, 760)"
"(193, 2220)","(750, 740)"
"(118, 1890)","(580, 910)"
"(193, 1460)","(310, 1190)"
"(160, 2230)","(740, 750)"
"(205, 2270)","(780, 720)"
"(4, 1580)","(360, 1140)"
"(31, 1930)","(570, 910)"
"(4, 1630)","(390, 1090)"
"(277, 1970)","(680, 820)"
"(142, 1630)","(430, 1060)"
"(127, 2460)","(810, 690)"
"(391, 1750)","(610, 890)"
"(31, 2020)","(620, 880)"
"(175, 1750)","(520, 970)"
"(142, 1490)","(320, 1170)"
"(193, 1900)","(610, 880)"
"(73, 1400)","(300, 1200)"
"(310, 2150)","(770, 720)"
"(373, 1440)","(340, 1160)"
"(118, 1740)","(500, 1000)"
"(109, 2180)","(710, 790)"
"(103, 1980)","(620, 870)"
"(268, 2420)","(850, 650)"
"(112, 1540)","(360, 1140)"
"(232, 1640)","(470, 1030)"
"(217, 2380)","(820, 680)"
"(58, 2520)","(800, 690)"
"(298, 1870)","(640, 860)"
"(310, 2390)","(860, 640)"
"(241, 2330)","(810, 690)"
"(115, 2190)","(710, 780)"
"(379, 1560)","(460, 1040)"
"(355, 2360)","(870, 630)"
"(301, 2360)","(840, 650)"
"(190, 1840)","(580, 920)"
"(187, 2060)","(690, 810)"
"(382, 1470)","(370, 1120)"
"(199, 1400)","(300, 1200)"
"(160, 1660)","(460, 1040)"
"(178, 2330)","(790, 710)"
"(301, 2190)","(780, 710)"
"(175, 2380)","(800, 700)"
"(205, 2420)","(820, 670)"
"(259, 1720)","(530, 960)"
"(277, 2020)","(700, 790)"
"(244, 1580)","(420, 1060)"
"(142, 1890)","(590, 910)"
"(133, 2140)","(700, 800)"
"(298, 1890)","(650, 850)"
"(208, 1710)","(510, 990)"
"(139, 2400)","(790, 700)"
"(223, 2330)","(800, 690)"
"(31, 2130)","(660, 830)"
"(103, 1750)","(500, 1000)"
"(118, 1630)","(420, 1060)"
"(346, 2360)","(860, 630)"
"(121, 1910)","(590, 900)"
"(376, 2550)","(870, 530)"
"(40, 1650)","(420, 1080)"
"(139, 1450)","(300, 1200)"
"(1, 1560)","(340, 1130)"
"(199, 1870)","(600, 900)"
"(94, 2360)","(770, 730)"
"(118, 2220)","(730, 770)"
"(85, 2340)","(760, 740)"
"(49, 2390)","(760, 740)"
"(130, 1600)","(410, 1090)"
"(304, 2040)","(720, 770)"
"(175, 1960)","(640, 860)"
"(100, 2090)","(670, 830)"
"(244, 2580)","(870, 600)"
"(127, 2440)","(800, 690)"
"(175, 2420)","(810, 680)"
"(103, 1970)","(620, 880)"
"(229, 1710)","(510, 970)"
"(16, 2030)","(610, 870)"
"(16, 1970)","(590, 910)"
"(271, 1900)","(640, 850)"
"(334, 1640)","(500, 990)"
"(289, 1630)","(480, 1020)"
"(10, 2550)","(790, 700)"
"(52, 2060)","(640, 860)"
"(7, 2470)","(770, 720)"
"(193, 1890)","(610, 890)"
"(142, 2080)","(680, 820)"
"(55, 1520)","(330, 1170)"
"(64, 1930)","(580, 900)"
"(106, 1810)","(530, 950)"
"(361, 1800)","(620, 870)"
"(4, 1900)","(550, 940)"
"(292, 1700)","(530, 960)"
"(385, 1820)","(650, 850)"
"(139, 2210)","(730, 770)"
"(334, 1650)","(510, 980)"
"(229, 2420)","(830, 660)"
"(343, 1810)","(620, 870)"
"(322, 2510)","(890, 590)"
"(310, 2110)","(760, 740)"
"(238, 1570)","(420, 1080)"
"(145, 1650)","(450, 1050)"
"(235, 2060)","(700, 790)"
"(67, 1860)","(550, 950)"
"(298, 2590)","(890, 580)"
"(226, 2130)","(730, 770)"
"(211, 1410)","(300, 1200)"
"(367, 2550)","(890, 550)"
"(310, 2160)","(780, 720)"
"(349, 2110)","(770, 720)"
"(226, 1860)","(600, 890)"
"(175, 1620)","(430, 1050)"
"(262, 2550)","(880, 610)"
"(106, 1960)","(610, 880)"
"(100, 2360)","(770, 730)"
"(16, 1600)","(380, 1120)"
"(373, 1420)","(310, 1170)"
"(145, 2150)","(710, 790)"
"(1, 1810)","(500, 980)"
"(322, 2570)","(910, 590)"
"(166, 1620)","(430, 1060)"
"(238, 2170)","(750, 740)"
"(19, 2440)","(770, 730)"
"(397, 2080)","(780, 710)"
"(163, 2390)","(800, 700)"
"(76, 1530)","(340, 1160)"
"(37, 2560)","(810, 690)"
"(250, 2560)","(870, 610)"
"(19, 1810)","(510, 990)"
"(79, 1930)","(590, 910)"
"(391, 2280)","(860, 640)"
"(127, 1510)","(330, 1140)"
"(337, 2170)","(790, 700)"
"(178, 2370)","(800, 700)"
"(184, 1960)","(640, 860)"
"(106, 2140)","(690, 800)"
"(265, 1830)","(600, 890)"
"(391, 1600)","(490, 990)"
"(391, 1650)","(530, 950)"
"(190, 1910)","(620, 880)"
"(331, 2360)","(860, 640)"
"(388, 1830)","(650, 840)"
"(340, 1470)","(360, 1140)"
"(160, 1540)","(370, 1130)"
"(322, 1710)","(550, 950)"
"(274, 1400)","(300, 1200)"
"(238, 2490)","(850, 630)"
"(280, 2470)","(840, 610)"
"(343, 1960)","(700, 790)"
"(289, 1440)","(310, 1180)"
"(352, 1750)","(590, 910)"
"(358, 2370)","(860, 620)"
"(61, 1470)","(300, 1200)"
"(358, 2350)","(860, 630)"
"(118, 1680)","(460, 1040)"
"(208, 2220)","(760, 740)"
"(160, 1700)","(480, 1000)"
"(64, 1550)","(350, 1140)"
"(34, 1870)","(540, 940)"
"(382, 2290)","(850, 640)"
"(286, 2240)","(800, 700)"
"(343, 2000)","(720, 770)"
"(400, 1410)","(310, 1180)"
"(97, 1530)","(340, 1140)"
"(109, 1470)","(300, 1200)"
"(346, 2480)","(900, 590)"
"(346, 2190)","(800, 690)"
"(46, 1830)","(530, 970)"
"(277, 2460)","(850, 620)"
"(169, 2550)","(850, 650)"
"(97, 2280)","(740, 760)"
"(52, 2140)","(670, 820)"
"(118, 2490)","(810, 680)"
"(349, 1650)","(520, 980)"
"(175, 2190)","(730, 760)"
"(94, 1780)","(510, 970)"
"(79, 2360)","(760, 740)"
"(241, 2500)","(840, 620)"
"(61, 1700)","(460, 1040)"
"(295, 1930)","(670, 830)"
"(328, 2470)","(890, 610)"
"(274, 2580)","(880, 590)"
"(121, 1820)","(540, 940)"
"(391, 2070)","(780, 720)"
"(109, 2070)","(660, 830)"
"(286, 1670)","(510, 990)"
"(253, 1600)","(440, 1040)"
"(4, 2050)","(620, 870)"
"(400, 2310)","(830, 600)"
"(238, 2140)","(740, 760)"
"(217, 1980)","(660, 830)"
"(28, 1470)","(300, 1200)"
"(361, 2580)","(920, 560)"
"(154, 1430)","(300, 1200)"
"(346, 2420)","(860, 600)"
"(187, 1650)","(460, 1040)"
"(214, 1460)","(310, 1180)"
"(49, 1600)","(390, 1110)"
"(31, 2000)","(610, 890)"
"(67, 1980)","(610, 890)"
"(127, 2090)","(680, 820)"
"(100, 1790)","(520, 970)"
"(304, 1810)","(610, 890)"
"(355, 1860)","(660, 840)"
"(73, 1660)","(430, 1060)"
"(73, 1640)","(420, 1080)"
"(340, 1880)","(660, 840)"
"(55, 1440)","(300, 1200)"
"(133, 1680)","(460, 1020)"
"(28, 2590)","(810, 680)"
"(61, 1760)","(490, 1000)"
"(19, 2070)","(630, 860)"
"(154, 1790)","(540, 960)"
"(391, 1660)","(540, 950)"
"(115, 2500)","(820, 680)"
"(247, 2460)","(850, 640)"
"(46, 2030)","(620, 860)"
"(178, 2040)","(670, 820)"
"(367, 2070)","(760, 730)"
"(25, 1850)","(530, 960)"
"(286, 1630)","(480, 1020)"
"(124, 2390)","(790, 710)"
"(292, 2260)","(810, 690)"
"(289, 1830)","(610, 880)"
"(358, 2220)","(820, 680)"
"(13, 2470)","(770, 720)"
"(139, 1400)","(300, 1200)"
"(367, 2140)","(790, 700)"
"(100, 2600)","(840, 660)"
"(322, 1620)","(480, 1010)"
"(382, 1400)","(300, 1200)"
"(196, 1960)","(640, 850)"
"(151, 2580)","(840, 640)"
"(310, 1930)","(670, 820)"
"(301, 2370)","(840, 650)"
"(328, 2190)","(800, 700)"
"(334, 2560)","(910, 580)"
"(166, 1670)","(470, 1030)"
"(328, 2200)","(800, 700)"
"(154, 2430)","(810, 690)"
"(22, 2480)","(780, 720)"
"(22, 1670)","(430, 1070)"
"(193, 1720)","(510, 990)"
"(286, 2400)","(850, 650)"
"(142, 1420)","(300, 1200)"
"(307, 2250)","(810, 690)"
"(175, 2080)","(690, 800)"
"(211, 2440)","(830, 660)"
"(268, 2240)","(790, 710)"
"(367, 1540)","(430, 1060)"
"(58, 1630)","(410, 1090)"
"(253, 1410)","(300, 1200)"
"(307, 2290)","(820, 670)"
"(115, 1610)","(410, 1090)"
"(148, 1690)","(470, 1010)"
"(391, 2110)","(790, 700)"
"(226, 1920)","(640, 860)"
"(13, 1900)","(550, 930)"
"(340, 1610)","(480, 1010)"
"(34, 2320)","(730, 760)"
"(136, 1900)","(590, 900)"
"(16, 2460)","(770, 720)"
"(154, 2450)","(810, 680)"
"(136, 1520)","(350, 1150)"
"(391, 1500)","(400, 1080)"
"(364, 2380)","(870, 620)"
"(316, 1830)","(620, 870)"
"(256, 1870)","(620, 870)"
"(256, 2130)","(740, 750)"
"(82, 1900)","(570, 910)"
"(259, 2560)","(880, 610)"
"(292, 1630)","(480, 1020)"
"(82, 1710)","(470, 1030)"
"(301, 1410)","(300, 1200)"
"(208, 1730)","(520, 970)"
"(28, 1440)","(300, 1200)"
"(151, 2210)","(730, 760)"
"(289, 2580)","(900, 590)"
"(202, 1800)","(560, 930)"
"(283, 1960)","(680, 820)"
"(40, 1420)","(300, 1200)"
"(133, 2410)","(790, 700)"
"(100, 1930)","(600, 900)"
"(370, 2390)","(880, 610)"
"(52, 2280)","(730, 770)"
"(376, 1790)","(620, 870)"
"(349, 1590)","(470, 1030)"
"(79, 1690)","(450, 1030)"
"(172, 1760)","(530, 970)"
"(13, 2420)","(760, 740)"
"(334, 2140)","(780, 720)"
"(235, 2040)","(700, 800)"
"(367, 2570)","(930, 570)"
"(31, 2490)","(780, 710)"
"(196, 2080)","(700, 800)"
"(265, 1900)","(640, 860)"
"(16, 1660)","(420, 1080)"
"(193, 1520)","(360, 1140)"
"(316, 1400)","(300, 1200)"
"(361, 2140)","(790, 710)"
"(298, 1490)","(360, 1120)"
"(316, 2170)","(780, 710)"
"(184, 2320)","(780, 710)"
"(151, 1650)","(450, 1050)"
"(253, 1470)","(330, 1160)"
"(250, 2370)","(830, 670)"
"(382, 2470)","(910, 580)"
"(349, 1690)","(550, 950)"
"(1, 1700)","(440, 1060)"
"(241, 2250)","(780, 710)"
"(265, 2090)","(730, 770)"
"(55, 1500)","(310, 1190)"
"(325, 1570)","(440, 1040)"
"(187, 2160)","(730, 770)"
"(319, 2290)","(830, 670)"
"(232, 1590)","(430, 1070)"
"(340, 2380)","(850, 620)"
"(190, 2070)","(690, 800)"
"(196, 1940)","(630, 860)"
"(124, 2090)","(680, 820)"
"(382, 2220)","(830, 670)"
"(217, 1710)","(510, 980)"
"(7, 2600)","(810, 690)"
"(346, 1650)","(520, 980)"
"(400, 2180)","(810, 660)"
"(157, 2450)","(820, 680)"
"(64, 1810)","(520, 970)"
"(220, 2410)","(830, 670)"
"(133, 2020)","(650, 850)"
"(394, 1440)","(340, 1140)"
"(175, 1770)","(530, 950)"
"(73, 2580)","(810, 660)"
"(172, 1500)","(340, 1160)"
"(202, 1820)","(570, 920)"
"(133, 2060)","(670, 830)"
"(184, 1580)","(410, 1090)"
"(292, 1960)","(680, 810)"
"(166, 1470)","(310, 1190)"
"(397, 2360)","(870, 600)"
"(136, 2560)","(840, 660)"
"(325, 1520)","(400, 1100)"
"(43, 1450)","(300, 1200)"
"(28, 1550)","(340, 1140)"
"(34, 2260)","(710, 780)"
"(193, 1680)","(480, 1010)"
"(76, 1960)","(600, 890)"
"(307, 2000)","(710, 790)"
"(10, 1690)","(440, 1060)"
"(124, 1400)","(300, 1200)"
"(220, 2530)","(840, 620)"
"(64, 2290)","(730, 760)"
"(325, 2170)","(790, 710)"
"(187, 1420)","(300, 1200)"
"(133, 1530)","(350, 1130)"
"(127, 1540)","(360, 1140)"
"(337, 1550)","(430, 1060)"
"(223, 2560)","(870, 630)"
"(31, 2080)","(640, 850)"
"(106, 1650)","(440, 1060)"
"(202, 1720)","(510, 980)"
"(313, 1840)","(630, 870)"
"(370, 2190)","(810, 680)"
"(364, 2500)","(900, 580)"
"(172, 1660)","(460, 1030)"
"(310, 1830)","(620, 880)"
"(37, 1820)","(520, 980)"
"(124, 2070)","(670, 830)"
"(238, 1880)","(620, 880)"
"(316, 1920)","(670, 820)"
"(304, 1590)","(450, 1040)"
"(373, 1430)","(330, 1170)"
"(217, 2570)","(850, 610)"
"(175, 1580)","(400, 1080)"
"(22, 2120)","(660, 840)"
"(58, 2480)","(790, 710)"
"(163, 2530)","(830, 650)"
"(304, 1710)","(540, 950)"
"(295, 2450)","(870, 630)"
"(31, 2450)","(770, 720)"
"(184, 2190)","(740, 760)"
"(88, 2320)","(750, 750)"
"(151, 1510)","(340, 1150)"
"(262, 1800)","(580, 910)"
"(211, 1760)","(540, 960)"
"(304, 2300)","(820, 670)"
"(340, 2240)","(820, 680)"
"(376, 2330)","(850, 620)"
"(142, 1530)","(360, 1140)"
"(106, 1990)","(630, 870)"
"(313, 1710)","(550, 950)"
"(292, 2130)","(760, 740)"
"(328, 2560)","(910, 580)"
"(112, 2480)","(810, 690)"
"(157, 2590)","(850, 640)"
"(235, 2340)","(810, 690)"
"(301, 1610)","(470, 1030)"
"(256, 1560)","(410, 1080)"
"(271, 2490)","(870, 620)"
"(361, 1640)","(510, 970)"
"(151, 2360)","(790, 710)"
"(394, 2190)","(820, 670)"
"(328, 2240)","(810, 680)"
"(277, 2220)","(790, 710)"
"(79, 1770)","(500, 980)"
"(13, 2480)","(780, 720)"
"(223, 2360)","(810, 680)"
"(1, 1990)","(590, 900)"
"(289, 2520)","(840, 580)"
"(238, 1820)","(580, 900)"
"(280, 2570)","(900, 600)"
"(115, 1540)","(360, 1140)"
"(241, 2110)","(730, 770)"
"(70, 2560)","(820, 680)"
"(190, 1850)","(580, 900)"
"(289, 1420)","(300, 1200)"
"(40, 2540)","(800, 690)"
"(181, 2240)","(760, 740)"
"(379, 1850)","(660, 830)"
"(349, 1580)","(460, 1030)"
"(61, 2320)","(740, 750)"
"(37, 2150)","(670, 820)"
"(235, 1910)","(630, 860)"
"(271, 2120)","(740, 750)"
"(1, 2250)","(700, 800)"
"(166, 2600)","(850, 630)"
"(151, 1450)","(300, 1200)"
"(121, 1960)","(620, 880)"
"(145, 2420)","(800, 690)"
"(130, 2430)","(800, 700)"
"(136, 2110)","(690, 810)"
"(7, 2200)","(680, 810)"
"(139, 2270)","(750, 740)"
"(175, 2020)","(660, 830)"
"(157, 1600)","(410, 1070)"
"(130, 2220)","(730, 770)"
"(88, 1600)","(400, 1100)"
"(151, 2060)","(670, 820)"
"(148, 2210)","(730, 760)"
"(40, 1620)","(400, 1100)"
"(160, 1630)","(440, 1060)"
"(295, 1910)","(660, 840)"
"(13, 2540)","(790, 700)"
"(319, 2420)","(870, 630)"
"(304, 1970)","(690, 800)"
"(277, 1550)","(410, 1080)"
"(52, 1470)","(300, 1200)"
"(112, 1460)","(300, 1200)"
"(232, 2600)","(850, 590)"
"(238, 1800)","(570, 920)"
"(79, 1820)","(530, 960)"
"(376, 2150)","(800, 690)"
"(121, 2380)","(780, 710)"
"(55, 1430)","(300, 1200)"
"(148, 2520)","(830, 660)"
"(85, 2200)","(710, 790)"
"(193, 1550)","(390, 1110)"
"(22, 1640)","(410, 1090)"
"(70, 2490)","(800, 700)"
"(214, 2400)","(820, 670)"
"(319, 1580)","(450, 1050)"
"(388, 1980)","(730, 760)"
"(244, 2230)","(780, 720)"
"(208, 1790)","(560, 940)"
"(67, 1580)","(380, 1120)"
"(190, 2440)","(820, 670)"
"(109, 1980)","(620, 870)"
"(352, 2010)","(730, 770)"
"(166, 1400)","(300, 1200)"
"(337, 1660)","(520, 980)"
"(148, 2370)","(790, 710)"
"(310, 1660)","(510, 990)"
"(247, 1900)","(630, 860)"
"(151, 1600)","(410, 1080)"
"(349, 1920)","(690, 810)"
"(358, 1890)","(670, 820)"
"(334, 2570)","(870, 550)"
"(388, 2540)","(910, 550)"
"(64, 2090)","(660, 840)"
"(388, 1460)","(360, 1130)"
"(292, 2430)","(840, 620)"
"(226, 1570)","(410, 1080)"
"(283, 2220)","(790, 710)"
"(214, 2050)","(690, 800)"
"(286, 2110)","(750, 750)"
"(1, 1690)","(430, 1050)"
"(145, 2030)","(660, 840)"
"(139, 2580)","(850, 650)"
"(391, 1690)","(560, 930)"
"(49, 2010)","(620, 880)"
"(385, 2220)","(830, 660)"
"(184, 2380)","(800, 690)"
"(268, 1610)","(460, 1040)"
"(70, 1790)","(510, 980)"
"(214, 2270)","(780, 720)"
"(127, 2130)","(690, 800)"
"(124, 1650)","(440, 1050)"
"(145, 2450)","(810, 680)"
"(82, 2380)","(770, 730)"
"(61, 1450)","(300, 1200)"
"(274, 1560)","(420, 1080)"
"(325, 1950)","(690, 810)"
"(4, 1610)","(380, 1110)"
"(271, 1960)","(670, 820)"
"(115, 2460)","(800, 690)"
"(4, 1980)","(590, 910)"
"(259, 2190)","(770, 730)"
"(37, 1620)","(400, 1100)"
"(370, 1860)","(660, 830)"
"(154, 1490)","(320, 1160)"
"(346, 1790)","(610, 880)"
"(106, 2410)","(790, 710)"
"(196, 1980)","(650, 840)"
"(40, 1920)","(570, 920)"
"(247, 2090)","(720, 770)"
"(397, 1880)","(690, 810)"
"(85, 1490)","(310, 1190)"
"(292, 2380)","(850, 650)"
"(328, 1740)","(570, 920)"
"(70, 1410)","(300, 1200)"
"(280, 1870)","(630, 870)"
"(388, 2520)","(930, 570)"
"(58, 1560)","(360, 1140)"
"(43, 2550)","(810, 690)"
"(349, 1900)","(680, 820)"
"(286, 2080)","(730, 760)"
"(175, 2230)","(750, 750)"
"(247, 2060)","(710, 790)"
"(163, 2060)","(680, 820)"
"(331, 2040)","(740, 760)"
"(82, 2600)","(830, 660)"
"(109, 2280)","(740, 750)"
"(43, 1480)","(300, 1200)"
"(298, 1500)","(370, 1110)"
"(163, 1900)","(600, 890)"
"(97, 1850)","(550, 930)"
"(67, 1940)","(590, 900)"
"(346, 2400)","(860, 610)"
"(70, 2140)","(680, 820)"
"(184, 2490)","(840, 660)"
"(232, 1970)","(660, 830)"
"(358, 1820)","(630, 860)"
"(313, 1500)","(380, 1120)"
"(349, 1990)","(720, 780)"
"(175, 1780)","(540, 960)"
"(28, 1710)","(450, 1040)"
"(172, 2130)","(710, 790)"
"(400, 2590)","(950, 550)"
"(361, 2080)","(770, 730)"
"(376, 2320)","(850, 630)"
"(286, 1770)","(570, 920)"
"(88, 1740)","(490, 1010)"
"(7, 2240)","(700, 800)"
"(232, 1790)","(570, 930)"
"(289, 2500)","(880, 620)"
"(298, 1720)","(550, 950)"
"(1, 2470)","(770, 730)"
"(379, 2460)","(890, 580)"
"(55, 2250)","(720, 780)"
"(208, 1770)","(540, 940)"
"(256, 2110)","(730, 760)"
"(76, 1560)","(360, 1130)"
"(334, 2410)","(870, 620)"
"(190, 1940)","(630, 860)"
"(340, 2290)","(820, 650)"
"(16, 1650)","(410, 1080)"
"(190, 1750)","(530, 970)"
"(352, 1560)","(450, 1050)"
"(274, 1950)","(670, 830)"
"(148, 2140)","(710, 790)"
"(274, 2300)","(810, 680)"
"(241, 1610)","(450, 1050)"
"(385, 2130)","(800, 700)"
"(115, 1720)","(480, 1000)"
"(121, 2170)","(710, 790)"
"(28, 1750)","(480, 1020)"
"(202, 1500)","(350, 1150)"
"(319, 1420)","(300, 1200)"
"(184, 2300)","(780, 720)"
"(211, 2150)","(730, 760)"
"(139, 1510)","(340, 1160)"
"(163, 2350)","(790, 710)"
"(1, 1670)","(420, 1070)"
"(112, 1700)","(470, 1020)"
"(307, 1500)","(380, 1120)"
"(46, 1750)","(480, 1010)"
"(112, 1480)","(310, 1190)"
"(370, 1500)","(400, 1100)"
"(112, 1440)","(300, 1200)"
"(199, 2270)","(770, 720)"
"(358, 1430)","(320, 1170)"
"(214, 1720)","(520, 980)"
"(91, 2300)","(740, 750)"
"(148, 2340)","(780, 720)"
"(163, 1620)","(430, 1060)"
"(286, 1620)","(470, 1020)"
"(124, 1880)","(580, 920)"
"(319, 2510)","(880, 590)"
"(358, 1450)","(340, 1150)"
"(223, 1810)","(570, 910)"
"(328, 1710)","(550, 940)"
"(82, 1410)","(300, 1200)"
"(304, 2520)","(890, 600)"
"(304, 2200)","(790, 710)"
"(328, 2270)","(820, 670)"
"(196, 1750)","(530, 970)"
"(52, 2010)","(620, 880)"
"(334, 2220)","(810, 690)"
"(133, 2110)","(690, 810)"
"(226, 2210)","(760, 730)"
"(367, 2250)","(820, 650)"
"(118, 1400)","(300, 1200)"
"(256, 1700)","(520, 980)"
"(31, 2220)","(700, 800)"
"(349, 1800)","(620, 880)"
"(7, 1440)","(300, 1200)"
"(349, 2340)","(850, 640)"
"(337, 2470)","(880, 600)"
"(364, 1690)","(550, 940)"
"(79, 1800)","(520, 970)"
"(10, 1660)","(420, 1080)"
"(139, 2600)","(830, 630)"
"(82, 2140)","(680, 810)"
"(73, 2280)","(730, 760)"
"(373, 2390)","(880, 610)"
"(340, 1570)","(450, 1050)"
"(52, 1750)","(480, 1000)"
"(160, 1650)","(450, 1040)"
"(307, 1680)","(520, 970)"
"(175, 2510)","(840, 660)"
"(61, 1880)","(560, 940)"
"(361, 2220)","(820, 680)"
"(391, 2480)","(900, 570)"
"(316, 1860)","(640, 860)"
"(289, 1980)","(690, 810)"
"(322, 2070)","(740, 750)"
"(247, 1630)","(460, 1020)"
"(361, 2020)","(740, 760)"
"(163, 1960)","(630, 860)"
"(400, 1690)","(570, 930)"
"(133, 1450)","(300, 1200)"
"(55, 2010)","(620, 880)"
"(202, 1880)","(600, 880)"
"(55, 1980)","(600, 880)"
"(184, 2120)","(710, 780)"
"(373, 2150)","(800, 700)"
"(265, 2040)","(710, 790)"
"(304, 1860)","(630, 860)"
"(220, 2170)","(740, 750)"
"(217, 2100)","(710, 780)"
"(175, 2410)","(810, 690)"
"(268, 1730)","(540, 950)"
"(238, 2560)","(870, 620)"
"(4, 1970)","(580, 900)"
"(250, 1750)","(550, 950)"
"(385, 1800)","(630, 860)"
"(310, 1630)","(490, 1010)"
"(34, 2380)","(750, 740)"
"(76, 2430)","(780, 710)"
"(301, 1690)","(530, 970)"
"(136, 1700)","(480, 1020)"
"(19, 1490)","(300, 1200)"
"(142, 2580)","(850, 650)"
"(52, 2000)","(610, 880)"
"(187, 2380)","(800, 690)"
"(187, 2470)","(830, 660)"
"(364, 1930)","(700, 800)"
"(334, 2390)","(870, 630)"
"(220, 2420)","(830, 670)"
"(337, 2050)","(740, 750)"
"(181, 2030)","(670, 820)"
"(178, 2550)","(850, 640)"
"(205, 2470)","(840, 660)"
"(340, 1520)","(410, 1090)"
"(238, 2160)","(750, 750)"
"(307, 1420)","(300, 1200)"
"(76, 1450)","(300, 1200)"
"(394, 1470)","(380, 1120)"
"(76, 1860)","(550, 940)"
"(193, 1440)","(300, 1200)"
"(16, 2150)","(670, 830)"
"(298, 2180)","(780, 720)"
"(301, 2310)","(830, 670)"
"(13, 1540)","(330, 1150)"
"(364, 2160)","(800, 700)"
"(244, 2270)","(790, 710)"
"(292, 2160)","(770, 730)"
"(325, 1840)","(630, 860)"
"(340, 2230)","(820, 680)"
"(241, 2140)","(740, 760)"
"(286, 2280)","(810, 690)"
"(220, 1830)","(580, 900)"
"(172, 2310)","(780, 720)"
"(307, 1460)","(340, 1160)"
"(100, 2000)","(630, 870)"
"(400, 1940)","(720, 780)"
"(190, 1420)","(300, 1200)"
"(49, 2170)","(680, 810)"
"(64, 2280)","(730, 770)"
"(373, 2580)","(900, 540)"
"(181, 1470)","(310, 1170)"
"(361, 1980)","(720, 780)"
"(397, 1860)","(670, 820)"
"(163, 2330)","(780, 720)"
"(322, 2360)","(840, 640)"
"(46, 2460)","(780, 710)"
"(49, 2250)","(710, 780)"
"(46, 2560)","(810, 690)"
"(49, 1630)","(410, 1090)"
"(181, 2400)","(800, 680)"
"(235, 1960)","(660, 840)"
"(298, 2320)","(830, 670)"
"(349, 2540)","(910, 570)"
"(208, 1480)","(330, 1170)"
"(64, 2150)","(680, 810)"
"(13, 1860)","(530, 950)"
"(202, 1690)","(490, 1000)"
"(64, 2250)","(720, 780)"
"(352, 1840)","(640, 850)"
"(331, 1840)","(630, 860)"
"(82, 1950)","(600, 900)"
"(115, 1530)","(350, 1150)"
"(154, 2470)","(820, 680)"
"(214, 2100)","(710, 780)"
"(241, 2530)","(860, 620)"
"(310, 1450)","(330, 1170)"
"(214, 2540)","(840, 620)"
"(157, 2240)","(750, 750)"
"(187, 2180)","(740, 760)"
"(22, 2130)","(660, 840)"
"(118, 2530)","(820, 670)"
"(244, 2520)","(870, 630)"
"(127, 1790)","(530, 970)"
"(331, 1650)","(510, 990)"
"(178, 2130)","(710, 780)"
"(205, 2130)","(720, 770)"
"(343, 2160)","(790, 710)"
"(100, 1750)","(500, 1000)"
"(397, 2580)","(910, 530)"
"(304, 1730)","(550, 930)"
"(64, 1410)","(300, 1200)"
"(397, 1950)","(720, 770)"
"(373, 2040)","(750, 740)"
"(220, 1590)","(430, 1070)"
"(367, 2340)","(860, 630)"
"(397, 2240)","(840, 650)"
"(94, 2190)","(710, 790)"
"(28, 1670)","(430, 1070)"
"(277, 2500)","(870, 620)"
"(106, 1480)","(300, 1170)"
"(169, 2230)","(750, 750)"
"(67, 1420)","(300, 1200)"
"(343, 1780)","(600, 890)"
"(28, 2430)","(770, 730)"
"(313, 2480)","(880, 610)"
"(298, 1680)","(520, 980)"
"(205, 2090)","(710, 790)"
"(106, 1640)","(430, 1070)"
"(370, 1450)","(350, 1150)"
"(97, 1420)","(300, 1200)"
"(379, 1700)","(570, 930)"
"(388, 2030)","(760, 740)"
"(52, 2520)","(800, 700)"
"(181, 1550)","(380, 1110)"
"(214, 2150)","(730, 760)"
"(97, 1900)","(580, 920)"
"(79, 2280)","(730, 760)"
"(46, 1540)","(340, 1160)"
"(100, 2180)","(700, 790)"
"(316, 2570)","(890, 580)"
"(340, 1960)","(700, 790)"
"(166, 1430)","(300, 1200)"
"(142, 2490)","(820, 670)"
"(79, 2200)","(710, 790)"
"(229, 2510)","(850, 630)"
"(139, 2250)","(740, 750)"
"(250, 1630)","(470, 1030)"
"(346, 2130)","(780, 720)"
"(379, 1660)","(540, 960)"
"(109, 1560)","(370, 1120)"
"(385, 1990)","(740, 760)"
"(298, 1460)","(330, 1150)"
"(145, 1890)","(590, 900)"
"(274, 2430)","(810, 610)"
"(250, 1440)","(300, 1190)"
"(4, 1560)","(350, 1150)"
"(379, 1650)","(530, 970)"
"(232, 2090)","(720, 780)"
"(322, 2060)","(740, 760)"
"(196, 2540)","(850, 640)"
"(316, 2150)","(770, 720)"
"(400, 2020)","(760, 740)"
"(244, 1620)","(460, 1040)"
"(385, 2270)","(850, 650)"
"(67, 1950)","(590, 890)"
"(292, 2070)","(730, 760)"
"(70, 2380)","(760, 730)"
"(397, 2330)","(870, 620)"
"(181, 1670)","(470, 1020)"
"(361, 1630)","(510, 990)"
"(166, 2040)","(670, 830)"
"(52, 1970)","(600, 900)"
"(43, 1470)","(300, 1200)"
"(226, 2490)","(850, 640)"
"(199, 1640)","(460, 1040)"
"(118, 2350)","(770, 730)"
"(304, 2450)","(870, 620)"
"(148, 1670)","(460, 1030)"
"(1, 2270)","(710, 790)"
"(250, 2040)","(700, 790)"
"(61, 1440)","(300, 1200)"
"(127, 2500)","(820, 680)"
"(316, 1670)","(520, 980)"
"(391, 1850)","(670, 830)"
"(268, 2560)","(890, 610)"
"(85, 2020)","(630, 860)"
"(361, 1590)","(470, 1010)"
"(103, 2390)","(780, 720)"
"(280, 1930)","(660, 830)"
"(334, 1800)","(610, 880)"
"(304, 1450)","(330, 1170)"
"(64, 1710)","(460, 1030)"
"(118, 1670)","(450, 1040)"
"(256, 1900)","(640, 860)"
"(337, 2060)","(750, 750)"
"(250, 1410)","(300, 1200)"
"(127, 1580)","(390, 1100)"
"(277, 2340)","(830, 670)"
"(19, 1740)","(470, 1030)"
"(85, 1570)","(370, 1120)"
"(40, 1520)","(320, 1160)"
"(325, 1770)","(590, 910)"
"(241, 2580)","(850, 590)"
"(238, 1500)","(360, 1140)"
"(223, 1630)","(460, 1040)"
"(376, 2440)","(890, 590)"
"(202, 1730)","(520, 980)"
"(355, 2280)","(840, 660)"
"(10, 2430)","(760, 740)"
"(94, 1910)","(580, 900)"
"(106, 2600)","(830, 650)"
"(388, 2330)","(860, 620)"
"(349, 1810)","(620, 870)"
"(187, 2230)","(750, 740)"
"(52, 1910)","(570, 920)"
"(4, 1450)","(300, 1200)"
"(286, 2570)","(900, 600)"
"(199, 2570)","(850, 620)"
"(229, 2010)","(680, 820)"
"(202, 1760)","(540, 960)"
"(118, 1600)","(400, 1080)"
"(394, 1700)","(570, 920)"
"(205, 2330)","(800, 700)"
"(127, 1720)","(490, 1010)"
"(34, 2450)","(770, 720)"
"(376, 2300)","(860, 640)"
"(367, 2440)","(860, 580)"
"(331, 1950)","(690, 800)"
"(28, 1410)","(300, 1200)"
"(82, 2190)","(700, 790)"
"(328, 2340)","(850, 650)"
"(184, 1780)","(540, 950)"
"(223, 2280)","(790, 710)"
"(7, 2460)","(770, 730)"
"(325, 2350)","(850, 650)"
"(274, 1780)","(570, 910)"
"(307, 2600)","(910, 590)"
"(163, 1610)","(420, 1060)"
"(286, 1800)","(590, 900)"
"(346, 1510)","(400, 1100)"
"(346, 2370)","(860, 630)"
"(118, 2060)","(660, 830)"
"(142, 2060)","(670, 830)"
"(226, 2360)","(780, 660)"
"(394, 1570)","(470, 1030)"
"(223, 1770)","(550, 940)"
"(196, 1490)","(340, 1160)"
"(100, 1460)","(300, 1200)"
"(136, 1570)","(390, 1110)"
"(376, 1940)","(710, 790)"
"(223, 1470)","(320, 1160)"
"(187, 2300)","(780, 720)"
"(142, 1780)","(530, 970)"
"(28, 1970)","(590, 900)"
"(76, 1440)","(300, 1200)"
"(400, 1420)","(320, 1170)"
"(349, 2570)","(900, 560)"
"(265, 2500)","(860, 620)"
"(364, 1720)","(570, 920)"
"(121, 2100)","(680, 820)"
"(349, 2600)","(870, 530)"
"(154, 1570)","(390, 1100)"
"(280, 2340)","(830, 670)"
"(181, 2390)","(810, 690)"
"(235, 1530)","(380, 1110)"
"(304, 2560)","(900, 590)"
"(349, 1630)","(500, 990)"
"(301, 2510)","(890, 610)"
"(370, 2500)","(890, 570)"
"(175, 2350)","(790, 700)"
"(70, 1780)","(510, 990)"
"(385, 2390)","(880, 600)"
"(235, 1730)","(530, 970)"
"(298, 2030)","(720, 780)"
"(373, 2180)","(810, 680)"
"(31, 1490)","(300, 1200)"
"(160, 2270)","(760, 740)"
"(49, 1670)","(430, 1050)"
"(19, 2510)","(790, 710)"
"(43, 1640)","(410, 1080)"
"(268, 2110)","(740, 760)"
"(397, 2030)","(760, 740)"
"(148, 2510)","(820, 660)"
"(214, 1830)","(580, 910)"
"(295, 1600)","(460, 1040)"
"(244, 2540)","(860, 610)"
"(322, 2050)","(740, 760)"
"(73, 2040)","(640, 860)"
"(154, 2060)","(670, 820)"
"(121, 2370)","(780, 720)"
"(184, 2080)","(690, 800)"
"(52, 1670)","(430, 1050)"
"(70, 2070)","(650, 850)"
"(223, 1800)","(570, 930)"
"(61, 2520)","(800, 690)"
"(166, 1580)","(400, 1090)"
"(58, 1640)","(420, 1080)"
"(250, 1480)","(340, 1160)"
"(190, 1680)","(480, 1010)"
"(355, 2320)","(850, 640)"
"(88, 1920)","(590, 910)"
"(70, 1750)","(490, 1010)"
"(250, 1430)","(300, 1200)"
"(331, 1470)","(350, 1130)"
"(31, 2100)","(650, 850)"
"(130, 2460)","(810, 690)"
"(226, 2420)","(830, 660)"
"(58, 1890)","(560, 930)"
"(64, 2050)","(640, 860)"
"(13, 1630)","(400, 1100)"
"(67, 2190)","(700, 800)"
"(64, 1910)","(570, 910)"
"(229, 1520)","(370, 1130)"
"(199, 2370)","(810, 690)"
"(286, 1490)","(360, 1140)"
"(82, 1850)","(550, 950)"
"(382, 1900)","(690, 810)"
"(352, 1900)","(680, 820)"
"(187, 2050)","(680, 810)"
"(85, 2210)","(710, 780)"
"(40, 2390)","(760, 740)"
"(250, 1650)","(480, 1020)"
"(79, 2350)","(760, 740)"
"(112, 1720)","(480, 1010)"
"(277, 2290)","(810, 690)"
"(91, 1430)","(300, 1200)"
"(229, 1990)","(670, 820)"
"(61, 2540)","(810, 690)"
"(166, 1720)","(500, 1000)"
"(139, 1840)","(560, 930)"
"(385, 2370)","(880, 610)"
"(52, 1880)","(560, 940)"
"(118, 2550)","(830, 670)"
"(223, 1460)","(310, 1170)"
"(19, 1900)","(560, 940)"
"(217, 1460)","(310, 1170)"
"(115, 2130)","(690, 810)"
"(268, 1780)","(570, 920)"
"(112, 2130)","(690, 810)"
"(385, 2190)","(820, 680)"
"(394, 1650)","(540, 960)"
"(196, 2210)","(750, 750)"
"(73, 1690)","(450, 1040)"
"(331, 2240)","(810, 680)"
"(337, 2420)","(860, 610)"
"(346, 1550)","(430, 1050)"
"(133, 1720)","(490, 1010)"
"(124, 2290)","(750, 740)"
"(247, 2470)","(850, 640)"
"(85, 2430)","(780, 710)"
"(43, 1410)","(300, 1200)"
"(388, 1410)","(310, 1190)"
"(190, 2100)","(700, 790)"
"(25, 2480)","(780, 720)"
"(22, 2410)","(760, 740)"
"(346, 1910)","(680, 820)"
"(388, 2250)","(840, 650)"
"(103, 1520)","(340, 1160)"
"(127, 1640)","(430, 1050)"
"(67, 2030)","(630, 860)"
"(355, 1840)","(640, 850)"
"(160, 1400)","(300, 1200)"
"(142, 2540)","(840, 660)"
"(199, 1500)","(340, 1140)"
"(268, 2080)","(730, 770)"
"(46, 1500)","(310, 1190)"
"(211, 2560)","(870, 630)"
"(139, 2310)","(760, 730)"
"(73, 1880)","(560, 930)"
"(205, 1410)","(300, 1200)"
"(304, 1460)","(340, 1160)"
"(289, 2080)","(730, 760)"
"(319, 2230)","(810, 690)"
"(34, 2050)","(630, 870)"
"(211, 1510)","(360, 1140)"
"(313, 1990)","(700, 790)"
"(37, 2370)","(750, 750)"
"(40, 1760)","(490, 1010)"
"(352, 1650)","(520, 980)"
"(106, 1620)","(410, 1070)"
"(319, 2330)","(840, 660)"
"(25, 2090)","(640, 850)"
"(268, 2020)","(700, 800)"
"(10, 1570)","(350, 1130)"
"(205, 2100)","(710, 790)"
"(313, 1660)","(510, 990)"
"(88, 2470)","(800, 700)"
"(130, 1460)","(300, 1200)"
"(211, 2550)","(860, 630)"
"(46, 2380)","(760, 740)"
"(340, 1830)","(630, 860)"
"(193, 2020)","(670, 820)"
"(181, 1420)","(300, 1200)"
"(91, 2600)","(830, 660)"
"(340, 1480)","(370, 1130)"
"(370, 2460)","(860, 570)"
"(391, 2420)","(890, 590)"
"(64, 2570)","(820, 680)"
"(301, 2070)","(740, 760)"
"(193, 2070)","(690, 800)"
"(250, 2460)","(850, 640)"
"(124, 2440)","(800, 690)"
"(4, 2110)","(650, 850)"
"(328, 1420)","(300, 1190)"
"(307, 1550)","(420, 1070)"
"(163, 1790)","(540, 950)"
"(373, 1900)","(690, 810)"
"(109, 2100)","(680, 820)"
"(163, 2050)","(670, 820)"
"(358, 1680)","(540, 950)"
"(178, 2230)","(750, 740)"
"(211, 2570)","(830, 600)"
"(43, 1890)","(560, 940)"
"(364, 1510)","(400, 1080)"
"(295, 2360)","(840, 660)"
"(319, 1840)","(630, 870)"
"(253, 2550)","(870, 610)"
"(175, 2470)","(820, 660)"
"(214, 1400)","(300, 1200)"
"(235, 1830)","(590, 900)"
"(199, 1760)","(540, 960)"
"(241, 1840)","(600, 900)"
"(73, 2190)","(700, 800)"
"(181, 2300)","(780, 720)"
"(343, 1860)","(650, 850)"
"(214, 2340)","(800, 690)"
"(112, 1550)","(360, 1120)"
"(160, 1870)","(580, 900)"
"(22, 1790)","(500, 1000)"
"(49, 1550)","(350, 1150)"
"(343, 2590)","(930, 570)"
"(103, 1460)","(300, 1200)"
"(1, 1590)","(370, 1130)"
"(151, 2380)","(790, 700)"
"(325, 2440)","(880, 620)"
"(52, 1980)","(600, 880)"
"(358, 2450)","(890, 600)"
"(382, 1640)","(520, 970)"
"(241, 1580)","(420, 1060)"
"(253, 2410)","(840, 660)"
"(85, 2290)","(740, 760)"
"(379, 2430)","(890, 590)"
"(169, 2090)","(690, 800)"
"(388, 2560)","(940, 560)"
"(76, 1900)","(570, 920)"
"(250, 2360)","(820, 670)"
"(388, 1770)","(620, 880)"
"(385, 2040)","(760, 740)"
"(43, 1580)","(370, 1130)"
"(340, 1670)","(530, 970)"
"(388, 2310)","(860, 630)"
"(58, 1790)","(510, 990)"
"(166, 2050)","(670, 820)"
"(70, 1580)","(380, 1120)"
"(217, 2500)","(850, 640)"
"(76, 2530)","(810, 690)"
"(169, 1480)","(320, 1180)"
"(391, 1440)","(340, 1150)"
"(322, 1670)","(520, 970)"
"(163, 2380)","(800, 700)"
"(325, 2210)","(780, 680)"
"(175, 1700)","(490, 1010)"
"(307, 1910)","(660, 830)"
"(121, 2270)","(740, 750)"
"(97, 2490)","(810, 690)"
"(19, 1790)","(500, 1000)"
"(82, 1630)","(410, 1070)"
"(313, 1730)","(560, 940)"
"(349, 2240)","(820, 670)"
"(382, 1440)","(340, 1160)"
"(211, 1720)","(510, 970)"
"(289, 2280)","(810, 680)"
"(115, 1580)","(390, 1110)"
"(16, 1960)","(580, 900)"
"(253, 2510)","(860, 620)"
"(34, 1430)","(300, 1200)"
"(328, 1810)","(620, 880)"
"(310, 2440)","(850, 610)"
"(244, 2430)","(840, 650)"
"(169, 1930)","(620, 880)"
"(193, 1430)","(300, 1200)"
"(370, 1980)","(720, 770)"
"(400, 2000)","(750, 750)"
"(112, 2120)","(690, 810)"
"(376, 1440)","(340, 1160)"
"(1, 1450)","(300, 1200)"
"(76, 2280)","(730, 760)"
"(22, 2540)","(800, 700)"
"(373, 1870)","(670, 830)"
"(106, 1510)","(330, 1170)"
"(376, 2290)","(850, 640)"
"(70, 2190)","(700, 800)"
"(361, 2160)","(800, 700)"
"(280, 2380)","(840, 660)"
"(328, 1990)","(710, 780)"
"(49, 2350)","(750, 750)"
"(295, 1700)","(530, 960)"
"(139, 1750)","(510, 990)"
"(124, 2380)","(780, 710)"
"(355, 1590)","(470, 1020)"
"(199, 2040)","(680, 810)"
"(346, 1640)","(510, 990)"
"(142, 1740)","(500, 980)"
"(124, 1780)","(520, 970)"
"(313, 2180)","(790, 710)"
"(262, 1900)","(640, 860)"
"(205, 1670)","(480, 1020)"
"(13, 2240)","(700, 800)"
"(190, 2000)","(660, 830)"
"(10, 1750)","(470, 1020)"
"(154, 2530)","(840, 660)"
"(25, 1750)","(480, 1020)"
"(211, 2060)","(700, 800)"
"(34, 1460)","(300, 1200)"
"(298, 2570)","(900, 590)"
"(247, 2130)","(740, 760)"
"(160, 2260)","(750, 740)"
"(184, 1510)","(350, 1150)"
"(379, 2380)","(860, 600)"
"(241, 2200)","(760, 730)"
"(58, 1510)","(320, 1180)"
"(58, 1970)","(600, 890)"
"(205, 2430)","(830, 670)"
"(286, 2180)","(770, 720)"
"(241, 2010)","(680, 810)"
"(184, 2280)","(770, 730)"
"(85, 1870)","(560, 930)"
"(142, 2090)","(680, 810)"
"(208, 2550)","(860, 630)"
"(238, 1790)","(570, 930)"
"(178, 2440)","(820, 680)"
"(397, 2380)","(880, 600)"
"(22, 1530)","(330, 1170)"
"(73, 1830)","(540, 960)"
"(187, 1730)","(510, 980)"
"(259, 2450)","(860, 640)"
"(121, 2230)","(730, 770)"
"(271, 1770)","(570, 930)"
"(289, 1400)","(300, 1200)"
"(211, 2410)","(820, 670)"
"(103, 1960)","(610, 880)"
"(148, 1580)","(400, 1100)"
"(361, 2130)","(790, 710)"
"(313, 1770)","(580, 900)"
"(76, 2470)","(790, 700)"
"(73, 2010)","(620, 860)"
"(322, 1500)","(380, 1110)"
"(235, 1520)","(370, 1120)"
"(40, 2300)","(730, 770)"
"(241, 1960)","(660, 830)"
"(283, 2160)","(770, 730)"
"(133, 1910)","(600, 900)"
"(304, 1780)","(590, 910)"
"(301, 2020)","(710, 780)"
"(49, 2340)","(740, 750)"
"(184, 1650)","(460, 1040)"
"(229, 1550)","(400, 1100)"
"(184, 2360)","(800, 700)"
"(142, 2150)","(710, 790)"
"(97, 2210)","(710, 780)"
"(364, 1950)","(710, 790)"
"(34, 2130)","(660, 830)"
"(91, 1670)","(440, 1040)"
"(316, 2300)","(830, 670)"
"(349, 2230)","(820, 680)"
"(364, 2210)","(820, 680)"
"(331, 1660)","(520, 980)"
"(79, 2370)","(760, 730)"
"(166, 2200)","(740, 760)"
"(157, 1880)","(590, 910)"
"(358, 1900)","(680, 820)"
"(58, 1770)","(500, 1000)"
"(79, 1410)","(300, 1200)"
"(88, 1690)","(460, 1040)"
"(91, 2500)","(810, 690)"
"(43, 2520)","(800, 700)"
"(292, 2530)","(890, 610)"
"(241, 1980)","(670, 820)"
"(67, 1880)","(560, 930)"
"(247, 2220)","(770, 720)"
"(361, 2400)","(870, 610)"
"(187, 1570)","(400, 1100)"
"(280, 2190)","(780, 720)"
"(325, 1610)","(480, 1020)"
"(133, 2160)","(710, 790)"
"(256, 2470)","(860, 640)"
"(142, 2070)","(680, 820)"
"(91, 1930)","(590, 900)"
"(247, 2150)","(750, 750)"
"(298, 1450)","(320, 1160)"
"(400, 1960)","(730, 770)"
"(361, 2010)","(730, 760)"
"(364, 1520)","(410, 1070)"
"(127, 1990)","(630, 860)"
"(70, 1540)","(340, 1130)"
"(28, 1870)","(540, 950)"
"(136, 1840)","(560, 930)"
"(103, 1680)","(450, 1030)"
"(40, 2420)","(770, 730)"
"(298, 2090)","(740, 750)"
"(34, 1910)","(560, 920)"
"(349, 2200)","(810, 690)"
"(154, 2070)","(680, 820)"
"(235, 2190)","(760, 740)"
"(43, 2110)","(660, 840)"
"(61, 1890)","(560, 930)"
"(259, 1750)","(550, 940)"
"(166, 2490)","(830, 670)"
"(208, 1860)","(600, 900)"
"(328, 2310)","(840, 660)"
"(394, 1790)","(630, 860)"
"(25, 2050)","(630, 870)"
"(130, 2400)","(790, 710)"
"(67, 2330)","(750, 750)"
"(148, 2130)","(700, 790)"
"(133, 2330)","(770, 730)"
"(367, 1860)","(660, 830)"
"(241, 1520)","(370, 1110)"
"(31, 2600)","(820, 680)"
"(202, 2410)","(820, 680)"
"(175, 2440)","(820, 680)"
"(4, 2270)","(710, 790)"
"(199, 2360)","(800, 690)"
"(196, 1550)","(390, 1110)"
"(16, 1700)","(440, 1040)"
"(238, 2100)","(720, 770)"
"(64, 1580)","(370, 1110)"
"(40, 1470)","(300, 1200)"
"(160, 1790)","(540, 950)"
"(388, 1890)","(690, 810)"
"(85, 1650)","(430, 1070)"
"(391, 2460)","(910, 580)"
"(298, 1510)","(380, 1110)"
"(334, 1600)","(470, 1020)"
"(133, 2250)","(740, 750)"
"(250, 1920)","(650, 850)"
"(304, 1750)","(570, 930)"
"(373, 2470)","(910, 590)"
"(130, 1800)","(540, 960)"
"(289, 1480)","(350, 1140)"
"(316, 2370)","(850, 640)"
"(226, 1540)","(390, 1110)"
"(25, 2170)","(680, 820)"
"(133, 1570)","(380, 1100)"
"(19, 2550)","(800, 700)"
"(277, 1940)","(670, 830)"
"(295, 1690)","(520, 960)"
"(319, 1940)","(680, 810)"
"(352, 2200)","(810, 690)"
"(160, 1690)","(480, 1020)"
"(256, 1580)","(430, 1070)"
"(379, 2340)","(850, 610)"
"(238, 2310)","(800, 690)"
"(166, 2000)","(650, 840)"
"(142, 2100)","(690, 810)"
"(316, 1630)","(490, 1010)"
"(166, 1660)","(460, 1040)"
"(328, 1820)","(620, 870)"
"(364, 1490)","(390, 1110)"
"(43, 1610)","(390, 1100)"
"(55, 1420)","(300, 1200)"
"(61, 2270)","(720, 770)"
"(43, 2420)","(770, 730)"
"(25, 1770)","(490, 1010)"
"(271, 1490)","(360, 1140)"
"(292, 1760)","(570, 930)"
"(166, 2460)","(820, 670)"
"(313, 1600)","(460, 1020)"
"(358, 2550)","(920, 570)"
"(205, 1870)","(600, 890)"
"(100, 1680)","(450, 1030)"
"(106, 1790)","(520, 970)"
"(169, 2110)","(700, 790)"
"(313, 1970)","(700, 800)"
"(277, 1410)","(300, 1200)"
"(250, 1560)","(410, 1080)"
"(19, 2230)","(700, 800)"
"(367, 2010)","(740, 760)"
"(28, 2480)","(780, 710)"
"(373, 1850)","(660, 840)"
"(13, 1980)","(590, 900)"
"(205, 2040)","(680, 810)"
"(262, 1490)","(350, 1130)"
"(40, 2570)","(810, 690)"
"(103, 2310)","(750, 740)"
"(292, 1830)","(610, 880)"
"(91, 1990)","(620, 870)"
"(37, 2320)","(730, 760)"
"(142, 2400)","(790, 700)"
"(106, 1700)","(470, 1030)"
"(88, 1450)","(300, 1200)"
"(16, 2130)","(660, 840)"
"(76, 2250)","(720, 770)"
"(211, 1730)","(520, 970)"
"(358, 1870)","(660, 830)"
"(1, 2480)","(770, 720)"
"(133, 2370)","(780, 710)"
"(400, 2220)","(840, 660)"
"(202, 1610)","(430, 1050)"
"(91, 1520)","(330, 1150)"
"(55, 1740)","(480, 1020)"
"(19, 1580)","(360, 1120)"
"(88, 1440)","(300, 1200)"
"(325, 2400)","(850, 620)"
"(37, 1970)","(590, 890)"
"(187, 1480)","(320, 1160)"
"(4, 2230)","(690, 800)"
"(343, 1980)","(710, 780)"
"(97, 2240)","(730, 770)"
"(343, 2580)","(900, 560)"
"(121, 1460)","(300, 1200)"
"(220, 2560)","(860, 620)"
"(361, 2170)","(800, 690)"
"(70, 2400)","(770, 730)"
"(343, 2200)","(810, 690)"
"(106, 2470)","(800, 690)"
"(370, 1830)","(650, 850)"
"(139, 2560)","(840, 660)"
"(274, 2130)","(750, 750)"
"(64, 1570)","(370, 1130)"
"(100, 2200)","(710, 780)"
"(76, 1940)","(590, 900)"
"(250, 2430)","(840, 650)"
"(292, 2510)","(870, 600)"
"(100, 1890)","(580, 920)"
"(316, 1790)","(600, 900)"
"(268, 2430)","(850, 640)"
"(349, 1540)","(430, 1070)"
"(85, 1540)","(350, 1150)"
"(106, 1840)","(550, 940)"
"(331, 2050)","(740, 760)"
"(202, 1790)","(550, 930)"
"(115, 2340)","(770, 730)"
"(22, 2200)","(690, 810)"
"(271, 2410)","(850, 650)"
"(31, 2240)","(700, 790)"
"(4, 2010)","(600, 890)"
"(298, 2500)","(850, 590)"
"(55, 2350)","(750, 750)"
"(61, 1850)","(540, 950)"
"(208, 1540)","(380, 1110)"
"(208, 2000)","(670, 830)"
"(355, 2570)","(910, 570)"
"(259, 1990)","(680, 810)"
"(55, 1870)","(550, 940)"
"(295, 2170)","(770, 720)"
"(298, 1790)","(590, 900)"
"(214, 1840)","(590, 910)"
"(130, 2150)","(700, 790)"
"(328, 1750)","(580, 920)"
"(160, 2110)","(700, 800)"
"(40, 1670)","(430, 1060)"
"(118, 2410)","(790, 710)"
"(400, 1620)","(510, 970)"
"(124, 1970)","(620, 870)"
"(175, 1870)","(590, 900)"
"(118, 1800)","(530, 960)"
"(295, 2550)","(870, 580)"
"(40, 1780)","(500, 1000)"
"(238, 2380)","(820, 670)"
"(70, 1560)","(360, 1130)"
"(115, 1680)","(460, 1040)"
"(250, 2500)","(860, 620)"
"(130, 2340)","(770, 720)"
"(292, 2520)","(890, 610)"
"(217, 1740)","(530, 970)"
"(166, 1980)","(640, 850)"
"(355, 1660)","(530, 970)"
"(184, 1720)","(510, 990)"
"(103, 1610)","(410, 1090)"
"(280, 1500)","(370, 1130)"
"(61, 1820)","(530, 970)"
"(112, 2070)","(660, 830)"
"(85, 2330)","(750, 740)"
"(268, 1970)","(680, 820)"
"(46, 1410)","(300, 1200)"
"(226, 2020)","(680, 810)"
"(22, 2400)","(750, 740)"
"(55, 2370)","(760, 740)"
"(94, 1590)","(390, 1110)"
"(226, 2180)","(750, 750)"
"(103, 2270)","(740, 760)"
"(331, 1810)","(620, 880)"
"(157, 1530)","(360, 1140)"
"(160, 1470)","(310, 1190)"
"(199, 1820)","(570, 920)"
"(304, 1440)","(320, 1180)"
"(367, 2520)","(920, 580)"
"(25, 2300)","(720, 770)"
"(226, 2540)","(870, 630)"
"(130, 2380)","(780, 710)"
"(34, 1920)","(570, 920)"
"(76, 2150)","(690, 810)"
"(19, 1940)","(570, 910)"
"(247, 2370)","(820, 670)"
"(109, 2200)","(720, 780)"
"(127, 2600)","(850, 650)"
"(391, 1900)","(690, 800)"
"(130, 1770)","(520, 980)"
"(202, 2280)","(780, 720)"
"(331, 2190)","(800, 700)"
"(382, 2580)","(940, 560)"
"(46, 1730)","(470, 1020)"
"(367, 2170)","(800, 690)"
"(358, 2010)","(730, 760)"
"(259, 2170)","(760, 740)"
"(1, 2140)","(660, 840)"
"(394, 2260)","(850, 650)"
"(16, 1690)","(440, 1060)"
"(19, 1960)","(580, 900)"
"(1, 2130)","(650, 840)"
"(46, 1910)","(570, 930)"
"(391, 1630)","(520, 980)"
"(193, 1570)","(400, 1090)"
"(43, 2360)","(750, 750)"
"(337, 2460)","(890, 610)"
"(64, 1760)","(490, 1000)"
"(367, 1680)","(550, 950)"
"(220, 1570)","(410, 1090)"
"(127, 1590)","(400, 1100)"
"(370, 2400)","(880, 610)"
"(1, 1940)","(570, 920)"
"(385, 1630)","(520, 980)"
"(235, 2070)","(710, 790)"
"(352, 1930)","(690, 800)"
"(286, 1450)","(320, 1170)"
"(22, 1650)","(410, 1070)"
"(133, 1590)","(400, 1100)"
"(358, 2480)","(900, 600)"
"(391, 1790)","(630, 870)"
"(307, 1450)","(330, 1170)"
"(310, 1820)","(610, 880)"
"(1, 1490)","(300, 1200)"
"(199, 2220)","(750, 740)"
"(361, 2310)","(850, 640)"
"(226, 2500)","(840, 630)"
"(388, 2120)","(790, 700)"
"(103, 1830)","(540, 940)"
"(82, 1890)","(570, 920)"
"(241, 1920)","(640, 850)"
"(145, 2470)","(820, 680)"
"(13, 2390)","(750, 750)"
"(169, 1990)","(650, 850)"
"(82, 2430)","(780, 710)"
"(259, 2460)","(860, 640)"
"(169, 1960)","(630, 860)"
"(349, 2320)","(850, 650)"
"(226, 1740)","(530, 960)"
"(82, 1670)","(440, 1050)"
"(22, 2360)","(740, 750)"
"(316, 2290)","(820, 670)"
"(121, 1830)","(550, 940)"
"(112, 2310)","(760, 740)"
"(148, 1650)","(450, 1050)"
"(91, 1840)","(550, 950)"
"(64, 2000)","(620, 880)"
"(223, 1440)","(300, 1200)"
"(64, 1960)","(600, 900)"
"(190, 1630)","(450, 1050)"
"(307, 2080)","(740, 750)"
"(163, 2470)","(820, 670)"
"(208, 2360)","(810, 690)"
"(7, 2410)","(750, 740)"
"(373, 2260)","(820, 640)"
"(190, 1800)","(560, 940)"
"(148, 1490)","(320, 1160)"
"(205, 1560)","(400, 1100)"
"(349, 1770)","(600, 900)"
"(289, 2050)","(720, 770)"
"(223, 2200)","(760, 740)"
"(199, 1590)","(420, 1080)"
"(316, 2500)","(870, 590)"
"(298, 2520)","(890, 610)"
"(100, 2510)","(810, 680)"
"(292, 2060)","(730, 770)"
"(280, 1450)","(320, 1180)"
"(361, 1600)","(480, 1010)"
"(259, 2290)","(800, 690)"
"(352, 1470)","(360, 1130)"
"(316, 1600)","(470, 1030)"
"(139, 1650)","(440, 1040)"
"(337, 1440)","(330, 1170)"
"(283, 1520)","(390, 1110)"
"(313, 2030)","(720, 770)"
"(394, 1820)","(650, 850)"
"(142, 2320)","(770, 730)"
"(199, 2250)","(770, 730)"
"(118, 2240)","(730, 760)"
"(334, 2600)","(920, 570)"
"(253, 2420)","(830, 640)"
"(211, 2310)","(790, 700)"
"(340, 1630)","(500, 1000)"
"(187, 2280)","(770, 720)"
"(151, 1910)","(600, 890)"
"(319, 1910)","(670, 830)"
"(313, 2100)","(750, 740)"
"(202, 1650)","(460, 1020)"
"(22, 2580)","(810, 690)"
"(364, 1550)","(440, 1050)"
"(202, 1420)","(300, 1200)"
"(88, 1550)","(360, 1140)"
"(274, 2570)","(870, 590)"
"(268, 2360)","(830, 670)"
"(37, 1950)","(580, 900)"
"(13, 1970)","(590, 910)"
"(172, 2500)","(830, 660)"
"(70, 1550)","(350, 1130)"
"(205, 2300)","(790, 710)"
"(142, 2050)","(670, 830)"
"(319, 2260)","(820, 680)"
"(331, 1440)","(320, 1160)"
"(241, 1740)","(540, 960)"
"(181, 2230)","(750, 740)"
"(295, 2060)","(730, 770)"
"(133, 2000)","(640, 850)"
"(22, 2260)","(710, 790)"
"(367, 1940)","(700, 790)"
"(370, 1640)","(520, 980)"
"(25, 2110)","(650, 840)"
"(292, 1430)","(300, 1190)"
"(376, 1760)","(610, 890)"
"(142, 1550)","(370, 1120)"
"(91, 2060)","(650, 840)"
"(151, 2050)","(670, 830)"
"(373, 2570)","(920, 560)"
"(115, 2410)","(790, 710)"
"(160, 1570)","(390, 1100)"
"(109, 2410)","(790, 710)"
"(394, 2560)","(930, 550)"
"(190, 1950)","(640, 860)"
"(250, 1730)","(530, 950)"
"(400, 2480)","(890, 550)"
"(379, 2470)","(900, 580)"
"(328, 1830)","(630, 870)"
"(313, 2350)","(820, 630)"
"(106, 2420)","(790, 710)"
"(82, 2460)","(790, 700)"
"(328, 1920)","(680, 820)"
"(7, 1530)","(320, 1160)"
"(235, 1420)","(300, 1200)"
"(34, 2160)","(680, 820)"
"(274, 2110)","(740, 750)"
"(94, 2450)","(790, 700)"
"(274, 2510)","(880, 620)"
"(133, 1630)","(430, 1070)"
"(382, 2080)","(780, 720)"
"(223, 2150)","(740, 760)"
"(37, 1880)","(550, 940)"
"(40, 1970)","(600, 900)"
"(64, 2160)","(690, 810)"
"(124, 1810)","(540, 950)"
"(253, 1610)","(450, 1040)"
"(256, 2360)","(820, 670)"
"(94, 1480)","(300, 1190)"
"(241, 1570)","(420, 1080)"
"(259, 1460)","(320, 1160)"
"(73, 2590)","(830, 670)"
"(382, 1550)","(450, 1050)"
"(292, 2540)","(870, 590)"
"(106, 1490)","(310, 1170)"
"(106, 2500)","(810, 680)"
"(235, 1400)","(300, 1200)"
"(64, 2070)","(650, 850)"
"(229, 2490)","(840, 630)"
"(127, 2190)","(720, 780)"
"(223, 2110)","(720, 770)"
"(94, 1760)","(500, 990)"
"(109, 1740)","(490, 990)"
"(358, 2510)","(900, 580)"
"(103, 2350)","(770, 730)"
"(55, 1780)","(500, 990)"
"(286, 1410)","(300, 1200)"
"(82, 2570)","(820, 670)"
"(301, 2090)","(740, 750)"
"(337, 1940)","(690, 810)"
"(121, 2110)","(680, 810)"
"(4, 2090)","(640, 860)"
"(178, 2100)","(700, 800)"
"(115, 1650)","(440, 1060)"
"(94, 2570)","(830, 670)"
"(151, 2490)","(820, 670)"
"(355, 2040)","(750, 750)"
"(70, 1440)","(300, 1200)"
"(25, 1490)","(300, 1200)"
"(373, 2010)","(740, 760)"
"(178, 1400)","(300, 1200)"
"(106, 1580)","(390, 1110)"
"(295, 1890)","(650, 850)"
"(265, 1890)","(640, 860)"
"(13, 1760)","(480, 1020)"
"(217, 2350)","(810, 690)"
"(85, 1440)","(300, 1200)"
"(109, 2340)","(760, 730)"
"(139, 1810)","(540, 940)"
"(88, 2220)","(720, 780)"
"(169, 2050)","(680, 820)"
"(76, 1490)","(310, 1190)"
"(7, 2040)","(620, 880)"
"(91, 2510)","(810, 690)"
"(241, 1730)","(530, 960)"
"(271, 1950)","(670, 830)"
"(115, 1950)","(610, 880)"
"(241, 1420)","(300, 1200)"
"(307, 1480)","(360, 1140)"
"(274, 2030)","(710, 790)"
"(193, 2240)","(760, 740)"
"(361, 2240)","(830, 670)"
"(325, 1920)","(680, 820)"
"(334, 2030)","(730, 760)"
"(133, 1510)","(340, 1160)"
"(280, 1750)","(560, 940)"
"(361, 1500)","(390, 1090)"
"(247, 1970)","(670, 830)"
"(262, 2560)","(840, 580)"
"(55, 2120)","(670, 830)"
"(373, 2080)","(770, 720)"
"(163, 1980)","(640, 850)"
"(136, 2540)","(830, 660)"
"(154, 1610)","(420, 1070)"
"(307, 2140)","(770, 730)"
"(364, 1700)","(560, 940)"
"(367, 1930)","(700, 800)"
"(262, 2390)","(810, 640)"
"(121, 1440)","(300, 1200)"
"(316, 1570)","(440, 1050)"
"(13, 1950)","(580, 920)"
"(229, 1740)","(530, 950)"
"(52, 1480)","(300, 1200)"
"(394, 2480)","(920, 580)"
"(376, 2280)","(850, 650)"
"(217, 1750)","(540, 960)"
"(103, 1760)","(500, 980)"
"(157, 1650)","(450, 1040)"
"(187, 2450)","(830, 670)"
"(25, 1640)","(410, 1090)"
"(181, 1950)","(630, 860)"
"(175, 1400)","(300, 1200)"
"(160, 1990)","(650, 850)"
"(307, 2420)","(830, 610)"
"(46, 1570)","(360, 1120)"
"(58, 1620)","(400, 1090)"
"(181, 2560)","(840, 630)"
"(124, 1660)","(450, 1050)"
"(4, 1990)","(590, 890)"
"(58, 2450)","(780, 710)"
"(208, 2420)","(820, 670)"
"(88, 2370)","(770, 730)"
"(340, 2560)","(910, 570)"
"(394, 1420)","(320, 1180)"
"(334, 1420)","(300, 1180)"
"(76, 1750)","(490, 1000)"
"(73, 1860)","(550, 940)"
"(274, 2520)","(870, 610)"
"(145, 2310)","(770, 730)"
"(385, 2050)","(760, 730)"
"(313, 1670)","(520, 980)"
"(361, 1710)","(560, 920)"
"(73, 2110)","(670, 830)"
"(286, 1660)","(500, 1000)"
"(286, 1740)","(550, 930)"
"(256, 2570)","(890, 610)"
"(142, 2500)","(820, 670)"
"(88, 2560)","(820, 670)"
"(67, 1450)","(300, 1200)"
"(169, 1830)","(570, 930)"
"(178, 1820)","(560, 920)"
"(130, 2270)","(750, 750)"
"(199, 1900)","(620, 880)"
"(382, 1800)","(630, 860)"
"(94, 2490)","(810, 690)"
"(280, 2070)","(730, 770)"
"(196, 2180)","(740, 760)"
"(292, 1790)","(590, 910)"
"(271, 1470)","(340, 1160)"
"(19, 1560)","(350, 1150)"
"(352, 2030)","(740, 760)"
"(124, 2480)","(810, 680)"
"(325, 2410)","(870, 630)"
"(190, 2290)","(780, 720)"
"(181, 2210)","(740, 750)"
"(76, 1710)","(470, 1030)"
"(172, 2580)","(860, 640)"
"(319, 1860)","(640, 860)"
"(259, 1480)","(340, 1150)"
"(91, 2240)","(720, 770)"
"(187, 1870)","(590, 890)"
"(25, 1730)","(460, 1020)"
"(94, 2520)","(810, 680)"
"(61, 1950)","(590, 900)"
"(247, 1420)","(300, 1200)"
"(250, 1540)","(390, 1090)"
"(79, 2500)","(800, 690)"
"(268, 2510)","(840, 600)"
"(4, 1770)","(480, 1010)"
"(343, 2250)","(820, 670)"
"(202, 2440)","(830, 670)"
"(196, 2430)","(820, 670)"
"(154, 1670)","(460, 1030)"
"(250, 1810)","(580, 900)"
"(145, 1990)","(640, 860)"
"(385, 1970)","(730, 770)"
"(253, 2310)","(810, 690)"
"(382, 2340)","(850, 610)"
"(163, 1800)","(550, 950)"
"(100, 2300)","(750, 750)"
"(328, 1650)","(510, 990)"
"(160, 1800)","(550, 950)"
"(328, 2440)","(880, 620)"
"(85, 2540)","(820, 680)"
"(163, 2440)","(810, 680)"
"(208, 2070)","(700, 800)"
"(4, 2340)","(730, 770)"
"(337, 1990)","(710, 780)"
"(34, 2470)","(780, 720)"
"(382, 2210)","(830, 670)"
"(223, 1660)","(480, 1020)"
"(373, 2120)","(790, 710)"
"(202, 2180)","(740, 750)"
"(220, 1710)","(510, 980)"
"(220, 1840)","(590, 900)"
"(100, 2430)","(790, 710)"
"(382, 1500)","(400, 1090)"
"(49, 2050)","(640, 860)"
"(337, 2450)","(880, 610)"
"(190, 2560)","(850, 630)"
"(181, 2190)","(740, 760)"
"(331, 1620)","(490, 1010)"
"(289, 1790)","(590, 910)"
"(76, 2600)","(830, 670)"
"(358, 2160)","(800, 700)"
"(217, 1670)","(480, 1010)"
"(19, 2370)","(740, 750)"
"(292, 2360)","(840, 660)"
"(262, 1810)","(590, 910)"
"(394, 2240)","(840, 650)"
"(13, 2230)","(690, 800)"
"(46, 2120)","(660, 830)"
"(127, 2150)","(700, 790)"
"(157, 2130)","(710, 790)"
"(88, 2090)","(660, 830)"
"(190, 1780)","(540, 940)"
"(112, 2510)","(820, 680)"
"(316, 1730)","(560, 940)"
"(151, 2480)","(820, 670)"
"(178, 1440)","(300, 1200)"
"(151, 1890)","(590, 900)"
"(109, 1500)","(320, 1170)"
"(112, 1570)","(380, 1120)"
"(373, 2400)","(880, 610)"
"(118, 1880)","(580, 920)"
"(289, 1570)","(430, 1060)"
"(61, 2290)","(730, 760)"
"(301, 1600)","(460, 1040)"
"(373, 1820)","(640, 850)"
"(199, 1960)","(650, 850)"
"(160, 2470)","(820, 670)"
"(397, 1890)","(690, 800)"
"(394, 2020)","(750, 740)"
"(133, 2320)","(770, 730)"
"(127, 1600)","(410, 1090)"
"(220, 2280)","(780, 710)"
"(301, 2120)","(760, 740)"
"(397, 1800)","(640, 860)"
"(166, 2160)","(720, 780)"
"(253, 2090)","(720, 770)"
"(49, 1560)","(360, 1140)"
"(325, 2080)","(750, 750)"
"(52, 2380)","(760, 740)"
"(232, 1500)","(350, 1130)"
"(283, 1940)","(670, 830)"
"(277, 1790)","(580, 910)"
"(37, 2060)","(630, 850)"
"(214, 1770)","(550, 950)"
"(94, 1900)","(580, 920)"
"(346, 2490)","(890, 590)"
"(136, 1540)","(360, 1130)"
"(331, 2030)","(730, 770)"
"(34, 1480)","(300, 1200)"
"(241, 2190)","(760, 740)"
"(301, 2480)","(880, 620)"
"(382, 2160)","(810, 690)"
"(133, 1710)","(480, 1010)"
"(388, 2270)","(850, 650)"
"(55, 1400)","(300, 1200)"
"(43, 2600)","(820, 680)"
"(10, 2560)","(800, 700)"
"(322, 2010)","(720, 780)"
"(241, 2320)","(810, 690)"
"(4, 1910)","(560, 940)"
"(193, 2510)","(850, 650)"
"(127, 2160)","(710, 790)"
"(172, 2530)","(840, 650)"
"(136, 2390)","(790, 710)"
"(19, 2020)","(610, 880)"
"(97, 1580)","(380, 1100)"
"(271, 2130)","(750, 750)"
"(184, 2250)","(760, 740)"
"(193, 2330)","(790, 700)"
"(58, 1410)","(300, 1200)"
"(178, 2140)","(720, 780)"
"(178, 2570)","(850, 630)"
"(367, 1690)","(550, 940)"
"(292, 1570)","(430, 1060)"
"(391, 1820)","(650, 850)"
"(67, 2420)","(780, 720)"
"(127, 2020)","(650, 850)"
"(229, 1900)","(630, 870)"
"(346, 2200)","(810, 690)"
"(184, 1810)","(560, 930)"
"(370, 1900)","(680, 810)"
"(301, 2240)","(800, 690)"
"(358, 1580)","(460, 1020)"
"(304, 2210)","(790, 700)"
"(343, 1520)","(410, 1090)"
"(64, 2190)","(700, 800)"
"(394, 1850)","(670, 830)"
"(130, 1940)","(610, 880)"
"(379, 2190)","(820, 680)"
"(127, 1870)","(570, 910)"
"(133, 2120)","(690, 800)"
"(91, 2440)","(790, 710)"
"(325, 2180)","(790, 710)"
"(187, 1940)","(630, 860)"
"(244, 1940)","(650, 840)"
"(313, 1750)","(570, 920)"
"(85, 1660)","(440, 1060)"
"(355, 1870)","(660, 830)"
"(94, 1520)","(330, 1140)"
"(151, 2020)","(660, 840)"
"(31, 1670)","(430, 1070)"
"(196, 2190)","(740, 750)"
"(382, 2270)","(850, 650)"
"(178, 2590)","(830, 610)"
"(151, 1620)","(430, 1070)"
"(37, 1550)","(350, 1150)"
"(253, 1760)","(550, 930)"
"(313, 1560)","(430, 1060)"
"(307, 1690)","(530, 970)"
"(325, 2580)","(910, 580)"
"(325, 2290)","(830, 670)"
"(322, 2600)","(860, 540)"
"(160, 2130)","(710, 790)"
"(358, 1800)","(620, 870)"
"(61, 2490)","(790, 700)"
"(43, 2020)","(620, 880)"
"(295, 1740)","(560, 940)"
"(265, 1720)","(530, 950)"
"(289, 1760)","(570, 930)"
"(229, 1700)","(510, 990)"
"(187, 2200)","(740, 750)"
"(229, 2600)","(880, 610)"
"(172, 1900)","(600, 880)"
"(223, 2130)","(730, 770)"
"(202, 2050)","(690, 810)"
"(70, 1510)","(320, 1170)"
"(250, 1600)","(440, 1050)"
"(208, 2060)","(690, 800)"
"(211, 1560)","(400, 1100)"
"(79, 2510)","(810, 690)"
"(361, 1420)","(310, 1190)"
"(220, 2160)","(740, 760)"
"(394, 1760)","(610, 880)"
"(148, 2150)","(710, 790)"
"(268, 2570)","(880, 600)"
"(325, 1500)","(380, 1110)"
"(322, 2480)","(890, 610)"
"(202, 1940)","(640, 860)"
"(298, 2480)","(880, 620)"
"(319, 1500)","(380, 1120)"
"(334, 1830)","(630, 870)"
"(34, 1420)","(300, 1200)"
"(265, 1630)","(470, 1020)"
"(178, 1810)","(560, 940)"
"(328, 1520)","(400, 1090)"
"(310, 1920)","(670, 830)"
"(307, 1540)","(410, 1080)"
"(388, 2140)","(800, 690)"
"(58, 1860)","(550, 950)"
"(169, 2130)","(710, 790)"
"(82, 2360)","(760, 730)"
"(97, 2220)","(720, 780)"
"(70, 2430)","(780, 720)"
"(79, 2410)","(780, 720)"
"(187, 1540)","(380, 1120)"
"(22, 2590)","(810, 690)"
"(319, 2360)","(850, 650)"
"(385, 2000)","(740, 750)"
"(394, 1660)","(540, 950)"
"(211, 2100)","(710, 780)"
"(250, 2180)","(760, 740)"
"(295, 1880)","(640, 850)"
"(1, 1420)","(300, 1200)"
"(259, 2210)","(770, 720)"
"(361, 1660)","(530, 970)"
"(343, 2100)","(770, 730)"
"(73, 1650)","(430, 1070)"
"(190, 2510)","(830, 640)"
"(145, 1640)","(440, 1060)"
"(154, 1640)","(440, 1050)"
"(307, 2340)","(810, 640)"
"(331, 1640)","(500, 990)"
"(112, 2380)","(780, 720)"
"(250, 1820)","(590, 910)"
"(106, 2560)","(830, 670)"
"(352, 2160)","(790, 700)"
"(373, 1680)","(550, 950)"
"(142, 2280)","(760, 740)"
"(127, 1940)","(610, 890)"
"(208, 2380)","(810, 680)"
"(214, 1730)","(520, 970)"
"(352, 1700)","(550, 930)"
"(1, 2540)","(790, 710)"
"(193, 2250)","(760, 730)"
"(127, 1680)","(460, 1030)"
"(187, 2360)","(800, 700)"
"(229, 1540)","(390, 1110)"
"(370, 2360)","(870, 630)"
"(79, 2150)","(690, 810)"
"(13, 1770)","(480, 1000)"
"(154, 1760)","(520, 970)"
"(22, 2070)","(630, 850)"
"(307, 1530)","(400, 1080)"
"(142, 1850)","(570, 930)"
"(31, 1730)","(470, 1030)"
"(70, 2590)","(820, 670)"
"(376, 2350)","(870, 620)"
"(7, 2280)","(710, 780)"
"(85, 2240)","(720, 770)"
"(202, 2300)","(780, 710)"
"(94, 1740)","(490, 1000)"
"(307, 1760)","(580, 920)"
"(115, 2000)","(630, 860)"
"(91, 1460)","(300, 1200)"
"(376, 2490)","(900, 570)"
"(154, 2210)","(730, 760)"
"(190, 1700)","(490, 990)"
"(130, 2120)","(690, 800)"
"(121, 1470)","(300, 1200)"
"(340, 2500)","(890, 590)"
"(313, 1910)","(670, 830)"
"(139, 2420)","(800, 700)"
"(373, 1570)","(460, 1030)"
"(208, 2580)","(860, 620)"
"(97, 1640)","(430, 1070)"
"(232, 2400)","(830, 670)"
"(367, 1620)","(500, 990)"
"(361, 2150)","(790, 700)"
"(286, 2090)","(740, 760)"
"(328, 2460)","(880, 610)"
"(367, 1900)","(680, 810)"
"(247, 1880)","(620, 870)"
"(346, 2210)","(810, 690)"
"(265, 2400)","(840, 660)"
"(268, 2160)","(760, 740)"
"(10, 1490)","(300, 1200)"
"(196, 2550)","(850, 630)"
"(322, 2460)","(860, 600)"
"(61, 2190)","(700, 800)"
"(265, 2470)","(860, 630)"
"(343, 1790)","(610, 890)"
"(211, 1970)","(650, 840)"
"(112, 1740)","(500, 1000)"
"(247, 1750)","(550, 950)"
"(205, 1700)","(500, 1000)"
"(169, 2210)","(740, 760)"
"(265, 2210)","(780, 720)"
"(253, 2400)","(840, 660)"
"(259, 2410)","(840, 650)"
"(31, 1840)","(530, 970)"
"(151, 2180)","(720, 770)"
"(55, 1630)","(410, 1090)"
"(253, 2540)","(850, 600)"
"(37, 1460)","(300, 1200)"
"(19, 2430)","(760, 730)"
"(106, 2360)","(770, 730)"
"(145, 2580)","(810, 620)"
"(46, 2180)","(690, 810)"
"(304, 1740)","(560, 930)"
"(364, 1960)","(710, 780)"
"(340, 2470)","(890, 600)"
"(283, 2410)","(850, 640)"
"(106, 2150)","(700, 800)"
"(253, 1670)","(500, 1000)"
"(223, 2400)","(820, 670)"
"(391, 1570)","(470, 1030)"
"(199, 2420)","(820, 670)"
"(52, 2270)","(720, 770)"
"(22, 1570)","(360, 1140)"
"(118, 1940)","(610, 890)"
"(172, 1870)","(590, 910)"
"(388, 1580)","(480, 1020)"
"(130, 2040)","(660, 840)"
"(157, 1910)","(600, 880)"
"(256, 2450)","(850, 640)"
"(121, 2310)","(760, 740)"
"(94, 1970)","(610, 880)"
"(61, 1430)","(300, 1200)"
"(133, 2310)","(760, 730)"
"(379, 1980)","(730, 770)"
"(88, 2130)","(680, 810)"
"(268, 1580)","(430, 1060)"
"(133, 1920)","(600, 890)"
"(310, 2240)","(810, 690)"
"(109, 2290)","(750, 750)"
"(322, 1610)","(480, 1020)"
"(196, 1790)","(550, 940)"
"(181, 2130)","(710, 780)"
"(1, 2240)","(690, 800)"
"(259, 1470)","(330, 1150)"
"(82, 1970)","(610, 890)"
"(19, 1670)","(430, 1070)"
"(337, 2380)","(850, 620)"
"(187, 2020)","(670, 830)"
"(397, 2280)","(860, 640)"
"(397, 1500)","(410, 1090)"
"(22, 2600)","(810, 680)"
"(88, 1730)","(480, 1010)"
"(304, 2080)","(740, 750)"
"(34, 2410)","(760, 730)"
"(172, 2540)","(820, 630)"
"(82, 2240)","(720, 770)"
"(340, 1730)","(570, 930)"
"(73, 1460)","(300, 1200)"
"(328, 1770)","(590, 900)"
"(106, 2390)","(780, 720)"
"(352, 2310)","(850, 650)"
"(280, 1630)","(480, 1020)"
"(94, 2070)","(660, 840)"
"(142, 1830)","(560, 940)"
"(259, 1920)","(650, 850)"
"(268, 1860)","(620, 880)"
"(223, 2380)","(820, 680)"
"(91, 1630)","(420, 1080)"
"(295, 1810)","(600, 890)"
"(124, 1820)","(550, 950)"
"(349, 2070)","(760, 740)"
"(322, 2230)","(810, 690)"
"(136, 2100)","(690, 810)"
"(289, 2350)","(830, 660)"
"(16, 2300)","(720, 780)"
"(208, 2160)","(740, 760)"
"(379, 2250)","(830, 650)"
"(268, 2010)","(700, 800)"
"(10, 2280)","(710, 780)"
"(382, 1620)","(510, 990)"
"(295, 2580)","(870, 570)"
"(133, 1660)","(450, 1050)"
"(256, 1740)","(540, 950)"
"(160, 2100)","(690, 800)"
"(196, 2520)","(840, 640)"
"(34, 2150)","(670, 820)"
"(274, 1460)","(330, 1170)"
"(331, 2110)","(770, 730)"
"(169, 1750)","(520, 980)"
"(355, 1500)","(390, 1100)"
"(112, 2470)","(810, 690)"
"(280, 2280)","(810, 690)"
"(223, 2440)","(840, 660)"
"(112, 1800)","(530, 960)"
"(316, 1900)","(660, 830)"
"(268, 1770)","(570, 930)"
"(121, 1580)","(390, 1110)"
"(49, 2220)","(700, 790)"
"(112, 1990)","(630, 870)"
"(124, 1940)","(610, 890)"
"(175, 2600)","(860, 630)"
"(190, 1610)","(430, 1060)"
"(238, 1870)","(610, 880)"
"(244, 1560)","(410, 1090)"
"(214, 2160)","(740, 760)"
"(163, 2260)","(760, 740)"
"(244, 1920)","(640, 850)"
"(166, 2310)","(770, 720)"
"(100, 2500)","(810, 690)"
"(217, 1730)","(520, 970)"
"(136, 2270)","(750, 750)"
"(349, 2180)","(800, 700)"
"(376, 1570)","(460, 1030)"
"(262, 2500)","(870, 630)"
"(376, 1540)","(440, 1060)"
"(19, 2170)","(670, 820)"
"(184, 1540)","(370, 1110)"
"(91, 1490)","(310, 1190)"
"(184, 2420)","(820, 680)"
"(106, 2350)","(770, 730)"
"(262, 1940)","(660, 840)"
"(211, 2600)","(870, 620)"
"(160, 2140)","(710, 790)"
"(184, 2000)","(660, 840)"
"(103, 1790)","(520, 970)"
"(127, 1470)","(300, 1200)"
"(337, 2240)","(820, 680)"
"(283, 2450)","(860, 630)"
"(58, 2220)","(710, 790)"
"(316, 2470)","(860, 600)"
"(82, 2530)","(810, 680)"
"(223, 2290)","(790, 710)"
"(397, 1590)","(490, 1010)"
"(118, 2580)","(840, 660)"
"(145, 1760)","(520, 980)"
"(19, 1440)","(300, 1200)"
"(274, 1520)","(380, 1100)"
"(319, 2390)","(850, 630)"
"(379, 2490)","(910, 580)"
"(181, 1910)","(610, 880)"
"(319, 2120)","(760, 730)"
"(355, 2250)","(830, 670)"
"(169, 2080)","(690, 810)"
"(223, 2120)","(730, 770)"
"(82, 2560)","(820, 670)"
"(196, 2490)","(840, 650)"
"(244, 2280)","(790, 700)"
"(136, 1680)","(460, 1020)"
"(301, 1500)","(370, 1110)"
"(124, 2470)","(810, 690)"
"(400, 1480)","(390, 1110)"
"(238, 2000)","(680, 820)"
"(22, 2140)","(660, 830)"
"(61, 1500)","(310, 1180)"
"(382, 1480)","(380, 1110)"
"(109, 2560)","(830, 670)"
"(328, 2530)","(890, 580)"
"(58, 1610)","(390, 1090)"
"(217, 2250)","(770, 720)"
"(163, 2450)","(810, 670)"
"(355, 2020)","(740, 760)"
"(262, 1440)","(300, 1180)"
"(379, 1740)","(590, 900)"
"(196, 2110)","(710, 780)"
"(352, 2520)","(900, 580)"
"(127, 1690)","(470, 1030)"
"(169, 1410)","(300, 1200)"
"(25, 2130)","(660, 830)"
"(361, 2420)","(840, 580)"
"(97, 1710)","(470, 1020)"
"(88, 2250)","(730, 770)"
"(220, 2520)","(860, 640)"
"(94, 2030)","(640, 850)"
"(217, 2450)","(840, 660)"
"(223, 1500)","(350, 1140)"
"(142, 1470)","(300, 1180)"
"(175, 1740)","(520, 980)"
"(1, 1850)","(520, 960)"
"(163, 2250)","(750, 740)"
"(1, 2210)","(680, 810)"
"(325, 1780)","(600, 900)"
"(82, 2290)","(740, 760)"
"(190, 1660)","(470, 1030)"
"(214, 2240)","(770, 730)"
"(67, 1710)","(460, 1020)"
"(82, 1490)","(310, 1190)"
"(217, 2420)","(830, 670)"
"(25, 2250)","(710, 790)"
"(160, 2320)","(780, 720)"
"(256, 1410)","(300, 1200)"
"(313, 2230)","(800, 690)"
"(391, 2100)","(790, 710)"
"(28, 1690)","(440, 1050)"
"(76, 1610)","(400, 1100)"
"(229, 2260)","(770, 710)"
"(91, 2520)","(810, 680)"
"(40, 1680)","(440, 1060)"
"(361, 1650)","(520, 970)"
"(238, 1830)","(590, 900)"
"(94, 2340)","(760, 740)"
"(160, 2060)","(680, 820)"
"(205, 2340)","(800, 700)"
"(355, 1740)","(580, 910)"
"(232, 2460)","(850, 650)"
"(187, 2030)","(670, 820)"
"(169, 1690)","(480, 1010)"
"(358, 2270)","(810, 640)"
"(139, 1700)","(480, 1020)"
"(79, 1440)","(300, 1200)"
"(190, 1540)","(380, 1120)"
"(379, 1510)","(410, 1090)"
"(157, 1560)","(380, 1100)"
"(13, 2280)","(710, 780)"
"(31, 1860)","(540, 960)"
"(322, 1460)","(340, 1150)"
"(211, 1630)","(450, 1040)"
"(286, 2100)","(740, 750)"
"(289, 2250)","(800, 690)"
"(67, 2480)","(790, 700)"
"(7, 2250)","(700, 800)"
"(301, 2460)","(840, 600)"
"(283, 1640)","(480, 1000)"
"(100, 1430)","(300, 1200)"
"(1, 1460)","(300, 1200)"
"(172, 2010)","(660, 840)"
"(106, 2170)","(700, 790)"
"(352, 2550)","(920, 580)"
"(358, 1490)","(380, 1110)"
"(337, 1690)","(540, 950)"
"(328, 1980)","(710, 790)"
"(163, 2320)","(780, 720)"
"(91, 2490)","(800, 690)"
"(184, 2430)","(820, 680)"
"(190, 2050)","(680, 810)"
"(394, 1800)","(640, 860)"
"(196, 2290)","(780, 720)"
"(382, 1610)","(500, 1000)"
"(151, 2440)","(810, 690)"
"(103, 2420)","(790, 710)"
"(43, 2410)","(760, 730)"
"(19, 1630)","(400, 1100)"
"(49, 1890)","(560, 940)"
"(265, 1520)","(380, 1110)"
"(220, 1420)","(300, 1200)"
"(352, 1540)","(430, 1070)"
"(163, 1580)","(400, 1090)"
"(148, 1790)","(540, 960)"
"(88, 2390)","(770, 720)"
"(157, 2380)","(790, 700)"
"(175, 2390)","(800, 690)"
"(331, 2200)","(800, 700)"
"(4, 2570)","(800, 700)"
"(157, 1790)","(540, 960)"
"(103, 2410)","(780, 710)"
"(379, 2080)","(770, 720)"
"(232, 2050)","(700, 800)"
"(73, 2210)","(710, 790)"
"(373, 1410)","(300, 1180)"
"(253, 1540)","(390, 1090)"
"(337, 1420)","(300, 1180)"
"(28, 1400)","(300, 1200)"
"(370, 1720)","(580, 920)"
"(277, 2150)","(760, 740)"
"(4, 1470)","(300, 1200)"
"(217, 2070)","(700, 790)"
"(400, 2160)","(820, 680)"
"(199, 1550)","(390, 1110)"
"(283, 2260)","(800, 690)"
"(163, 1680)","(470, 1020)"
"(367, 2500)","(900, 580)"
"(274, 2270)","(800, 690)"
"(220, 1430)","(300, 1200)"
"(220, 2370)","(810, 680)"
"(364, 2110)","(780, 720)"
"(205, 1470)","(320, 1180)"
"(151, 1410)","(300, 1200)"
"(49, 1410)","(300, 1200)"
"(34, 2340)","(740, 760)"
"(397, 1700)","(570, 920)"
"(79, 1890)","(570, 930)"
"(313, 1570)","(440, 1060)"
"(73, 1440)","(300, 1200)"
"(130, 2160)","(710, 790)"
"(334, 1900)","(670, 830)"
"(34, 1660)","(420, 1070)"
"(358, 1440)","(330, 1160)"
"(79, 2400)","(770, 720)"
"(127, 1550)","(370, 1130)"
"(226, 2300)","(790, 700)"
"(367, 1890)","(680, 820)"
"(229, 2000)","(680, 820)"
"(394, 2530)","(940, 560)"
"(325, 1670)","(520, 970)"
"(25, 2390)","(750, 740)"
"(205, 1730)","(520, 980)"
"(28, 1950)","(580, 910)"
"(25, 2560)","(800, 690)"
"(355, 1420)","(310, 1190)"
"(340, 2210)","(810, 690)"
"(286, 1880)","(640, 860)"
"(166, 1570)","(390, 1090)"
"(1, 1500)","(300, 1200)"
"(181, 1600)","(420, 1070)"
"(238, 2080)","(710, 780)"
"(139, 1940)","(610, 880)"
"(307, 1710)","(540, 950)"
"(46, 2280)","(720, 770)"
"(319, 1920)","(670, 820)"
"(229, 1600)","(440, 1060)"
"(1, 2050)","(620, 880)"
"(289, 1910)","(660, 840)"
"(373, 1790)","(620, 870)"
"(319, 2350)","(840, 650)"
"(130, 2250)","(740, 750)"
"(217, 1770)","(550, 950)"
"(244, 1530)","(380, 1100)"
"(388, 1450)","(350, 1140)"
"(364, 2600)","(940, 560)"
"(64, 1460)","(300, 1200)"
"(49, 2300)","(730, 760)"
"(91, 2190)","(710, 790)"
"(301, 2440)","(870, 630)"
"(379, 2040)","(760, 740)"
"(394, 2090)","(780, 710)"
"(313, 1850)","(630, 860)"
"(325, 2110)","(760, 730)"
"(46, 1640)","(410, 1080)"
"(346, 2530)","(910, 580)"
"(322, 2370)","(850, 640)"
"(112, 2290)","(750, 750)"
"(91, 1790)","(520, 980)"
"(10, 2070)","(630, 860)"
"(376, 1910)","(690, 800)"
"(301, 1810)","(600, 890)"
"(352, 1960)","(710, 790)"
"(253, 1870)","(620, 880)"
"(388, 2240)","(830, 650)"
"(133, 2530)","(830, 660)"
"(271, 2060)","(720, 780)"
"(70, 2470)","(790, 700)"
"(325, 1660)","(510, 970)"
"(169, 2600)","(840, 620)"
"(127, 1810)","(540, 950)"
"(370, 1460)","(360, 1140)"
"(280, 2140)","(760, 740)"
"(289, 2230)","(790, 700)"
"(295, 2050)","(720, 770)"
"(97, 1650)","(430, 1060)"
"(175, 1480)","(320, 1170)"
"(325, 2560)","(900, 580)"
"(238, 1710)","(520, 980)"
"(352, 2270)","(810, 640)"
"(88, 2100)","(670, 830)"
"(208, 1680)","(490, 1010)"
"(238, 2360)","(820, 680)"
"(103, 2170)","(700, 790)"
"(295, 1720)","(540, 940)"
"(175, 2010)","(660, 840)"
"(118, 2430)","(800, 700)"
"(181, 1940)","(630, 870)"
"(373, 2060)","(760, 730)"
"(145, 1960)","(630, 870)"
"(280, 1610)","(460, 1030)"
"(382, 2140)","(800, 700)"
"(385, 1910)","(700, 800)"
"(115, 1910)","(590, 900)"
"(70, 2080)","(650, 840)"
"(94, 1860)","(560, 940)"
"(355, 1890)","(670, 820)"
"(22, 1830)","(520, 970)"
"(112, 2060)","(660, 840)"
"(226, 2280)","(790, 710)"
"(214, 2060)","(700, 800)"
"(283, 2180)","(770, 720)"
"(124, 2530)","(830, 670)"
"(7, 1400)","(300, 1200)"
"(61, 2000)","(620, 880)"
"(172, 2170)","(730, 770)"
"(229, 1910)","(630, 860)"
"(112, 1880)","(570, 910)"
"(130, 1640)","(440, 1060)"
"(364, 1790)","(620, 880)"
"(82, 2470)","(800, 700)"
"(190, 1970)","(650, 850)"
"(94, 2130)","(680, 810)"
"(22, 1560)","(350, 1150)"
"(256, 1750)","(550, 950)"
"(271, 1750)","(560, 940)"
"(19, 2330)","(730, 760)"
"(142, 1810)","(550, 950)"
"(376, 1900)","(690, 810)"
"(172, 1960)","(640, 860)"
"(70, 2230)","(710, 780)"
"(115, 2300)","(750, 740)"
"(127, 1740)","(500, 990)"
"(286, 1820)","(600, 890)"
"(364, 2040)","(750, 750)"
"(394, 1860)","(670, 820)"
"(397, 2160)","(810, 680)"
"(364, 1740)","(590, 910)"
"(94, 2510)","(810, 680)"
"(382, 2050)","(760, 730)"
"(376, 2400)","(880, 610)"
"(253, 1570)","(420, 1080)"
"(133, 1600)","(410, 1090)"
"(181, 2570)","(860, 640)"
"(166, 2110)","(700, 800)"
"(238, 2250)","(780, 720)"
"(319, 1650)","(500, 980)"
"(130, 1900)","(590, 900)"
"(91, 2290)","(740, 750)"
"(10, 2170)","(670, 820)"
"(121, 1770)","(520, 980)"
"(280, 2480)","(860, 620)"
"(223, 2250)","(770, 720)"
"(373, 1960)","(720, 780)"
"(1, 2590)","(800, 690)"
"(196, 2330)","(790, 700)"
"(34, 1640)","(410, 1090)"
"(76, 1760)","(500, 1000)"
"(268, 2170)","(760, 730)"
"(328, 1950)","(690, 800)"
"(58, 1940)","(590, 910)"
"(400, 2410)","(890, 590)"
"(178, 2190)","(740, 760)"
"(64, 2380)","(760, 730)"
"(79, 1850)","(550, 950)"
"(241, 2020)","(690, 810)"
"(160, 2210)","(740, 760)"
"(394, 1750)","(610, 890)"
"(106, 1910)","(590, 910)"
"(376, 2460)","(900, 590)"
"(166, 2140)","(710, 780)"
"(70, 2010)","(620, 870)"
"(4, 2240)","(700, 800)"
"(154, 2230)","(740, 750)"
"(265, 1800)","(580, 910)"
"(364, 1400)","(300, 1200)"
"(160, 1710)","(490, 1000)"
"(271, 2580)","(890, 600)"
"(250, 2480)","(850, 630)"
"(112, 1640)","(430, 1060)"
"(76, 2390)","(770, 730)"
"(250, 1670)","(490, 990)"
"(364, 1470)","(370, 1130)"
"(55, 2510)","(800, 700)"
"(94, 1840)","(550, 950)"
"(160, 1500)","(330, 1150)"
"(28, 2180)","(680, 810)"
"(4, 2170)","(670, 830)"
"(37, 1990)","(600, 880)"
"(163, 2130)","(710, 790)"
"(106, 2320)","(760, 740)"
"(109, 2500)","(810, 680)"
"(73, 2100)","(660, 830)"
"(271, 1860)","(620, 870)"
"(331, 2250)","(820, 680)"
"(385, 1490)","(390, 1100)"
"(274, 1600)","(450, 1040)"
"(19, 1540)","(330, 1150)"
"(358, 2570)","(890, 550)"
"(127, 1980)","(630, 870)"
"(145, 2330)","(770, 720)"
"(331, 2600)","(910, 560)"
"(19, 1420)","(300, 1200)"
"(190, 1740)","(520, 970)"
"(250, 2100)","(730, 770)"
"(88, 1870)","(560, 930)"
"(304, 2540)","(880, 590)"
"(265, 2550)","(870, 600)"
"(169, 2190)","(730, 760)"
"(373, 1530)","(430, 1070)"
"(49, 1870)","(550, 950)"
"(211, 2470)","(840, 650)"
"(91, 1580)","(380, 1110)"
"(109, 2390)","(780, 720)"
"(265, 2180)","(770, 730)"
"(256, 2330)","(810, 680)"
"(58, 1820)","(530, 970)"
"(43, 1510)","(320, 1180)"
"(175, 1690)","(480, 1010)"
"(259, 1600)","(450, 1050)"
"(157, 1620)","(430, 1070)"
"(148, 1520)","(350, 1150)"
"(337, 2300)","(840, 660)"
"(145, 1570)","(390, 1110)"
"(1, 2300)","(720, 780)"
"(184, 2050)","(680, 810)"
"(160, 2420)","(810, 690)"
"(361, 2120)","(780, 710)"
"(43, 1870)","(550, 950)"
"(274, 1510)","(370, 1110)"
"(13, 2350)","(740, 760)"
"(256, 2090)","(730, 770)"
"(385, 1890)","(690, 810)"
"(265, 2570)","(880, 600)"
"(253, 1660)","(490, 1010)"
"(220, 1750)","(540, 960)"
"(217, 2030)","(680, 810)"
"(379, 2500)","(920, 580)"
"(379, 2020)","(750, 750)"
"(148, 1930)","(610, 880)"
"(187, 1610)","(430, 1060)"
"(361, 1950)","(710, 790)"
"(175, 1510)","(350, 1150)"
"(358, 2440)","(890, 610)"
"(205, 2460)","(840, 660)"
"(271, 2540)","(880, 610)"
"(142, 1860)","(570, 910)"
"(235, 1790)","(570, 930)"
"(307, 1590)","(450, 1030)"
"(343, 1560)","(440, 1050)"
"(379, 1970)","(720, 770)"
"(226, 1700)","(510, 990)"
"(88, 1820)","(530, 950)"
"(277, 1530)","(390, 1090)"
"(364, 2570)","(910, 550)"
"(118, 1520)","(340, 1150)"
"(391, 2150)","(810, 690)"
"(151, 1420)","(300, 1200)"
"(271, 2300)","(810, 680)"
"(271, 2480)","(840, 610)"
"(313, 1810)","(610, 890)"
"(238, 1610)","(450, 1050)"
"(121, 2040)","(650, 840)"
"(1, 2160)","(670, 830)"
"(94, 2230)","(720, 770)"
"(97, 1560)","(370, 1130)"
"(73, 1500)","(310, 1170)"
"(73, 2020)","(630, 870)"
"(58, 2590)","(820, 670)"
"(250, 1400)","(300, 1200)"
"(34, 2010)","(610, 880)"
"(10, 1920)","(560, 930)"
"(40, 2480)","(780, 710)"
"(91, 1800)","(520, 960)"
"(85, 2580)","(830, 670)"
"(49, 2540)","(800, 690)"
"(316, 2080)","(750, 750)"
"(49, 2450)","(780, 720)"
"(274, 1940)","(660, 830)"
"(400, 1760)","(620, 880)"
"(253, 1530)","(390, 1110)"
"(277, 2130)","(750, 750)"
"(142, 1510)","(340, 1160)"
"(172, 1810)","(560, 940)"
"(199, 1520)","(360, 1130)"
"(199, 2470)","(840, 660)"
"(358, 1480)","(370, 1120)"
"(268, 2410)","(840, 650)"
"(190, 2300)","(780, 720)"
"(196, 2020)","(670, 820)"
"(121, 2400)","(790, 710)"
"(67, 2000)","(620, 880)"
"(142, 1970)","(630, 870)"
"(229, 2570)","(880, 620)"
"(367, 1830)","(640, 850)"
"(169, 1600)","(420, 1080)"
"(19, 2010)","(610, 890)"
"(391, 1910)","(700, 800)"
"(64, 2350)","(750, 740)"
"(109, 1810)","(540, 960)"
"(55, 2030)","(630, 870)"
"(16, 2190)","(680, 810)"
"(364, 1460)","(350, 1130)"
"(118, 2540)","(830, 670)"
"(19, 1720)","(460, 1040)"
"(46, 2140)","(670, 820)"
"(370, 2330)","(820, 600)"
"(340, 2360)","(840, 620)"
"(283, 2080)","(730, 760)"
"(208, 2170)","(740, 760)"
"(76, 2070)","(650, 840)"
"(283, 2550)","(880, 600)"
"(139, 2110)","(690, 810)"
"(199, 2490)","(840, 650)"
"(397, 2460)","(910, 580)"
"(31, 1830)","(520, 970)"
"(358, 2180)","(800, 690)"
"(181, 1510)","(350, 1150)"
"(301, 2140)","(760, 730)"
"(166, 1930)","(620, 880)"
"(22, 1540)","(330, 1150)"
"(388, 2340)","(870, 620)"
"(220, 2430)","(820, 650)"
"(391, 1470)","(370, 1110)"
"(382, 1420)","(320, 1180)"
"(13, 2210)","(690, 810)"
"(28, 1840)","(530, 970)"
"(223, 1950)","(650, 850)"
"(25, 1970)","(590, 900)"
"(25, 2310)","(730, 770)"
"(307, 1640)","(490, 1000)"
"(184, 1560)","(390, 1100)"
"(253, 2380)","(830, 670)"
"(241, 2290)","(800, 700)"
"(253, 2100)","(730, 770)"
"(157, 2360)","(790, 710)"
"(379, 1630)","(510, 980)"
"(88, 2080)","(660, 830)"
"(64, 1860)","(550, 950)"
"(172, 2280)","(770, 730)"
"(82, 1600)","(390, 1090)"
"(178, 1750)","(520, 970)"
"(151, 1440)","(300, 1200)"
"(13, 2320)","(730, 770)"
"(331, 1780)","(600, 900)"
"(76, 2160)","(690, 810)"
"(142, 1660)","(450, 1040)"
"(352, 2100)","(770, 730)"
"(361, 1720)","(570, 920)"
"(283, 1660)","(500, 1000)"
"(43, 1960)","(590, 900)"
"(4, 2250)","(700, 800)"
"(304, 2280)","(820, 680)"
"(229, 1490)","(340, 1140)"
"(265, 2420)","(850, 650)"
"(130, 1980)","(630, 870)"
"(214, 1690)","(500, 1000)"
"(181, 2310)","(780, 720)"
"(343, 1440)","(330, 1170)"
"(124, 1840)","(560, 940)"
"(94, 2240)","(720, 770)"
"(373, 1510)","(410, 1090)"
"(91, 2400)","(780, 720)"
"(349, 2370)","(850, 620)"
"(124, 2110)","(690, 810)"
"(91, 2090)","(670, 830)"
"(232, 2180)","(750, 740)"
"(7, 1780)","(490, 1010)"
"(178, 2110)","(700, 790)"
"(16, 1850)","(530, 970)"
"(208, 2080)","(700, 790)"
"(253, 1450)","(310, 1180)"
"(349, 1750)","(590, 910)"
"(43, 2340)","(740, 750)"
"(82, 1910)","(580, 910)"
"(265, 1690)","(510, 970)"
"(283, 1630)","(480, 1020)"
"(136, 1530)","(350, 1130)"
"(40, 1890)","(560, 940)"
"(247, 2530)","(870, 620)"
"(394, 2370)","(880, 610)"
"(199, 2440)","(830, 670)"
"(277, 2190)","(770, 720)"
"(283, 1770)","(570, 920)"
"(253, 1420)","(300, 1200)"
"(304, 1600)","(460, 1030)"
"(124, 1980)","(630, 870)"
"(313, 2600)","(910, 570)"
"(265, 1530)","(390, 1110)"
"(307, 1580)","(450, 1050)"
"(397, 1920)","(710, 790)"
"(43, 1990)","(610, 890)"
"(145, 2300)","(760, 730)"
"(73, 2070)","(650, 840)"
"(70, 1980)","(610, 880)"
"(151, 2190)","(730, 770)"
"(148, 1900)","(600, 900)"
"(124, 1480)","(310, 1190)"
"(106, 2020)","(640, 850)"
"(250, 1590)","(430, 1050)"
"(304, 2240)","(800, 690)"
"(397, 1520)","(430, 1070)"
"(238, 2390)","(830, 670)"
"(196, 1520)","(360, 1130)"
"(1, 2410)","(750, 740)"
"(280, 1770)","(570, 920)"
"(355, 2080)","(760, 730)"
"(400, 2090)","(790, 710)"
"(310, 1550)","(420, 1070)"
"(253, 2460)","(850, 640)"
"(124, 1560)","(370, 1110)"
"(400, 2300)","(860, 630)"
"(286, 1650)","(490, 1000)"
"(10, 2500)","(780, 710)"
"(31, 2370)","(750, 750)"
"(97, 2480)","(800, 690)"
"(124, 1730)","(490, 1000)"
"(61, 1650)","(420, 1060)"
"(235, 1750)","(540, 950)"
"(397, 2430)","(900, 590)"
"(244, 2180)","(760, 740)"
"(223, 1960)","(650, 840)"
"(325, 1430)","(310, 1180)"
"(70, 1600)","(390, 1100)"
"(349, 1870)","(660, 840)"
"(142, 1960)","(630, 870)"
"(397, 1650)","(540, 960)"
"(286, 2200)","(780, 710)"
"(199, 2320)","(790, 710)"
"(187, 2500)","(840, 660)"
"(151, 2390)","(790, 700)"
"(97, 1760)","(500, 990)"
"(46, 1420)","(300, 1200)"
"(142, 2230)","(740, 760)"
"(181, 2380)","(800, 690)"
"(349, 2590)","(910, 560)"
"(136, 2420)","(800, 700)"
"(34, 2540)","(800, 700)"
"(61, 1640)","(420, 1080)"
"(208, 1670)","(480, 1010)"
"(196, 2100)","(710, 790)"
"(37, 2170)","(680, 820)"
"(355, 2100)","(770, 720)"
"(166, 2510)","(840, 660)"
"(340, 2010)","(730, 770)"
"(343, 2020)","(730, 760)"
"(280, 2590)","(890, 590)"
"(220, 1450)","(300, 1180)"
"(136, 1760)","(510, 970)"
"(319, 2400)","(860, 630)"
"(190, 2550)","(850, 640)"
"(28, 2360)","(740, 750)"
"(352, 1630)","(500, 990)"
"(49, 2470)","(780, 710)"
"(268, 1440)","(310, 1190)"
"(397, 2500)","(910, 560)"
"(397, 2470)","(920, 580)"
"(184, 2110)","(710, 790)"
"(382, 1890)","(680, 810)"
"(13, 2200)","(680, 810)"
"(88, 2350)","(760, 740)"
"(124, 1860)","(570, 930)"
"(304, 2020)","(710, 780)"
"(88, 2420)","(780, 710)"
"(49, 2080)","(650, 850)"
"(370, 2560)","(910, 550)"
"(289, 2240)","(800, 700)"
"(139, 1430)","(300, 1200)"
"(43, 1500)","(310, 1190)"
"(391, 1520)","(420, 1060)"
"(64, 1750)","(490, 1010)"
"(196, 2510)","(850, 650)"
"(364, 1540)","(430, 1060)"
"(145, 1790)","(540, 960)"
"(334, 2420)","(850, 600)"
"(319, 2530)","(900, 590)"
"(334, 1460)","(350, 1150)"
"(337, 1570)","(450, 1050)"
"(145, 1920)","(610, 890)"
"(286, 2310)","(820, 680)"
"(289, 1740)","(560, 940)"
"(73, 1600)","(390, 1100)"
"(271, 2110)","(740, 760)"
"(127, 2250)","(740, 760)"
"(85, 1710)","(470, 1030)"
"(91, 1880)","(570, 930)"
"(220, 2400)","(820, 670)"
"(106, 1720)","(480, 1010)"
"(346, 1460)","(350, 1150)"
"(382, 1700)","(570, 930)"
"(184, 2390)","(810, 690)"
"(361, 1930)","(700, 800)"
"(22, 1740)","(470, 1030)"
"(235, 1570)","(410, 1070)"
"(157, 2490)","(830, 670)"
"(298, 1730)","(550, 940)"
"(133, 2130)","(700, 800)"
"(220, 2350)","(810, 690)"
"(352, 2390)","(860, 610)"
"(181, 2420)","(810, 680)"
"(394, 2510)","(930, 570)"
"(97, 1790)","(520, 970)"
"(238, 1590)","(430, 1060)"
"(148, 2440)","(810, 690)"
"(340, 1430)","(320, 1180)"
"(325, 1900)","(660, 830)"
"(130, 2260)","(740, 750)"
"(352, 2130)","(780, 710)"
"(25, 1570)","(360, 1140)"
"(31, 1610)","(390, 1110)"
"(133, 2510)","(820, 670)"
"(199, 2300)","(780, 710)"
"(319, 2010)","(720, 780)"
"(22, 1550)","(340, 1150)"
"(313, 2190)","(790, 710)"
"(133, 2090)","(680, 820)"
"(97, 1840)","(550, 950)"
"(181, 2160)","(730, 770)"
"(259, 2030)","(700, 790)"
"(52, 1620)","(400, 1100)"
"(37, 2220)","(700, 800)"
"(190, 1990)","(660, 840)"
"(82, 2250)","(720, 770)"
"(70, 2310)","(740, 750)"
"(73, 1470)","(300, 1200)"
"(79, 2340)","(750, 740)"
"(205, 2450)","(830, 660)"
"(157, 2310)","(770, 720)"
"(313, 1480)","(360, 1140)"
"(325, 2340)","(850, 650)"
"(358, 2300)","(850, 650)"
"(241, 1460)","(320, 1180)"
"(4, 2560)","(800, 700)"
"(142, 1540)","(360, 1120)"
"(340, 2030)","(730, 760)"
"(235, 2520)","(820, 600)"
"(190, 1580)","(410, 1090)"
"(64, 1970)","(600, 890)"
"(64, 1980)","(610, 890)"
"(322, 2170)","(790, 710)"
"(130, 2200)","(720, 770)"
"(358, 1770)","(600, 890)"
"(175, 1730)","(510, 990)"
"(52, 1700)","(450, 1030)"
"(310, 2600)","(900, 570)"
"(172, 2160)","(720, 770)"
"(190, 2220)","(750, 740)"
"(100, 1830)","(540, 940)"
"(268, 1560)","(420, 1080)"
"(100, 2370)","(770, 720)"
"(37, 1770)","(490, 1000)"
"(229, 2030)","(690, 810)"
"(127, 2270)","(750, 750)"
"(55, 1900)","(570, 930)"
"(301, 1850)","(630, 870)"
"(343, 2140)","(780, 710)"
"(85, 2160)","(690, 800)"
"(55, 2260)","(720, 780)"
"(367, 1430)","(320, 1160)"
"(40, 1610)","(390, 1110)"
"(292, 2080)","(740, 760)"
"(301, 2110)","(750, 740)"
"(145, 2380)","(790, 710)"
"(220, 1520)","(370, 1130)"
"(205, 2550)","(840, 620)"
"(307, 2300)","(830, 670)"
"(172, 2080)","(690, 810)"
"(316, 1710)","(550, 950)"
"(274, 1900)","(640, 850)"
"(226, 2150)","(740, 760)"
"(394, 2320)","(860, 620)"
"(193, 2120)","(710, 780)"
"(145, 1950)","(620, 870)"
"(268, 1550)","(410, 1090)"
"(325, 2100)","(760, 740)"
"(49, 2090)","(650, 840)"
"(46, 2240)","(710, 790)"
"(97, 2020)","(640, 860)"
"(217, 1990)","(670, 830)"
"(34, 2330)","(740, 760)"
"(229, 2130)","(730, 760)"
"(358, 2250)","(830, 670)"
"(394, 1640)","(530, 970)"
"(340, 1420)","(300, 1180)"
"(262, 2130)","(740, 750)"
"(301, 1720)","(550, 950)"
"(109, 2540)","(820, 670)"
"(349, 1780)","(610, 890)"
"(397, 1510)","(420, 1080)"
"(250, 2380)","(830, 670)"
"(271, 1480)","(350, 1150)"
"(367, 1750)","(600, 900)"
"(397, 2210)","(830, 660)"
"(43, 2540)","(800, 690)"
"(325, 1620)","(480, 1000)"
"(382, 2120)","(790, 700)"
"(16, 2000)","(600, 890)"
"(55, 1730)","(470, 1020)"
"(394, 1550)","(450, 1040)"
"(34, 2190)","(690, 810)"
"(130, 2090)","(680, 820)"
"(196, 1820)","(570, 920)"
"(199, 2600)","(850, 610)"
"(70, 1830)","(530, 950)"
"(142, 1840)","(560, 930)"
"(310, 2100)","(750, 740)"
"(25, 1700)","(450, 1050)"
"(208, 1410)","(300, 1200)"
"(301, 1980)","(690, 800)"
"(196, 1720)","(510, 990)"
"(133, 1480)","(310, 1180)"
"(340, 2420)","(850, 600)"
"(37, 1930)","(580, 920)"
"(4, 2280)","(710, 790)"
"(313, 2460)","(870, 610)"
"(376, 2000)","(740, 760)"
"(73, 1550)","(350, 1130)"
"(211, 2050)","(690, 800)"
"(244, 1670)","(490, 1000)"
"(238, 1970)","(670, 830)"
"(67, 1680)","(440, 1040)"
"(265, 1740)","(550, 950)"
"(85, 1520)","(330, 1150)"
"(19, 1760)","(480, 1010)"
"(316, 2050)","(730, 760)"
"(148, 2390)","(790, 700)"
"(292, 2570)","(870, 580)"
"(274, 1850)","(620, 880)"
"(292, 1910)","(660, 840)"
"(181, 2200)","(740, 750)"
"(208, 1600)","(430, 1070)"
"(121, 1980)","(630, 870)"
"(220, 2100)","(720, 780)"
"(19, 1600)","(380, 1120)"
"(64, 1660)","(430, 1060)"
"(232, 2390)","(820, 670)"
"(49, 1620)","(400, 1100)"
"(67, 2360)","(760, 740)"
"(310, 1750)","(570, 920)"
"(169, 2150)","(720, 780)"
"(223, 2510)","(830, 620)"
"(4, 2480)","(770, 720)"
"(214, 1750)","(530, 950)"
"(253, 1510)","(370, 1130)"
"(247, 2310)","(790, 680)"
"(325, 1870)","(650, 850)"
"(343, 2130)","(770, 710)"
"(388, 1880)","(680, 810)"
"(82, 2170)","(690, 800)"
"(94, 2560)","(820, 670)"
"(40, 1660)","(420, 1060)"
"(361, 1850)","(650, 840)"
"(40, 1880)","(550, 940)"
"(307, 2400)","(860, 640)"
"(10, 1470)","(300, 1200)"
"(343, 2310)","(830, 650)"
"(244, 1790)","(570, 920)"
"(139, 2130)","(700, 800)"
"(193, 2490)","(840, 660)"
"(391, 2330)","(870, 620)"
"(247, 2210)","(770, 730)"
"(52, 2340)","(750, 750)"
"(271, 1640)","(480, 1020)"
"(379, 1410)","(300, 1180)"
"(376, 2080)","(770, 720)"
"(271, 2380)","(830, 660)"
"(160, 2590)","(840, 630)"
"(22, 2510)","(790, 710)"
"(4, 1930)","(570, 930)"
"(148, 1760)","(520, 980)"
"(64, 2360)","(760, 740)"
"(94, 2390)","(780, 720)"
"(391, 2530)","(930, 560)"
"(247, 2240)","(780, 720)"
"(307, 1830)","(620, 880)"
"(64, 2320)","(740, 750)"
"(16, 2200)","(680, 810)"
"(25, 2040)","(620, 870)"
"(115, 2140)","(690, 800)"
"(346, 1520)","(410, 1090)"
"(280, 1440)","(310, 1190)"
"(205, 2030)","(680, 820)"
"(82, 2520)","(810, 690)"
"(265, 1610)","(460, 1040)"
"(199, 2240)","(760, 730)"
"(217, 2200)","(750, 740)"
"(205, 1460)","(310, 1190)"
"(268, 1980)","(680, 810)"
"(340, 1410)","(300, 1200)"
"(319, 1990)","(710, 790)"
"(37, 1590)","(380, 1120)"
"(301, 1660)","(510, 990)"
"(346, 1930)","(690, 810)"
"(355, 1670)","(530, 950)"
"(193, 2300)","(780, 710)"
"(265, 1860)","(620, 880)"
"(115, 1780)","(520, 970)"
"(118, 1830)","(550, 950)"
"(241, 1680)","(500, 1000)"
"(268, 1720)","(530, 950)"
"(331, 2590)","(910, 570)"
"(361, 1610)","(490, 1000)"
"(37, 2010)","(610, 880)"
"(121, 1990)","(630, 860)"
"(160, 2120)","(700, 790)"
"(88, 1400)","(300, 1200)"
"(121, 1640)","(430, 1060)"
"(265, 2490)","(870, 630)"
"(238, 1990)","(670, 820)"
"(319, 2300)","(830, 670)"
"(271, 1520)","(380, 1110)"
"(142, 1590)","(400, 1090)"
"(85, 2500)","(810, 690)"
"(358, 2260)","(830, 660)"
"(292, 1770)","(580, 920)"
"(34, 2570)","(810, 690)"
"(124, 2040)","(660, 840)"
"(238, 1490)","(350, 1150)"
"(142, 2460)","(810, 680)"
"(205, 1850)","(590, 900)"
"(337, 1650)","(510, 980)"
"(253, 2370)","(830, 670)"
"(334, 1780)","(600, 900)"
"(175, 1910)","(610, 880)"
"(16, 1560)","(350, 1150)"
"(256, 2240)","(780, 710)"
"(229, 1860)","(600, 880)"
"(301, 1900)","(650, 840)"
"(277, 2260)","(800, 700)"
"(367, 2090)","(770, 720)"
"(76, 1680)","(450, 1050)"
"(322, 1550)","(430, 1070)"
"(118, 2480)","(810, 690)"
"(100, 2550)","(820, 670)"
"(340, 2000)","(720, 770)"
"(10, 1870)","(540, 960)"
"(313, 2370)","(850, 650)"
"(328, 1430)","(310, 1180)"
"(295, 2210)","(790, 710)"
"(241, 1880)","(620, 880)"
"(271, 2030)","(710, 790)"
"(118, 2260)","(740, 760)"
"(244, 1900)","(630, 860)"
"(121, 2030)","(650, 850)"
"(145, 1820)","(550, 940)"
"(376, 1920)","(700, 800)"
"(16, 2570)","(800, 690)"
"(19, 2130)","(660, 840)"
"(211, 1450)","(300, 1190)"
"(124, 2580)","(820, 640)"
"(316, 2520)","(900, 600)"
"(55, 2150)","(680, 820)"
"(235, 2570)","(850, 600)"
"(343, 1460)","(350, 1150)"
"(193, 2090)","(700, 790)"
"(199, 1650)","(460, 1020)"
"(175, 2460)","(820, 670)"
"(376, 1830)","(650, 850)"
"(328, 1510)","(390, 1100)"
"(352, 1610)","(490, 1010)"
"(289, 2190)","(780, 720)"
"(370, 1560)","(450, 1040)"
"(274, 1750)","(560, 940)"
"(10, 1550)","(340, 1160)"
"(298, 1580)","(440, 1050)"
"(103, 2470)","(800, 690)"
"(133, 2360)","(780, 720)"
"(112, 1660)","(440, 1040)"
"(277, 2590)","(860, 570)"
"(349, 2190)","(800, 690)"
"(313, 1610)","(470, 1020)"
"(97, 2290)","(740, 750)"
"(340, 1770)","(600, 900)"
"(163, 2090)","(690, 800)"
"(292, 2600)","(910, 590)"
"(220, 2450)","(840, 660)"
"(301, 2580)","(910, 590)"
"(76, 2040)","(640, 860)"
"(1, 1770)","(480, 1010)"
"(130, 1970)","(630, 870)"
"(253, 2030)","(700, 800)"
"(142, 2300)","(760, 730)"
"(49, 2460)","(780, 710)"
"(178, 1790)","(550, 950)"
"(154, 2580)","(840, 640)"
"(169, 2560)","(830, 630)"
"(310, 1520)","(400, 1100)"
"(148, 2550)","(820, 640)"
"(325, 2030)","(730, 770)"
"(244, 1690)","(510, 990)"
"(133, 1840)","(560, 930)"
"(88, 2450)","(790, 700)"
"(70, 2240)","(720, 780)"
"(52, 2600)","(820, 670)"
"(118, 2300)","(750, 740)"
"(157, 2540)","(840, 650)"
"(181, 1480)","(320, 1170)"
"(325, 2060)","(740, 750)"
"(316, 1950)","(690, 810)"
"(169, 1640)","(450, 1050)"
"(364, 2070)","(760, 730)"
"(307, 2390)","(850, 640)"
"(184, 1550)","(380, 1110)"
"(127, 2420)","(800, 700)"
"(31, 2270)","(710, 780)"
"(109, 1940)","(600, 890)"
"(310, 1590)","(460, 1040)"
"(274, 1980)","(680, 810)"
"(193, 2270)","(770, 730)"
"(58, 1980)","(610, 890)"
"(391, 1710)","(580, 920)"
"(334, 1870)","(650, 840)"
"(289, 1620)","(470, 1020)"
"(328, 2540)","(900, 580)"
"(64, 1730)","(470, 1010)"
"(100, 1450)","(300, 1200)"
"(4, 1510)","(310, 1190)"
"(298, 1940)","(670, 820)"
"(55, 1760)","(490, 1000)"
"(55, 2230)","(710, 790)"
"(355, 2190)","(810, 690)"
"(331, 2320)","(840, 650)"
"(334, 1750)","(580, 910)"
"(88, 1860)","(560, 940)"
"(109, 1460)","(300, 1200)"
"(64, 2260)","(720, 770)"
"(82, 2060)","(650, 850)"
"(316, 2240)","(810, 690)"
"(67, 1520)","(330, 1170)"
"(145, 2370)","(790, 710)"
"(79, 2530)","(810, 680)"
"(220, 1930)","(640, 860)"
"(349, 1820)","(630, 870)"
"(391, 2440)","(890, 580)"
"(88, 2000)","(620, 860)"
"(109, 1430)","(300, 1200)"
"(208, 1650)","(470, 1030)"
"(271, 1940)","(660, 830)"
"(199, 2530)","(810, 610)"
"(145, 1470)","(300, 1170)"
"(37, 1420)","(300, 1200)"
"(292, 1470)","(340, 1150)"
"(7, 1510)","(310, 1190)"
"(235, 2370)","(820, 680)"
"(34, 1530)","(330, 1170)"
"(274, 2400)","(840, 650)"
"(385, 1590)","(480, 1000)"
"(280, 1400)","(300, 1200)"
"(19, 2490)","(780, 710)"
"(154, 2570)","(830, 630)"
"(133, 1640)","(440, 1060)"
"(220, 1790)","(560, 930)"
"(400, 1720)","(590, 910)"
"(133, 1850)","(560, 920)"
"(115, 1930)","(600, 890)"
"(166, 1780)","(540, 960)"
"(178, 2070)","(690, 810)"
"(316, 1580)","(450, 1050)"
"(196, 2250)","(760, 730)"
"(124, 2310)","(760, 740)"
"(376, 2260)","(840, 650)"
"(193, 2230)","(760, 740)"
"(202, 2310)","(790, 710)"
"(88, 2210)","(710, 780)"
"(400, 2540)","(930, 560)"
"(109, 2000)","(630, 860)"
"(169, 2120)","(710, 790)"
"(70, 1430)","(300, 1200)"
"(157, 1550)","(380, 1120)"
"(148, 1990)","(640, 850)"
"(385, 2490)","(900, 570)"
"(151, 1700)","(480, 1010)"
"(247, 2570)","(880, 610)"
"(289, 2260)","(800, 690)"
"(202, 2190)","(740, 750)"
"(91, 1850)","(550, 940)"
"(199, 1790)","(550, 930)"
"(127, 2510)","(820, 670)"
"(295, 1800)","(600, 900)"
"(163, 2420)","(790, 670)"
"(319, 1690)","(530, 950)"
"(349, 1950)","(700, 800)"
"(391, 2200)","(830, 670)"
"(97, 2030)","(640, 850)"
"(382, 1740)","(600, 900)"
"(322, 1720)","(560, 940)"
"(106, 1520)","(340, 1160)"
"(367, 1980)","(720, 770)"
"(181, 1800)","(550, 940)"
"(121, 2440)","(800, 700)"
"(370, 2370)","(860, 610)"
"(358, 2410)","(880, 610)"
"(103, 1590)","(390, 1100)"
"(370, 2430)","(880, 600)"
"(214, 2070)","(700, 790)"
"(106, 2050)","(650, 840)"
"(400, 1550)","(450, 1030)"
"(382, 1450)","(350, 1150)"
"(25, 2100)","(650, 850)"
"(373, 1520)","(420, 1080)"
"(397, 2000)","(750, 750)"
"(121, 1400)","(300, 1200)"
"(229, 1950)","(650, 840)"
"(25, 1870)","(540, 950)"
"(292, 1610)","(460, 1020)"
"(247, 2540)","(860, 610)"
"(115, 1450)","(300, 1200)"
"(25, 2510)","(790, 710)"
"(4, 1660)","(410, 1070)"
"(13, 1500)","(300, 1190)"
"(49, 2270)","(720, 780)"
"(190, 2170)","(730, 760)"
"(394, 2330)","(860, 610)"
"(205, 2350)","(800, 690)"
"(190, 1710)","(500, 990)"
"(388, 2390)","(890, 610)"
"(37, 2090)","(650, 850)"
"(190, 2390)","(810, 690)"
"(232, 2550)","(850, 610)"
"(139, 2330)","(770, 720)"
"(331, 1680)","(530, 960)"
"(160, 2300)","(770, 730)"
"(31, 1570)","(360, 1140)"
"(322, 1890)","(660, 840)"
"(199, 1600)","(430, 1070)"
"(193, 1790)","(550, 940)"
"(379, 2590)","(940, 560)"
"(319, 1710)","(550, 950)"
"(331, 1400)","(300, 1200)"
"(79, 2540)","(810, 680)"
"(346, 1850)","(650, 850)"
"(55, 2110)","(660, 830)"
"(124, 1910)","(590, 900)"
"(358, 1720)","(570, 920)"
"(385, 2030)","(750, 740)"
"(82, 1750)","(490, 1000)"
"(274, 2100)","(740, 760)"
"(235, 1840)","(600, 900)"
"(229, 2520)","(860, 630)"
"(304, 1890)","(650, 850)"
"(385, 1500)","(400, 1090)"
"(283, 2570)","(900, 600)"
"(280, 1490)","(360, 1140)"
"(133, 1610)","(410, 1070)"
"(394, 2140)","(810, 690)"
"(163, 2120)","(700, 790)"
"(343, 1720)","(560, 920)"
"(274, 1930)","(660, 840)"
"(226, 2250)","(780, 720)"
"(79, 1920)","(580, 900)"
"(178, 1470)","(310, 1180)"
"(67, 2270)","(730, 770)"
"(226, 2440)","(840, 660)"
"(46, 1840)","(530, 960)"
"(295, 1520)","(390, 1110)"
"(103, 1720)","(480, 1010)"
"(265, 1680)","(510, 990)"
"(1, 1600)","(370, 1110)"
"(37, 2290)","(720, 770)"
"(85, 2180)","(700, 800)"
"(31, 2310)","(730, 770)"
"(250, 1570)","(420, 1080)"
"(358, 1970)","(710, 780)"
"(301, 1770)","(580, 920)"
"(211, 2420)","(830, 670)"
"(340, 2370)","(860, 630)"
"(364, 1600)","(480, 1010)"
"(136, 2490)","(820, 680)"
"(55, 2140)","(670, 820)"
"(319, 1800)","(610, 890)"
"(211, 1790)","(560, 940)"
"(97, 2160)","(700, 800)"
"(238, 1620)","(450, 1030)"
"(295, 2010)","(710, 790)"
"(295, 2120)","(750, 740)"
"(163, 1470)","(310, 1190)"
"(127, 1420)","(300, 1200)"
"(241, 1860)","(610, 890)"
"(193, 2520)","(840, 640)"
"(289, 2390)","(840, 640)"
"(310, 2320)","(830, 660)"
"(70, 1890)","(570, 930)"
"(247, 2480)","(860, 640)"
"(328, 1500)","(380, 1110)"
"(79, 2430)","(780, 710)"
"(109, 2230)","(730, 770)"
"(91, 1530)","(340, 1140)"
"(355, 2310)","(850, 650)"
"(277, 2080)","(730, 770)"
"(271, 2550)","(860, 590)"
"(148, 2260)","(750, 750)"
"(67, 2510)","(800, 690)"
"(277, 1820)","(600, 890)"
"(268, 2300)","(810, 690)"
"(178, 1670)","(470, 1020)"
"(142, 1870)","(580, 920)"
"(154, 2130)","(700, 790)"
"(247, 1810)","(580, 910)"
"(316, 1640)","(500, 1000)"
"(28, 1660)","(420, 1070)"
"(79, 2170)","(690, 800)"
"(109, 2380)","(780, 720)"
"(400, 1700)","(580, 920)"
"(364, 2030)","(750, 750)"
"(304, 2220)","(800, 700)"
"(10, 1480)","(300, 1200)"
"(181, 2590)","(850, 620)"
"(400, 1880)","(690, 810)"
"(211, 2220)","(760, 740)"
"(217, 1650)","(470, 1030)"
"(361, 2350)","(860, 630)"
"(343, 2080)","(760, 740)"
"(385, 2500)","(920, 570)"
"(13, 1610)","(380, 1100)"
"(241, 2340)","(810, 680)"
"(217, 1420)","(300, 1200)"
"(157, 1890)","(590, 890)"
"(10, 1610)","(380, 1100)"
"(202, 2450)","(830, 660)"
"(391, 2580)","(950, 550)"
"(295, 2100)","(750, 750)"
"(10, 1620)","(390, 1110)"
"(142, 1600)","(410, 1090)"
"(280, 2310)","(820, 680)"
"(115, 2320)","(760, 740)"
"(169, 1590)","(410, 1090)"
"(220, 2380)","(820, 680)"
"(385, 2210)","(830, 670)"
"(250, 1890)","(630, 870)"
"(19, 2220)","(690, 800)"
"(307, 2220)","(800, 700)"
"(94, 2040)","(650, 850)"
"(151, 1760)","(520, 980)"
"(37, 2110)","(660, 840)"
"(94, 2550)","(820, 670)"
"(25, 2570)","(810, 690)"
"(37, 1530)","(330, 1170)"
"(19, 2570)","(800, 690)"
"(82, 2500)","(800, 690)"
"(151, 1660)","(460, 1040)"
"(337, 1530)","(410, 1070)"
"(19, 2530)","(790, 700)"
"(157, 2470)","(820, 670)"
"(331, 1800)","(610, 880)"
"(100, 1960)","(610, 880)"
"(205, 2310)","(790, 710)"
"(289, 2140)","(760, 740)"
"(220, 2030)","(690, 810)"
"(391, 2410)","(900, 600)"
"(91, 2160)","(690, 800)"
"(187, 2430)","(820, 680)"
"(67, 1590)","(380, 1110)"
"(25, 2190)","(680, 810)"
"(244, 2080)","(720, 780)"
"(313, 1940)","(680, 820)"
"(64, 1470)","(300, 1200)"
"(127, 2320)","(760, 730)"
"(94, 1570)","(370, 1110)"
"(328, 2170)","(790, 710)"
"(187, 1770)","(540, 960)"
"(205, 2080)","(700, 790)"
"(370, 1780)","(620, 880)"
"(160, 2520)","(840, 660)"
"(223, 2210)","(760, 740)"
"(229, 1610)","(440, 1040)"
"(37, 1480)","(300, 1200)"
"(283, 2310)","(820, 680)"
"(364, 1860)","(660, 840)"
"(4, 1680)","(430, 1070)"
"(13, 1590)","(370, 1130)"
"(280, 2270)","(800, 690)"
"(259, 2380)","(830, 660)"
"(295, 2240)","(800, 700)"
"(91, 1900)","(580, 920)"
"(115, 2220)","(720, 770)"
"(172, 1450)","(300, 1200)"
"(247, 2600)","(870, 590)"
"(250, 1530)","(390, 1110)"
"(307, 2550)","(890, 590)"
"(91, 2410)","(780, 720)"
"(385, 2100)","(780, 710)"
"(343, 2060)","(750, 750)"
"(139, 2430)","(800, 690)"
"(130, 1790)","(530, 960)"
"(181, 2150)","(720, 770)"
"(397, 2540)","(900, 540)"
"(16, 2560)","(800, 700)"
"(385, 2380)","(870, 600)"
"(13, 1820)","(510, 980)"
"(172, 2560)","(850, 640)"
"(127, 1410)","(300, 1200)"
"(40, 2180)","(680, 810)"
"(220, 1920)","(630, 860)"
"(157, 1800)","(550, 950)"
"(391, 2190)","(820, 670)"
"(373, 2590)","(940, 560)"
"(175, 1950)","(630, 860)"
"(310, 1480)","(360, 1140)"
"(148, 2080)","(680, 810)"
"(376, 2520)","(880, 550)"
"(61, 2160)","(680, 810)"
"(259, 1790)","(580, 920)"
"(55, 2430)","(770, 720)"
"(397, 2420)","(880, 580)"
"(220, 2310)","(790, 700)"
"(106, 1630)","(420, 1070)"
"(316, 2270)","(820, 680)"
"(256, 2120)","(740, 760)"
"(205, 2010)","(670, 820)"
"(16, 1640)","(400, 1080)"
"(76, 2100)","(670, 830)"
"(172, 1490)","(330, 1170)"
"(388, 1750)","(600, 890)"
"(121, 1920)","(600, 900)"
"(157, 2120)","(700, 790)"
"(19, 2560)","(800, 700)"
"(88, 2270)","(730, 760)"
"(25, 1600)","(380, 1120)"
"(184, 1940)","(630, 870)"
"(103, 1700)","(470, 1030)"
"(280, 1700)","(530, 970)"
"(22, 2020)","(610, 880)"
"(301, 2100)","(750, 750)"
"(313, 2150)","(770, 720)"
"(256, 1600)","(440, 1040)"
"(208, 2280)","(780, 720)"
"(310, 2030)","(720, 770)"
"(208, 2140)","(730, 770)"
"(196, 1410)","(300, 1200)"
"(115, 1740)","(500, 1000)"
"(178, 2300)","(780, 720)"
"(250, 1860)","(610, 880)"
"(61, 1600)","(390, 1110)"
"(34, 1950)","(580, 900)"
"(361, 1940)","(700, 790)"
"(286, 2600)","(870, 570)"
"(229, 1590)","(430, 1070)"
"(109, 2400)","(780, 710)"
"(223, 2370)","(820, 680)"
"(7, 2320)","(720, 770)"
"(253, 1990)","(680, 820)"
"(34, 1690)","(440, 1050)"
"(271, 1450)","(320, 1180)"
"(109, 1400)","(300, 1200)"
"(253, 2270)","(790, 700)"
"(34, 1780)","(500, 1000)"
"(4, 2530)","(790, 710)"
"(253, 2430)","(850, 650)"
"(256, 2590)","(860, 590)"
"(127, 2470)","(810, 680)"
"(13, 2090)","(640, 850)"
"(10, 2240)","(700, 800)"
"(379, 1440)","(340, 1160)"
"(301, 1940)","(680, 820)"
"(340, 2090)","(760, 740)"
"(358, 1550)","(440, 1060)"
"(229, 1500)","(350, 1140)"
"(307, 2570)","(910, 590)"
"(202, 1710)","(500, 980)"
"(319, 2590)","(900, 570)"
"(253, 2280)","(800, 700)"
"(241, 2090)","(720, 780)"
"(199, 2030)","(680, 820)"
"(343, 1890)","(670, 830)"
"(16, 1940)","(570, 910)"
"(397, 2320)","(870, 620)"
"(244, 2550)","(880, 620)"
"(85, 1400)","(300, 1200)"
"(190, 1880)","(600, 890)"
"(226, 2340)","(810, 690)"
"(34, 2400)","(760, 740)"
"(337, 1720)","(560, 930)"
"(220, 2040)","(690, 810)"
"(118, 1950)","(610, 880)"
"(310, 1510)","(390, 1110)"
"(31, 2540)","(800, 700)"
"(283, 1780)","(580, 920)"
"(46, 1850)","(540, 960)"
"(232, 1660)","(480, 1010)"
"(295, 1680)","(520, 980)"
"(175, 1520)","(360, 1140)"
"(127, 2230)","(730, 760)"
"(55, 1950)","(590, 900)"
"(52, 2120)","(670, 830)"
"(298, 1780)","(580, 900)"
"(49, 1960)","(590, 890)"
"(91, 2310)","(750, 750)"
"(301, 1560)","(430, 1070)"
"(97, 1780)","(510, 970)"
"(298, 1660)","(500, 980)"
"(292, 2030)","(710, 780)"
"(268, 2180)","(770, 730)"
"(67, 1550)","(350, 1140)"
"(61, 2380)","(760, 730)"
"(154, 2160)","(720, 780)"
"(58, 1720)","(470, 1030)"
"(61, 2250)","(720, 780)"
"(31, 1530)","(330, 1170)"
"(349, 2290)","(840, 660)"
"(220, 2270)","(780, 720)"
"(274, 2550)","(890, 610)"
"(187, 1410)","(300, 1200)"
"(247, 1990)","(680, 820)"
"(340, 2080)","(760, 740)"
"(286, 1760)","(570, 930)"
"(124, 1530)","(350, 1140)"
"(163, 1940)","(620, 870)"
"(361, 2550)","(900, 560)"
"(79, 2160)","(690, 810)"
"(118, 2210)","(720, 770)"
"(4, 2430)","(760, 740)"
"(205, 1510)","(360, 1140)"
"(388, 2150)","(810, 690)"
"(67, 2340)","(750, 750)"
"(214, 1530)","(370, 1110)"
"(10, 1850)","(530, 970)"
"(265, 2150)","(750, 740)"
"(304, 2190)","(790, 710)"
"(148, 1730)","(500, 990)"
"(208, 1840)","(590, 910)"
"(88, 2190)","(700, 790)"
"(397, 2300)","(860, 630)"
"(304, 1910)","(660, 830)"
"(295, 2250)","(800, 690)"
"(280, 2560)","(890, 600)"
"(175, 1610)","(430, 1070)"
"(7, 1620)","(390, 1110)"
"(313, 1890)","(650, 840)"
"(223, 1720)","(520, 980)"
"(397, 1470)","(380, 1120)"
"(226, 2400)","(830, 670)"
"(205, 1780)","(550, 940)"
"(283, 1720)","(540, 950)"
"(352, 1910)","(680, 810)"
"(262, 2160)","(760, 740)"
"(286, 2220)","(790, 710)"
"(220, 2180)","(750, 750)"
"(361, 1430)","(320, 1170)"
"(262, 1890)","(630, 860)"
"(190, 1690)","(490, 1010)"
"(289, 2480)","(870, 620)"
"(196, 1460)","(310, 1190)"
"(37, 1640)","(410, 1090)"
"(166, 1690)","(480, 1010)"
"(388, 1970)","(730, 770)"
"(79, 2330)","(750, 740)"
"(400, 2140)","(810, 690)"
"(175, 2240)","(750, 740)"
"(130, 2560)","(830, 650)"
"(4, 1780)","(490, 1010)"
"(169, 1670)","(470, 1030)"
"(61, 2330)","(740, 750)"
"(28, 2460)","(770, 720)"
"(121, 1490)","(320, 1180)"
"(160, 1950)","(630, 870)"
"(67, 1640)","(420, 1080)"
"(178, 1570)","(400, 1100)"
"(277, 1630)","(470, 1010)"
"(133, 1930)","(610, 890)"
"(148, 1600)","(410, 1080)"
"(352, 2460)","(890, 600)"
"(169, 2350)","(790, 710)"
"(244, 2240)","(780, 720)"
"(391, 1830)","(660, 840)"
"(124, 2220)","(730, 770)"
"(289, 1870)","(630, 860)"
"(304, 1490)","(370, 1130)"
"(55, 2600)","(820, 670)"
"(106, 2010)","(640, 860)"
"(217, 1680)","(490, 1010)"
"(82, 1420)","(300, 1200)"
"(34, 1650)","(420, 1080)"
"(79, 2240)","(720, 780)"
"(280, 1830)","(610, 890)"
"(67, 1540)","(340, 1140)"
"(289, 2170)","(770, 720)"
"(58, 2250)","(720, 780)"
"(391, 2450)","(910, 590)"
"(181, 1560)","(390, 1110)"
"(148, 1920)","(610, 890)"
"(100, 1860)","(560, 930)"
"(247, 1930)","(650, 850)"
"(298, 2000)","(700, 790)"
"(211, 1620)","(450, 1050)"
"(22, 1620)","(390, 1100)"
"(316, 2590)","(910, 580)"
"(394, 2360)","(870, 610)"
"(151, 2520)","(830, 660)"
"(256, 1690)","(510, 980)"
"(286, 2330)","(830, 670)"
"(385, 1760)","(610, 890)"
"(325, 1880)","(650, 840)"
"(157, 1720)","(500, 1000)"
"(289, 1410)","(300, 1200)"
"(340, 2430)","(860, 600)"
"(1, 1610)","(380, 1110)"
"(106, 1530)","(350, 1150)"
"(55, 1460)","(300, 1200)"
"(391, 2170)","(820, 680)"
"(160, 1430)","(300, 1200)"
"(106, 2210)","(720, 780)"
"(37, 2040)","(630, 870)"
"(109, 2370)","(770, 720)"
"(181, 1750)","(520, 960)"
"(238, 1840)","(600, 900)"
"(79, 2520)","(810, 690)"
"(313, 2560)","(910, 590)"
"(334, 1620)","(490, 1010)"
"(178, 1970)","(640, 850)"
"(64, 2500)","(800, 700)"
"(304, 1700)","(530, 950)"
"(388, 1710)","(580, 920)"
"(154, 1720)","(500, 1000)"
"(82, 1570)","(370, 1120)"
"(208, 2560)","(850, 620)"
"(322, 1760)","(580, 910)"
"(367, 2160)","(800, 690)"
"(49, 2560)","(800, 680)"
"(292, 1650)","(490, 990)"
"(73, 2490)","(800, 700)"
"(226, 1790)","(560, 930)"
"(325, 2450)","(850, 600)"
"(16, 2590)","(810, 690)"
"(184, 2550)","(850, 640)"
"(76, 1690)","(450, 1030)"
"(274, 1690)","(520, 980)"
"(34, 2440)","(770, 720)"
"(391, 2050)","(770, 730)"
"(232, 2150)","(740, 750)"
"(97, 1700)","(470, 1030)"
"(361, 2330)","(860, 640)"
"(85, 1910)","(580, 910)"
"(115, 1630)","(420, 1060)"
"(43, 1720)","(460, 1020)"
"(208, 2340)","(800, 700)"
"(388, 2300)","(860, 640)"
"(112, 2040)","(650, 840)"
"(34, 2430)","(770, 730)"
"(214, 1420)","(300, 1200)"
"(49, 1590)","(380, 1120)"
"(259, 1950)","(660, 830)"
"(235, 2130)","(730, 760)"
"(334, 1690)","(540, 960)"
"(22, 1490)","(300, 1200)"
"(265, 2320)","(820, 680)"
"(382, 1600)","(490, 1000)"
"(10, 2200)","(680, 810)"
"(181, 2280)","(770, 730)"
"(43, 1570)","(360, 1130)"
"(313, 2170)","(780, 710)"
"(187, 1490)","(330, 1160)"
"(16, 1920)","(560, 920)"
"(232, 2190)","(760, 740)"
"(184, 1950)","(640, 860)"
"(259, 1560)","(410, 1070)"
"(94, 2060)","(650, 840)"
"(112, 2230)","(730, 770)"
"(181, 2180)","(730, 760)"
"(253, 1720)","(530, 970)"
"(211, 1940)","(640, 860)"
"(175, 2590)","(840, 620)"
"(277, 2100)","(740, 760)"
"(259, 2200)","(770, 730)"
"(181, 1790)","(550, 950)"
"(334, 1530)","(410, 1080)"
"(301, 1470)","(350, 1150)"
"(67, 2490)","(800, 700)"
"(10, 2410)","(750, 740)"
"(166, 1970)","(640, 860)"
"(379, 1490)","(390, 1110)"
"(127, 1490)","(320, 1180)"
"(334, 2320)","(840, 650)"
"(4, 2220)","(690, 810)"
"(94, 1670)","(450, 1050)"
"(298, 1920)","(660, 830)"
"(310, 2120)","(760, 740)"
"(16, 1750)","(470, 1010)"
"(73, 2270)","(730, 770)"
"(157, 1810)","(550, 940)"
"(235, 1610)","(450, 1050)"
"(367, 1440)","(330, 1150)"
"(139, 2360)","(780, 710)"
"(283, 1420)","(300, 1200)"
"(217, 2040)","(690, 810)"
"(46, 2320)","(740, 760)"
"(235, 1620)","(450, 1040)"
"(394, 1930)","(710, 780)"
"(313, 1540)","(410, 1070)"
"(277, 2390)","(830, 640)"
"(388, 2320)","(870, 630)"
"(46, 2570)","(810, 680)"
"(136, 1750)","(510, 990)"
"(229, 2040)","(690, 800)"
"(283, 2600)","(850, 560)"
"(211, 2590)","(870, 620)"
"(25, 1790)","(500, 1000)"
"(196, 2260)","(770, 730)"
"(25, 1800)","(500, 980)"
"(394, 1400)","(300, 1200)"
"(367, 2540)","(880, 550)"
"(310, 1620)","(480, 1020)"
"(79, 1570)","(370, 1120)"
"(130, 2510)","(800, 650)"
"(85, 1620)","(410, 1090)"
"(274, 1820)","(600, 900)"
"(121, 2590)","(840, 650)"
"(52, 2450)","(780, 720)"
"(10, 2140)","(660, 840)"
"(58, 2080)","(650, 840)"
"(226, 1930)","(640, 850)"
"(166, 1870)","(590, 910)"
"(265, 2080)","(730, 770)"
"(334, 2150)","(780, 710)"
"(190, 1810)","(560, 930)"
"(277, 2200)","(780, 720)"
"(37, 2460)","(780, 720)"
"(97, 2230)","(720, 770)"
"(358, 1830)","(640, 860)"
"(10, 1760)","(480, 1020)"
"(64, 2210)","(700, 790)"
"(79, 1960)","(600, 890)"
"(358, 2190)","(810, 690)"
"(319, 1760)","(580, 910)"
"(178, 2500)","(840, 660)"
"(19, 1620)","(390, 1100)"
"(313, 2530)","(870, 580)"
"(202, 2160)","(730, 760)"
"(364, 2410)","(870, 600)"
"(13, 1940)","(570, 920)"
"(385, 2320)","(870, 630)"
"(22, 2090)","(640, 850)"
"(319, 2310)","(830, 660)"
"(328, 1580)","(450, 1030)"
"(391, 2550)","(910, 540)"
"(397, 1930)","(710, 780)"
"(163, 2490)","(830, 670)"
"(316, 2160)","(780, 720)"
"(19, 1870)","(540, 950)"
"(112, 1410)","(300, 1200)"
"(223, 2550)","(870, 630)"
"(343, 1870)","(660, 840)"
"(52, 1560)","(360, 1140)"
"(121, 2580)","(840, 660)"
"(4, 2510)","(780, 710)"
"(247, 1430)","(300, 1200)"
"(235, 1550)","(400, 1100)"
"(256, 2020)","(700, 800)"
"(91, 1480)","(300, 1190)"
"(331, 1760)","(580, 900)"
"(178, 1950)","(630, 860)"
"(49, 2500)","(790, 700)"
"(310, 1810)","(610, 890)"
"(91, 2450)","(790, 700)"
"(277, 2350)","(830, 670)"
"(172, 1510)","(350, 1150)"
"(4, 1500)","(300, 1200)"
"(142, 2390)","(790, 700)"
"(253, 2440)","(840, 640)"
"(61, 1460)","(300, 1200)"
"(229, 1770)","(550, 940)"
"(340, 2200)","(800, 690)"
"(172, 1990)","(650, 850)"
"(229, 1810)","(580, 920)"
"(256, 1790)","(570, 910)"
"(271, 2320)","(820, 680)"
"(157, 2370)","(790, 700)"
"(34, 2000)","(610, 890)"
"(139, 1960)","(620, 870)"
"(214, 1670)","(480, 1010)"
"(331, 1910)","(670, 820)"
"(166, 1850)","(580, 920)"
"(103, 1430)","(300, 1200)"
"(115, 1400)","(300, 1200)"
"(394, 2050)","(770, 730)"
"(394, 2400)","(880, 590)"
"(79, 2290)","(740, 760)"
"(253, 1480)","(340, 1150)"
"(316, 1500)","(380, 1120)"
"(397, 1730)","(590, 900)"
"(184, 2070)","(690, 810)"
"(178, 2050)","(680, 820)"
"(22, 1780)","(490, 1000)"
"(82, 2540)","(820, 680)"
"(52, 1840)","(530, 950)"
"(121, 2420)","(790, 700)"
"(313, 2240)","(810, 690)"
"(340, 1740)","(580, 920)"
"(169, 1970)","(640, 860)"
"(64, 2440)","(780, 720)"
"(295, 2110)","(750, 750)"
"(295, 1850)","(630, 870)"
"(385, 1730)","(590, 910)"
"(67, 1460)","(300, 1200)"
"(301, 1840)","(620, 870)"
"(4, 2320)","(720, 770)"
"(100, 2320)","(750, 740)"
"(217, 1790)","(560, 930)"
"(253, 2490)","(860, 630)"
"(16, 1430)","(300, 1200)"
"(301, 2410)","(860, 640)"
"(10, 2600)","(810, 690)"
"(262, 2580)","(860, 590)"
"(265, 2300)","(810, 690)"
"(286, 2480)","(850, 610)"
"(196, 1570)","(400, 1090)"
"(331, 2530)","(900, 590)"
"(340, 1540)","(420, 1060)"
"(202, 1400)","(300, 1200)"
"(133, 2190)","(720, 780)"
"(370, 1770)","(610, 890)"
"(382, 1870)","(670, 820)"
"(361, 2370)","(850, 610)"
"(100, 2050)","(650, 840)"
"(49, 2400)","(760, 730)"
"(103, 1530)","(350, 1150)"
"(277, 2580)","(890, 600)"
"(16, 2080)","(640, 860)"
"(13, 2110)","(650, 850)"
"(157, 1500)","(330, 1150)"
"(397, 1720)","(590, 910)"
"(286, 1600)","(450, 1030)"
"(208, 2430)","(820, 660)"
"(379, 2560)","(940, 560)"
"(43, 1880)","(550, 940)"
"(190, 2210)","(750, 750)"
"(241, 2060)","(710, 790)"
"(133, 1560)","(380, 1120)"
"(253, 1960)","(670, 830)"
"(214, 2550)","(850, 620)"
"(394, 2380)","(890, 600)"
"(376, 2580)","(940, 560)"
"(367, 1630)","(510, 990)"
"(208, 2180)","(740, 750)"
"(214, 2200)","(750, 740)"
"(124, 1670)","(450, 1030)"
"(310, 2460)","(880, 620)"
"(79, 1530)","(340, 1160)"
"(124, 2240)","(740, 760)"
"(274, 2200)","(780, 720)"
"(55, 1830)","(530, 960)"
"(154, 2300)","(770, 730)"
"(373, 1840)","(650, 840)"
"(226, 2600)","(860, 600)"
"(346, 1950)","(700, 800)"
"(238, 1900)","(630, 870)"
"(196, 2050)","(690, 810)"
"(145, 2240)","(740, 750)"
"(145, 1840)","(560, 920)"
"(136, 1600)","(410, 1090)"
"(13, 2170)","(670, 820)"
"(391, 2220)","(810, 640)"
"(376, 1860)","(670, 830)"
"(121, 2460)","(810, 690)"
"(370, 2250)","(840, 660)"
"(223, 1520)","(370, 1130)"
"(208, 2390)","(820, 680)"
"(337, 1680)","(530, 950)"
"(61, 2200)","(700, 800)"
"(136, 1460)","(300, 1200)"
"(55, 1580)","(370, 1120)"
"(289, 2200)","(780, 710)"
"(199, 1860)","(590, 900)"
"(328, 2350)","(840, 640)"
"(13, 1710)","(450, 1050)"
"(100, 1410)","(300, 1200)"
"(229, 1730)","(530, 970)"
"(43, 2060)","(640, 860)"
"(364, 1770)","(610, 890)"
"(400, 2530)","(920, 550)"
"(91, 1700)","(460, 1020)"
"(253, 1810)","(580, 900)"
"(157, 2510)","(820, 650)"
"(289, 2180)","(780, 720)"
"(310, 2060)","(740, 760)"
"(355, 1410)","(300, 1200)"
"(181, 1860)","(590, 910)"
"(232, 1760)","(550, 950)"
"(145, 2250)","(750, 750)"
"(148, 1560)","(380, 1110)"
"(55, 2170)","(690, 810)"
"(238, 2580)","(870, 610)"
"(61, 1610)","(400, 1100)"
"(88, 2520)","(810, 680)"
"(241, 1410)","(300, 1200)"
"(358, 1400)","(300, 1200)"
"(31, 2510)","(790, 710)"
"(1, 2500)","(780, 720)"
"(220, 1940)","(640, 850)"
"(253, 2530)","(860, 610)"
"(238, 2480)","(820, 620)"
"(367, 1450)","(350, 1150)"
"(118, 2370)","(780, 720)"
"(22, 1580)","(360, 1120)"
"(217, 1610)","(440, 1060)"
"(298, 2200)","(790, 710)"
"(67, 1630)","(410, 1080)"
"(298, 2340)","(830, 660)"
"(253, 2470)","(860, 640)"
"(7, 2130)","(660, 840)"
"(220, 1740)","(530, 960)"
"(313, 1760)","(580, 920)"
"(184, 2220)","(750, 750)"
"(382, 2330)","(860, 620)"
"(247, 1770)","(560, 940)"
"(79, 2010)","(630, 870)"
"(151, 1630)","(430, 1050)"
"(289, 1580)","(440, 1060)"
"(31, 2470)","(780, 720)"
"(361, 1400)","(300, 1200)"
"(400, 1540)","(450, 1050)"
"(349, 1980)","(720, 780)"
"(298, 1410)","(300, 1200)"
"(262, 1410)","(300, 1200)"
"(265, 2140)","(750, 750)"
"(283, 2130)","(750, 740)"
"(166, 2480)","(830, 670)"
"(244, 2530)","(850, 610)"
"(304, 2440)","(860, 620)"
"(337, 1540)","(420, 1070)"
"(169, 2030)","(670, 830)"
"(256, 1450)","(310, 1170)"
"(76, 2130)","(680, 820)"
"(34, 2180)","(680, 810)"
"(163, 1930)","(620, 880)"
"(157, 2320)","(770, 720)"
"(208, 2330)","(800, 700)"
"(283, 1650)","(490, 1000)"
"(142, 1800)","(540, 950)"
"(271, 1580)","(430, 1050)"
"(322, 1950)","(690, 810)"
"(295, 2330)","(830, 670)"
"(181, 1490)","(330, 1160)"
"(115, 2530)","(820, 670)"
"(352, 2250)","(830, 670)"
"(58, 1870)","(550, 940)"
"(232, 1900)","(630, 870)"
"(382, 1650)","(530, 970)"
"(217, 2080)","(710, 790)"
"(388, 1690)","(560, 930)"
"(88, 2380)","(770, 730)"
"(64, 1640)","(420, 1080)"
"(139, 2090)","(680, 810)"
"(310, 2480)","(880, 610)"
"(316, 2070)","(740, 750)"
"(346, 2230)","(820, 680)"
"(1, 1710)","(450, 1050)"
"(286, 1470)","(340, 1150)"
"(46, 2450)","(780, 720)"
"(280, 1710)","(530, 960)"
"(352, 1850)","(650, 850)"
"(148, 1460)","(300, 1200)"
"(85, 2220)","(710, 780)"
"(91, 2580)","(830, 670)"
"(307, 2270)","(820, 680)"
"(118, 2020)","(640, 850)"
"(394, 1940)","(720, 780)"
"(175, 1940)","(630, 870)"
"(10, 2090)","(640, 860)"
"(115, 1600)","(400, 1090)"
"(262, 1600)","(450, 1050)"
"(400, 1910)","(700, 790)"
"(184, 1590)","(410, 1070)"
"(394, 2030)","(760, 740)"
"(397, 2150)","(810, 690)"
"(73, 2470)","(790, 700)"
"(181, 2220)","(750, 750)"
"(19, 2350)","(740, 760)"
"(361, 2600)","(930, 560)"
"(31, 2350)","(740, 750)"
"(73, 2320)","(750, 750)"
"(256, 2070)","(720, 780)"
"(58, 1930)","(580, 910)"
"(343, 2540)","(910, 590)"
"(4, 1690)","(430, 1050)"
"(145, 1710)","(490, 1010)"
"(127, 1820)","(550, 950)"
"(112, 2100)","(680, 820)"
"(142, 2410)","(800, 700)"
"(139, 2260)","(750, 750)"
"(25, 1620)","(390, 1090)"
"(64, 1990)","(610, 880)"
"(106, 1870)","(570, 930)"
"(157, 1940)","(620, 870)"
"(106, 1850)","(560, 940)"
"(109, 2490)","(810, 690)"
"(43, 2490)","(790, 710)"
"(241, 1930)","(650, 850)"
"(181, 2270)","(770, 730)"
"(85, 1680)","(450, 1050)"
"(100, 2340)","(760, 730)"
"(274, 1920)","(650, 840)"
"(196, 1400)","(300, 1200)"
"(292, 1780)","(580, 910)"
"(109, 2520)","(820, 680)"
"(40, 2130)","(670, 830)"
"(367, 1720)","(570, 910)"
"(220, 1550)","(390, 1090)"
"(304, 1530)","(400, 1090)"
"(271, 1710)","(530, 970)"
"(115, 1730)","(490, 1000)"
"(289, 1500)","(370, 1130)"
"(7, 1820)","(510, 980)"
"(16, 1830)","(520, 980)"
"(52, 2570)","(810, 680)"
"(91, 1750)","(490, 990)"
"(376, 2360)","(850, 600)"
"(163, 2370)","(790, 700)"
"(43, 2390)","(760, 740)"
"(235, 2580)","(880, 620)"
"(178, 1900)","(610, 890)"
"(316, 2380)","(840, 630)"
"(370, 1530)","(430, 1070)"
"(127, 2310)","(760, 740)"
"(46, 2090)","(650, 840)"
"(184, 1910)","(610, 870)"
"(1, 1740)","(460, 1020)"
"(85, 2400)","(780, 720)"
"(40, 2120)","(660, 830)"
"(400, 1950)","(720, 770)"
"(400, 2340)","(880, 620)"
"(355, 2380)","(870, 620)"
"(217, 1520)","(370, 1130)"
"(334, 2190)","(800, 700)"
"(55, 1820)","(520, 960)"
"(160, 1810)","(550, 940)"
"(61, 2120)","(670, 830)"
"(280, 2580)","(870, 580)"
"(31, 2560)","(800, 690)"
"(211, 2380)","(810, 680)"
"(310, 2280)","(820, 680)"
"(367, 2030)","(750, 750)"
"(397, 2230)","(840, 660)"
"(367, 2510)","(900, 570)"
"(157, 2400)","(800, 700)"
"(325, 1410)","(300, 1200)"
"(10, 1710)","(450, 1050)"
"(271, 2050)","(710, 780)"
"(121, 2280)","(750, 750)"
"(385, 2300)","(860, 640)"
"(244, 2120)","(730, 760)"
"(265, 1490)","(350, 1130)"
"(22, 2570)","(800, 690)"
"(28, 1580)","(370, 1130)"
"(85, 1890)","(570, 920)"
"(178, 2420)","(810, 680)"
"(385, 1780)","(620, 870)"
"(283, 1440)","(310, 1190)"
"(196, 1840)","(580, 910)"
"(352, 1870)","(660, 840)"
"(109, 1660)","(440, 1050)"
"(316, 2440)","(870, 620)"
"(64, 2180)","(690, 800)"
"(256, 2480)","(840, 620)"
"(85, 1730)","(480, 1010)"
"(61, 2420)","(770, 720)"
"(91, 1550)","(360, 1140)"
"(28, 2230)","(700, 800)"
"(310, 2000)","(710, 790)"
"(172, 1600)","(420, 1080)"
"(271, 1820)","(600, 900)"
"(298, 1670)","(510, 980)"
"(31, 2180)","(680, 810)"
"(250, 2000)","(680, 810)"
"(178, 1620)","(440, 1060)"
"(325, 1750)","(580, 920)"
"(88, 2310)","(750, 750)"
"(16, 1520)","(320, 1180)"
"(265, 2200)","(770, 720)"
"(304, 1520)","(390, 1090)"
"(58, 2410)","(770, 730)"
"(49, 2520)","(800, 700)"
"(37, 1850)","(540, 960)"
"(256, 2010)","(690, 810)"
"(19, 2150)","(670, 830)"
"(190, 1900)","(610, 880)"
"(184, 2370)","(800, 700)"
"(184, 1870)","(590, 900)"
"(325, 1930)","(680, 820)"
"(130, 1530)","(350, 1140)"
"(154, 2050)","(670, 830)"
"(214, 1890)","(620, 880)"
"(328, 1860)","(640, 850)"
"(178, 1610)","(430, 1070)"
"(160, 2180)","(730, 770)"
"(187, 1990)","(660, 840)"
"(325, 1680)","(530, 970)"
"(109, 2550)","(830, 670)"
"(238, 2460)","(850, 650)"
"(220, 2140)","(730, 760)"
"(268, 2600)","(900, 600)"
"(253, 2580)","(860, 590)"
"(241, 2420)","(830, 650)"
"(337, 1560)","(440, 1060)"
"(271, 2240)","(790, 710)"
"(364, 1910)","(690, 810)"
"(322, 1970)","(700, 800)"
"(151, 2260)","(750, 740)"
"(217, 2340)","(800, 690)"
"(220, 2490)","(850, 650)"
"(373, 2310)","(840, 630)"
"(175, 2580)","(860, 640)"
"(100, 1810)","(530, 960)"
"(199, 2070)","(700, 800)"
"(301, 1830)","(620, 880)"
"(274, 1740)","(550, 940)"
"(286, 2530)","(870, 600)"
"(106, 1560)","(370, 1130)"
"(43, 1540)","(340, 1160)"
"(244, 2600)","(890, 610)"
"(19, 1480)","(300, 1200)"
"(40, 2000)","(610, 890)"
"(361, 2530)","(920, 580)"
"(352, 1710)","(560, 930)"
"(220, 2500)","(850, 640)"
"(382, 2450)","(900, 590)"
"(19, 1680)","(430, 1060)"
"(334, 1410)","(300, 1200)"
"(52, 2290)","(730, 770)"
"(118, 1720)","(480, 1000)"
"(166, 1760)","(520, 960)"
"(121, 2490)","(810, 680)"
"(235, 1410)","(300, 1200)"
"(223, 1850)","(600, 900)"
"(121, 2570)","(840, 660)"
"(151, 1830)","(560, 930)"
"(262, 1850)","(610, 880)"
"(76, 2290)","(740, 760)"
"(46, 1820)","(520, 970)"
"(313, 1860)","(640, 860)"
"(226, 1950)","(650, 850)"
"(70, 2260)","(720, 770)"
"(58, 1500)","(310, 1180)"
"(109, 2580)","(840, 660)"
"(49, 1500)","(310, 1190)"
"(211, 1590)","(420, 1070)"
"(181, 1730)","(510, 980)"
"(91, 1470)","(300, 1200)"
"(40, 2070)","(640, 850)"
"(226, 2010)","(680, 820)"
"(295, 1570)","(430, 1050)"
"(328, 1890)","(660, 840)"
"(286, 1790)","(590, 910)"
"(367, 2590)","(900, 540)"
"(292, 2010)","(710, 790)"
"(127, 2360)","(780, 720)"
"(400, 1680)","(560, 930)"
"(37, 2130)","(660, 830)"
"(64, 1400)","(300, 1200)"
"(217, 2390)","(820, 680)"
"(271, 2290)","(810, 690)"
"(106, 1500)","(320, 1170)"
"(343, 1570)","(450, 1040)"
"(130, 2100)","(680, 810)"
"(97, 2270)","(740, 760)"
"(148, 1940)","(620, 880)"
"(388, 1920)","(700, 790)"
"(310, 2370)","(850, 650)"
"(61, 1990)","(610, 880)"
"(79, 1580)","(380, 1120)"
"(232, 1700)","(510, 990)"
"(334, 2440)","(870, 610)"
"(235, 1820)","(580, 900)"
"(109, 2590)","(840, 660)"
"(352, 1410)","(300, 1200)"
"(46, 2420)","(770, 730)"
"(346, 1400)","(300, 1200)"
"(199, 2290)","(780, 720)"
"(370, 2120)","(790, 710)"
"(223, 2020)","(680, 810)"
"(322, 1910)","(670, 830)"
"(82, 2350)","(760, 740)"
"(241, 2520)","(870, 630)"
"(358, 2330)","(860, 640)"
"(130, 1870)","(570, 910)"
"(340, 1780)","(600, 890)"
"(352, 2190)","(810, 690)"
"(382, 2410)","(870, 590)"
"(4, 2060)","(620, 860)"
"(286, 1970)","(680, 810)"
"(223, 2160)","(740, 750)"
"(325, 1890)","(660, 840)"
"(307, 2090)","(750, 750)"
"(145, 1850)","(570, 930)"
"(325, 1790)","(600, 890)"
"(175, 2520)","(840, 660)"
"(97, 2180)","(700, 790)"
"(331, 2000)","(720, 780)"
"(178, 1530)","(360, 1120)"
"(211, 1610)","(440, 1060)"
"(79, 2440)","(790, 710)"
"(340, 1500)","(390, 1110)"
"(25, 1760)","(480, 1010)"
"(37, 2280)","(720, 780)"
"(25, 2470)","(780, 720)"
"(178, 2360)","(800, 700)"
"(139, 2590)","(850, 650)"
"(172, 1950)","(630, 860)"
"(178, 2380)","(800, 690)"
"(55, 1620)","(400, 1090)"
"(316, 1700)","(540, 960)"
"(376, 1560)","(450, 1030)"
"(265, 1400)","(300, 1200)"
"(46, 1680)","(440, 1060)"
"(112, 1690)","(460, 1020)"
"(118, 1500)","(320, 1160)"
"(364, 2080)","(770, 730)"
"(25, 2230)","(700, 800)"
"(325, 2380)","(860, 640)"
"(166, 1480)","(320, 1180)"
"(295, 1660)","(500, 990)"
"(211, 1810)","(570, 930)"
"(376, 1980)","(730, 770)"
"(226, 1780)","(560, 940)"
"(58, 2540)","(810, 690)"
"(244, 2220)","(770, 720)"
"(307, 1990)","(700, 790)"
"(385, 1810)","(640, 860)"
"(199, 2520)","(830, 630)"
"(349, 1700)","(550, 940)"
"(211, 1930)","(640, 860)"
"(310, 2210)","(800, 700)"
"(313, 1680)","(520, 960)"
"(169, 2410)","(810, 690)"
"(271, 1700)","(520, 970)"
"(379, 1940)","(710, 790)"
"(76, 2000)","(620, 870)"
"(76, 2440)","(780, 710)"
"(160, 1580)","(400, 1100)"
"(43, 1650)","(420, 1080)"
"(379, 2510)","(900, 570)"
"(301, 2130)","(760, 740)"
"(43, 1940)","(580, 910)"
"(310, 1640)","(490, 990)"
"(358, 1980)","(720, 780)"
"(133, 2550)","(840, 660)"
"(370, 1400)","(300, 1200)"
"(361, 2590)","(930, 560)"
"(289, 1510)","(380, 1120)"
"(160, 1900)","(600, 890)"
"(133, 2580)","(840, 650)"
"(370, 2600)","(910, 540)"
"(136, 2020)","(650, 840)"
"(145, 2590)","(830, 630)"
"(250, 2120)","(740, 760)"
"(397, 2350)","(860, 600)"
"(205, 2490)","(840, 650)"
"(106, 2090)","(670, 820)"
"(79, 1550)","(360, 1140)"
"(73, 2090)","(660, 840)"
"(289, 2510)","(850, 590)"
"(391, 1640)","(530, 970)"
"(334, 2430)","(870, 610)"
"(217, 2490)","(840, 640)"
"(58, 1740)","(480, 1020)"
"(283, 1670)","(510, 990)"
"(253, 1430)","(300, 1200)"
"(343, 2410)","(860, 610)"
"(361, 1680)","(540, 950)"
"(52, 2150)","(680, 820)"
"(220, 2060)","(700, 800)"
"(322, 1570)","(440, 1050)"
"(181, 1640)","(450, 1040)"
"(16, 1780)","(490, 1000)"
"(73, 2140)","(680, 820)"
"(193, 2390)","(810, 690)"
"(91, 1860)","(560, 940)"
"(22, 2000)","(600, 880)"
"(184, 1410)","(300, 1200)"
"(352, 1400)","(300, 1200)"
"(196, 1890)","(610, 890)"
"(298, 2190)","(780, 710)"
"(238, 1480)","(340, 1160)"
"(91, 2460)","(800, 700)"
"(100, 1690)","(460, 1030)"
"(172, 1480)","(320, 1180)"
"(199, 1740)","(520, 970)"
"(232, 2230)","(770, 720)"
"(25, 2360)","(740, 750)"
"(136, 2480)","(820, 680)"
"(196, 2580)","(870, 630)"
"(262, 1880)","(630, 870)"
"(271, 1460)","(330, 1170)"
"(232, 2500)","(850, 630)"
"(232, 2310)","(800, 700)"
"(298, 1570)","(430, 1050)"
"(241, 2180)","(760, 740)"
"(166, 1490)","(330, 1170)"
"(274, 1830)","(610, 890)"
"(214, 2460)","(840, 660)"
"(385, 1540)","(440, 1060)"
"(34, 1550)","(340, 1130)"
"(76, 2510)","(800, 690)"
"(364, 1530)","(420, 1070)"
"(223, 1550)","(390, 1090)"
"(364, 2180)","(810, 690)"
"(151, 1980)","(640, 860)"
"(199, 2130)","(720, 780)"
"(367, 2400)","(880, 610)"
"(157, 1610)","(420, 1070)"
"(223, 2470)","(850, 650)"
"(130, 2410)","(790, 700)"
"(64, 2240)","(710, 780)"
"(70, 1720)","(470, 1020)"
"(391, 1780)","(620, 870)"
"(97, 2470)","(800, 700)"
"(22, 1800)","(500, 980)"
"(121, 2530)","(820, 670)"
"(199, 2510)","(840, 640)"
"(76, 1850)","(550, 950)"
"(175, 2550)","(840, 640)"
"(382, 2150)","(800, 690)"
"(118, 1460)","(300, 1200)"
"(58, 1700)","(450, 1030)"
"(202, 1460)","(310, 1190)"
"(265, 2290)","(810, 690)"
"(160, 1760)","(520, 970)"
"(367, 1880)","(670, 820)"
"(1, 1960)","(580, 920)"
"(151, 2040)","(670, 830)"
"(316, 2400)","(840, 620)"
"(85, 1790)","(520, 980)"
"(178, 2470)","(830, 670)"
"(88, 1930)","(590, 900)"
"(31, 1970)","(590, 900)"
"(190, 2280)","(770, 720)"
"(7, 1900)","(550, 940)"
"(199, 2190)","(740, 750)"
"(259, 1830)","(600, 900)"
"(46, 1960)","(590, 900)"
"(58, 1590)","(380, 1110)"
"(373, 1930)","(700, 790)"
"(394, 2270)","(850, 640)"
"(340, 1930)","(690, 810)"
"(67, 1570)","(370, 1130)"
"(373, 1470)","(370, 1130)"
"(208, 1550)","(390, 1110)"
"(301, 2590)","(890, 580)"
"(49, 2600)","(820, 670)"
"(1, 1870)","(530, 950)"
"(25, 1900)","(560, 940)"
"(166, 2250)","(750, 740)"
"(28, 1720)","(460, 1040)"
"(292, 2340)","(830, 660)"
"(121, 2450)","(800, 690)"
"(265, 2160)","(760, 740)"
"(397, 1630)","(520, 970)"
"(166, 2210)","(740, 760)"
"(115, 1960)","(610, 870)"
"(361, 2340)","(860, 630)"
"(40, 1690)","(440, 1040)"
"(157, 2600)","(860, 640)"
"(274, 1470)","(340, 1160)"
"(325, 2430)","(870, 620)"
"(46, 2230)","(710, 790)"
"(55, 1850)","(540, 950)"
"(106, 2590)","(840, 660)"
"(127, 1970)","(610, 850)"
"(235, 1650)","(470, 1010)"
"(55, 1750)","(480, 1000)"
"(181, 2120)","(710, 790)"
"(145, 1780)","(530, 970)"
"(346, 1530)","(420, 1080)"
"(358, 2500)","(900, 580)"
"(295, 1610)","(470, 1030)"
"(319, 2140)","(770, 720)"
"(40, 1450)","(300, 1200)"
"(184, 2510)","(840, 650)"
"(181, 1740)","(520, 980)"
"(40, 2340)","(740, 750)"
"(250, 2230)","(780, 720)"
"(262, 1820)","(590, 890)"
"(247, 1590)","(430, 1050)"
"(187, 2130)","(720, 780)"
"(346, 2470)","(890, 600)"
"(262, 2010)","(690, 800)"
"(232, 2140)","(740, 760)"
"(178, 2180)","(730, 760)"
"(274, 2540)","(870, 600)"
"(157, 2150)","(710, 780)"
"(190, 1790)","(550, 940)"
"(157, 1930)","(610, 870)"
"(253, 2070)","(720, 780)"
"(4, 2150)","(660, 830)"
"(256, 2030)","(700, 800)"
"(118, 2600)","(840, 650)"
"(214, 1930)","(640, 860)"
"(217, 1950)","(650, 850)"
"(106, 1750)","(500, 1000)"
"(391, 1460)","(360, 1120)"
"(148, 1980)","(640, 860)"
"(82, 2370)","(760, 730)"
"(97, 1460)","(300, 1200)"
"(232, 1820)","(580, 910)"
"(76, 2010)","(620, 860)"
"(112, 2180)","(710, 790)"
"(112, 2020)","(640, 850)"
"(193, 2560)","(850, 630)"
"(181, 2550)","(850, 640)"
"(160, 2550)","(830, 640)"
"(400, 1450)","(360, 1140)"
"(103, 2300)","(750, 750)"
"(319, 2240)","(810, 690)"
"(382, 2030)","(750, 740)"
"(265, 1560)","(420, 1080)"
"(196, 1870)","(600, 900)"
"(325, 2370)","(860, 640)"
"(226, 2000)","(670, 820)"
"(10, 2540)","(790, 700)"
"(391, 2250)","(840, 650)"
"(364, 1580)","(470, 1030)"
"(244, 1730)","(530, 960)"
"(322, 1410)","(300, 1200)"
"(244, 1820)","(590, 910)"
"(358, 2580)","(920, 560)"
"(337, 1950)","(700, 800)"
"(193, 2010)","(670, 830)"
"(235, 1700)","(510, 990)"
"(211, 1420)","(300, 1200)"
"(397, 1400)","(300, 1200)"
"(136, 1470)","(300, 1190)"
"(301, 2270)","(810, 680)"
"(124, 2340)","(770, 730)"
"(124, 2200)","(720, 780)"
"(127, 1840)","(560, 940)"
"(85, 2510)","(810, 690)"
"(301, 2330)","(830, 660)"
"(193, 1930)","(630, 870)"
"(16, 1720)","(460, 1040)"
"(148, 1410)","(300, 1200)"
"(235, 2210)","(760, 730)"
"(268, 2450)","(860, 640)"
"(67, 2010)","(620, 870)"
"(364, 2130)","(790, 710)"
"(172, 1440)","(300, 1200)"
"(391, 1880)","(680, 810)"
"(388, 1810)","(640, 850)"
"(268, 1490)","(350, 1130)"
"(49, 1930)","(580, 920)"
"(31, 1950)","(580, 910)"
"(346, 1540)","(430, 1070)"
"(226, 1830)","(590, 910)"
"(394, 2210)","(820, 660)"
"(127, 1660)","(450, 1050)"
"(28, 2020)","(610, 870)"
"(379, 1520)","(420, 1080)"
"(112, 2080)","(670, 830)"
"(316, 1740)","(570, 930)"
"(145, 1420)","(300, 1200)"
"(79, 1910)","(580, 920)"
"(19, 1470)","(300, 1200)"
"(88, 1670)","(440, 1040)"
"(85, 2380)","(770, 730)"
"(94, 2430)","(790, 710)"
"(238, 1540)","(390, 1110)"
"(262, 1480)","(340, 1140)"
"(187, 1840)","(580, 920)"
"(112, 1870)","(570, 930)"
"(178, 2200)","(740, 760)"
"(10, 2160)","(670, 830)"
"(127, 2260)","(740, 750)"
"(298, 2360)","(840, 650)"
"(142, 1760)","(520, 980)"
"(109, 2600)","(840, 650)"
"(244, 2410)","(840, 660)"
"(49, 2260)","(720, 780)"
"(52, 2160)","(680, 810)"
"(130, 1880)","(580, 910)"
"(268, 1670)","(500, 990)"
"(337, 1970)","(710, 790)"
"(340, 1580)","(460, 1040)"
"(385, 2240)","(840, 660)"
"(337, 1730)","(570, 930)"
"(400, 2380)","(890, 600)"
"(241, 2300)","(800, 700)"
"(391, 2000)","(740, 750)"
"(232, 2590)","(880, 620)"
"(10, 2530)","(790, 710)"
"(376, 2170)","(810, 690)"
"(394, 2160)","(800, 670)"
"(112, 2350)","(770, 730)"
"(16, 1880)","(540, 940)"
"(277, 2050)","(720, 780)"
"(205, 1940)","(640, 860)"
"(265, 1420)","(300, 1200)"
"(67, 2020)","(630, 870)"
"(115, 1690)","(460, 1020)"
"(241, 2120)","(730, 760)"
"(283, 2280)","(810, 690)"
"(175, 1550)","(380, 1120)"
"(313, 2310)","(820, 650)"
"(277, 2520)","(870, 610)"
"(394, 2500)","(920, 570)"
"(124, 2430)","(800, 700)"
"(37, 2250)","(710, 790)"
"(100, 1730)","(490, 1010)"
"(292, 1540)","(410, 1090)"
"(367, 1820)","(640, 860)"
"(172, 1820)","(560, 930)"
"(172, 2410)","(810, 690)"
"(265, 1990)","(690, 810)"
"(274, 2070)","(720, 770)"
"(385, 1530)","(430, 1060)"
"(262, 1660)","(490, 1000)"
"(247, 2300)","(800, 690)"
"(289, 2540)","(850, 580)"
"(148, 2090)","(690, 810)"
"(367, 2450)","(900, 600)"
"(112, 1750)","(500, 990)"
"(232, 1420)","(300, 1200)"
"(67, 2570)","(820, 680)"
"(361, 1550)","(440, 1060)"
"(292, 2450)","(870, 630)"
"(229, 2380)","(820, 680)"
"(250, 1660)","(490, 1010)"
"(343, 1600)","(480, 1020)"
"(133, 1790)","(530, 960)"
"(112, 1430)","(300, 1200)"
"(136, 1670)","(460, 1040)"
"(289, 2160)","(770, 730)"
"(16, 2330)","(730, 770)"
"(247, 2450)","(850, 650)"
"(43, 2120)","(660, 830)"
"(184, 1970)","(640, 850)"
"(139, 1470)","(300, 1180)"
"(100, 2290)","(740, 750)"
"(37, 1470)","(300, 1200)"
"(130, 2350)","(770, 720)"
"(154, 1690)","(480, 1020)"
"(166, 2320)","(780, 720)"
"(373, 2340)","(830, 600)"
"(361, 2450)","(900, 600)"
"(223, 1580)","(420, 1080)"
"(304, 1510)","(380, 1100)"
"(145, 1800)","(540, 950)"
"(52, 2410)","(770, 730)"
"(184, 1980)","(650, 850)"
"(16, 1820)","(510, 980)"
"(253, 1950)","(660, 830)"
"(157, 2190)","(730, 770)"
"(280, 2370)","(840, 660)"
"(364, 1840)","(650, 850)"
"(82, 1730)","(480, 1010)"
"(28, 2370)","(750, 750)"
"(52, 1580)","(370, 1120)"
"(1, 1650)","(410, 1090)"
"(130, 1910)","(600, 900)"
"(190, 1760)","(530, 960)"
"(346, 1450)","(340, 1160)"
"(289, 1960)","(680, 820)"
"(355, 2470)","(890, 590)"
"(346, 2050)","(750, 750)"
"(67, 2470)","(790, 710)"
"(244, 1660)","(490, 1010)"
"(64, 2300)","(740, 760)"
"(382, 1770)","(610, 880)"
"(319, 2070)","(740, 750)"
"(301, 2570)","(900, 590)"
"(220, 1630)","(460, 1040)"
"(217, 1450)","(300, 1180)"
"(52, 1870)","(550, 940)"
"(292, 1880)","(640, 860)"
"(304, 2130)","(760, 730)"
"(106, 2290)","(750, 750)"
"(355, 2550)","(920, 580)"
"(349, 1730)","(570, 920)"
"(325, 2130)","(770, 730)"
"(199, 2100)","(710, 790)"
"(388, 1480)","(380, 1100)"
"(319, 1770)","(590, 910)"
"(151, 2100)","(690, 810)"
"(82, 2400)","(770, 720)"
"(214, 2290)","(790, 710)"
"(196, 2120)","(720, 780)"
"(220, 1400)","(300, 1200)"
"(379, 1960)","(720, 780)"
"(268, 1920)","(650, 840)"
"(79, 1700)","(460, 1030)"
"(367, 2370)","(870, 620)"
"(202, 2580)","(870, 630)"
"(283, 1610)","(460, 1030)"
"(37, 2500)","(790, 710)"
"(265, 2450)","(860, 640)"
"(220, 2070)","(700, 790)"
"(238, 2280)","(790, 700)"
"(136, 1590)","(400, 1090)"
"(280, 1590)","(440, 1040)"
"(79, 1470)","(300, 1200)"
"(193, 2470)","(830, 660)"
"(313, 2330)","(830, 650)"
"(229, 1660)","(480, 1010)"
"(184, 2480)","(830, 660)"
"(172, 2260)","(760, 740)"
"(250, 2410)","(840, 660)"
"(349, 1430)","(320, 1180)"
"(241, 2350)","(820, 680)"
"(394, 1730)","(590, 900)"
"(376, 2050)","(760, 740)"
"(313, 1550)","(420, 1070)"
"(328, 2020)","(720, 770)"
"(160, 2050)","(670, 820)"
"(394, 2490)","(900, 560)"
"(124, 2000)","(640, 860)"
"(67, 1790)","(510, 980)"
"(280, 2420)","(850, 640)"
"(391, 1970)","(730, 770)"
"(178, 1460)","(300, 1180)"
"(304, 2330)","(830, 660)"
"(55, 1930)","(580, 910)"
"(394, 2450)","(900, 580)"
"(274, 2320)","(820, 680)"
"(97, 1590)","(390, 1100)"
"(355, 1540)","(430, 1070)"
"(265, 1910)","(650, 850)"
"(193, 2500)","(830, 640)"
"(220, 1800)","(570, 930)"
"(34, 2120)","(660, 840)"
"(130, 1540)","(360, 1140)"
"(67, 1600)","(390, 1110)"
"(130, 1680)","(460, 1030)"
"(160, 1420)","(300, 1200)"
"(280, 2300)","(810, 680)"
"(310, 1990)","(700, 790)"
"(64, 2420)","(770, 720)"
"(232, 2000)","(680, 820)"
"(256, 2290)","(800, 690)"
"(259, 2600)","(890, 600)"
"(124, 1630)","(430, 1070)"
"(397, 1850)","(670, 830)"
"(241, 2490)","(860, 640)"
"(376, 1480)","(380, 1120)"
"(313, 1690)","(530, 960)"
"(157, 2210)","(740, 760)"
"(202, 2120)","(720, 780)"
"(313, 1520)","(400, 1100)"
"(205, 1720)","(510, 980)"
"(61, 1620)","(400, 1090)"
"(25, 1610)","(390, 1110)"
"(199, 2140)","(720, 770)"
"(34, 1670)","(430, 1070)"
"(280, 1550)","(410, 1080)"
"(124, 2060)","(660, 830)"
"(187, 2420)","(820, 680)"
"(13, 1470)","(300, 1200)"
"(220, 2540)","(850, 620)"
"(196, 1850)","(590, 910)"
"(19, 1750)","(470, 1010)"
"(73, 1490)","(310, 1190)"
"(304, 1930)","(670, 820)"
"(244, 1880)","(620, 870)"
"(97, 1880)","(570, 930)"
"(34, 2550)","(800, 690)"
"(376, 1930)","(700, 790)"
"(322, 1480)","(360, 1130)"
"(157, 2430)","(810, 690)"
"(388, 1500)","(400, 1090)"
"(73, 1670)","(440, 1060)"
"(145, 1580)","(400, 1100)"
"(313, 2070)","(740, 760)"
"(301, 1630)","(480, 1010)"
"(106, 2460)","(800, 700)"
"(283, 2110)","(750, 750)"
"(385, 1860)","(670, 830)"
"(379, 2160)","(810, 690)"
"(157, 1580)","(400, 1100)"
"(151, 1550)","(370, 1110)"
"(199, 1770)","(540, 950)"
"(196, 1580)","(410, 1090)"
"(331, 1520)","(400, 1090)"
"(373, 1480)","(380, 1120)"
"(142, 1710)","(490, 1010)"
"(46, 2500)","(790, 700)"
"(352, 1800)","(620, 880)"
"(193, 2170)","(730, 760)"
"(295, 1900)","(650, 840)"
"(274, 2060)","(720, 780)"
"(247, 1650)","(480, 1020)"
"(103, 2050)","(650, 840)"
"(397, 2480)","(920, 580)"
"(55, 1410)","(300, 1200)"
"(133, 1670)","(460, 1040)"
"(40, 2020)","(620, 880)"
"(130, 2550)","(830, 660)"
"(337, 1870)","(650, 840)"
"(397, 1540)","(440, 1040)"
"(292, 1810)","(600, 890)"
"(196, 2280)","(780, 720)"
"(118, 1610)","(410, 1080)"
"(133, 1960)","(620, 870)"
"(193, 2420)","(820, 680)"
"(283, 1530)","(400, 1100)"
"(355, 1620)","(500, 1000)"
"(16, 1840)","(520, 960)"
"(43, 2140)","(670, 830)"
"(160, 2080)","(690, 810)"
"(283, 2430)","(860, 640)"
"(190, 1430)","(300, 1200)"
"(232, 2270)","(790, 710)"
"(340, 1600)","(470, 1010)"
"(316, 2180)","(790, 710)"
"(214, 1450)","(300, 1190)"
"(349, 2450)","(880, 600)"
"(28, 1740)","(470, 1020)"
"(127, 2490)","(820, 680)"
"(118, 2400)","(790, 710)"
"(229, 2400)","(830, 670)"
"(238, 2130)","(740, 760)"
"(241, 1850)","(600, 890)"
"(193, 1700)","(500, 1000)"
"(247, 1540)","(390, 1100)"
"(94, 2000)","(630, 870)"
"(352, 1950)","(700, 790)"
"(265, 2410)","(820, 630)"
"(313, 1930)","(680, 820)"
"(256, 2230)","(780, 720)"
"(238, 2050)","(700, 790)"
"(232, 1550)","(400, 1100)"
"(274, 1590)","(440, 1050)"
"(52, 1890)","(560, 930)"
"(229, 1830)","(590, 910)"
"(145, 1550)","(370, 1120)"
"(148, 1660)","(450, 1030)"
"(274, 1680)","(510, 990)"
"(211, 2010)","(670, 820)"
"(178, 2210)","(740, 750)"
"(352, 1530)","(420, 1080)"
"(184, 2090)","(700, 800)"
"(316, 1420)","(300, 1200)"
"(388, 1430)","(330, 1170)"
"(82, 1650)","(430, 1070)"
"(262, 2120)","(740, 760)"
"(346, 1840)","(640, 860)"
"(70, 1460)","(300, 1200)"
"(397, 1670)","(550, 940)"
"(88, 2440)","(790, 710)"
"(118, 1930)","(600, 890)"
"(400, 1580)","(480, 1010)"
"(121, 1890)","(580, 910)"
"(76, 1930)","(590, 910)"
"(7, 1600)","(380, 1120)"
"(1, 2330)","(730, 770)"
"(343, 2270)","(830, 670)"
"(46, 1860)","(540, 950)"
"(220, 1510)","(360, 1140)"
"(394, 2520)","(910, 560)"
"(232, 2350)","(810, 680)"
"(34, 1800)","(510, 990)"
"(145, 2480)","(820, 680)"
"(340, 1700)","(550, 950)"
"(13, 1530)","(320, 1150)"
"(319, 1450)","(330, 1170)"
"(97, 1490)","(310, 1180)"
"(382, 2200)","(820, 670)"
"(148, 1400)","(300, 1200)"
"(277, 1690)","(520, 980)"
"(193, 1650)","(460, 1030)"
"(394, 1830)","(660, 840)"
"(121, 1800)","(530, 950)"
"(211, 1840)","(590, 910)"
"(202, 2430)","(830, 670)"
"(172, 1700)","(490, 1010)"
"(223, 2490)","(830, 630)"
"(361, 1460)","(350, 1130)"
"(385, 2450)","(910, 590)"
"(175, 2450)","(820, 670)"
"(1, 1890)","(550, 950)"
"(94, 1870)","(560, 930)"
"(28, 1790)","(500, 990)"
"(7, 2300)","(720, 780)"
"(85, 1430)","(300, 1200)"
"(349, 2160)","(790, 700)"
"(25, 1710)","(450, 1040)"
"(229, 2290)","(790, 700)"
"(343, 2180)","(800, 700)"
"(211, 1500)","(350, 1150)"
"(202, 1590)","(420, 1080)"
"(319, 1610)","(470, 1010)"
"(22, 2550)","(800, 700)"
"(61, 2580)","(820, 680)"
"(100, 2440)","(790, 700)"
"(253, 1930)","(650, 840)"
"(16, 2380)","(750, 750)"
"(385, 1720)","(580, 910)"
"(166, 2420)","(810, 690)"
"(226, 1990)","(670, 830)"
"(199, 1540)","(380, 1120)"
"(4, 1420)","(300, 1200)"
"(115, 2030)","(650, 850)"
"(124, 1870)","(570, 920)"
"(40, 1480)","(300, 1200)"
"(133, 1440)","(300, 1200)"
"(379, 1420)","(320, 1180)"
"(1, 2100)","(640, 850)"
"(244, 1830)","(590, 900)"
"(220, 1410)","(300, 1200)"
"(112, 2490)","(810, 680)"
"(181, 1840)","(580, 920)"
"(223, 1990)","(670, 830)"
"(211, 1430)","(300, 1200)"
"(265, 1820)","(600, 900)"
"(283, 2150)","(760, 730)"
"(178, 1930)","(620, 870)"
"(379, 2570)","(940, 560)"
"(262, 2100)","(730, 760)"
"(190, 2190)","(740, 760)"
"(64, 1770)","(500, 1000)"
"(367, 1500)","(400, 1100)"
"(244, 1960)","(660, 830)"
"(340, 2590)","(890, 550)"
"(370, 1580)","(470, 1030)"
"(400, 2120)","(800, 700)"
"(361, 1620)","(500, 1000)"
"(1, 2150)","(660, 830)"
"(370, 1480)","(380, 1120)"
"(154, 1680)","(470, 1030)"
"(358, 2030)","(740, 750)"
"(322, 2140)","(770, 720)"
"(106, 1670)","(450, 1050)"
"(199, 1910)","(620, 880)"
"(256, 1520)","(380, 1120)"
"(172, 2590)","(850, 630)"
"(385, 1950)","(720, 780)"
"(400, 1980)","(740, 760)"
"(265, 2520)","(880, 620)"
"(382, 1460)","(360, 1140)"
"(373, 2460)","(910, 590)"
"(334, 2330)","(850, 650)"
"(331, 1540)","(420, 1080)"
"(358, 1990)","(720, 770)"
"(244, 1860)","(610, 880)"
"(280, 2060)","(720, 770)"
"(169, 1470)","(310, 1190)"
"(61, 2300)","(730, 760)"
"(184, 1660)","(470, 1030)"
"(259, 1540)","(400, 1100)"
"(334, 1560)","(440, 1060)"
"(289, 1430)","(300, 1190)"
"(121, 2250)","(740, 760)"
"(379, 2130)","(790, 700)"
"(214, 1820)","(580, 920)"
"(214, 1970)","(660, 840)"
"(70, 1940)","(590, 900)"
"(319, 2430)","(850, 610)"
"(166, 2010)","(660, 840)"
"(28, 1960)","(590, 910)"
"(76, 2030)","(640, 860)"
"(298, 2370)","(830, 640)"
"(316, 1940)","(680, 810)"
"(259, 2180)","(760, 730)"
"(319, 1780)","(590, 900)"
"(151, 1920)","(610, 890)"
"(202, 2330)","(790, 700)"
"(37, 1910)","(570, 930)"
"(334, 1710)","(550, 940)"
"(43, 2400)","(760, 730)"
"(7, 2060)","(620, 860)"
"(130, 1570)","(380, 1100)"
"(7, 1750)","(470, 1020)"
"(205, 1970)","(650, 840)"
"(31, 2340)","(740, 760)"
"(208, 2040)","(690, 810)"
"(295, 1990)","(700, 800)"
"(277, 1570)","(430, 1070)"
"(70, 1950)","(600, 900)"
"(340, 2140)","(780, 710)"
"(34, 2300)","(730, 770)"
"(151, 2470)","(820, 680)"
"(82, 1520)","(330, 1160)"
"(76, 2570)","(820, 670)"
"(10, 1840)","(520, 970)"
"(154, 2270)","(760, 740)"
"(187, 2190)","(740, 760)"
"(337, 1920)","(680, 820)"
"(382, 2250)","(840, 660)"
"(307, 1960)","(690, 810)"
"(1, 2490)","(780, 720)"
"(142, 2010)","(650, 850)"
"(157, 1630)","(440, 1060)"
"(226, 1450)","(310, 1190)"
"(253, 2250)","(790, 710)"
"(334, 1790)","(610, 890)"
"(307, 2280)","(820, 680)"
"(376, 2590)","(910, 540)"
"(268, 2150)","(760, 740)"
"(91, 2010)","(630, 860)"
"(115, 2150)","(700, 800)"
"(232, 1910)","(630, 860)"
"(361, 1440)","(330, 1160)"
"(124, 1580)","(390, 1110)"
"(55, 1960)","(600, 900)"
"(112, 1530)","(350, 1150)"
"(199, 2310)","(790, 710)"
"(343, 1660)","(520, 970)"
"(76, 1570)","(370, 1130)"
"(346, 2450)","(860, 590)"
"(94, 1800)","(520, 960)"
"(49, 1610)","(390, 1100)"
"(385, 1750)","(600, 890)"
"(205, 2440)","(820, 660)"
"(397, 2550)","(940, 560)"
"(13, 1750)","(470, 1020)"
"(61, 2210)","(700, 790)"
"(115, 1440)","(300, 1200)"
"(319, 2130)","(770, 730)"
"(376, 2310)","(860, 640)"
"(175, 2110)","(700, 790)"
"(379, 2300)","(860, 640)"
"(259, 2500)","(840, 610)"
"(229, 2250)","(780, 720)"
"(136, 2330)","(770, 730)"
"(118, 2170)","(710, 790)"
"(262, 1680)","(510, 990)"
"(85, 2550)","(820, 680)"
"(58, 1520)","(330, 1170)"
"(61, 1570)","(370, 1130)"
"(382, 1530)","(430, 1070)"
"(91, 1870)","(560, 930)"
"(238, 1420)","(300, 1200)"
"(286, 2040)","(720, 780)"
"(115, 2260)","(740, 760)"
"(73, 2220)","(710, 790)"
"(172, 1750)","(520, 970)"
"(37, 1840)","(530, 960)"
"(274, 2230)","(790, 710)"
"(34, 2080)","(640, 850)"
"(193, 1610)","(430, 1060)"
"(142, 1450)","(300, 1200)"
"(160, 2570)","(830, 630)"
"(220, 2300)","(790, 700)"
"(169, 1500)","(340, 1160)"
"(127, 1440)","(300, 1200)"
"(1, 1620)","(390, 1110)"
"(4, 1940)","(570, 920)"
"(73, 2570)","(820, 680)"
"(280, 1980)","(690, 810)"
"(19, 1910)","(560, 930)"
"(340, 2520)","(890, 580)"
"(262, 1560)","(410, 1070)"
"(25, 1440)","(300, 1200)"
"(364, 1710)","(570, 930)"
"(130, 1920)","(600, 890)"
"(61, 2280)","(730, 770)"
"(73, 2600)","(820, 660)"
"(262, 1860)","(620, 880)"
"(94, 2480)","(800, 690)"
"(307, 1930)","(670, 820)"
"(7, 1650)","(410, 1090)"
"(214, 2520)","(830, 620)"
"(181, 1570)","(400, 1100)"
"(268, 1590)","(440, 1050)"
"(229, 1650)","(470, 1020)"
"(100, 2410)","(780, 710)"
"(373, 1690)","(560, 940)"
"(64, 2470)","(790, 710)"
"(103, 1810)","(530, 950)"
"(337, 2340)","(850, 640)"
"(175, 2090)","(700, 800)"
"(82, 1580)","(380, 1120)"
"(40, 1510)","(310, 1160)"
"(397, 1660)","(540, 940)"
"(100, 1900)","(580, 910)"
"(391, 1980)","(730, 760)"
"(46, 1610)","(390, 1100)"
"(391, 1730)","(590, 900)"
"(331, 2130)","(770, 720)"
"(364, 2230)","(830, 670)"
"(106, 1540)","(350, 1130)"
"(58, 1540)","(340, 1140)"
"(394, 2060)","(770, 720)"
"(109, 1870)","(570, 930)"
"(67, 2070)","(650, 850)"
"(229, 1420)","(300, 1200)"
"(118, 2130)","(690, 800)"
"(361, 2060)","(760, 740)"
"(214, 1900)","(620, 870)"
"(373, 2560)","(920, 560)"
"(172, 2400)","(810, 690)"
"(43, 1690)","(440, 1040)"
"(151, 2400)","(800, 700)"
"(64, 2230)","(710, 780)"
"(16, 1990)","(600, 900)"
"(262, 1750)","(550, 940)"
"(370, 1710)","(570, 930)"
"(73, 2240)","(720, 780)"
"(121, 1560)","(370, 1110)"
"(214, 1510)","(360, 1140)"
"(319, 1440)","(320, 1180)"
"(247, 2120)","(730, 760)"
"(208, 2500)","(850, 650)"
"(271, 2330)","(820, 670)"
"(184, 2060)","(690, 810)"
"(67, 1440)","(300, 1200)"
"(13, 1450)","(300, 1200)"
"(211, 2400)","(820, 680)"
"(115, 1920)","(600, 900)"
"(64, 1820)","(530, 970)"
"(34, 2530)","(800, 700)"
"(226, 1850)","(600, 900)"
"(70, 1900)","(570, 920)"
"(43, 1400)","(300, 1200)"
"(298, 1560)","(430, 1070)"
"(178, 2510)","(840, 660)"
"(385, 1620)","(510, 990)"
"(118, 1430)","(300, 1200)"
"(223, 1760)","(540, 940)"
"(247, 1730)","(530, 950)"
"(244, 2470)","(850, 640)"
"(112, 2190)","(710, 780)"
"(67, 1890)","(560, 920)"
"(286, 2050)","(720, 780)"
"(67, 1770)","(500, 1000)"
"(16, 2100)","(650, 850)"
"(379, 1820)","(640, 850)"
"(265, 1640)","(480, 1020)"
"(310, 1960)","(690, 810)"
"(388, 1590)","(480, 1000)"
"(82, 1820)","(530, 960)"
"(127, 1880)","(580, 920)"
"(391, 2340)","(870, 620)"
"(397, 1940)","(720, 780)"
"(328, 2230)","(810, 690)"
"(181, 1760)","(530, 970)"
"(130, 2530)","(830, 670)"
"(40, 2230)","(700, 790)"
"(79, 1730)","(480, 1020)"
"(292, 2460)","(860, 620)"
"(232, 1450)","(310, 1190)"
"(181, 2530)","(820, 630)"
"(157, 2180)","(720, 770)"
"(199, 2580)","(840, 610)"
"(373, 1540)","(440, 1060)"
"(7, 1700)","(440, 1050)"
"(103, 2030)","(640, 850)"
"(271, 1870)","(630, 870)"
"(388, 1630)","(520, 980)"
"(166, 2060)","(680, 820)"
"(106, 2550)","(830, 670)"
"(334, 1660)","(520, 980)"
"(310, 1780)","(590, 910)"
"(154, 2400)","(800, 700)"
"(370, 2150)","(800, 700)"
"(7, 1930)","(570, 930)"
"(61, 1510)","(320, 1180)"
"(226, 1710)","(510, 980)"
"(91, 1570)","(370, 1110)"
"(256, 2390)","(830, 660)"
"(172, 1840)","(570, 920)"
"(61, 2230)","(710, 790)"
"(52, 2170)","(690, 810)"
"(202, 1410)","(300, 1200)"
"(340, 2180)","(800, 700)"
"(373, 2140)","(800, 700)"
"(229, 1970)","(660, 830)"
"(367, 1420)","(310, 1180)"
"(88, 1410)","(300, 1200)"
"(196, 1680)","(480, 1010)"
"(247, 1500)","(360, 1140)"
"(355, 2430)","(880, 610)"
"(220, 1900)","(620, 870)"
"(79, 2180)","(700, 800)"
"(10, 2120)","(650, 840)"
"(43, 2310)","(730, 760)"
"(277, 2010)","(700, 800)"
"(88, 1650)","(430, 1060)"
"(214, 2030)","(680, 810)"
"(253, 1860)","(610, 880)"
"(346, 1570)","(450, 1040)"
"(97, 1610)","(400, 1080)"
"(274, 1550)","(410, 1090)"
"(256, 1890)","(630, 860)"
"(289, 2560)","(870, 580)"
"(226, 1940)","(650, 850)"
"(148, 1710)","(490, 1010)"
"(154, 1400)","(300, 1200)"
"(67, 1510)","(320, 1170)"
"(163, 2240)","(750, 750)"
"(205, 2520)","(850, 640)"
"(187, 2580)","(860, 630)"
"(310, 2180)","(780, 710)"
"(226, 1580)","(420, 1080)"
"(46, 1940)","(580, 910)"
"(160, 2560)","(850, 650)"
"(244, 2480)","(860, 640)"
"(211, 1680)","(490, 1010)"
"(346, 2080)","(760, 740)"
"(106, 1590)","(390, 1100)"
"(382, 2530)","(920, 570)"
"(184, 1890)","(600, 880)"
"(55, 1540)","(340, 1150)"
"(109, 2170)","(700, 790)"
"(361, 1690)","(550, 940)"
"(37, 2510)","(790, 700)"
"(238, 1640)","(470, 1030)"
"(34, 1850)","(530, 950)"
"(319, 1490)","(370, 1130)"
"(400, 2040)","(770, 730)"
"(34, 1470)","(300, 1200)"
"(400, 2070)","(780, 720)"
"(367, 2260)","(840, 660)"
"(175, 2120)","(710, 790)"
"(70, 1970)","(600, 880)"
"(382, 1560)","(460, 1040)"
"(367, 2210)","(810, 670)"
"(238, 2370)","(820, 670)"
"(268, 1500)","(360, 1120)"
"(49, 2360)","(750, 740)"
"(94, 2200)","(710, 790)"
"(358, 2460)","(890, 600)"
"(19, 1840)","(520, 960)"
"(280, 2440)","(860, 640)"
"(400, 2520)","(920, 560)"
"(250, 1690)","(510, 990)"
"(361, 2380)","(870, 620)"
"(274, 2530)","(880, 610)"
"(196, 2600)","(850, 610)"
"(292, 1970)","(690, 810)"
"(310, 2420)","(850, 620)"
"(238, 1720)","(520, 960)"
"(379, 2110)","(790, 710)"
"(265, 2230)","(780, 710)"
"(7, 2500)","(780, 720)"
"(46, 2160)","(680, 820)"
"(148, 1950)","(620, 870)"
"(49, 2120)","(660, 830)"
"(334, 2130)","(770, 720)"
"(55, 2080)","(650, 850)"
"(217, 2600)","(880, 620)"
"(55, 2220)","(700, 790)"
"(25, 1940)","(580, 920)"
"(16, 1730)","(460, 1030)"
"(340, 1970)","(710, 790)"
"(124, 1800)","(530, 950)"
"(211, 1440)","(300, 1200)"
"(385, 2360)","(880, 620)"
"(145, 1860)","(570, 910)"
"(46, 1530)","(330, 1160)"
"(40, 2040)","(630, 870)"
"(43, 1810)","(520, 980)"
"(187, 2400)","(810, 680)"
"(61, 2350)","(750, 740)"
"(82, 2510)","(810, 690)"
"(109, 1970)","(620, 880)"
"(55, 2440)","(780, 720)"
"(253, 2240)","(780, 710)"
"(340, 1440)","(330, 1170)"
"(16, 2240)","(700, 800)"
"(97, 2170)","(700, 800)"
"(295, 1500)","(370, 1120)"
"(232, 2040)","(700, 800)"
"(319, 1980)","(700, 790)"
"(328, 1700)","(540, 940)"
"(214, 1960)","(650, 840)"
"(124, 1690)","(470, 1030)"
"(283, 1980)","(690, 810)"
"(76, 2270)","(730, 770)"
"(355, 2440)","(870, 590)"
"(262, 1840)","(610, 890)"
"(175, 1560)","(390, 1110)"
"(295, 1750)","(560, 920)"
"(274, 2080)","(730, 770)"
"(337, 1770)","(600, 900)"
"(163, 2430)","(810, 680)"
"(277, 1920)","(660, 840)"
"(142, 1460)","(300, 1200)"
"(379, 2540)","(930, 570)"
"(115, 1810)","(540, 960)"
"(130, 2470)","(810, 680)"
"(280, 1410)","(300, 1200)"
"(196, 1910)","(620, 880)"
"(220, 2240)","(770, 730)"
"(145, 2500)","(810, 660)"
"(82, 2420)","(780, 720)"
"(151, 2320)","(770, 720)"
"(106, 1820)","(540, 950)"
"(70, 2030)","(630, 860)"
"(235, 1680)","(500, 1000)"
"(40, 2250)","(710, 790)"
"(385, 2140)","(800, 690)"
"(223, 2500)","(850, 640)"
"(127, 2480)","(810, 680)"
"(250, 2570)","(880, 600)"
"(211, 2580)","(850, 610)"
"(67, 2280)","(730, 770)"
"(208, 1470)","(320, 1180)"
"(52, 2440)","(780, 720)"
"(91, 2120)","(680, 820)"
"(1, 1430)","(300, 1200)"
"(325, 2510)","(890, 600)"
"(67, 1990)","(610, 880)"
"(343, 2550)","(880, 560)"
"(223, 1600)","(430, 1050)"
"(274, 1730)","(540, 940)"
"(382, 1510)","(410, 1080)"
"(40, 2350)","(740, 750)"
"(343, 1730)","(570, 920)"
"(334, 2070)","(750, 750)"
"(136, 1910)","(600, 900)"
"(331, 2230)","(810, 680)"
"(241, 1560)","(410, 1090)"
"(64, 2060)","(640, 850)"
"(229, 1850)","(600, 900)"
"(235, 1690)","(500, 990)"
"(184, 2600)","(840, 610)"
"(229, 1570)","(410, 1080)"
"(313, 1820)","(620, 880)"
"(130, 2390)","(790, 710)"
"(103, 2010)","(640, 860)"
"(55, 1480)","(300, 1200)"
"(304, 1540)","(410, 1080)"
"(274, 2350)","(830, 670)"
"(298, 2250)","(800, 690)"
"(73, 1590)","(380, 1100)"
"(37, 2590)","(810, 680)"
"(97, 1550)","(360, 1140)"
"(115, 2590)","(830, 650)"
"(61, 1810)","(520, 970)"
"(100, 2260)","(730, 760)"
"(337, 1700)","(550, 950)"
"(127, 1890)","(580, 900)"
"(136, 1430)","(300, 1200)"
"(160, 2350)","(790, 710)"
"(394, 2390)","(880, 590)"
"(28, 1810)","(510, 980)"
"(16, 2410)","(760, 740)"
"(280, 2040)","(710, 780)"
"(118, 1590)","(400, 1100)"
"(262, 2000)","(690, 810)"
"(235, 2200)","(760, 730)"
"(304, 2260)","(810, 690)"
"(16, 2480)","(780, 720)"
"(319, 1820)","(620, 880)"
"(322, 1920)","(670, 820)"
"(76, 1670)","(440, 1050)"
"(46, 2310)","(730, 760)"
"(232, 2520)","(860, 630)"
"(82, 1930)","(590, 900)"
"(349, 2220)","(820, 680)"
"(112, 1910)","(590, 910)"
"(103, 1870)","(570, 930)"
"(154, 1620)","(430, 1070)"
"(28, 2000)","(610, 890)"
"(130, 2180)","(720, 780)"
"(103, 2340)","(760, 730)"
"(142, 1520)","(350, 1150)"
"(202, 2090)","(710, 790)"
"(67, 2170)","(690, 810)"
"(64, 2110)","(670, 830)"
"(307, 1730)","(560, 940)"
"(37, 1690)","(440, 1050)"
"(31, 2110)","(650, 840)"
"(115, 2040)","(650, 840)"
"(370, 2090)","(770, 720)"
"(19, 2050)","(620, 860)"
"(70, 1640)","(420, 1080)"
"(124, 2400)","(790, 710)"
"(82, 1500)","(320, 1180)"
"(298, 1650)","(500, 1000)"
"(241, 1650)","(480, 1020)"
"(286, 2000)","(700, 800)"
"(322, 1660)","(510, 980)"
"(256, 1670)","(500, 1000)"
"(145, 2130)","(700, 790)"
"(397, 2530)","(880, 530)"
"(112, 2500)","(810, 680)"
"(214, 1410)","(300, 1200)"
"(184, 1520)","(360, 1140)"
"(43, 2000)","(610, 880)"
"(364, 2100)","(770, 720)"
"(181, 1960)","(640, 860)"
"(37, 2480)","(780, 710)"
"(226, 1670)","(490, 1010)"
"(199, 2010)","(670, 830)"
"(319, 2490)","(880, 600)"
"(85, 2300)","(740, 750)"
"(160, 1740)","(510, 980)"
"(241, 2550)","(860, 610)"
"(19, 1710)","(450, 1040)"
"(79, 1480)","(300, 1200)"
"(142, 2110)","(690, 800)"
"(136, 1660)","(450, 1040)"
"(202, 1580)","(410, 1080)"
"(205, 1440)","(300, 1200)"
"(274, 1880)","(630, 860)"
"(289, 1530)","(400, 1100)"
"(346, 2510)","(900, 590)"
"(61, 1790)","(510, 990)"
"(112, 2280)","(750, 750)"
"(298, 1960)","(680, 810)"
"(103, 2400)","(780, 710)"
"(169, 2310)","(780, 720)"
"(280, 1950)","(670, 820)"
"(118, 1710)","(480, 1020)"
"(13, 2360)","(740, 760)"
"(169, 2420)","(810, 690)"
"(205, 1900)","(620, 880)"
"(400, 2280)","(860, 640)"
"(358, 1640)","(510, 980)"
"(307, 2200)","(790, 710)"
"(166, 2070)","(680, 810)"
"(271, 1880)","(630, 860)"
"(211, 2260)","(770, 720)"
"(178, 2240)","(750, 740)"
"(175, 1420)","(300, 1200)"
"(28, 2350)","(740, 750)"
"(100, 1580)","(380, 1100)"
"(10, 1590)","(370, 1130)"
"(7, 2140)","(660, 840)"
"(73, 1630)","(410, 1080)"
"(133, 2100)","(680, 810)"
"(400, 1520)","(430, 1070)"
"(1, 2460)","(770, 730)"
"(7, 2570)","(800, 700)"
"(286, 1430)","(300, 1200)"
"(250, 1470)","(330, 1160)"
"(229, 2440)","(830, 650)"
"(40, 1400)","(300, 1200)"
"(157, 2270)","(760, 740)"
"(280, 1640)","(480, 1010)"
"(28, 2540)","(800, 700)"
"(217, 2590)","(880, 620)"
"(163, 2570)","(850, 640)"
"(82, 2580)","(830, 670)"
"(355, 2110)","(780, 720)"
"(259, 1980)","(680, 820)"
"(295, 2150)","(770, 730)"
"(220, 2470)","(840, 650)"
"(193, 1940)","(630, 860)"
"(55, 2580)","(820, 680)"
"(391, 1840)","(660, 840)"
"(271, 1920)","(650, 840)"
"(205, 2540)","(860, 640)"
"(202, 1470)","(320, 1180)"
"(367, 2290)","(850, 650)"
"(292, 1740)","(560, 940)"
"(265, 1930)","(660, 840)"
"(64, 2340)","(750, 750)"
"(259, 2400)","(840, 660)"
"(52, 1520)","(330, 1170)"
"(376, 2390)","(870, 600)"
"(76, 1790)","(510, 970)"
"(121, 1710)","(480, 1020)"
"(346, 1890)","(670, 830)"
"(22, 1500)","(300, 1180)"
"(211, 2350)","(800, 690)"
"(79, 1560)","(360, 1120)"
"(70, 2040)","(640, 860)"
"(133, 2270)","(750, 750)"
"(298, 2450)","(870, 630)"
"(214, 2470)","(840, 650)"
"(223, 2000)","(670, 820)"
"(28, 2250)","(710, 790)"
"(274, 1620)","(470, 1030)"
"(331, 1690)","(540, 960)"
"(202, 2560)","(830, 610)"
"(28, 2400)","(760, 740)"
"(52, 2070)","(640, 850)"
"(199, 2120)","(720, 780)"
"(166, 2560)","(840, 640)"
"(349, 1470)","(360, 1140)"
"(13, 2330)","(730, 770)"
"(97, 1750)","(500, 1000)"
"(142, 2470)","(820, 680)"
"(244, 1950)","(660, 840)"
"(295, 1870)","(640, 860)"
"(295, 1410)","(300, 1200)"
"(187, 1970)","(650, 850)"
"(217, 1820)","(580, 920)"
"(337, 2480)","(860, 580)"
"(316, 2010)","(720, 780)"
"(109, 2020)","(640, 850)"
"(367, 1640)","(520, 980)"
"(331, 2410)","(860, 620)"
"(82, 2550)","(810, 670)"
"(238, 1450)","(310, 1190)"
"(76, 2540)","(810, 680)"
"(112, 1600)","(400, 1090)"
"(142, 2420)","(800, 690)"
"(37, 2140)","(670, 830)"
"(61, 2600)","(820, 670)"
"(400, 1430)","(330, 1150)"
"(121, 2470)","(810, 690)"
"(400, 2430)","(890, 580)"
"(13, 2440)","(760, 730)"
"(109, 2150)","(700, 800)"
"(148, 1850)","(570, 920)"
"(253, 1840)","(600, 890)"
"(322, 2160)","(780, 710)"
"(199, 2330)","(790, 700)"
"(136, 2410)","(800, 700)"
"(208, 2110)","(720, 780)"
"(307, 2010)","(710, 780)"
"(355, 2220)","(810, 670)"
"(94, 1690)","(460, 1040)"
"(382, 2350)","(860, 610)"
"(361, 2390)","(880, 610)"
"(385, 1440)","(340, 1160)"
"(322, 2030)","(730, 770)"
"(205, 2220)","(760, 740)"
"(64, 1700)","(460, 1040)"
"(202, 1870)","(600, 890)"
"(283, 2300)","(820, 680)"
"(25, 2550)","(790, 690)"
"(67, 1530)","(340, 1160)"
"(178, 2020)","(670, 830)"
"(208, 2250)","(770, 730)"
"(364, 1420)","(310, 1180)"
"(64, 1680)","(440, 1040)"
"(319, 2250)","(810, 680)"
"(169, 2370)","(800, 700)"
"(277, 2240)","(790, 700)"
"(310, 1690)","(530, 960)"
"(295, 2490)","(880, 620)"
"(256, 2050)","(710, 790)"
"(379, 1930)","(700, 790)"
"(160, 2030)","(660, 830)"
"(337, 2560)","(910, 580)"
"(88, 2280)","(740, 760)"
"(37, 1610)","(390, 1110)"
"(121, 2160)","(700, 790)"
"(322, 1800)","(610, 890)"
"(124, 1830)","(550, 940)"
"(43, 1730)","(470, 1030)"
"(205, 2580)","(860, 620)"
"(115, 1840)","(550, 930)"
"(115, 1560)","(370, 1120)"
"(166, 2450)","(820, 680)"
"(16, 1420)","(300, 1200)"
"(232, 1710)","(520, 980)"
"(301, 1760)","(570, 920)"
"(7, 1760)","(480, 1020)"
"(40, 2320)","(730, 760)"
"(37, 2400)","(760, 740)"
"(310, 2170)","(780, 720)"
"(40, 1750)","(480, 1010)"
"(337, 1620)","(490, 1010)"
"(64, 2490)","(800, 700)"
"(214, 2320)","(800, 700)"
"(58, 1650)","(420, 1070)"
"(313, 1590)","(460, 1040)"
"(52, 1760)","(490, 1010)"
"(31, 1740)","(470, 1020)"
"(250, 2400)","(830, 660)"
"(1, 2580)","(800, 700)"
"(253, 1580)","(430, 1070)"
"(67, 2120)","(670, 830)"
"(22, 1840)","(530, 970)"
"(220, 1730)","(520, 960)"
"(112, 1950)","(610, 890)"
"(196, 2170)","(740, 760)"
"(181, 2000)","(660, 840)"
"(205, 1500)","(350, 1150)"
"(247, 1720)","(530, 970)"
"(127, 2450)","(800, 690)"
"(118, 2140)","(700, 800)"
"(286, 2350)","(830, 660)"
"(316, 2110)","(760, 740)"
"(280, 2160)","(760, 730)"
"(205, 1660)","(470, 1020)"
"(268, 2490)","(860, 620)"
"(187, 1660)","(470, 1030)"
"(223, 2320)","(800, 700)"
"(298, 2150)","(770, 730)"
"(31, 1870)","(540, 940)"
"(265, 1940)","(660, 830)"
"(310, 2470)","(870, 610)"
"(292, 1670)","(510, 990)"
"(241, 2430)","(840, 660)"
"(289, 1730)","(550, 950)"
"(118, 2360)","(770, 720)"
"(103, 2040)","(650, 850)"
"(271, 1440)","(310, 1190)"
"(106, 2330)","(760, 740)"
"(295, 2270)","(810, 690)"
"(121, 1940)","(610, 890)"
"(301, 2400)","(840, 630)"
"(382, 1810)","(640, 860)"
"(124, 2540)","(820, 660)"
"(340, 1820)","(630, 870)"
"(214, 1630)","(450, 1030)"
"(139, 1900)","(590, 900)"
"(328, 2590)","(890, 560)"
"(46, 2040)","(630, 870)"
"(265, 1410)","(300, 1200)"
"(10, 2460)","(770, 730)"
"(13, 2510)","(780, 710)"
"(136, 1890)","(590, 910)"
"(58, 1990)","(610, 880)"
"(298, 1800)","(600, 900)"
"(217, 2410)","(830, 670)"
"(364, 1890)","(680, 820)"
"(52, 1420)","(300, 1200)"
"(334, 2010)","(720, 770)"
"(52, 1590)","(380, 1120)"
"(37, 2030)","(620, 870)"
"(175, 1790)","(550, 950)"
"(4, 2130)","(650, 840)"
"(43, 2100)","(650, 840)"
"(190, 2540)","(850, 640)"
"(247, 1440)","(300, 1190)"
"(250, 1520)","(380, 1120)"
"(238, 1520)","(370, 1110)"
"(361, 1540)","(430, 1060)"
"(265, 2530)","(830, 580)"
"(337, 1900)","(670, 830)"
"(91, 1440)","(300, 1200)"
"(319, 1810)","(610, 880)"
"(49, 2020)","(620, 870)"
"(223, 1530)","(380, 1120)"
"(385, 1420)","(320, 1180)"
"(169, 2380)","(800, 700)"
"(337, 1890)","(660, 830)"
"(10, 1910)","(560, 940)"
"(130, 1590)","(400, 1100)"
"(358, 2040)","(750, 750)"
"(226, 2470)","(850, 650)"
"(364, 1620)","(500, 1000)"
"(271, 1660)","(490, 990)"
"(307, 2440)","(850, 610)"
"(19, 1980)","(590, 890)"
"(280, 2350)","(830, 660)"
"(97, 1910)","(580, 900)"
"(28, 2130)","(660, 830)"
"(1, 1790)","(490, 1000)"
"(76, 1630)","(410, 1070)"
"(232, 1830)","(590, 910)"
"(148, 2530)","(840, 660)"
"(130, 2070)","(670, 820)"
"(376, 2110)","(790, 710)"
"(226, 2450)","(840, 660)"
"(178, 1770)","(530, 950)"
"(28, 2040)","(620, 870)"
"(295, 2320)","(830, 670)"
"(346, 1750)","(580, 900)"
"(115, 2160)","(700, 790)"
"(82, 2220)","(710, 780)"
"(64, 1500)","(310, 1180)"
"(64, 1740)","(480, 1010)"
"(346, 2290)","(840, 660)"
"(73, 1420)","(300, 1200)"
"(340, 1510)","(400, 1100)"
"(124, 1420)","(300, 1200)"
"(223, 1840)","(590, 900)"
"(238, 2470)","(830, 630)"
"(328, 1410)","(300, 1200)"
"(37, 1860)","(540, 950)"
"(319, 1900)","(660, 830)"
"(46, 1480)","(300, 1200)"
"(169, 1460)","(300, 1190)"
"(235, 2460)","(850, 650)"
"(280, 1860)","(620, 870)"
"(247, 1470)","(330, 1170)"
"(136, 1490)","(320, 1180)"
"(76, 1700)","(460, 1040)"
"(4, 1860)","(530, 960)"
"(127, 1730)","(490, 990)"
"(325, 1470)","(350, 1140)"
"(385, 1660)","(540, 960)"
"(85, 2450)","(790, 710)"
"(331, 1610)","(480, 1020)"
"(49, 1920)","(570, 910)"
"(157, 2020)","(660, 840)"
"(43, 2510)","(790, 700)"
"(40, 1530)","(330, 1160)"
"(376, 1990)","(730, 760)"
"(85, 2000)","(610, 850)"
"(259, 1680)","(500, 980)"
"(148, 1630)","(430, 1050)"
"(4, 2330)","(730, 770)"
"(85, 1760)","(500, 1000)"
"(373, 1500)","(400, 1100)"
"(28, 2330)","(730, 760)"
"(370, 1490)","(390, 1110)"
"(187, 2460)","(830, 670)"
"(160, 2310)","(770, 720)"
"(124, 2520)","(820, 670)"
"(211, 1490)","(340, 1160)"
"(379, 2230)","(830, 660)"
"(337, 1400)","(300, 1200)"
"(268, 2590)","(850, 570)"
"(76, 2360)","(760, 740)"
"(28, 2100)","(650, 850)"
"(199, 1470)","(320, 1180)"
"(214, 2330)","(800, 700)"
"(61, 2440)","(780, 720)"
"(4, 1830)","(510, 970)"
"(376, 1660)","(530, 950)"
"(355, 1780)","(610, 890)"
"(346, 1900)","(670, 820)"
"(370, 2170)","(810, 690)"
"(40, 1710)","(460, 1040)"
"(385, 1600)","(490, 1000)"
"(34, 1790)","(500, 990)"
"(61, 1560)","(360, 1140)"
"(79, 1610)","(400, 1100)"
"(145, 1530)","(360, 1140)"
"(97, 2500)","(810, 690)"
"(70, 1810)","(520, 960)"
"(31, 2320)","(730, 760)"
"(370, 1650)","(530, 970)"
"(4, 1760)","(480, 1020)"
"(262, 1620)","(460, 1030)"
"(334, 2200)","(800, 690)"
"(166, 1510)","(340, 1140)"
"(244, 2250)","(780, 710)"
"(25, 1670)","(430, 1070)"
"(187, 2210)","(750, 750)"
"(34, 2420)","(760, 730)"
"(16, 1570)","(360, 1140)"
"(373, 1810)","(640, 860)"
"(166, 1920)","(610, 880)"
"(181, 1890)","(600, 890)"
"(88, 2020)","(630, 860)"
"(322, 2090)","(750, 740)"
"(265, 2190)","(770, 730)"
"(238, 1920)","(640, 860)"
"(7, 2540)","(790, 700)"
"(271, 1780)","(570, 910)"
"(70, 1930)","(590, 910)"
"(58, 2130)","(670, 820)"
"(337, 2520)","(860, 560)"
"(181, 2360)","(800, 700)"
"(325, 1490)","(370, 1120)"
"(166, 2190)","(730, 760)"
"(124, 2600)","(850, 650)"
"(49, 2060)","(640, 860)"
"(250, 2550)","(880, 620)"
"(118, 2450)","(800, 690)"
"(382, 1570)","(470, 1030)"
"(154, 2560)","(850, 650)"
"(250, 2330)","(810, 680)"
"(208, 1940)","(640, 860)"
"(58, 2170)","(690, 810)"
"(280, 2220)","(790, 710)"
"(112, 2050)","(660, 840)"
"(157, 1820)","(560, 940)"
"(208, 2520)","(850, 640)"
"(253, 2320)","(810, 690)"
"(334, 1740)","(570, 920)"
"(1, 1720)","(450, 1040)"
"(166, 1770)","(530, 960)"
"(382, 1920)","(700, 800)"
"(13, 2550)","(800, 700)"
"(121, 1670)","(450, 1030)"
"(34, 2070)","(640, 860)"
"(367, 1760)","(600, 890)"
"(100, 2480)","(800, 690)"
"(244, 2590)","(870, 600)"
"(133, 1500)","(330, 1170)"
"(34, 2140)","(670, 830)"
"(82, 1700)","(460, 1030)"
"(91, 2330)","(750, 740)"
"(112, 1520)","(340, 1160)"
"(319, 2000)","(710, 780)"
"(226, 1690)","(500, 1000)"
"(178, 1510)","(350, 1150)"
"(382, 2260)","(840, 650)"
"(217, 1590)","(420, 1060)"
"(103, 2520)","(820, 680)"
"(358, 2310)","(850, 650)"
"(172, 1890)","(600, 900)"
"(256, 2150)","(750, 750)"
"(115, 1760)","(510, 990)"
"(91, 2270)","(730, 760)"
"(211, 2180)","(740, 750)"
"(40, 2200)","(690, 800)"
"(310, 1420)","(300, 1200)"
"(259, 2100)","(730, 760)"
"(169, 2330)","(780, 710)"
"(331, 1990)","(710, 780)"
"(190, 1440)","(300, 1200)"
"(343, 1800)","(620, 880)"
"(376, 2570)","(940, 560)"
"(253, 1440)","(300, 1190)"
"(109, 1990)","(630, 870)"
"(241, 2480)","(840, 630)"
"(307, 2310)","(830, 670)"
"(304, 2110)","(750, 740)"
"(106, 1450)","(300, 1200)"
"(124, 1440)","(300, 1200)"
"(310, 2040)","(730, 770)"
"(289, 2360)","(840, 660)"
"(196, 1710)","(500, 990)"
"(340, 2480)","(870, 580)"
"(193, 2280)","(770, 720)"
"(4, 1710)","(450, 1050)"
"(178, 1540)","(370, 1110)"
"(388, 1860)","(670, 830)"
"(130, 2050)","(660, 830)"
"(37, 2350)","(740, 750)"
"(163, 1510)","(340, 1140)"
"(40, 2050)","(630, 860)"
"(184, 1690)","(490, 1010)"
"(130, 1760)","(510, 980)"
"(124, 2550)","(830, 660)"
"(268, 2220)","(780, 710)"
"(175, 2220)","(750, 750)"
"(352, 2140)","(790, 710)"
"(355, 1710)","(560, 930)"
"(379, 1570)","(460, 1020)"
"(259, 1700)","(520, 980)"
"(52, 2110)","(660, 830)"
"(97, 2330)","(760, 740)"
"(247, 2290)","(800, 700)"
"(310, 2070)","(740, 760)"
"(205, 1950)","(640, 850)"
"(199, 2560)","(860, 630)"
"(211, 1460)","(310, 1180)"
"(121, 1900)","(590, 910)"
"(379, 1710)","(570, 920)"
"(79, 2420)","(780, 720)"
"(316, 1470)","(350, 1150)"
"(352, 2340)","(860, 640)"
"(106, 2070)","(660, 830)"
"(148, 2240)","(740, 750)"
"(283, 1500)","(370, 1130)"
"(316, 2250)","(810, 680)"
"(103, 2580)","(830, 660)"
"(169, 1760)","(530, 970)"
"(295, 2420)","(860, 640)"
"(187, 1460)","(310, 1190)"
"(202, 1600)","(430, 1070)"
"(211, 2450)","(830, 660)"
"(97, 1770)","(510, 990)"
"(319, 2080)","(750, 750)"
"(202, 2480)","(840, 660)"
"(73, 1520)","(330, 1160)"
"(256, 2490)","(850, 620)"
"(283, 1730)","(550, 950)"
"(79, 1740)","(490, 1010)"
"(73, 2290)","(740, 760)"
"(112, 1620)","(420, 1080)"
"(193, 1510)","(350, 1140)"
"(286, 2260)","(800, 690)"
"(79, 1540)","(350, 1150)"
"(358, 1940)","(700, 800)"
"(217, 2330)","(800, 700)"
"(214, 2530)","(860, 640)"
"(208, 2270)","(780, 720)"
"(73, 2420)","(780, 720)"
"(115, 1850)","(560, 940)"
"(241, 2470)","(820, 620)"
"(202, 2570)","(870, 630)"
"(115, 2480)","(810, 690)"
"(43, 2370)","(750, 740)"
"(361, 2260)","(830, 660)"
"(367, 1990)","(730, 770)"
"(142, 2330)","(770, 720)"
"(223, 1490)","(340, 1150)"
"(130, 2170)","(710, 780)"
"(238, 2210)","(770, 730)"
"(148, 2410)","(800, 700)"
"(19, 1690)","(440, 1060)"
"(397, 2010)","(750, 740)"
"(184, 1480)","(320, 1160)"
"(304, 2070)","(740, 760)"
"(343, 1930)","(690, 810)"
"(307, 1770)","(580, 910)"
"(352, 2410)","(870, 610)"
"(49, 2490)","(790, 710)"
"(328, 1610)","(480, 1020)"
"(310, 2560)","(900, 590)"
"(346, 1680)","(540, 960)"
"(130, 1990)","(640, 860)"
"(280, 2530)","(880, 610)"
"(328, 2520)","(900, 600)"
"(112, 1860)","(560, 920)"
"(13, 1440)","(300, 1200)"
"(274, 2170)","(770, 730)"
"(169, 2060)","(680, 820)"
"(7, 2510)","(780, 710)"
"(277, 1440)","(310, 1190)"
"(277, 1670)","(500, 980)"
"(208, 1450)","(300, 1190)"
"(4, 2580)","(800, 690)"
"(259, 1740)","(540, 940)"
"(163, 1760)","(520, 960)"
"(208, 1690)","(490, 990)"
"(172, 2290)","(770, 730)"
"(370, 1840)","(650, 840)"
"(388, 1560)","(460, 1040)"
"(217, 2290)","(790, 710)"
"(358, 1780)","(610, 890)"
"(244, 2010)","(690, 810)"
"(325, 2190)","(790, 700)"
"(322, 1900)","(660, 830)"
"(10, 2020)","(610, 890)"
"(34, 2370)","(750, 750)"
"(235, 1480)","(340, 1160)"
"(25, 1950)","(580, 910)"
"(367, 1650)","(520, 960)"
"(238, 2590)","(880, 610)"
"(355, 2140)","(790, 710)"
"(136, 2160)","(710, 790)"
"(25, 2500)","(790, 710)"
"(1, 2000)","(600, 900)"
"(79, 1500)","(320, 1180)"
"(19, 1530)","(330, 1170)"
"(328, 2160)","(780, 710)"
"(115, 2240)","(730, 760)"
"(349, 2420)","(880, 610)"
"(373, 1780)","(620, 880)"
"(175, 2560)","(850, 640)"
"(208, 1500)","(350, 1150)"
"(88, 1570)","(370, 1110)"
"(121, 1780)","(520, 970)"
"(367, 2040)","(750, 740)"
"(46, 2580)","(810, 680)"
"(310, 1980)","(700, 800)"
"(343, 2210)","(810, 690)"
"(322, 2410)","(840, 610)"
"(46, 1920)","(570, 910)"
"(256, 1930)","(650, 840)"
"(58, 1580)","(370, 1110)"
"(352, 2080)","(760, 730)"
"(97, 2100)","(670, 820)"
"(127, 1620)","(420, 1070)"
"(22, 1450)","(300, 1200)"
"(73, 2170)","(690, 800)"
"(145, 1940)","(620, 880)"
"(91, 1980)","(620, 880)"
"(58, 2600)","(820, 670)"
"(109, 1750)","(500, 990)"
"(388, 2260)","(850, 650)"
"(76, 2340)","(750, 740)"
"(37, 2410)","(760, 730)"
"(367, 2200)","(820, 680)"
"(193, 1860)","(590, 900)"
"(241, 1660)","(480, 1000)"
"(25, 1930)","(570, 920)"
"(169, 2530)","(840, 650)"
"(88, 2240)","(720, 770)"
"(61, 2560)","(810, 680)"
"(22, 2210)","(690, 810)"
"(136, 1870)","(580, 920)"
"(46, 2540)","(800, 690)"
"(127, 1860)","(570, 930)"
"(223, 1910)","(630, 870)"
"(397, 1610)","(500, 980)"
"(262, 2340)","(820, 680)"
"(4, 2460)","(770, 730)"
"(376, 1600)","(490, 1010)"
"(274, 1450)","(320, 1180)"
"(400, 1560)","(460, 1020)"
"(151, 1940)","(620, 880)"
"(304, 2320)","(830, 660)"
"(382, 2070)","(770, 720)"
"(55, 2560)","(810, 680)"
"(340, 2050)","(740, 750)"
"(46, 2210)","(700, 800)"
"(94, 2010)","(630, 860)"
"(229, 2580)","(840, 590)"
"(136, 2590)","(850, 650)"
"(91, 2390)","(770, 720)"
"(358, 1850)","(650, 840)"
"(19, 2040)","(620, 870)"
"(397, 2170)","(820, 680)"
"(214, 1500)","(350, 1150)"
"(181, 1630)","(440, 1040)"
"(19, 2290)","(720, 780)"
"(7, 2520)","(790, 710)"
"(169, 1540)","(370, 1120)"
"(316, 2360)","(850, 650)"
"(274, 2470)","(850, 620)"
"(157, 2580)","(850, 640)"
"(334, 2040)","(740, 760)"
"(4, 1870)","(540, 960)"
"(10, 2320)","(730, 770)"
"(364, 1810)","(630, 860)"
"(223, 2030)","(690, 810)"
"(361, 2030)","(740, 750)"
"(211, 1960)","(650, 850)"
"(322, 1770)","(590, 910)"
"(190, 1550)","(380, 1100)"
"(49, 2190)","(690, 800)"
"(286, 1530)","(400, 1100)"
"(133, 2470)","(810, 680)"
"(343, 1910)","(680, 820)"
"(259, 2250)","(790, 710)"
"(28, 1650)","(410, 1070)"
"(37, 2450)","(770, 720)"
"(340, 2310)","(830, 640)"
"(232, 2130)","(730, 760)"
"(223, 2050)","(700, 800)"
"(181, 2430)","(820, 680)"
"(94, 1940)","(600, 900)"
"(376, 1580)","(470, 1020)"
"(295, 2540)","(890, 600)"
"(217, 1860)","(600, 890)"
"(373, 2050)","(760, 740)"
"(217, 1580)","(420, 1080)"
"(103, 2440)","(790, 700)"
"(22, 2080)","(640, 860)"
"(313, 1790)","(600, 900)"
"(196, 1420)","(300, 1200)"
"(28, 2160)","(670, 820)"
"(43, 2500)","(790, 700)"
"(244, 2100)","(730, 770)"
"(244, 2200)","(760, 730)"
"(157, 2060)","(680, 820)"
"(259, 2270)","(800, 700)"
"(37, 2310)","(730, 770)"
"(304, 1680)","(520, 970)"
"(76, 1810)","(530, 970)"
"(118, 1560)","(370, 1110)"
"(379, 2050)","(760, 730)"
"(334, 2510)","(900, 600)"
"(118, 1420)","(300, 1200)"
"(211, 2240)","(770, 730)"
"(34, 2460)","(780, 720)"
"(169, 1520)","(350, 1130)"
"(52, 1650)","(420, 1070)"
"(277, 2230)","(790, 710)"
"(205, 1570)","(400, 1080)"
"(235, 2230)","(770, 720)"
"(37, 1650)","(420, 1080)"
"(172, 1880)","(590, 890)"
"(16, 1550)","(340, 1150)"
"(265, 1670)","(500, 1000)"
"(67, 1650)","(420, 1060)"
"(304, 2410)","(850, 630)"
"(301, 1910)","(660, 840)"
"(340, 2260)","(830, 670)"
"(361, 2500)","(900, 580)"
"(382, 1580)","(470, 1010)"
"(307, 1970)","(690, 800)"
"(214, 1920)","(630, 860)"
"(169, 1420)","(300, 1200)"
"(346, 2540)","(910, 580)"
"(109, 1780)","(520, 980)"
"(97, 2440)","(790, 700)"
"(94, 2120)","(680, 820)"
"(184, 2500)","(840, 660)"
"(76, 1840)","(540, 950)"
"(10, 2300)","(720, 780)"
"(64, 1790)","(510, 980)"
"(283, 1970)","(680, 810)"
"(13, 1800)","(500, 990)"
"(61, 2110)","(660, 830)"
"(139, 1850)","(570, 930)"
"(139, 1410)","(300, 1200)"
"(220, 2340)","(800, 690)"
"(190, 2240)","(760, 740)"
"(163, 1730)","(500, 980)"
"(232, 2320)","(800, 690)"
"(259, 2330)","(820, 680)"
"(151, 1790)","(540, 960)"
"(109, 1790)","(520, 960)"
"(73, 1510)","(320, 1170)"
"(355, 2590)","(920, 560)"
"(334, 2270)","(810, 660)"
"(298, 2550)","(850, 570)"
"(109, 2460)","(800, 690)"
"(133, 1990)","(640, 860)"
"(307, 2590)","(910, 590)"
"(277, 2270)","(800, 690)"
"(187, 1590)","(420, 1080)"
"(187, 1910)","(610, 870)"
"(52, 2430)","(770, 720)"
"(196, 1760)","(530, 950)"
"(253, 1790)","(570, 920)"
"(244, 2070)","(710, 780)"
"(334, 2400)","(870, 630)"
"(187, 1860)","(590, 910)"
"(136, 1500)","(330, 1170)"
"(301, 1970)","(690, 810)"
"(82, 2410)","(780, 720)"
"(142, 2380)","(790, 710)"
"(322, 2200)","(800, 700)"
"(283, 1860)","(630, 870)"
"(262, 1760)","(560, 940)"
"(289, 1590)","(450, 1050)"
"(226, 1760)","(540, 940)"
"(343, 1670)","(530, 970)"
"(286, 1710)","(530, 950)"
"(358, 2230)","(820, 670)"
"(160, 2200)","(730, 760)"
"(151, 1840)","(570, 930)"
"(346, 2340)","(840, 630)"
"(61, 1720)","(470, 1030)"
"(295, 2220)","(790, 700)"
"(40, 2310)","(730, 760)"
"(274, 2420)","(850, 650)"
"(49, 1510)","(320, 1180)"
"(364, 2120)","(780, 710)"
"(352, 2480)","(890, 590)"
"(55, 2450)","(780, 720)"
"(385, 1830)","(650, 840)"
"(388, 2230)","(840, 660)"
"(55, 2190)","(690, 800)"
"(109, 1600)","(400, 1090)"
"(367, 2080)","(770, 730)"
"(277, 1750)","(560, 940)"
"(109, 1610)","(410, 1090)"
"(130, 1780)","(520, 960)"
"(232, 2580)","(870, 610)"
"(355, 2010)","(730, 760)"
"(202, 2100)","(710, 790)"
"(337, 1710)","(550, 930)"
"(196, 1990)","(660, 840)"
"(46, 2440)","(770, 720)"
"(379, 2270)","(850, 650)"
"(13, 1520)","(320, 1180)"
"(139, 1710)","(480, 1000)"
"(1, 2190)","(680, 820)"
"(214, 1850)","(590, 900)"
"(70, 1620)","(400, 1080)"
"(274, 1490)","(360, 1140)"
"(283, 1510)","(380, 1120)"
"(100, 1950)","(600, 880)"
"(307, 1920)","(670, 830)"
"(382, 2550)","(910, 550)"
"(130, 2590)","(850, 650)"
"(388, 2080)","(780, 720)"
"(325, 2500)","(860, 580)"
"(367, 1730)","(580, 910)"
"(349, 1520)","(410, 1090)"
"(109, 2160)","(700, 800)"
"(187, 1600)","(420, 1070)"
"(382, 1990)","(730, 760)"
"(346, 2150)","(790, 710)"
"(262, 1920)","(650, 850)"
"(1, 2040)","(610, 870)"
"(157, 1510)","(340, 1150)"
"(82, 1640)","(420, 1070)"
"(136, 1480)","(310, 1180)"
"(49, 1430)","(300, 1200)"
"(199, 2400)","(820, 680)"
"(175, 1500)","(340, 1160)"
"(43, 1900)","(560, 930)"
"(118, 2050)","(660, 840)"
"(43, 1910)","(570, 930)"
"(340, 2580)","(900, 560)"
"(52, 2020)","(620, 870)"
"(364, 1410)","(300, 1200)"
"(160, 2390)","(800, 700)"
"(100, 1440)","(300, 1200)"
"(7, 2420)","(760, 740)"
"(34, 2060)","(620, 840)"
"(205, 2280)","(780, 720)"
"(343, 1540)","(420, 1060)"
"(313, 2210)","(800, 700)"
"(235, 1430)","(300, 1200)"
"(136, 1940)","(610, 880)"
"(79, 1710)","(470, 1030)"
"(364, 2020)","(740, 760)"
"(175, 1590)","(410, 1080)"
"(274, 1700)","(520, 960)"
"(346, 1800)","(620, 880)"
"(271, 1670)","(500, 990)"
"(208, 2310)","(790, 710)"
"(388, 2050)","(770, 730)"
"(46, 1400)","(300, 1200)"
"(7, 1630)","(400, 1100)"
"(163, 1700)","(490, 1010)"
"(391, 1770)","(620, 880)"
"(7, 1680)","(430, 1070)"
"(289, 1660)","(500, 990)"
"(130, 1470)","(300, 1190)"
"(307, 2370)","(850, 650)"
"(307, 1570)","(440, 1060)"
"(277, 2510)","(880, 620)"
"(238, 2410)","(830, 660)"
"(130, 1650)","(440, 1050)"
"(94, 2020)","(640, 860)"
"(1, 2200)","(680, 820)"
"(127, 2330)","(770, 730)"
"(154, 2540)","(840, 660)"
"(376, 2010)","(740, 750)"
"(157, 2440)","(810, 680)"
"(145, 2140)","(700, 790)"
"(163, 1830)","(560, 920)"
"(160, 2020)","(660, 840)"
"(202, 2370)","(810, 690)"
"(388, 2020)","(750, 740)"
"(64, 2390)","(770, 730)"
"(205, 2200)","(750, 750)"
"(136, 1440)","(300, 1200)"
"(331, 2140)","(780, 720)"
"(283, 2290)","(810, 680)"
"(163, 2070)","(680, 810)"
"(187, 1980)","(650, 850)"
"(151, 1590)","(400, 1080)"
"(133, 2460)","(810, 690)"
"(367, 1510)","(410, 1090)"
"(52, 1500)","(310, 1190)"
"(106, 1400)","(300, 1200)"
"(187, 2490)","(840, 660)"
"(76, 2410)","(780, 720)"
"(109, 1720)","(480, 1010)"
"(118, 1910)","(590, 900)"
"(241, 2360)","(820, 680)"
"(283, 1710)","(530, 950)"
"(7, 1940)","(570, 920)"
"(139, 2010)","(650, 850)"
"(91, 1710)","(470, 1020)"
"(238, 1550)","(400, 1100)"
"(217, 2180)","(750, 750)"
"(31, 2210)","(690, 800)"
"(19, 2110)","(650, 840)"
"(181, 1590)","(410, 1070)"
"(253, 2040)","(700, 790)"
"(361, 2110)","(780, 720)"
"(211, 2510)","(850, 640)"
"(88, 1510)","(330, 1170)"
"(226, 2240)","(770, 720)"
"(253, 1830)","(600, 900)"
"(331, 1500)","(380, 1100)"
"(286, 2430)","(860, 640)"
"(235, 1460)","(320, 1180)"
"(298, 2600)","(890, 570)"
"(286, 1960)","(680, 820)"
"(178, 1450)","(300, 1200)"
"(313, 2550)","(900, 590)"
"(127, 2100)","(680, 810)"
"(106, 2280)","(740, 750)"
"(34, 2390)","(760, 740)"
"(64, 1590)","(380, 1110)"
"(184, 1400)","(300, 1200)"
"(139, 2300)","(760, 730)"
"(154, 1550)","(370, 1110)"
"(139, 2490)","(820, 680)"
"(64, 1900)","(570, 930)"
"(115, 2010)","(640, 860)"
"(286, 2210)","(790, 710)"
"(196, 2030)","(680, 820)"
"(175, 1820)","(560, 930)"
"(259, 2150)","(750, 740)"
"(64, 1940)","(590, 910)"
"(22, 2560)","(800, 690)"
"(301, 2050)","(730, 770)"
"(265, 1980)","(680, 820)"
"(373, 1760)","(600, 890)"
"(358, 2210)","(820, 680)"
"(181, 1540)","(370, 1110)"
"(148, 1860)","(580, 920)"
"(247, 2490)","(850, 630)"
"(310, 2590)","(900, 580)"
"(112, 2200)","(720, 780)"
"(361, 1570)","(460, 1040)"
"(178, 2120)","(710, 790)"
"(220, 2590)","(870, 610)"
"(79, 2550)","(820, 680)"
"(235, 2020)","(690, 810)"
"(127, 2300)","(760, 740)"
"(256, 1710)","(520, 960)"
"(208, 2030)","(680, 810)"
"(379, 1690)","(560, 940)"
"(325, 1850)","(640, 860)"
"(139, 1910)","(600, 900)"
"(151, 2500)","(830, 670)"
"(130, 1730)","(490, 990)"
"(124, 2420)","(790, 700)"
"(247, 1710)","(520, 970)"
"(76, 2590)","(830, 670)"
"(358, 1860)","(660, 840)"
"(391, 1540)","(440, 1050)"
"(352, 2260)","(830, 660)"
"(49, 1830)","(530, 970)"
"(58, 1550)","(350, 1140)"
"(148, 1450)","(300, 1200)"
"(190, 1410)","(300, 1200)"
"(382, 1710)","(570, 920)"
"(115, 1980)","(620, 860)"
"(97, 1470)","(300, 1200)"
"(355, 1550)","(440, 1060)"
"(301, 2320)","(830, 670)"
"(205, 1520)","(360, 1120)"
"(259, 1630)","(470, 1030)"
"(346, 1830)","(640, 860)"
"(145, 2560)","(840, 650)"
"(202, 1810)","(570, 930)"
"(145, 2190)","(720, 770)"
"(178, 1780)","(540, 950)"
"(244, 1520)","(370, 1110)"
"(148, 2310)","(770, 730)"
"(181, 1920)","(620, 880)"
"(4, 2120)","(650, 850)"
"(22, 1960)","(590, 910)"
"(337, 1510)","(400, 1100)"
"(310, 1970)","(690, 800)"
"(307, 2460)","(880, 620)"
"(34, 2510)","(790, 700)"
"(10, 2030)","(610, 880)"
"(370, 2230)","(830, 670)"
"(43, 1970)","(600, 900)"
"(376, 2060)","(760, 730)"
"(85, 1860)","(550, 930)"
"(298, 2470)","(870, 620)"
"(160, 1860)","(580, 920)"
"(268, 1450)","(320, 1180)"
"(184, 1630)","(440, 1040)"
"(295, 2140)","(760, 730)"
"(223, 1820)","(580, 920)"
"(358, 1540)","(430, 1070)"
"(202, 1670)","(480, 1020)"
"(52, 2350)","(750, 750)"
"(208, 1530)","(370, 1110)"
"(169, 1660)","(460, 1030)"
"(106, 2030)","(650, 850)"
"(322, 1930)","(680, 820)"
"(325, 2240)","(810, 680)"
"(133, 1420)","(300, 1200)"
"(343, 2510)","(900, 590)"
"(190, 2500)","(840, 650)"
"(328, 1480)","(360, 1120)"
"(169, 2240)","(750, 740)"
"(52, 2190)","(690, 800)"
"(229, 2530)","(850, 620)"
"(241, 2210)","(770, 730)"
"(337, 1610)","(480, 1010)"
"(190, 2520)","(820, 630)"
"(226, 1480)","(330, 1150)"
"(172, 2220)","(740, 750)"
"(358, 1560)","(450, 1050)"
"(253, 1940)","(660, 840)"
"(106, 1740)","(490, 990)"
"(58, 1420)","(300, 1200)"
"(271, 1650)","(490, 1010)"
"(148, 2060)","(670, 820)"
"(319, 1460)","(340, 1150)"
"(145, 2570)","(830, 640)"
"(187, 2510)","(840, 650)"
"(187, 2520)","(850, 650)"
"(376, 2200)","(820, 680)"
"(4, 2100)","(640, 850)"
"(124, 1410)","(300, 1200)"
"(52, 2040)","(630, 860)"
"(349, 1640)","(510, 990)"
"(103, 2320)","(760, 740)"
"(364, 2590)","(910, 550)"
"(244, 2060)","(710, 790)"
"(358, 1690)","(550, 950)"
"(34, 1610)","(390, 1110)"
"(16, 2250)","(700, 790)"
"(31, 1580)","(370, 1130)"
"(295, 2260)","(810, 690)"
"(127, 1750)","(510, 990)"
"(358, 2020)","(740, 760)"
"(67, 2260)","(720, 770)"
"(100, 1970)","(610, 870)"
"(10, 1790)","(490, 990)"
"(121, 1720)","(490, 1010)"
"(328, 2500)","(890, 600)"
"(181, 1970)","(640, 850)"
"(112, 2370)","(770, 720)"
"(235, 2090)","(720, 780)"
"(391, 1420)","(320, 1180)"
"(25, 1650)","(410, 1070)"
"(247, 2000)","(680, 810)"
"(313, 2130)","(770, 730)"
"(217, 2240)","(770, 730)"
"(82, 1980)","(610, 880)"
"(337, 1810)","(620, 880)"
"(247, 2050)","(710, 790)"
"(277, 1490)","(360, 1140)"
"(79, 1880)","(560, 920)"
"(223, 1750)","(540, 960)"
"(250, 2440)","(850, 650)"
"(223, 1890)","(620, 880)"
"(301, 1480)","(360, 1140)"
"(247, 2500)","(830, 610)"
"(199, 2110)","(710, 780)"
"(274, 1430)","(300, 1200)"
"(205, 2190)","(750, 750)"
"(256, 1420)","(300, 1200)"
"(40, 2440)","(770, 720)"
"(274, 1860)","(620, 870)"
"(109, 2110)","(680, 820)"
"(349, 1850)","(650, 850)"
"(250, 2140)","(740, 750)"
"(25, 2600)","(810, 680)"
"(274, 2160)","(760, 730)"
"(295, 1840)","(620, 880)"
"(127, 2380)","(780, 710)"
"(277, 2400)","(850, 650)"
"(346, 1670)","(530, 960)"
"(172, 2430)","(810, 680)"
"(208, 2290)","(780, 710)"
"(289, 2320)","(820, 670)"
"(397, 1690)","(570, 930)"
"(271, 1610)","(460, 1040)"
"(127, 1520)","(340, 1140)"
"(313, 1580)","(450, 1050)"
"(289, 2370)","(840, 650)"
"(127, 2560)","(840, 660)"
"(355, 2560)","(930, 570)"
"(103, 1920)","(590, 900)"
"(244, 1480)","(340, 1160)"
"(139, 1460)","(300, 1200)"
"(28, 1940)","(580, 920)"
"(28, 2290)","(720, 770)"
"(157, 1780)","(530, 950)"
"(103, 1730)","(490, 1010)"
"(157, 2030)","(660, 830)"
"(301, 2290)","(810, 670)"
"(220, 2580)","(870, 620)"
"(31, 1420)","(300, 1200)"
"(127, 2110)","(690, 810)"
"(13, 1640)","(400, 1080)"
"(247, 1950)","(660, 840)"
"(34, 2230)","(700, 790)"
"(349, 2330)","(850, 640)"
"(400, 1930)","(710, 780)"
"(322, 1880)","(650, 840)"
"(4, 2180)","(670, 820)"
"(328, 2360)","(840, 630)"
"(136, 2280)","(750, 740)"
"(13, 1930)","(570, 930)"
"(217, 1690)","(500, 1000)"
"(4, 2390)","(750, 750)"
"(229, 2560)","(840, 600)"
"(385, 1470)","(370, 1120)"
"(295, 1860)","(630, 870)"
"(67, 1910)","(570, 910)"
"(58, 2550)","(810, 690)"
"(142, 1560)","(380, 1120)"
"(178, 1910)","(610, 880)"
"(364, 1820)","(640, 860)"
"(52, 2100)","(660, 840)"
"(7, 1660)","(420, 1080)"
"(304, 2390)","(850, 640)"
"(61, 2390)","(760, 730)"
"(172, 2420)","(810, 680)"
"(370, 2210)","(820, 670)"
"(367, 1790)","(620, 880)"
"(295, 2530)","(870, 590)"
"(373, 2200)","(820, 680)"
"(94, 2170)","(700, 800)"
"(400, 1730)","(600, 900)"
"(355, 1980)","(720, 780)"
"(19, 1590)","(370, 1120)"
"(247, 2070)","(710, 780)"
"(166, 1740)","(510, 980)"
"(313, 2430)","(860, 620)"
"(172, 1550)","(380, 1120)"
"(292, 1480)","(350, 1140)"
"(163, 1720)","(500, 1000)"
"(151, 2410)","(800, 690)"
"(97, 2410)","(780, 710)"
"(172, 1400)","(300, 1200)"
"(316, 2330)","(840, 660)"
"(244, 2130)","(740, 760)"
"(175, 2140)","(720, 780)"
"(85, 1840)","(540, 940)"
"(217, 1620)","(450, 1050)"
"(64, 1950)","(590, 890)"
"(112, 2010)","(640, 860)"
"(352, 2210)","(810, 680)"
"(352, 1860)","(650, 840)"
"(19, 2280)","(710, 780)"
"(67, 2130)","(670, 820)"
"(202, 1550)","(390, 1110)"
"(277, 2490)","(860, 620)"
"(295, 2480)","(870, 620)"
"(109, 1410)","(300, 1200)"
"(91, 2420)","(780, 710)"
"(34, 2100)","(650, 840)"
"(31, 2520)","(790, 700)"
"(187, 2040)","(680, 820)"
"(163, 2460)","(820, 680)"
"(193, 1490)","(330, 1150)"
"(235, 2390)","(830, 670)"
"(19, 1880)","(550, 950)"
"(208, 2100)","(710, 780)"
"(115, 1670)","(450, 1040)"
"(202, 2550)","(850, 630)"
"(367, 1840)","(650, 850)"
"(214, 1650)","(470, 1030)"
"(310, 2340)","(840, 660)"
"(241, 2460)","(830, 630)"
"(151, 1580)","(400, 1100)"
"(262, 2190)","(770, 730)"
"(397, 2040)","(760, 730)"
"(184, 2440)","(820, 670)"
"(334, 2580)","(920, 580)"
"(148, 1960)","(630, 870)"
"(22, 1880)","(550, 950)"
"(376, 1770)","(610, 880)"
"(142, 2550)","(840, 660)"
"(325, 1600)","(470, 1030)"
"(43, 2190)","(690, 810)"
"(307, 2500)","(870, 600)"
"(190, 1620)","(440, 1060)"
"(13, 2570)","(800, 690)"
"(325, 1940)","(690, 810)"
"(370, 1970)","(720, 780)"
"(49, 1480)","(300, 1200)"
"(289, 1460)","(330, 1160)"
"(232, 1630)","(460, 1040)"
"(139, 1480)","(310, 1180)"
"(49, 1800)","(510, 980)"
"(37, 1830)","(520, 960)"
"(46, 1670)","(430, 1060)"
"(100, 1940)","(600, 890)"
"(112, 1830)","(550, 950)"
"(103, 2130)","(690, 810)"
"(85, 2360)","(760, 730)"
"(388, 2090)","(780, 710)"
"(244, 2160)","(750, 750)"
"(154, 2410)","(800, 690)"
"(244, 1800)","(580, 920)"
"(52, 1610)","(390, 1090)"
"(10, 2230)","(690, 800)"
"(271, 2310)","(810, 680)"
"(367, 2350)","(870, 630)"
"(103, 1620)","(410, 1070)"
"(109, 1420)","(300, 1200)"
"(133, 2300)","(760, 740)"
"(40, 1910)","(570, 930)"
"(37, 1630)","(400, 1080)"
"(1, 1860)","(530, 960)"
"(184, 2200)","(740, 750)"
"(181, 1620)","(440, 1060)"
"(22, 1510)","(310, 1180)"
"(58, 2070)","(650, 850)"
"(70, 2100)","(660, 830)"
"(229, 2140)","(740, 760)"
"(343, 1630)","(500, 1000)"
"(211, 2270)","(780, 720)"
"(337, 2570)","(910, 580)"
"(130, 1690)","(470, 1030)"
"(274, 2040)","(710, 780)"
"(19, 1920)","(570, 930)"
"(100, 1770)","(510, 990)"
"(205, 2180)","(740, 750)"
"(337, 2220)","(810, 690)"
"(286, 1550)","(410, 1070)"
"(376, 1420)","(320, 1180)"
"(130, 1430)","(300, 1200)"
"(292, 2300)","(820, 680)"
"(322, 2580)","(910, 580)"
"(22, 1400)","(300, 1200)"
"(325, 1980)","(710, 790)"
"(166, 1950)","(630, 870)"
"(187, 1880)","(600, 890)"
"(193, 1840)","(580, 910)"
"(394, 1510)","(420, 1080)"
"(202, 1660)","(470, 1020)"
"(118, 1700)","(470, 1020)"
"(295, 2410)","(860, 640)"
"(268, 2000)","(690, 800)"
"(343, 2570)","(910, 570)"
"(301, 1650)","(500, 1000)"
"(163, 2080)","(690, 810)"
"(334, 1470)","(360, 1140)"
"(214, 2090)","(710, 790)"
"(124, 2300)","(760, 740)"
"(157, 1730)","(500, 990)"
"(127, 1450)","(300, 1200)"
"(34, 2590)","(810, 680)"
"(127, 2570)","(840, 660)"
"(382, 2500)","(920, 580)"
"(232, 2280)","(790, 710)"
"(382, 2360)","(880, 620)"
"(64, 2330)","(750, 750)"
"(265, 2060)","(720, 780)"
"(151, 2170)","(720, 780)"
"(241, 2160)","(750, 750)"
"(100, 1710)","(470, 1020)"
"(322, 1520)","(400, 1100)"
"(265, 2110)","(740, 760)"
"(124, 2030)","(650, 840)"
"(373, 2370)","(880, 620)"
"(400, 1440)","(350, 1150)"
"(334, 2210)","(810, 690)"
"(211, 2120)","(720, 770)"
"(52, 1850)","(540, 950)"
"(79, 1400)","(300, 1200)"
"(166, 2240)","(750, 750)"
"(85, 1970)","(610, 880)"
"(310, 2450)","(860, 610)"
"(208, 2460)","(840, 660)"
"(100, 1520)","(340, 1160)"
"(343, 2530)","(900, 580)"
"(79, 1750)","(490, 1000)"
"(361, 2430)","(850, 580)"
"(307, 1780)","(590, 910)"
"(235, 2260)","(780, 710)"
"(253, 2300)","(800, 690)"
"(208, 1870)","(600, 890)"
"(217, 1560)","(400, 1090)"
"(79, 2390)","(770, 730)"
"(352, 2420)","(880, 610)"
"(268, 2140)","(750, 740)"
"(133, 1540)","(360, 1130)"
"(223, 2260)","(780, 720)"
"(307, 1950)","(680, 810)"
"(238, 2330)","(810, 690)"
"(187, 2330)","(790, 710)"
"(115, 2360)","(770, 720)"
"(388, 2400)","(890, 600)"
"(175, 2160)","(720, 770)"
"(220, 2230)","(770, 730)"
"(130, 1660)","(450, 1050)"
"(109, 2510)","(820, 680)"
"(226, 2070)","(710, 790)"
"(262, 1930)","(650, 840)"
"(250, 2320)","(810, 690)"
"(16, 2500)","(780, 710)"
"(289, 2220)","(790, 710)"
"(388, 1640)","(520, 960)"
"(100, 2250)","(730, 770)"
"(358, 2100)","(770, 720)"
"(232, 2370)","(820, 680)"
"(337, 1750)","(580, 910)"
"(79, 2300)","(740, 750)"
"(217, 2580)","(880, 620)"
"(10, 1450)","(300, 1200)"
"(331, 2070)","(750, 750)"
"(85, 1610)","(400, 1090)"
"(400, 1650)","(540, 960)"
"(328, 2070)","(750, 750)"
"(166, 2220)","(740, 750)"
"(169, 2200)","(740, 760)"
"(166, 1820)","(560, 940)"
"(7, 1430)","(300, 1200)"
"(130, 2300)","(760, 740)"
"(232, 2240)","(770, 720)"
"(118, 1980)","(620, 860)"
"(61, 2310)","(740, 760)"
"(250, 2520)","(860, 620)"
"(250, 1870)","(620, 880)"
"(313, 2490)","(890, 610)"
"(61, 1770)","(500, 1000)"
"(361, 1410)","(300, 1200)"
"(247, 2590)","(860, 590)"
"(385, 2170)","(810, 680)"
"(85, 2440)","(790, 710)"
"(229, 1470)","(330, 1170)"
"(43, 1980)","(600, 890)"
"(88, 1800)","(520, 960)"
"(328, 2220)","(810, 690)"
"(259, 2050)","(710, 790)"
"(325, 2160)","(780, 710)"
"(304, 1760)","(570, 910)"
"(7, 1850)","(530, 970)"
"(337, 2590)","(920, 570)"
"(55, 2460)","(780, 710)"
"(355, 1790)","(620, 880)"
"(343, 2230)","(820, 680)"
"(313, 2050)","(730, 760)"
"(319, 2340)","(840, 650)"
"(163, 2590)","(830, 620)"
"(166, 1680)","(470, 1010)"
"(397, 1620)","(510, 980)"
"(91, 2260)","(730, 760)"
"(34, 2110)","(660, 840)"
"(73, 1560)","(360, 1130)"
"(166, 2570)","(850, 640)"
"(16, 1470)","(300, 1200)"
"(262, 1770)","(560, 920)"
"(379, 1860)","(670, 830)"
"(232, 1850)","(600, 890)"
"(133, 1880)","(580, 910)"
"(277, 1500)","(370, 1130)"
"(250, 1880)","(620, 870)"
"(310, 1430)","(310, 1190)"
"(232, 2210)","(760, 730)"
"(151, 2240)","(740, 750)"
"(97, 1970)","(610, 870)"
"(343, 2040)","(740, 760)"
"(118, 1960)","(620, 880)"
"(193, 1800)","(560, 940)"
"(280, 2290)","(810, 680)"
"(289, 1490)","(360, 1130)"
"(49, 1940)","(580, 900)"
"(265, 2460)","(860, 640)"
"(139, 1580)","(390, 1090)"
"(322, 1690)","(530, 950)"
"(13, 1790)","(500, 1000)"
"(193, 2290)","(780, 720)"
"(337, 1860)","(650, 850)"
"(31, 2590)","(810, 680)"
"(61, 1410)","(300, 1200)"
"(346, 2170)","(800, 700)"
"(67, 2590)","(830, 670)"
"(43, 1420)","(300, 1200)"
"(130, 2240)","(740, 760)"
"(64, 2540)","(810, 690)"
"(13, 2160)","(670, 830)"
"(169, 1810)","(550, 930)"
"(190, 2010)","(670, 830)"
"(49, 2530)","(800, 690)"
"(10, 1970)","(590, 910)"
"(337, 2400)","(860, 620)"
"(43, 1670)","(430, 1060)"
"(130, 2490)","(820, 680)"
"(139, 2450)","(810, 690)"
"(133, 1470)","(300, 1190)"
"(22, 2390)","(750, 740)"
"(235, 1850)","(600, 890)"
"(169, 2360)","(790, 700)"
"(328, 2510)","(890, 600)"
"(253, 2570)","(880, 610)"
"(190, 1930)","(630, 870)"
"(205, 1630)","(450, 1040)"
"(193, 1740)","(520, 970)"
"(148, 1830)","(560, 940)"
"(91, 2110)","(670, 820)"
"(295, 1730)","(550, 940)"
"(271, 1740)","(550, 950)"
"(361, 2300)","(850, 650)"
"(73, 2540)","(810, 680)"
"(382, 2480)","(910, 580)"
"(136, 2190)","(720, 770)"
"(205, 1980)","(660, 840)"
"(142, 1990)","(640, 860)"
"(193, 2580)","(840, 610)"
"(370, 2440)","(900, 600)"
"(397, 2110)","(790, 700)"
"(376, 1690)","(560, 940)"
"(34, 1580)","(370, 1130)"
"(295, 1760)","(570, 920)"
"(268, 2350)","(810, 660)"
"(184, 1710)","(500, 1000)"
"(175, 1660)","(460, 1030)"
"(352, 2000)","(730, 770)"
"(352, 2450)","(870, 590)"
"(61, 1530)","(340, 1160)"
"(310, 1670)","(520, 980)"
"(253, 2290)","(800, 700)"
"(109, 1710)","(480, 1020)"
"(178, 1880)","(600, 900)"
"(352, 1680)","(540, 960)"
"(55, 2300)","(730, 760)"
"(43, 2030)","(610, 850)"
"(325, 1700)","(540, 950)"
"(79, 2310)","(740, 750)"
"(157, 2070)","(680, 820)"
"(223, 2590)","(880, 620)"
"(373, 2230)","(830, 670)"
"(391, 2060)","(770, 730)"
"(43, 2280)","(720, 770)"
"(118, 1780)","(520, 970)"
"(22, 2280)","(720, 780)"
"(325, 2200)","(800, 700)"
"(151, 2350)","(780, 710)"
"(121, 2010)","(640, 850)"
"(175, 2570)","(860, 640)"
"(202, 2130)","(720, 770)"
"(34, 2280)","(720, 780)"
"(307, 2150)","(770, 720)"
"(364, 2090)","(770, 720)"
"(268, 2460)","(850, 630)"
"(73, 2360)","(760, 740)"
"(394, 1920)","(710, 790)"
"(304, 2570)","(900, 590)"
"(163, 1420)","(300, 1200)"
"(400, 2100)","(790, 700)"
"(343, 1990)","(720, 780)"
"(376, 1450)","(350, 1150)"
"(238, 2240)","(780, 720)"
"(19, 1930)","(570, 920)"
"(244, 1630)","(460, 1020)"
"(73, 1790)","(510, 980)"
"(226, 2460)","(840, 650)"
"(247, 1560)","(410, 1090)"
"(259, 1500)","(360, 1130)"
"(103, 1410)","(300, 1200)"
"(43, 2320)","(740, 760)"
"(337, 2000)","(720, 780)"
"(310, 1580)","(450, 1050)"
"(79, 2570)","(820, 670)"
"(139, 1820)","(550, 940)"
"(4, 2030)","(610, 880)"
"(178, 1590)","(410, 1080)"
"(112, 2450)","(800, 700)"
"(184, 1850)","(580, 910)"
"(172, 2110)","(700, 790)"
"(13, 2100)","(650, 850)"
"(139, 1420)","(300, 1200)"
"(139, 1970)","(630, 870)"
"(181, 2450)","(820, 670)"
"(163, 1920)","(610, 880)"
"(280, 2150)","(760, 740)"
"(64, 1510)","(320, 1180)"
"(181, 2260)","(760, 730)"
"(37, 1570)","(360, 1130)"
"(307, 2540)","(900, 600)"
"(148, 2400)","(800, 700)"
"(364, 1480)","(380, 1120)"
"(40, 2530)","(800, 700)"
"(274, 2340)","(830, 670)"
"(313, 2510)","(870, 590)"
"(352, 2490)","(900, 590)"
"(190, 1870)","(600, 900)"
"(124, 2230)","(730, 760)"
"(82, 1470)","(300, 1200)"
"(226, 2570)","(870, 620)"
"(97, 2260)","(730, 760)"
"(73, 2510)","(800, 690)"
"(154, 1450)","(300, 1200)"
"(76, 1590)","(380, 1100)"
"(265, 1760)","(560, 940)"
"(142, 2450)","(810, 690)"
"(364, 1990)","(730, 770)"
"(340, 1950)","(700, 800)"
"(247, 1890)","(630, 870)"
"(91, 1810)","(530, 960)"
"(316, 2280)","(820, 670)"
"(367, 1400)","(300, 1200)"
"(361, 1880)","(670, 830)"
"(157, 1640)","(440, 1040)"
"(226, 2290)","(790, 710)"
"(1, 1580)","(360, 1140)"
"(265, 2220)","(780, 720)"
"(10, 2000)","(600, 890)"
"(193, 1580)","(410, 1090)"
"(37, 2470)","(780, 710)"
"(145, 1870)","(580, 910)"
"(103, 1560)","(370, 1130)"
"(292, 2500)","(880, 620)"
"(13, 2520)","(790, 710)"
"(262, 2140)","(750, 750)"
"(157, 1570)","(390, 1100)"
"(280, 1570)","(430, 1070)"
"(7, 1980)","(590, 900)"
"(124, 1610)","(410, 1080)"
"(280, 1540)","(400, 1080)"
"(190, 2040)","(680, 820)"
"(211, 1520)","(370, 1130)"
"(25, 1590)","(370, 1120)"
"(148, 2100)","(690, 810)"
"(208, 1660)","(470, 1020)"
"(355, 1560)","(450, 1050)"
"(253, 1500)","(360, 1140)"
"(85, 1750)","(490, 990)"
"(271, 1890)","(640, 860)"
"(139, 2440)","(810, 690)"
"(217, 2050)","(690, 800)"
"(256, 2440)","(830, 630)"
"(112, 2560)","(830, 660)"
"(226, 2080)","(710, 790)"
"(202, 2420)","(820, 670)"
"(184, 1530)","(370, 1130)"
"(259, 1530)","(390, 1110)"
"(136, 1820)","(550, 950)"
"(55, 1990)","(610, 890)"
"(154, 1560)","(380, 1110)"
"(31, 1780)","(490, 990)"
"(217, 1480)","(330, 1160)"
"(268, 1660)","(490, 990)"
"(118, 2520)","(820, 670)"
"(64, 2600)","(830, 670)"
"(148, 2430)","(810, 690)"
"(358, 1750)","(590, 900)"
"(187, 2270)","(770, 730)"
"(124, 1720)","(490, 1010)"
"(355, 2600)","(930, 570)"
"(388, 2550)","(930, 560)"
"(181, 1930)","(620, 870)"
"(97, 1800)","(530, 970)"
"(301, 2260)","(810, 690)"
"(232, 2260)","(780, 710)"
"(100, 1920)","(590, 900)"
"(97, 2560)","(830, 670)"
"(175, 1440)","(300, 1200)"
"(388, 2440)","(900, 590)"
"(121, 1420)","(300, 1200)"
"(316, 2390)","(860, 640)"
"(400, 2470)","(910, 570)"
"(28, 2340)","(740, 760)"
"(352, 2060)","(750, 740)"
"(130, 2020)","(650, 850)"
"(85, 2530)","(810, 680)"
"(301, 1790)","(590, 900)"
"(259, 2540)","(860, 600)"
"(352, 2240)","(820, 670)"
"(253, 2160)","(750, 740)"
"(1, 2350)","(730, 760)"
"(229, 2120)","(730, 770)"
"(55, 1840)","(540, 960)"
"(205, 2230)","(760, 730)"
"(355, 2000)","(730, 770)"
"(184, 1770)","(540, 960)"
"(118, 2290)","(750, 750)"
"(184, 2590)","(860, 630)"
"(175, 1980)","(650, 850)"
"(46, 1800)","(510, 980)"
"(277, 1420)","(300, 1200)"
"(250, 2050)","(710, 790)"
"(241, 2170)","(750, 740)"
"(4, 1840)","(520, 970)"
"(214, 1470)","(320, 1170)"
"(340, 2120)","(770, 720)"
"(220, 2320)","(800, 700)"
"(388, 1990)","(740, 760)"
"(295, 2230)","(800, 700)"
"(139, 2160)","(710, 790)"
"(16, 1760)","(480, 1020)"
"(259, 2420)","(840, 650)"
"(226, 1840)","(590, 900)"
"(202, 1990)","(660, 830)"
"(196, 1860)","(590, 900)"
"(190, 2060)","(690, 810)"
"(67, 2460)","(790, 710)"
"(1, 2110)","(650, 850)"
"(370, 2310)","(860, 640)"
"(337, 1910)","(680, 820)"
"(169, 1730)","(510, 990)"
"(181, 1500)","(340, 1160)"
"(7, 1560)","(350, 1150)"
"(118, 1920)","(600, 900)"
"(382, 1690)","(560, 940)"
"(196, 1650)","(460, 1030)"
"(43, 2180)","(690, 810)"
"(286, 2060)","(730, 770)"
"(97, 2040)","(650, 850)"
"(340, 2510)","(910, 590)"
"(205, 2250)","(770, 730)"
"(322, 2380)","(860, 640)"
"(61, 1550)","(350, 1140)"
"(112, 1580)","(390, 1110)"
"(235, 2050)","(700, 800)"
"(226, 1650)","(470, 1020)"
"(349, 1480)","(370, 1130)"
"(28, 1820)","(520, 980)"
"(325, 1560)","(440, 1060)"
"(355, 1720)","(570, 930)"
"(31, 2280)","(720, 780)"
"(292, 1990)","(700, 800)"
"(85, 2560)","(820, 670)"
"(61, 2180)","(690, 800)"
"(361, 1780)","(610, 880)"
"(376, 1820)","(640, 850)"
"(31, 1820)","(520, 980)"
"(334, 2230)","(810, 680)"
"(241, 1690)","(500, 980)"
"(178, 1410)","(300, 1200)"
"(169, 2160)","(720, 770)"
"(118, 1750)","(500, 990)"
"(169, 2450)","(820, 680)"
"(82, 1920)","(580, 900)"
"(319, 1850)","(640, 860)"
"(217, 1470)","(320, 1170)"
"(166, 2530)","(810, 630)"
"(193, 1660)","(470, 1030)"
"(181, 2340)","(790, 710)"
"(73, 1720)","(470, 1020)"
"(187, 1520)","(360, 1140)"
"(382, 2440)","(890, 590)"
"(256, 1620)","(460, 1040)"
"(172, 1910)","(610, 880)"
"(112, 2160)","(700, 790)"
"(352, 1770)","(600, 890)"
"(340, 2400)","(870, 620)"
"(163, 2600)","(850, 630)"
"(175, 1640)","(450, 1050)"
"(172, 2240)","(750, 740)"
"(112, 1490)","(310, 1170)"
"(217, 2270)","(780, 720)"
"(139, 2150)","(710, 790)"
"(277, 2060)","(720, 770)"
"(112, 2210)","(720, 780)"
"(187, 1890)","(600, 880)"
"(76, 1740)","(480, 1000)"
"(367, 2150)","(800, 700)"
"(97, 1660)","(440, 1060)"
"(25, 1740)","(470, 1020)"
"(13, 1890)","(550, 950)"
"(244, 1450)","(310, 1190)"
"(100, 2490)","(810, 690)"
"(334, 1580)","(460, 1040)"
"(382, 2230)","(830, 660)"
"(334, 1520)","(400, 1080)"
"(373, 1580)","(470, 1020)"
"(229, 1790)","(560, 920)"
"(127, 2200)","(720, 770)"
"(55, 1700)","(450, 1030)"
"(151, 2330)","(780, 720)"
"(226, 2550)","(860, 620)"
"(397, 1440)","(340, 1140)"
"(73, 2050)","(640, 850)"
"(247, 2520)","(870, 630)"
"(10, 1630)","(400, 1100)"
"(154, 1750)","(510, 970)"
"(298, 1840)","(620, 870)"
"(319, 2020)","(720, 770)"
"(25, 1560)","(350, 1140)"
"(133, 1770)","(520, 970)"
"(283, 1600)","(450, 1030)"
"(181, 1520)","(360, 1140)"
"(37, 1450)","(300, 1200)"
"(10, 2150)","(660, 830)"
"(166, 1640)","(450, 1050)"
"(283, 2170)","(770, 730)"
"(355, 2130)","(780, 710)"
"(343, 2350)","(860, 640)"
"(364, 1760)","(600, 900)"
"(289, 1850)","(620, 870)"
"(292, 1410)","(300, 1200)"
"(232, 1460)","(320, 1180)"
"(310, 2090)","(750, 750)"
"(346, 1430)","(320, 1180)"
"(253, 2390)","(810, 650)"
"(394, 1980)","(740, 760)"
"(361, 1470)","(360, 1120)"
"(178, 1650)","(460, 1040)"
"(310, 1540)","(410, 1080)"
"(283, 2380)","(840, 650)"
"(385, 2120)","(790, 700)"
"(46, 1520)","(320, 1160)"
"(82, 1560)","(360, 1120)"
"(199, 1450)","(300, 1200)"
"(97, 1510)","(330, 1170)"
"(16, 2370)","(740, 750)"
"(262, 1420)","(300, 1200)"
"(124, 2350)","(770, 720)"
"(229, 2310)","(800, 700)"
"(265, 1850)","(610, 880)"
"(130, 1610)","(410, 1070)"
"(16, 2020)","(610, 880)"
"(346, 2460)","(890, 600)"
"(157, 2460)","(820, 680)"
"(187, 2150)","(720, 770)"
"(46, 2470)","(780, 710)"
"(373, 1650)","(530, 970)"
"(331, 2480)","(880, 600)"
"(160, 1980)","(640, 850)"
"(271, 2150)","(760, 740)"
"(142, 2440)","(810, 690)"
"(172, 1470)","(310, 1180)"
"(289, 2030)","(710, 780)"
"(124, 1930)","(600, 890)"
"(91, 2530)","(810, 680)"
"(229, 2230)","(770, 730)"
"(16, 2390)","(750, 750)"
"(265, 1510)","(370, 1120)"
"(181, 2470)","(830, 670)"
"(169, 2260)","(760, 740)"
"(355, 2270)","(830, 660)"
"(94, 1750)","(500, 1000)"
"(148, 2030)","(660, 840)"
"(154, 2000)","(650, 850)"
"(193, 2590)","(870, 630)"
"(292, 1900)","(650, 840)"
"(286, 2540)","(850, 580)"
"(97, 2010)","(630, 860)"
"(331, 2430)","(880, 620)"
"(328, 1910)","(670, 820)"
"(43, 2380)","(760, 740)"
"(94, 2100)","(670, 820)"
"(190, 2080)","(700, 800)"
"(118, 2470)","(810, 690)"
"(121, 2340)","(770, 730)"
"(160, 2290)","(770, 730)"
"(388, 2600)","(940, 550)"
"(235, 1630)","(460, 1030)"
"(397, 2570)","(920, 540)"
"(31, 1620)","(390, 1090)"
"(328, 2140)","(780, 720)"
"(316, 2320)","(840, 660)"
"(166, 1910)","(610, 890)"
"(244, 2110)","(730, 770)"
"(358, 2470)","(900, 590)"
"(103, 1910)","(590, 910)"
"(214, 1880)","(610, 890)"
"(103, 2070)","(660, 830)"
"(316, 2130)","(770, 730)"
"(43, 2130)","(670, 830)"
"(187, 1620)","(440, 1060)"
"(241, 1870)","(620, 880)"
"(292, 2320)","(830, 670)"
"(85, 1550)","(360, 1140)"
"(190, 2490)","(840, 660)"
"(142, 1670)","(460, 1040)"
"(157, 2290)","(760, 730)"
"(289, 2110)","(750, 750)"
"(319, 2060)","(740, 760)"
"(295, 1940)","(670, 820)"
"(100, 2140)","(690, 810)"
"(223, 2220)","(760, 730)"
"(379, 1670)","(540, 940)"
"(13, 2600)","(810, 690)"
"(292, 1940)","(670, 820)"
"(391, 2490)","(890, 560)"
"(82, 2450)","(790, 710)"
"(274, 2210)","(780, 720)"
"(322, 1790)","(600, 890)"
"(142, 1440)","(300, 1200)"
"(259, 1670)","(500, 1000)"
"(139, 2020)","(650, 840)"
"(382, 2090)","(780, 720)"
"(220, 1850)","(600, 900)"
"(19, 1800)","(500, 990)"
"(253, 1980)","(680, 820)"
"(43, 1790)","(500, 980)"
"(385, 1400)","(300, 1200)"
"(160, 1970)","(640, 860)"
"(259, 1930)","(650, 840)"
"(388, 1650)","(530, 960)"
"(310, 1850)","(630, 860)"
"(289, 1560)","(420, 1060)"
"(301, 1450)","(330, 1170)"
"(382, 2280)","(850, 640)"
"(142, 2040)","(660, 830)"
"(193, 1560)","(390, 1090)"
"(382, 1760)","(610, 890)"
"(7, 1840)","(520, 970)"
"(148, 1910)","(600, 890)"
"(175, 1810)","(560, 940)"
"(85, 1960)","(600, 880)"
"(52, 1630)","(410, 1090)"
"(274, 1580)","(430, 1050)"
"(367, 1490)","(390, 1110)"
"(172, 2150)","(720, 780)"
"(265, 2370)","(830, 660)"
"(130, 1710)","(480, 1010)"
"(55, 2280)","(730, 770)"
"(361, 1810)","(630, 870)"
"(19, 2420)","(760, 740)"
"(337, 1930)","(690, 810)"
"(313, 2290)","(820, 670)"
"(304, 1880)","(650, 850)"
"(292, 1420)","(300, 1200)"
"(145, 1560)","(380, 1120)"
"(61, 1840)","(540, 960)"
"(184, 2180)","(730, 760)"
"(217, 2360)","(810, 690)"
"(394, 2350)","(840, 590)"
"(379, 1640)","(520, 970)"
"(298, 2110)","(750, 740)"
"(274, 2140)","(750, 740)"
"(397, 2510)","(930, 560)"
"(325, 1630)","(490, 1000)"
"(205, 2530)","(860, 640)"
"(385, 2020)","(750, 750)"
"(322, 2180)","(790, 710)"
"(106, 2490)","(810, 690)"
"(106, 2180)","(710, 790)"
"(250, 1610)","(450, 1040)"
"(154, 2100)","(690, 800)"
"(19, 1770)","(490, 1010)"
"(208, 2210)","(750, 740)"
"(115, 2020)","(640, 850)"
"(223, 2140)","(730, 760)"
"(289, 1890)","(640, 850)"
"(253, 2020)","(690, 800)"
"(76, 1830)","(540, 960)"
"(40, 1700)","(450, 1050)"
"(397, 2310)","(860, 620)"
"(97, 2320)","(750, 740)"
"(370, 2540)","(930, 570)"
"(46, 1560)","(360, 1140)"
"(244, 1990)","(680, 820)"
"(115, 2080)","(670, 830)"
"(388, 1960)","(720, 770)"
"(211, 1900)","(620, 880)"
"(298, 2390)","(850, 640)"
"(229, 1980)","(670, 830)"
"(100, 2420)","(790, 710)"
"(340, 1490)","(380, 1120)"
"(121, 1540)","(360, 1140)"
"(226, 2520)","(840, 620)"
"(286, 1990)","(690, 800)"
"(103, 1420)","(300, 1200)"
"(118, 2120)","(690, 810)"
"(253, 2520)","(870, 620)"
"(22, 2350)","(740, 760)"
"(28, 2270)","(710, 780)"
"(61, 2060)","(640, 850)"
"(67, 1660)","(430, 1060)"
"(235, 2000)","(680, 820)"
"(259, 2060)","(710, 780)"
"(355, 1700)","(560, 940)"
"(37, 1920)","(570, 920)"
"(337, 1460)","(350, 1150)"
"(187, 1530)","(370, 1130)"
"(100, 2040)","(650, 850)"
"(331, 1580)","(450, 1030)"
"(346, 2410)","(870, 610)"
"(193, 1600)","(420, 1060)"
"(127, 2060)","(670, 830)"
"(199, 2160)","(730, 760)"
"(214, 2140)","(730, 770)"
"(211, 2360)","(810, 690)"
"(268, 2260)","(800, 700)"
"(367, 2100)","(780, 720)"
"(91, 2280)","(740, 760)"
"(49, 1530)","(330, 1150)"
"(103, 2020)","(640, 860)"
"(331, 2210)","(800, 690)"
"(283, 1410)","(300, 1200)"
"(181, 1450)","(300, 1200)"
"(385, 2460)","(900, 580)"
"(67, 2540)","(810, 690)"
"(223, 2190)","(750, 740)"
"(157, 2010)","(650, 840)"
"(193, 2150)","(730, 770)"
"(157, 2140)","(710, 790)"
"(22, 2340)","(740, 760)"
"(259, 2010)","(690, 800)"
"(7, 2440)","(760, 730)"
"(394, 2340)","(880, 620)"
"(46, 1690)","(450, 1050)"
"(115, 2090)","(670, 820)"
"(34, 1620)","(400, 1100)"
"(298, 2170)","(780, 720)"
"(43, 1590)","(380, 1120)"
"(310, 1890)","(650, 840)"
"(172, 1530)","(360, 1120)"
"(46, 2060)","(640, 860)"
"(58, 1810)","(520, 970)"
"(148, 2250)","(750, 750)"
"(256, 1480)","(340, 1150)"
"(154, 2140)","(710, 790)"
"(13, 1510)","(310, 1190)"
"(238, 2300)","(800, 700)"
"(298, 1970)","(690, 810)"
"(367, 1590)","(480, 1020)"
"(229, 2330)","(800, 690)"
"(166, 1710)","(490, 990)"
"(40, 2370)","(750, 740)"
"(112, 2250)","(730, 760)"
"(238, 2020)","(690, 810)"
"(286, 2160)","(770, 730)"
"(82, 1870)","(560, 940)"
"(202, 2040)","(680, 810)"
"(136, 2120)","(690, 800)"
"(253, 2600)","(860, 580)"
"(166, 2300)","(770, 720)"
"(259, 1590)","(440, 1060)"
"(217, 2300)","(790, 710)"
"(373, 2440)","(870, 580)"
"(145, 2350)","(780, 720)"
"(268, 1700)","(520, 970)"
"(100, 1880)","(570, 920)"
"(229, 2170)","(750, 750)"
"(223, 1570)","(410, 1080)"
"(223, 1920)","(630, 860)"
"(391, 2430)","(910, 590)"
"(331, 2100)","(760, 730)"
"(271, 2010)","(700, 800)"
"(289, 1700)","(530, 970)"
"(334, 1400)","(300, 1200)"
"(208, 1960)","(650, 850)"
"(178, 2220)","(750, 750)"
"(235, 2590)","(880, 610)"
"(346, 2560)","(920, 580)"
"(235, 2080)","(710, 780)"
"(343, 1590)","(470, 1030)"
"(73, 1770)","(500, 990)"
"(235, 2400)","(830, 670)"
"(217, 1570)","(410, 1090)"
"(181, 1980)","(650, 850)"
"(382, 2420)","(880, 590)"
"(370, 1870)","(670, 830)"
"(250, 2190)","(760, 730)"
"(394, 1990)","(740, 760)"
"(307, 2070)","(740, 760)"
"(85, 1630)","(420, 1080)"
"(73, 1570)","(370, 1130)"
"(199, 1580)","(410, 1080)"
"(55, 2530)","(800, 690)"
"(382, 2300)","(860, 640)"
"(247, 1460)","(320, 1180)"
"(355, 2540)","(900, 570)"
"(46, 2330)","(740, 760)"
"(142, 2170)","(720, 780)"
"(115, 2570)","(830, 660)"
"(139, 2280)","(750, 740)"
"(259, 1840)","(610, 890)"
"(112, 1940)","(600, 880)"
"(7, 2180)","(670, 820)"
"(283, 1460)","(330, 1170)"
"(247, 1980)","(670, 820)"
"(145, 1970)","(630, 860)"
"(292, 1690)","(520, 970)"
"(283, 1430)","(300, 1200)"
"(358, 2170)","(800, 700)"
"(163, 2270)","(760, 740)"
"(400, 2490)","(870, 540)"
"(16, 2280)","(710, 780)"
"(223, 1430)","(300, 1200)"
"(103, 2510)","(810, 680)"
"(136, 1970)","(630, 870)"
"(268, 2540)","(860, 600)"
"(232, 1510)","(360, 1130)"
"(328, 2010)","(720, 780)"
"(130, 1860)","(570, 930)"
"(190, 2370)","(800, 690)"
"(286, 2120)","(750, 750)"
"(313, 2410)","(850, 620)"
"(244, 1470)","(330, 1170)"
"(106, 2100)","(680, 820)"
"(397, 1570)","(470, 1020)"
"(58, 2210)","(700, 790)"
"(34, 2020)","(620, 880)"
"(67, 2370)","(760, 740)"
"(19, 2400)","(750, 740)"
"(19, 2480)","(780, 720)"
"(343, 2600)","(930, 570)"
"(148, 1550)","(370, 1110)"
"(349, 2170)","(800, 700)"
"(157, 2330)","(780, 720)"
"(139, 1890)","(590, 910)"
"(331, 1820)","(620, 870)"
"(124, 2370)","(780, 720)"
"(322, 1940)","(680, 810)"
"(265, 2030)","(700, 790)"
"(319, 2170)","(780, 710)"
"(124, 1740)","(500, 1000)"
"(271, 2210)","(780, 720)"
"(361, 1670)","(540, 960)"
"(160, 2410)","(800, 690)"
"(10, 1600)","(380, 1120)"
"(397, 2590)","(950, 550)"
"(46, 1600)","(380, 1100)"
"(91, 1650)","(430, 1060)"
"(76, 2550)","(820, 680)"
"(262, 1460)","(320, 1160)"
"(145, 2440)","(810, 690)"
"(199, 2150)","(730, 770)"
"(76, 2140)","(680, 810)"
"(397, 1640)","(530, 970)"
"(73, 1960)","(600, 890)"
"(55, 2310)","(740, 760)"
"(133, 2480)","(820, 680)"
"(67, 1700)","(460, 1040)"
"(220, 1680)","(490, 1000)"
"(394, 1970)","(730, 770)"
"(28, 2030)","(620, 880)"
"(277, 2360)","(830, 660)"
"(286, 1850)","(620, 870)"
"(280, 1960)","(680, 820)"
"(13, 1990)","(600, 900)"
"(67, 2440)","(780, 710)"
"(109, 1490)","(310, 1170)"
"(289, 1940)","(670, 830)"
"(82, 2300)","(740, 750)"
"(292, 2170)","(770, 720)"
"(103, 2480)","(810, 690)"
"(367, 1870)","(670, 830)"
"(19, 1550)","(340, 1150)"
"(370, 1430)","(320, 1160)"
"(136, 1850)","(570, 930)"
"(337, 2360)","(860, 640)"
"(157, 2350)","(780, 710)"
"(172, 2520)","(840, 650)"
"(397, 2060)","(770, 720)"
"(400, 2030)","(760, 730)"
"(10, 2420)","(760, 740)"
"(52, 2360)","(750, 740)"
"(280, 1910)","(650, 840)"
"(214, 2440)","(830, 660)"
"(343, 2260)","(830, 670)"
"(154, 1510)","(340, 1150)"
"(298, 2010)","(710, 790)"
"(28, 1730)","(460, 1020)"
"(22, 2180)","(680, 820)"
"(94, 2300)","(750, 750)"
"(154, 2330)","(780, 720)"
"(61, 2010)","(620, 870)"
"(358, 1620)","(500, 1000)"
"(211, 1920)","(630, 870)"
"(292, 2470)","(860, 620)"
"(388, 2280)","(850, 640)"
"(55, 1720)","(470, 1030)"
"(355, 2450)","(890, 600)"
"(148, 2230)","(740, 760)"
"(199, 2000)","(660, 830)"
"(370, 1880)","(670, 820)"
"(181, 2050)","(680, 820)"
"(271, 2600)","(890, 590)"
"(100, 1550)","(360, 1130)"
"(187, 1790)","(550, 950)"
"(352, 1880)","(670, 830)"
"(340, 1400)","(300, 1200)"
"(250, 2470)","(860, 640)"
"(13, 1920)","(560, 920)"
"(334, 1730)","(570, 930)"
"(232, 2540)","(870, 630)"
"(88, 1910)","(580, 910)"
"(352, 2530)","(890, 570)"
"(82, 2010)","(630, 870)"
"(154, 1730)","(500, 990)"
"(112, 2220)","(720, 770)"
"(334, 1810)","(620, 880)"
"(10, 2350)","(740, 760)"
"(385, 1680)","(550, 940)"
"(31, 2070)","(640, 860)"
"(178, 2270)","(770, 730)"
"(298, 1530)","(400, 1100)"
"(259, 2430)","(850, 650)"
"(298, 1980)","(690, 800)"
"(37, 1790)","(500, 990)"
"(175, 2260)","(760, 740)"
"(235, 1880)","(620, 880)"
"(175, 1680)","(480, 1020)"
"(250, 1780)","(570, 930)"
"(334, 2090)","(760, 740)"
"(1, 2560)","(790, 700)"
"(394, 2230)","(840, 660)"
"(169, 2490)","(830, 660)"
"(226, 2350)","(810, 690)"
"(109, 2210)","(720, 780)"
"(241, 1910)","(640, 860)"
"(43, 2460)","(780, 720)"
"(52, 2480)","(790, 710)"
"(148, 1590)","(400, 1080)"
"(268, 2370)","(830, 660)"
"(316, 1510)","(390, 1110)"
"(46, 1770)","(490, 990)"
"(256, 1550)","(400, 1080)"
"(253, 2150)","(750, 750)"
"(112, 2030)","(650, 850)"
"(106, 2160)","(700, 800)"
"(88, 2500)","(810, 690)"
"(244, 2330)","(810, 690)"
"(265, 1540)","(400, 1100)"
"(166, 1420)","(300, 1200)"
"(136, 1740)","(500, 990)"
"(340, 2100)","(760, 730)"
"(259, 2340)","(820, 680)"
"(244, 2500)","(870, 630)"
"(313, 2300)","(830, 670)"
"(178, 1490)","(330, 1170)"
"(4, 2500)","(780, 720)"
"(106, 1710)","(470, 1010)"
"(289, 2530)","(840, 580)"
"(199, 1970)","(650, 850)"
"(397, 1600)","(500, 1000)"
"(259, 1430)","(300, 1200)"
"(373, 1940)","(710, 790)"
"(208, 2480)","(840, 650)"
"(157, 1470)","(310, 1190)"
"(100, 1720)","(480, 1020)"
"(37, 2430)","(770, 730)"
"(355, 1830)","(640, 860)"
"(79, 2250)","(720, 770)"
"(85, 2320)","(750, 750)"
"(283, 1870)","(630, 860)"
"(175, 1930)","(620, 870)"
"(271, 1430)","(300, 1200)"
"(163, 2160)","(720, 780)"
"(367, 2220)","(820, 670)"
"(148, 1680)","(470, 1030)"
"(70, 1680)","(450, 1050)"
"(211, 2070)","(700, 800)"
"(265, 1730)","(540, 950)"
"(220, 1980)","(660, 830)"
"(199, 2050)","(690, 810)"
"(196, 2400)","(810, 680)"
"(394, 1910)","(700, 800)"
"(10, 2250)","(700, 790)"
"(58, 2390)","(760, 730)"
"(91, 2030)","(640, 860)"
"(376, 2040)","(760, 740)"
"(58, 1780)","(500, 990)"
"(76, 1660)","(430, 1050)"
"(34, 1600)","(380, 1110)"
"(112, 1420)","(300, 1200)"
"(316, 1820)","(620, 880)"
"(109, 1590)","(390, 1090)"
"(148, 2070)","(680, 820)"
"(52, 1510)","(320, 1180)"
"(10, 2260)","(700, 790)"
"(193, 2100)","(710, 790)"
"(142, 1570)","(390, 1110)"
"(85, 1920)","(590, 910)"
"(256, 1830)","(600, 900)"
"(265, 1700)","(520, 970)"
"(64, 2450)","(780, 710)"
"(52, 1800)","(510, 980)"
"(139, 2050)","(670, 830)"
"(256, 1590)","(440, 1060)"
"(238, 1890)","(620, 870)"
"(253, 1650)","(480, 1010)"
"(10, 1780)","(490, 1010)"
"(142, 2140)","(700, 790)"
"(19, 2460)","(770, 720)"
"(76, 1420)","(300, 1200)"
"(25, 2220)","(700, 800)"
"(343, 1400)","(300, 1200)"
"(211, 2520)","(840, 630)"
"(388, 1950)","(720, 780)"
"(343, 2150)","(790, 710)"
"(112, 1810)","(540, 960)"
"(247, 1960)","(660, 830)"
"(37, 2080)","(640, 850)"
"(55, 1770)","(500, 1000)"
"(178, 2490)","(830, 660)"
"(97, 2380)","(770, 720)"
"(37, 1440)","(300, 1200)"
"(352, 2300)","(840, 650)"
"(223, 2350)","(810, 690)"
"(70, 1530)","(340, 1160)"
"(298, 1470)","(340, 1140)"
"(223, 1480)","(330, 1150)"
"(178, 2170)","(730, 770)"
"(262, 1570)","(420, 1070)"
"(190, 2600)","(870, 630)"
"(280, 2390)","(840, 650)"
"(58, 2260)","(720, 780)"
"(259, 2310)","(810, 690)"
"(28, 2420)","(760, 730)"
"(142, 2560)","(840, 650)"
"(205, 1450)","(300, 1200)"
"(76, 2350)","(760, 740)"
"(274, 1770)","(570, 930)"
"(163, 2150)","(720, 780)"
"(385, 2560)","(930, 560)"
"(70, 1800)","(520, 980)"
"(343, 1840)","(640, 860)"
"(232, 1930)","(640, 850)"
"(121, 1550)","(370, 1130)"
"(286, 2390)","(850, 650)"
"(394, 1490)","(400, 1100)"
"(334, 2550)","(890, 570)"
"(175, 2180)","(730, 760)"
"(349, 2010)","(730, 770)"
"(334, 2590)","(900, 560)"
"(346, 1470)","(360, 1140)"
"(349, 1530)","(420, 1080)"
"(277, 1580)","(440, 1060)"
"(91, 2170)","(700, 800)"
"(184, 2130)","(710, 780)"
"(16, 2420)","(760, 740)"
"(352, 2440)","(880, 600)"
"(322, 2260)","(820, 680)"
"(238, 1750)","(540, 950)"
"(277, 2140)","(750, 740)"
"(166, 1460)","(300, 1200)"
"(286, 2190)","(780, 720)"
"(205, 1600)","(430, 1070)"
"(331, 2570)","(920, 580)"
"(265, 2280)","(800, 690)"
"(391, 1620)","(510, 980)"
"(397, 2070)","(780, 720)"
"(79, 1460)","(300, 1200)"
"(31, 1450)","(300, 1200)"
"(94, 1810)","(530, 960)"
"(385, 2280)","(850, 640)"
"(376, 2160)","(800, 690)"
"(19, 2120)","(660, 840)"
"(271, 2140)","(750, 740)"
"(13, 1550)","(340, 1160)"
"(142, 1650)","(450, 1050)"
"(124, 1960)","(620, 880)"
"(361, 1860)","(660, 840)"
"(10, 2380)","(740, 750)"
"(196, 1830)","(580, 920)"
"(148, 2480)","(820, 670)"
"(352, 2590)","(900, 550)"
"(331, 1410)","(300, 1200)"
"(133, 1460)","(300, 1200)"
"(322, 1490)","(370, 1120)"
"(346, 2040)","(740, 750)"
"(172, 2120)","(710, 790)"
"(100, 2130)","(690, 810)"
"(397, 1680)","(560, 940)"
"(292, 1820)","(610, 890)"
"(34, 2090)","(650, 850)"
"(64, 2130)","(670, 820)"
"(40, 2010)","(610, 870)"
"(358, 1960)","(710, 790)"
"(61, 1710)","(460, 1030)"
"(292, 1890)","(650, 850)"
"(331, 1570)","(450, 1050)"
"(271, 1720)","(540, 960)"
"(127, 2170)","(710, 790)"
"(346, 1860)","(650, 840)"
"(226, 1430)","(300, 1200)"
"(247, 2440)","(850, 650)"
"(256, 1510)","(370, 1130)"
"(13, 2260)","(710, 790)"
"(250, 1770)","(560, 930)"
"(220, 1480)","(330, 1160)"
"(97, 1440)","(300, 1200)"
"(88, 1460)","(300, 1200)"
"(58, 1450)","(300, 1200)"
"(196, 1700)","(500, 1000)"
"(97, 1450)","(300, 1200)"
"(97, 2570)","(830, 670)"
"(109, 1830)","(550, 950)"
"(211, 1770)","(550, 950)"
"(277, 1890)","(640, 860)"
"(145, 2400)","(800, 700)"
"(379, 2550)","(930, 570)"
"(58, 1840)","(540, 960)"
"(286, 1460)","(330, 1160)"
"(214, 1520)","(370, 1130)"
"(109, 2220)","(720, 770)"
"(190, 2350)","(800, 700)"
"(136, 2320)","(770, 730)"
"(91, 1760)","(500, 990)"
"(169, 2040)","(670, 820)"
"(154, 2240)","(750, 750)"
"(94, 2250)","(730, 770)"
"(79, 2590)","(830, 670)"
"(325, 1710)","(550, 950)"
"(283, 1550)","(410, 1080)"
"(253, 1400)","(300, 1200)"
"(34, 1770)","(490, 1000)"
"(82, 2030)","(640, 860)"
"(85, 2170)","(700, 800)"
"(274, 2240)","(790, 700)"
"(259, 1610)","(450, 1030)"
"(271, 1600)","(450, 1050)"
"(379, 2220)","(830, 670)"
"(184, 1670)","(470, 1020)"
"(367, 1800)","(630, 870)"
"(172, 1620)","(430, 1050)"
"(184, 2410)","(810, 680)"
"(199, 1460)","(310, 1190)"
"(310, 1710)","(540, 940)"
"(349, 1450)","(340, 1160)"
"(304, 1500)","(380, 1120)"
"(160, 2150)","(710, 780)"
"(295, 2310)","(820, 670)"
"(142, 1640)","(440, 1060)"
"(133, 1820)","(550, 950)"
"(40, 2270)","(720, 780)"
"(73, 1990)","(610, 870)"
"(346, 1600)","(480, 1020)"
"(328, 1970)","(700, 790)"
"(385, 2550)","(940, 560)"
"(382, 2180)","(820, 680)"
"(322, 1740)","(570, 930)"
"(163, 1600)","(420, 1080)"
"(328, 1760)","(580, 900)"
"(169, 2180)","(730, 770)"
"(331, 1940)","(690, 810)"
"(100, 1540)","(350, 1130)"
"(7, 2550)","(790, 700)"
"(16, 2120)","(650, 840)"
"(298, 1930)","(670, 830)"
"(328, 2450)","(880, 610)"
"(190, 2450)","(830, 670)"
"(67, 2500)","(800, 700)"
"(223, 2310)","(800, 700)"
"(196, 1560)","(390, 1090)"
"(124, 1550)","(370, 1130)"
"(307, 2230)","(800, 690)"
"(121, 1690)","(470, 1030)"
"(334, 2380)","(860, 630)"
"(55, 1790)","(510, 990)"
"(268, 1820)","(600, 900)"
"(40, 1560)","(350, 1130)"
"(136, 2530)","(830, 670)"
"(100, 1590)","(390, 1100)"
"(373, 2270)","(840, 650)"
"(217, 1870)","(600, 880)"
"(130, 2060)","(670, 830)"
"(334, 2280)","(830, 670)"
"(316, 1690)","(530, 960)"
"(322, 2350)","(850, 640)"
"(316, 2540)","(910, 590)"
"(379, 2240)","(840, 660)"
"(37, 2100)","(650, 840)"
"(10, 1990)","(600, 900)"
"(331, 1510)","(390, 1100)"
"(88, 2180)","(700, 800)"
"(133, 1870)","(580, 920)"
"(31, 1550)","(340, 1140)"
"(43, 2070)","(640, 850)"
"(361, 1730)","(580, 920)"
"(94, 1960)","(610, 890)"
"(103, 2060)","(660, 840)"
"(217, 2150)","(740, 760)"
"(178, 2540)","(850, 650)"
"(325, 2220)","(810, 690)"
"(352, 1580)","(460, 1030)"
"(400, 1860)","(680, 820)"
"(232, 1880)","(620, 880)"
"(274, 2250)","(790, 700)"
"(229, 2480)","(830, 630)"
"(208, 1920)","(630, 870)"
"(13, 1870)","(540, 960)"
"(94, 2290)","(740, 750)"
"(49, 1880)","(550, 930)"
"(361, 1480)","(370, 1110)"
"(154, 2420)","(810, 690)"
"(118, 2070)","(670, 830)"
"(394, 1530)","(430, 1050)"
"(202, 1910)","(620, 870)"
"(10, 2480)","(780, 720)"
"(271, 1910)","(650, 850)"
"(70, 1500)","(310, 1170)"
"(376, 2070)","(770, 730)"
"(124, 2150)","(700, 790)"
"(322, 2430)","(870, 620)"
"(85, 2230)","(720, 780)"
"(181, 2460)","(830, 670)"
"(220, 1540)","(380, 1100)"
"(145, 2490)","(820, 670)"
"(265, 1960)","(670, 830)"
"(214, 1860)","(600, 900)"
"(229, 2240)","(770, 720)"
"(163, 1860)","(580, 910)"
"(277, 2310)","(820, 680)"
"(160, 1480)","(320, 1180)"
"(262, 2280)","(800, 700)"
"(256, 1400)","(300, 1200)"
"(199, 2200)","(750, 750)"
"(148, 1840)","(560, 920)"
"(7, 2270)","(710, 790)"
"(334, 1590)","(460, 1020)"
"(244, 1640)","(470, 1020)"
"(28, 1630)","(400, 1090)"
"(346, 2070)","(750, 740)"
"(394, 2550)","(930, 560)"
"(37, 1740)","(470, 1010)"
"(217, 2140)","(730, 760)"
"(178, 2250)","(760, 740)"
"(64, 1430)","(300, 1200)"
"(46, 2550)","(810, 690)"
"(289, 1970)","(690, 810)"
"(286, 1700)","(530, 970)"
"(178, 1700)","(490, 1000)"
"(157, 1690)","(480, 1020)"
"(352, 1450)","(340, 1160)"
"(253, 2050)","(710, 790)"
"(169, 2320)","(780, 720)"
"(340, 2150)","(790, 710)"
"(148, 1700)","(480, 1010)"
"(214, 1550)","(390, 1100)"
"(247, 1780)","(560, 920)"
"(364, 1650)","(520, 970)"
"(394, 1680)","(560, 940)"
"(43, 1530)","(330, 1160)"
"(190, 2530)","(840, 640)"
"(184, 2240)","(760, 740)"
"(244, 1910)","(640, 860)"
"(16, 2140)","(660, 830)"
"(25, 1980)","(600, 900)"
"(46, 1550)","(350, 1150)"
"(370, 1890)","(680, 820)"
"(349, 1890)","(670, 830)"
"(361, 2470)","(860, 570)"
"(73, 1950)","(600, 900)"
"(190, 2360)","(800, 700)"
"(262, 2040)","(710, 790)"
"(109, 2330)","(760, 730)"
"(175, 1460)","(300, 1190)"
"(364, 1880)","(670, 820)"
"(361, 2100)","(770, 720)"
"(73, 2300)","(740, 760)"
"(376, 2240)","(830, 660)"
"(346, 2280)","(840, 660)"
"(334, 2340)","(840, 640)"
"(97, 2090)","(670, 830)"
"(169, 1490)","(330, 1170)"
"(268, 1930)","(660, 840)"
"(115, 2310)","(760, 740)"
"(40, 1490)","(300, 1200)"
"(157, 1400)","(300, 1200)"
"(157, 1770)","(530, 970)"
"(187, 2320)","(790, 710)"
"(124, 2180)","(710, 780)"
"(169, 1840)","(570, 920)"
"(400, 1590)","(490, 1010)"
"(49, 1690)","(450, 1050)"
"(196, 2320)","(790, 710)"
"(136, 2580)","(830, 640)"
"(118, 1810)","(540, 960)"
"(157, 2280)","(760, 730)"
"(319, 2110)","(760, 740)"
"(400, 1830)","(660, 840)"
"(325, 2520)","(890, 590)"
"(184, 1860)","(590, 910)"
"(25, 2580)","(810, 690)"
"(400, 2460)","(880, 560)"
"(88, 1620)","(410, 1090)"
"(100, 1600)","(400, 1100)"
"(187, 1690)","(490, 1010)"
"(118, 2200)","(720, 780)"
"(31, 2200)","(690, 810)"
"(16, 1670)","(420, 1060)"
"(10, 1890)","(550, 950)"
"(40, 1440)","(300, 1200)"
"(382, 2190)","(820, 680)"
"(52, 2180)","(690, 810)"
"(292, 1850)","(620, 870)"
"(289, 1610)","(460, 1020)"
"(181, 2330)","(790, 710)"
"(76, 2110)","(670, 830)"
"(277, 1540)","(400, 1090)"
"(52, 2560)","(810, 680)"
"(172, 2490)","(830, 660)"
"(229, 1690)","(500, 990)"
"(58, 2310)","(740, 760)"
"(340, 2600)","(910, 560)"
"(382, 2310)","(840, 620)"
"(289, 2440)","(860, 630)"
"(379, 1500)","(400, 1100)"
"(121, 2210)","(720, 770)"
"(154, 1650)","(450, 1050)"
"(115, 2430)","(790, 700)"
"(391, 1960)","(720, 770)"
"(223, 1620)","(450, 1050)"
"(91, 2380)","(770, 720)"
"(157, 1670)","(460, 1020)"
"(322, 1560)","(430, 1050)"
"(178, 2410)","(810, 680)"
"(73, 1780)","(510, 990)"
"(253, 2010)","(690, 810)"
"(130, 1740)","(500, 990)"
"(94, 1630)","(420, 1080)"
"(208, 2230)","(760, 730)"
"(208, 1880)","(610, 890)"
"(169, 1820)","(560, 930)"
"(82, 1690)","(450, 1030)"
"(232, 1410)","(300, 1200)"
"(46, 2150)","(680, 820)"
"(250, 2300)","(800, 690)"
"(121, 1930)","(600, 890)"
"(175, 2040)","(670, 820)"
"(40, 2430)","(770, 730)"
"(133, 2540)","(830, 660)"
"(361, 2490)","(860, 560)"
"(1, 1410)","(300, 1200)"
"(301, 2450)","(860, 620)"
"(40, 1740)","(470, 1010)"
"(130, 2480)","(810, 680)"
"(226, 1420)","(300, 1200)"
"(199, 1660)","(470, 1020)"
"(70, 2020)","(630, 870)"
"(337, 2250)","(820, 670)"
"(325, 2490)","(890, 600)"
"(55, 1600)","(390, 1110)"
"(271, 1400)","(300, 1200)"
"(358, 2530)","(890, 560)"
"(58, 1480)","(300, 1200)"
"(310, 2570)","(900, 590)"
"(148, 1570)","(390, 1110)"
"(109, 1690)","(460, 1030)"
"(208, 2020)","(680, 820)"
"(229, 2430)","(840, 660)"
"(280, 2020)","(700, 790)"
"(46, 2290)","(730, 770)"
"(31, 2010)","(610, 880)"
"(361, 1910)","(690, 810)"
"(1, 2310)","(720, 780)"
"(394, 1450)","(350, 1130)"
"(31, 1520)","(320, 1170)"
"(22, 1970)","(590, 900)"
"(328, 2180)","(790, 700)"
"(10, 1960)","(580, 910)"
"(214, 1910)","(630, 870)"
"(190, 2320)","(790, 710)"
"(259, 2300)","(810, 690)"
"(223, 1980)","(660, 830)"
"(277, 2300)","(810, 680)"
"(148, 2450)","(810, 680)"
"(298, 1820)","(610, 890)"
"(178, 1690)","(480, 1000)"
"(166, 1840)","(570, 920)"
"(136, 2470)","(810, 680)"
"(91, 1680)","(450, 1040)"
"(328, 2150)","(780, 720)"
"(337, 2150)","(780, 710)"
"(274, 1670)","(500, 990)"
"(388, 2430)","(900, 600)"
"(169, 2010)","(660, 840)"
"(196, 1950)","(640, 860)"
"(379, 2100)","(780, 710)"
"(34, 1510)","(310, 1170)"
"(370, 1990)","(730, 770)"
"(358, 1470)","(360, 1130)"
"(202, 2210)","(750, 740)"
"(76, 1870)","(560, 940)"
"(274, 1910)","(650, 850)"
"(100, 2540)","(820, 670)"
"(235, 1770)","(550, 930)"
"(247, 1400)","(300, 1200)"
"(274, 2360)","(830, 660)"
"(148, 2330)","(770, 720)"
"(19, 2060)","(630, 870)"
"(34, 1570)","(360, 1140)"
"(139, 1760)","(520, 980)"
"(250, 2130)","(740, 760)"
"(85, 2120)","(680, 820)"
"(220, 2020)","(680, 810)"
"(187, 1900)","(610, 880)"
"(109, 2240)","(730, 770)"
"(40, 2090)","(650, 850)"
"(94, 2350)","(760, 730)"
"(163, 2000)","(650, 840)"
"(67, 1690)","(450, 1040)"
"(292, 1490)","(360, 1130)"
"(22, 2520)","(790, 710)"
"(241, 2030)","(690, 800)"
"(205, 1680)","(490, 1010)"
"(346, 2060)","(750, 750)"
"(169, 2540)","(850, 650)"
"(184, 2140)","(720, 780)"
"(262, 2320)","(810, 680)"
"(22, 2030)","(620, 880)"
"(103, 1850)","(560, 940)"
"(139, 1990)","(640, 860)"
"(85, 2100)","(670, 830)"
"(379, 1620)","(510, 990)"
"(64, 2310)","(740, 760)"
"(13, 1670)","(420, 1060)"
"(214, 2360)","(810, 690)"
"(376, 2220)","(830, 670)"
"(244, 2030)","(700, 800)"
"(91, 1690)","(460, 1040)"
"(109, 1860)","(560, 930)"
"(325, 1730)","(560, 930)"
"(127, 2530)","(830, 670)"
"(274, 2220)","(780, 710)"
"(121, 2060)","(660, 830)"
"(55, 1470)","(300, 1200)"
"(235, 2430)","(840, 660)"
"(40, 2520)","(800, 700)"
"(94, 1680)","(450, 1040)"
"(295, 2280)","(810, 680)"
"(28, 1680)","(430, 1050)"
"(178, 1720)","(500, 980)"
"(382, 1780)","(620, 880)"
"(190, 1570)","(400, 1090)"
"(292, 1680)","(520, 980)"
"(13, 1810)","(510, 990)"
"(280, 2410)","(850, 640)"
"(199, 2350)","(800, 700)"
"(160, 1720)","(500, 1000)"
"(352, 1430)","(320, 1180)"
"(133, 2210)","(730, 770)"
"(52, 1960)","(590, 890)"
"(61, 2470)","(790, 710)"
"(397, 2190)","(830, 670)"
"(172, 2200)","(740, 760)"
"(400, 1470)","(380, 1120)"
"(238, 1470)","(330, 1170)"
"(196, 2300)","(780, 710)"
"(379, 1450)","(350, 1150)"
"(376, 2140)","(800, 700)"
"(37, 1780)","(500, 1000)"
"(139, 2170)","(710, 780)"
"(256, 2460)","(840, 630)"
"(124, 2590)","(840, 650)"
"(49, 1990)","(610, 890)"
"(46, 2430)","(770, 720)"
"(67, 2050)","(640, 850)"
"(238, 2540)","(850, 610)"
"(271, 1990)","(690, 810)"
"(298, 2130)","(760, 740)"
"(247, 2580)","(880, 610)"
"(142, 1610)","(420, 1080)"
"(346, 2030)","(740, 760)"
"(301, 1890)","(650, 850)"
"(262, 2460)","(850, 630)"
"(373, 1660)","(530, 950)"
"(37, 1410)","(300, 1200)"
"(184, 2350)","(790, 700)"
"(28, 1590)","(370, 1110)"
"(133, 2390)","(790, 710)"
"(97, 1430)","(300, 1200)"
"(190, 2250)","(760, 730)"
"(376, 2430)","(900, 600)"
"(295, 1430)","(300, 1180)"
"(271, 1510)","(370, 1110)"
"(289, 2430)","(850, 630)"
"(181, 1650)","(460, 1040)"
"(139, 2520)","(830, 670)"
"(1, 1730)","(460, 1040)"
"(100, 1760)","(500, 980)"
"(25, 2420)","(760, 730)"
"(184, 1840)","(580, 920)"
"(295, 2400)","(850, 640)"
"(391, 2510)","(920, 570)"
"(322, 1590)","(460, 1040)"
"(256, 2400)","(830, 650)"
"(61, 1960)","(600, 900)"
"(361, 1790)","(620, 880)"
"(49, 1770)","(490, 990)"
"(73, 1430)","(300, 1200)"
"(229, 2370)","(820, 680)"
"(235, 2420)","(840, 660)"
"(148, 1620)","(430, 1070)"
"(202, 2200)","(750, 750)"
"(226, 1730)","(530, 970)"
"(109, 1480)","(300, 1170)"
"(43, 2050)","(630, 860)"
"(139, 1730)","(500, 1000)"
"(379, 2330)","(860, 630)"
"(13, 2050)","(620, 870)"
"(343, 2440)","(880, 610)"
"(133, 2080)","(680, 820)"
"(259, 2580)","(870, 590)"
"(160, 2460)","(820, 680)"
"(205, 2140)","(730, 770)"
"(244, 2210)","(770, 730)"
"(193, 2140)","(720, 770)"
"(175, 1570)","(400, 1100)"
"(19, 2080)","(640, 860)"
"(112, 2300)","(750, 740)"
"(115, 1660)","(440, 1040)"
"(148, 2560)","(830, 640)"
"(298, 2410)","(860, 640)"
"(112, 1890)","(580, 920)"
"(304, 1610)","(470, 1030)"
"(370, 2300)","(840, 630)"
"(310, 1840)","(630, 870)"
"(148, 2470)","(820, 680)"
"(214, 1990)","(670, 830)"
"(286, 1930)","(660, 830)"
"(259, 1770)","(560, 930)"
"(16, 2210)","(690, 810)"
"(217, 1920)","(630, 860)"
"(79, 2580)","(830, 670)"
"(124, 2100)","(680, 810)"
"(124, 2050)","(660, 840)"
"(121, 1530)","(350, 1150)"
"(139, 1830)","(560, 940)"
"(280, 2200)","(780, 720)"
"(262, 2220)","(780, 720)"
"(250, 1900)","(630, 860)"
"(103, 1630)","(420, 1070)"
"(202, 1960)","(650, 850)"
"(142, 2510)","(830, 670)"
"(214, 2380)","(810, 680)"
"(7, 1970)","(590, 910)"
"(187, 2070)","(690, 800)"
"(169, 1740)","(510, 980)"
"(295, 1650)","(500, 1000)"
"(163, 1400)","(300, 1200)"
"(154, 2390)","(800, 700)"
"(337, 1760)","(590, 910)"
"(136, 2440)","(800, 690)"
"(367, 2410)","(890, 610)"
"(100, 1650)","(430, 1050)"
"(43, 2080)","(650, 850)"
"(367, 2300)","(830, 630)"
"(247, 2080)","(720, 780)"
"(268, 1540)","(400, 1100)"
"(136, 2060)","(670, 830)"
"(124, 1590)","(400, 1100)"
"(31, 1770)","(490, 1010)"
"(91, 1640)","(420, 1060)"
"(166, 2090)","(690, 800)"
"(148, 2220)","(740, 760)"
"(316, 1430)","(310, 1190)"
"(118, 1550)","(370, 1130)"
"(319, 2500)","(890, 600)"
"(34, 1720)","(460, 1030)"
"(328, 1570)","(450, 1050)"
"(112, 2590)","(830, 650)"
"(205, 2500)","(850, 650)"
"(139, 2570)","(840, 650)"
"(148, 2180)","(720, 770)"
"(244, 1980)","(670, 820)"
"(67, 2040)","(640, 860)"
"(265, 1650)","(490, 1010)"
"(208, 1850)","(590, 900)"
"(79, 2080)","(660, 840)"
"(328, 1440)","(320, 1170)"
"(358, 2140)","(790, 710)"
"(190, 1400)","(300, 1200)"
"(310, 2550)","(900, 590)"
"(277, 1640)","(480, 1010)"
"(208, 2400)","(820, 680)"
"(121, 1660)","(450, 1050)"
"(262, 1650)","(480, 1000)"
"(202, 1560)","(400, 1100)"
"(199, 2480)","(840, 660)"
"(121, 2360)","(770, 720)"
"(211, 2130)","(720, 770)"
"(1, 1880)","(540, 950)"
"(349, 1960)","(710, 790)"
"(268, 2340)","(820, 670)"
"(166, 1830)","(570, 930)"
"(256, 1980)","(680, 820)"
"(1, 2120)","(650, 850)"
"(205, 1740)","(530, 970)"
"(229, 2500)","(860, 640)"
"(262, 1580)","(430, 1060)"
"(244, 1850)","(600, 880)"
"(127, 2290)","(750, 740)"
"(205, 1880)","(610, 890)"
"(4, 2190)","(680, 820)"
"(202, 2240)","(760, 730)"
"(244, 2020)","(690, 810)"
"(151, 2370)","(790, 710)"
"(388, 1440)","(340, 1150)"
"(358, 2400)","(880, 620)"
"(184, 1800)","(550, 930)"
"(88, 2540)","(820, 680)"
"(292, 2270)","(810, 690)"
"(148, 2570)","(850, 650)"
"(151, 2530)","(830, 660)"
"(19, 1660)","(420, 1080)"
"(352, 2380)","(870, 630)"
"(124, 1430)","(300, 1200)"
"(361, 2460)","(890, 590)"
"(286, 1780)","(580, 920)"
"(322, 1680)","(530, 970)"
"(352, 1500)","(390, 1100)"
"(379, 2090)","(780, 720)"
"(175, 1860)","(580, 900)"
"(205, 1810)","(570, 930)"
"(82, 1540)","(350, 1150)"
"(124, 1460)","(300, 1200)"
"(313, 2500)","(890, 610)"
"(49, 1400)","(300, 1200)"
"(322, 2500)","(860, 580)"
"(94, 2580)","(830, 670)"
"(304, 1470)","(350, 1150)"
"(226, 1910)","(630, 870)"
"(100, 2110)","(680, 820)"
"(40, 2280)","(720, 770)"
"(103, 1770)","(510, 980)"
"(118, 2560)","(820, 650)"
"(4, 1920)","(560, 930)"
"(262, 2440)","(850, 640)"
"(211, 2160)","(740, 760)"
"(127, 2010)","(640, 850)"
"(46, 2510)","(800, 700)"
"(106, 2400)","(780, 710)"
"(397, 2410)","(900, 600)"
"(349, 1760)","(590, 900)"
"(286, 1750)","(560, 930)"
"(358, 1670)","(530, 950)"
"(61, 1740)","(480, 1010)"
"(271, 2180)","(770, 730)"
"(127, 2430)","(800, 700)"
"(298, 1740)","(560, 940)"
"(199, 1800)","(560, 940)"
"(238, 2220)","(770, 730)"
"(76, 2400)","(770, 720)"
"(178, 1800)","(550, 940)"
"(136, 2150)","(710, 790)"
"(199, 2230)","(760, 740)"
"(154, 1850)","(570, 920)"
"(229, 2160)","(740, 750)"
"(292, 1980)","(690, 800)"
"(91, 2340)","(760, 740)"
"(322, 2220)","(800, 690)"
"(130, 1560)","(380, 1120)"
"(208, 2410)","(820, 670)"
"(166, 1800)","(550, 950)"
"(127, 1630)","(430, 1070)"
"(160, 2530)","(840, 660)"
"(31, 1940)","(580, 920)"
"(16, 1530)","(330, 1170)"
"(100, 2220)","(720, 780)"
"(307, 1440)","(320, 1180)"
"(283, 1620)","(470, 1030)"
"(286, 2250)","(800, 700)"
"(55, 2360)","(750, 740)"
"(85, 1940)","(600, 900)"
"(244, 1440)","(300, 1200)"
"(10, 2310)","(720, 770)"
"(334, 1430)","(310, 1170)"
"(229, 2020)","(680, 810)"
"(352, 1780)","(610, 890)"
"(31, 1910)","(560, 920)"
"(109, 1850)","(560, 940)"
"(328, 1470)","(350, 1130)"
"(289, 1450)","(320, 1170)"
"(193, 1770)","(540, 960)"
"(217, 2320)","(800, 700)"
"(262, 1450)","(310, 1170)"
"(124, 2320)","(760, 730)"
"(256, 1460)","(320, 1160)"
"(151, 1460)","(300, 1200)"
"(160, 2490)","(830, 670)"
"(58, 2490)","(790, 700)"
"(16, 2320)","(730, 770)"
"(88, 1790)","(520, 980)"
"(385, 1510)","(410, 1080)"
"(340, 1760)","(590, 910)"
"(325, 2480)","(890, 610)"
"(85, 2310)","(750, 750)"
"(124, 2270)","(750, 750)"
"(145, 2280)","(760, 740)"
"(274, 1870)","(630, 870)"
"(280, 2540)","(860, 590)"
"(172, 2100)","(700, 800)"
"(46, 2530)","(800, 690)"
"(265, 1450)","(320, 1180)"
"(355, 2350)","(830, 610)"
"(142, 1690)","(470, 1020)"
"(88, 1710)","(470, 1030)"
"(259, 2520)","(870, 620)"
"(61, 1980)","(610, 890)"
"(145, 2340)","(780, 720)"
"(280, 2490)","(870, 620)"
"(244, 1780)","(560, 920)"
"(244, 2300)","(800, 700)"
"(199, 1920)","(630, 870)"
"(109, 2480)","(810, 690)"
"(187, 2290)","(780, 720)"
"(334, 2530)","(910, 590)"
"(148, 1870)","(580, 910)"
"(295, 1420)","(300, 1200)"
"(352, 1970)","(710, 780)"
"(136, 1400)","(300, 1200)"
"(223, 1880)","(610, 880)"
"(364, 2400)","(870, 610)"
"(391, 2520)","(930, 570)"
"(217, 1840)","(590, 910)"
"(100, 2080)","(660, 830)"
"(40, 1640)","(410, 1080)"
"(79, 2260)","(730, 770)"
"(127, 1780)","(520, 960)"
"(76, 2190)","(700, 800)"
"(16, 2470)","(770, 720)"
"(334, 2250)","(820, 680)"
"(208, 1980)","(660, 840)"
"(49, 2240)","(710, 790)"
"(337, 1820)","(630, 870)"
"(241, 2510)","(840, 620)"
"(325, 2140)","(770, 720)"
"(169, 1870)","(590, 910)"
"(55, 1690)","(450, 1050)"
"(391, 1930)","(710, 790)"
"(28, 1450)","(300, 1200)"
"(265, 1790)","(580, 920)"
"(31, 1650)","(420, 1080)"
"(154, 1470)","(310, 1190)"
"(154, 1880)","(590, 910)"
"(154, 2030)","(660, 830)"
"(259, 1760)","(560, 940)"
"(148, 2110)","(690, 800)"
"(103, 2540)","(820, 670)"
"(295, 1470)","(340, 1140)"
"(16, 1590)","(370, 1130)"
"(307, 1630)","(490, 1010)"
"(157, 1450)","(300, 1200)"
"(358, 1810)","(630, 870)"
"(220, 2000)","(670, 820)"
"(196, 2420)","(820, 680)"
"(199, 1700)","(500, 1000)"
"(283, 2470)","(870, 630)"
"(106, 1830)","(550, 950)"
"(43, 1620)","(400, 1100)"
"(208, 2590)","(870, 620)"
"(145, 2230)","(740, 760)"
"(283, 1810)","(600, 900)"
"(370, 1800)","(630, 870)"
"(274, 2480)","(870, 630)"
"(94, 2590)","(830, 660)"
"(226, 2590)","(870, 610)"
"(226, 1410)","(300, 1200)"
"(175, 1450)","(300, 1200)"
"(28, 1850)","(530, 960)"
"(214, 2490)","(840, 640)"
"(238, 2010)","(680, 810)"
"(286, 2340)","(830, 670)"
"(331, 1710)","(550, 940)"
"(40, 2490)","(790, 710)"
"(85, 2110)","(670, 820)"
"(127, 1430)","(300, 1200)"
"(310, 1470)","(350, 1150)"
"(319, 2410)","(860, 630)"
"(148, 2170)","(720, 780)"
"(181, 2440)","(820, 670)"
"(244, 1840)","(600, 900)"
"(139, 1490)","(320, 1170)"
"(244, 2140)","(740, 750)"
"(187, 1820)","(570, 930)"
"(76, 2490)","(800, 700)"
"(118, 2270)","(740, 750)"
"(223, 1680)","(490, 1000)"
"(70, 1570)","(370, 1130)"
"(271, 1830)","(600, 890)"
"(373, 1720)","(580, 920)"
"(97, 1860)","(560, 940)"
"(151, 2570)","(850, 650)"
"(304, 1480)","(360, 1140)"
"(103, 2460)","(800, 700)"
"(373, 1750)","(600, 900)"
"(385, 1770)","(620, 880)"
"(289, 2330)","(830, 670)"
"(220, 2200)","(760, 740)"
"(103, 1540)","(350, 1130)"
"(244, 1570)","(420, 1080)"
"(301, 2490)","(870, 600)"
"(334, 1550)","(430, 1070)"
"(319, 1510)","(390, 1110)"
"(361, 1490)","(380, 1100)"
"(160, 2160)","(720, 780)"
"(280, 1480)","(350, 1150)"
"(166, 2400)","(800, 690)"
"(58, 2510)","(800, 700)"
"(136, 1950)","(620, 880)"
"(316, 1800)","(600, 890)"
"(31, 1890)","(550, 930)"
"(154, 2380)","(790, 700)"
"(358, 2130)","(790, 710)"
"(220, 1640)","(460, 1030)"
"(304, 2120)","(760, 740)"
"(322, 2130)","(770, 730)"
"(304, 1960)","(690, 810)"
"(307, 1820)","(610, 880)"
"(283, 2040)","(720, 780)"
"(208, 2570)","(860, 620)"
"(169, 1770)","(530, 960)"
"(175, 1630)","(440, 1050)"
"(274, 2490)","(850, 610)"
"(211, 1470)","(320, 1170)"
"(70, 2420)","(780, 720)"
"(361, 1700)","(560, 940)"
"(208, 2130)","(720, 770)"
"(202, 1510)","(350, 1130)"
"(79, 1520)","(330, 1160)"
"(103, 1480)","(300, 1180)"
"(94, 2280)","(740, 760)"
"(223, 2340)","(810, 690)"
"(292, 1800)","(590, 890)"
"(22, 1480)","(300, 1200)"
"(334, 2470)","(880, 600)"
"(385, 2160)","(810, 690)"
"(172, 2380)","(800, 700)"
"(82, 2270)","(730, 760)"
"(307, 2520)","(890, 610)"
"(217, 2130)","(730, 770)"
"(4, 2080)","(630, 860)"
"(256, 2510)","(860, 620)"
"(139, 2120)","(690, 800)"
"(370, 1690)","(550, 930)"
"(211, 2140)","(730, 770)"
"(283, 2490)","(860, 610)"
"(343, 2190)","(800, 690)"
"(262, 2090)","(730, 770)"
"(256, 2410)","(840, 660)"
"(337, 2180)","(800, 700)"
"(73, 2340)","(750, 740)"
"(52, 1720)","(470, 1030)"
"(313, 2020)","(720, 780)"
"(292, 2000)","(700, 800)"
"(307, 2450)","(870, 620)"
"(391, 1480)","(380, 1100)"
"(313, 1920)","(670, 830)"
"(220, 1440)","(300, 1200)"
"(58, 2180)","(690, 800)"
"(391, 2400)","(860, 580)"
"(313, 1830)","(620, 870)"
"(115, 1990)","(630, 870)"
"(247, 2390)","(830, 670)"
"(37, 1940)","(580, 910)"
"(346, 2590)","(910, 560)"
"(337, 1670)","(530, 970)"
"(130, 1410)","(300, 1200)"
"(103, 1710)","(470, 1010)"
"(4, 1530)","(320, 1160)"
"(211, 2370)","(810, 690)"
"(172, 2570)","(850, 640)"
"(31, 2140)","(670, 830)"
"(178, 2030)","(670, 830)"
"(223, 2600)","(840, 590)"
"(244, 2400)","(830, 660)"
"(16, 2060)","(630, 870)"
"(70, 1880)","(560, 930)"
"(286, 2230)","(790, 700)"
"(226, 2110)","(720, 770)"
"(91, 2040)","(640, 850)"
"(328, 2030)","(730, 770)"
"(31, 1800)","(510, 990)"
"(151, 1950)","(620, 870)"
"(397, 1760)","(610, 880)"
"(79, 2490)","(800, 700)"
"(175, 1840)","(570, 910)"
"(91, 2470)","(800, 700)"
"(325, 2550)","(910, 590)"
"(292, 1920)","(660, 830)"
"(82, 1620)","(410, 1090)"
"(196, 2240)","(760, 730)"
"(322, 2470)","(870, 600)"
"(223, 2040)","(690, 800)"
"(373, 1890)","(680, 820)"
"(337, 2030)","(730, 760)"
"(25, 2530)","(790, 700)"
"(4, 2410)","(750, 740)"
"(250, 1960)","(660, 830)"
"(367, 1910)","(690, 810)"
"(292, 2440)","(850, 620)"
"(346, 2550)","(920, 580)"
"(283, 2250)","(800, 700)"
"(52, 2260)","(720, 780)"
"(367, 1740)","(590, 910)"
"(367, 2470)","(870, 570)"
"(385, 2510)","(920, 570)"
"(283, 1570)","(430, 1070)"
"(13, 2580)","(800, 690)"
"(142, 2250)","(750, 750)"
"(46, 1760)","(490, 1010)"
"(310, 2360)","(850, 650)"
"(304, 2150)","(770, 730)"
"(49, 2570)","(810, 680)"
"(262, 2310)","(810, 690)"
"(7, 1450)","(300, 1200)"
"(97, 1930)","(590, 890)"
"(349, 1740)","(580, 920)"
"(220, 1960)","(650, 840)"
"(118, 2160)","(700, 790)"
"(103, 2290)","(750, 750)"
"(10, 2210)","(690, 810)"
"(88, 1980)","(620, 880)"
"(67, 2250)","(720, 780)"
"(253, 1900)","(640, 860)"
"(271, 2100)","(740, 760)"
"(400, 2060)","(770, 720)"
"(346, 1700)","(550, 940)"
"(160, 1890)","(600, 900)"
"(262, 2590)","(890, 600)"
"(43, 2150)","(670, 820)"
"(142, 1680)","(470, 1030)"
"(175, 2400)","(810, 690)"
"(124, 1710)","(480, 1010)"
"(115, 1880)","(570, 910)"
"(91, 2560)","(820, 670)"
"(199, 1980)","(660, 840)"
"(376, 1460)","(360, 1140)"
"(355, 2330)","(850, 640)"
"(241, 1600)","(440, 1060)"
"(301, 2300)","(820, 670)"
"(367, 2190)","(810, 680)"
"(241, 1630)","(460, 1030)"
"(178, 1840)","(570, 910)"
"(58, 1800)","(510, 970)"
"(307, 1510)","(390, 1110)"
"(118, 2230)","(730, 770)"
"(373, 1600)","(490, 1010)"
"(91, 2130)","(680, 810)"
"(292, 1590)","(450, 1050)"
"(151, 2120)","(700, 800)"
"(85, 1670)","(440, 1050)"
"(94, 2210)","(710, 780)"
"(187, 2120)","(710, 780)"
"(52, 2250)","(710, 780)"
"(301, 1920)","(670, 830)"
"(238, 2420)","(840, 660)"
"(10, 1640)","(400, 1080)"
"(106, 1890)","(580, 920)"
