State,Action
"(316, 1670)","(850, 650)"
"(352, 1770)","(920, 580)"
"(352, 1400)","(710, 780)"
"(229, 1450)","(670, 820)"
"(22, 2290)","(920, 580)"
"(172, 2250)","(970, 520)"
"(379, 1540)","(820, 670)"
"(235, 1400)","(640, 850)"
"(31, 2080)","(860, 630)"
"(61, 2030)","(860, 640)"
"(103, 1560)","(680, 820)"
"(160, 1950)","(880, 620)"
"(16, 2120)","(870, 630)"
"(94, 1690)","(740, 760)"
"(148, 1820)","(820, 670)"
"(373, 2180)","(1060, 440)"
"(145, 2010)","(880, 600)"
"(43, 2450)","(960, 530)"
"(301, 2180)","(1020, 480)"
"(16, 2510)","(970, 530)"
"(211, 1850)","(870, 630)"
"(325, 1870)","(940, 560)"
"(190, 1880)","(870, 630)"
"(370, 1840)","(960, 540)"
"(397, 1710)","(920, 570)"
"(184, 1970)","(900, 600)"
"(304, 2330)","(1060, 440)"
"(349, 2490)","(1090, 380)"
"(16, 1440)","(570, 930)"
"(139, 1450)","(630, 870)"
"(112, 2590)","(1010, 470)"
"(19, 1700)","(710, 780)"
"(127, 1480)","(640, 850)"
"(187, 2270)","(980, 510)"
"(130, 1480)","(640, 850)"
"(19, 1950)","(810, 680)"
"(145, 1580)","(710, 790)"
"(268, 2580)","(1080, 410)"
"(226, 2350)","(1010, 470)"
"(211, 2450)","(1040, 460)"
"(52, 2010)","(850, 650)"
"(124, 1630)","(730, 770)"
"(316, 2540)","(1100, 390)"
"(373, 2120)","(1040, 450)"
"(223, 1730)","(820, 670)"
"(79, 2450)","(980, 520)"
"(298, 2060)","(980, 510)"
"(352, 2500)","(1110, 380)"
"(385, 1710)","(910, 580)"
"(121, 2240)","(950, 550)"
"(361, 2350)","(1070, 400)"
"(142, 2470)","(1010, 490)"
"(391, 1890)","(990, 510)"
"(355, 1670)","(880, 620)"
"(97, 2090)","(890, 600)"
"(139, 2350)","(970, 510)"
"(22, 2060)","(850, 640)"
"(214, 1460)","(670, 820)"
"(313, 1760)","(890, 610)"
"(382, 2080)","(1040, 460)"
"(313, 1520)","(770, 730)"
"(364, 2560)","(1120, 360)"
"(319, 2170)","(1000, 460)"
"(238, 1870)","(890, 610)"
"(67, 2190)","(910, 590)"
"(109, 1470)","(630, 870)"
"(118, 2090)","(900, 590)"
"(370, 1530)","(810, 680)"
"(250, 1630)","(790, 700)"
"(274, 1640)","(810, 690)"
"(364, 1920)","(970, 510)"
"(100, 1770)","(780, 720)"
"(346, 2210)","(1030, 440)"
"(310, 1400)","(690, 810)"
"(250, 1890)","(900, 590)"
"(259, 2590)","(1080, 410)"
"(364, 2430)","(1090, 380)"
"(94, 1810)","(790, 700)"
"(145, 1750)","(790, 700)"
"(85, 2310)","(950, 550)"
"(259, 1830)","(890, 610)"
"(277, 1640)","(810, 680)"
"(43, 2440)","(950, 530)"
"(94, 1670)","(730, 770)"
"(202, 2260)","(990, 510)"
"(40, 1480)","(600, 890)"
"(52, 1730)","(740, 760)"
"(61, 1830)","(790, 710)"
"(358, 2360)","(1080, 400)"
"(280, 2130)","(990, 500)"
"(322, 2170)","(1030, 470)"
"(73, 1900)","(820, 680)"
"(295, 1450)","(710, 780)"
"(373, 1850)","(960, 530)"
"(313, 1600)","(810, 680)"
"(130, 2390)","(990, 510)"
"(313, 1820)","(910, 580)"
"(367, 2290)","(1080, 410)"
"(343, 1410)","(720, 780)"
"(121, 1680)","(750, 750)"
"(349, 1790)","(920, 570)"
"(67, 2330)","(950, 550)"
"(343, 1760)","(910, 590)"
"(286, 2200)","(1020, 480)"
"(199, 1440)","(650, 850)"
"(70, 2230)","(910, 570)"
"(232, 1690)","(810, 690)"
"(385, 2100)","(1050, 450)"
"(331, 1950)","(960, 520)"
"(40, 1420)","(560, 930)"
"(244, 1840)","(880, 610)"
"(121, 2340)","(960, 520)"
"(43, 2220)","(910, 590)"
"(382, 1590)","(850, 640)"
"(82, 2050)","(870, 620)"
"(325, 2450)","(1080, 400)"
"(28, 1570)","(650, 850)"
"(94, 2260)","(940, 560)"
"(151, 2130)","(920, 560)"
"(322, 2110)","(1010, 480)"
"(376, 2490)","(1100, 360)"
"(142, 1430)","(620, 880)"
"(229, 1550)","(740, 760)"
"(277, 2370)","(1040, 440)"
"(16, 1460)","(580, 920)"
"(100, 2140)","(910, 590)"
"(61, 2370)","(950, 540)"
"(337, 2350)","(1080, 420)"
"(385, 2420)","(1090, 370)"
"(130, 1620)","(720, 770)"
"(205, 2330)","(1010, 490)"
"(76, 2140)","(900, 600)"
"(61, 1440)","(590, 910)"
"(61, 2130)","(880, 600)"
"(142, 1870)","(840, 660)"
"(322, 1690)","(860, 630)"
"(85, 1720)","(750, 750)"
"(31, 2350)","(940, 560)"
"(328, 2550)","(1110, 390)"
"(166, 1690)","(780, 720)"
"(91, 2290)","(950, 550)"
"(190, 2110)","(940, 550)"
"(13, 2260)","(910, 590)"
"(43, 2460)","(970, 530)"
"(46, 1860)","(790, 700)"
"(160, 2470)","(1020, 480)"
"(394, 1930)","(1000, 490)"
"(325, 1570)","(810, 690)"
"(268, 1720)","(840, 650)"
"(37, 2430)","(960, 540)"
"(307, 1620)","(820, 680)"
"(274, 2340)","(1040, 450)"
"(292, 1580)","(790, 710)"
"(328, 1500)","(770, 730)"
"(337, 1470)","(750, 740)"
"(46, 1910)","(810, 690)"
"(184, 2010)","(910, 590)"
"(400, 1490)","(810, 690)"
"(301, 2060)","(990, 510)"
"(289, 1920)","(940, 560)"
"(400, 2500)","(1130, 350)"
"(367, 1670)","(880, 610)"
"(157, 1400)","(600, 890)"
"(100, 1880)","(820, 670)"
"(139, 2010)","(890, 610)"
"(220, 1750)","(830, 660)"
"(322, 1480)","(750, 750)"
"(220, 1770)","(840, 660)"
"(232, 2320)","(1020, 480)"
"(67, 2420)","(970, 530)"
"(1, 2160)","(870, 620)"
"(283, 1720)","(850, 640)"
"(268, 2110)","(980, 510)"
"(124, 1940)","(860, 640)"
"(289, 2110)","(990, 500)"
"(58, 2200)","(910, 590)"
"(211, 1950)","(900, 590)"
"(136, 1510)","(660, 830)"
"(88, 1660)","(720, 770)"
"(91, 2130)","(900, 590)"
"(28, 2420)","(940, 540)"
"(97, 1600)","(700, 800)"
"(106, 2570)","(1010, 480)"
"(265, 2310)","(1020, 460)"
"(124, 2060)","(900, 600)"
"(280, 1760)","(870, 630)"
"(193, 2430)","(1020, 470)"
"(181, 2470)","(1030, 470)"
"(25, 2530)","(970, 520)"
"(46, 1570)","(660, 840)"
"(217, 1950)","(910, 590)"
"(130, 1810)","(810, 690)"
"(196, 1920)","(880, 610)"
"(388, 2190)","(1030, 410)"
"(319, 2380)","(1070, 420)"
"(100, 1980)","(860, 640)"
"(370, 1830)","(950, 540)"
"(142, 2280)","(970, 530)"
"(313, 2570)","(1090, 390)"
"(289, 2130)","(1000, 500)"
"(106, 1680)","(740, 750)"
"(13, 2590)","(970, 510)"
"(211, 1590)","(750, 750)"
"(304, 2530)","(1100, 400)"
"(121, 2260)","(940, 540)"
"(217, 1580)","(750, 750)"
"(352, 2320)","(1080, 420)"
"(58, 2140)","(880, 600)"
"(163, 1730)","(790, 700)"
"(211, 2340)","(1000, 480)"
"(16, 1550)","(630, 860)"
"(304, 2050)","(990, 510)"
"(16, 1570)","(650, 850)"
"(211, 1620)","(760, 730)"
"(181, 2280)","(980, 510)"
"(244, 2550)","(1080, 420)"
"(55, 2370)","(940, 540)"
"(55, 2210)","(900, 580)"
"(370, 2000)","(1010, 490)"
"(49, 1610)","(680, 820)"
"(124, 1970)","(870, 630)"
"(280, 1440)","(700, 800)"
"(277, 1650)","(820, 680)"
"(274, 2200)","(1010, 490)"
"(1, 1770)","(740, 760)"
"(241, 2450)","(1040, 440)"
"(238, 1730)","(830, 660)"
"(400, 2210)","(1050, 400)"
"(331, 1920)","(950, 530)"
"(40, 1770)","(750, 740)"
"(85, 1670)","(730, 770)"
"(25, 1820)","(770, 730)"
"(148, 2350)","(980, 510)"
"(10, 2100)","(860, 640)"
"(85, 2530)","(1000, 500)"
"(274, 1440)","(690, 800)"
"(151, 1790)","(810, 680)"
"(229, 2300)","(1000, 480)"
"(310, 1870)","(920, 560)"
"(133, 2270)","(960, 540)"
"(322, 1470)","(740, 750)"
"(256, 1520)","(730, 760)"
"(136, 1800)","(810, 690)"
"(202, 1630)","(760, 730)"
"(202, 1450)","(660, 840)"
"(121, 1540)","(670, 820)"
"(145, 1450)","(630, 870)"
"(265, 2580)","(1070, 400)"
"(37, 1620)","(680, 820)"
"(280, 2550)","(1090, 410)"
"(88, 1420)","(580, 910)"
"(346, 2280)","(1070, 430)"
"(40, 2310)","(930, 570)"
"(334, 2200)","(1030, 450)"
"(166, 1480)","(660, 840)"
"(121, 1690)","(750, 740)"
"(184, 1580)","(730, 770)"
"(130, 1630)","(730, 770)"
"(106, 1430)","(600, 900)"
"(109, 2550)","(1000, 480)"
"(379, 2150)","(1050, 440)"
"(217, 1870)","(880, 620)"
"(22, 1780)","(750, 750)"
"(175, 1650)","(760, 740)"
"(391, 2380)","(1110, 380)"
"(316, 1640)","(840, 660)"
"(34, 2230)","(910, 590)"
"(217, 2520)","(1040, 440)"
"(151, 1510)","(670, 820)"
"(94, 1640)","(720, 780)"
"(217, 1560)","(740, 760)"
"(43, 2410)","(950, 540)"
"(310, 1520)","(770, 730)"
"(397, 2020)","(1030, 460)"
"(292, 1460)","(720, 780)"
"(37, 1880)","(800, 700)"
"(325, 2190)","(1030, 460)"
"(217, 1940)","(900, 590)"
"(349, 2600)","(1070, 350)"
"(76, 1540)","(650, 840)"
"(289, 2460)","(1060, 420)"
"(7, 2440)","(950, 550)"
"(187, 1930)","(880, 610)"
"(127, 1920)","(850, 640)"
"(4, 2280)","(910, 590)"
"(118, 2100)","(910, 590)"
"(145, 2590)","(1030, 460)"
"(217, 2360)","(1020, 480)"
"(211, 1910)","(890, 610)"
"(187, 2410)","(1020, 480)"
"(70, 2420)","(970, 530)"
"(391, 2310)","(1090, 400)"
"(292, 2350)","(1060, 440)"
"(106, 1690)","(750, 750)"
"(7, 1960)","(810, 680)"
"(169, 2110)","(930, 560)"
"(253, 1430)","(670, 820)"
"(289, 2010)","(960, 530)"
"(139, 2600)","(1030, 460)"
"(22, 1650)","(690, 810)"
"(154, 1450)","(640, 860)"
"(274, 2350)","(1040, 450)"
"(67, 2090)","(870, 610)"
"(337, 1480)","(760, 740)"
"(190, 2430)","(1010, 470)"
"(61, 1960)","(830, 660)"
"(112, 1880)","(830, 670)"
"(142, 2260)","(950, 530)"
"(10, 2180)","(880, 610)"
"(277, 1890)","(920, 580)"
"(364, 2250)","(1050, 420)"
"(121, 2370)","(980, 520)"
"(58, 1720)","(740, 760)"
"(262, 1570)","(770, 730)"
"(46, 2160)","(890, 600)"
"(58, 1530)","(640, 860)"
"(133, 1620)","(720, 770)"
"(349, 2160)","(1030, 450)"
"(313, 1850)","(920, 570)"
"(367, 1830)","(940, 540)"
"(334, 1910)","(960, 540)"
"(16, 2160)","(880, 620)"
"(265, 2010)","(950, 540)"
"(202, 2340)","(1010, 490)"
"(154, 1790)","(810, 680)"
"(184, 1490)","(680, 820)"
"(274, 2360)","(1050, 450)"
"(319, 1620)","(830, 670)"
"(25, 2270)","(910, 580)"
"(238, 1510)","(720, 780)"
"(268, 2050)","(970, 530)"
"(169, 2320)","(990, 510)"
"(16, 2000)","(830, 670)"
"(181, 2430)","(1020, 480)"
"(328, 1710)","(880, 620)"
"(64, 2510)","(980, 510)"
"(115, 1780)","(790, 710)"
"(370, 2410)","(1080, 380)"
"(367, 2310)","(1050, 400)"
"(1, 1590)","(650, 850)"
"(244, 2130)","(980, 520)"
"(376, 1670)","(890, 610)"
"(25, 2400)","(940, 550)"
"(355, 1810)","(940, 560)"
"(382, 2380)","(1110, 390)"
"(70, 2170)","(900, 590)"
"(394, 1460)","(790, 710)"
"(319, 2090)","(1000, 490)"
"(304, 1710)","(860, 630)"
"(43, 1750)","(740, 750)"
"(7, 2020)","(830, 660)"
"(298, 1900)","(930, 560)"
"(355, 2410)","(1100, 400)"
"(265, 1470)","(710, 790)"
"(103, 2050)","(880, 610)"
"(286, 2120)","(990, 500)"
"(19, 2110)","(870, 630)"
"(109, 2410)","(970, 510)"
"(85, 1420)","(580, 910)"
"(286, 2490)","(1080, 420)"
"(259, 1470)","(700, 790)"
"(319, 2200)","(1030, 460)"
"(283, 2490)","(1080, 420)"
"(352, 1530)","(800, 700)"
"(190, 2310)","(990, 500)"
"(397, 1470)","(790, 700)"
"(148, 1580)","(710, 790)"
"(364, 1650)","(870, 620)"
"(331, 1990)","(980, 510)"
"(79, 2300)","(940, 550)"
"(118, 2190)","(920, 560)"
"(337, 2040)","(990, 490)"
"(115, 2520)","(1010, 490)"
"(37, 1720)","(730, 770)"
"(154, 2170)","(940, 550)"
"(187, 2020)","(910, 580)"
"(283, 2080)","(980, 510)"
"(313, 1730)","(880, 620)"
"(121, 2360)","(980, 520)"
"(25, 1990)","(830, 670)"
"(181, 2320)","(990, 500)"
"(151, 1550)","(700, 800)"
"(394, 1440)","(770, 720)"
"(127, 2020)","(880, 610)"
"(88, 1890)","(820, 670)"
"(283, 1660)","(830, 670)"
"(172, 2000)","(890, 590)"
"(169, 1480)","(660, 830)"
"(19, 2400)","(940, 550)"
"(358, 1520)","(800, 700)"
"(88, 1740)","(760, 740)"
"(352, 2310)","(1080, 420)"
"(100, 1470)","(620, 870)"
"(70, 1750)","(760, 740)"
"(190, 1660)","(770, 720)"
"(340, 1410)","(710, 780)"
"(217, 1990)","(910, 570)"
"(178, 1450)","(650, 850)"
"(31, 2400)","(950, 550)"
"(106, 2370)","(960, 520)"
"(157, 1740)","(790, 700)"
"(31, 1510)","(620, 880)"
"(397, 1670)","(900, 590)"
"(97, 2190)","(920, 570)"
"(340, 2010)","(990, 500)"
"(34, 1570)","(650, 840)"
"(40, 1900)","(800, 690)"
"(247, 2170)","(990, 510)"
"(7, 2260)","(900, 590)"
"(235, 1690)","(810, 680)"
"(157, 2180)","(950, 550)"
"(367, 2600)","(1140, 360)"
"(121, 2600)","(1030, 470)"
"(316, 1980)","(960, 520)"
"(127, 2440)","(1000, 500)"
"(289, 1600)","(800, 700)"
"(313, 2350)","(1060, 430)"
"(190, 1500)","(690, 810)"
"(145, 1900)","(850, 640)"
"(82, 2020)","(860, 630)"
"(196, 1720)","(800, 690)"
"(304, 2350)","(1050, 430)"
"(370, 1510)","(800, 700)"
"(286, 2050)","(980, 520)"
"(25, 2060)","(850, 640)"
"(58, 2360)","(950, 550)"
"(37, 2160)","(890, 610)"
"(235, 2520)","(1050, 430)"
"(322, 2030)","(990, 510)"
"(43, 2160)","(880, 600)"
"(4, 2570)","(970, 520)"
"(19, 2440)","(940, 540)"
"(118, 2230)","(940, 550)"
"(196, 2010)","(920, 580)"
"(214, 2140)","(960, 530)"
"(346, 1580)","(820, 670)"
"(148, 1460)","(640, 860)"
"(283, 2400)","(1050, 430)"
"(352, 2100)","(1030, 470)"
"(34, 1820)","(770, 730)"
"(205, 2100)","(950, 550)"
"(13, 1930)","(800, 690)"
"(103, 2130)","(910, 590)"
"(49, 1920)","(820, 680)"
"(187, 1570)","(720, 770)"
"(328, 2370)","(1050, 410)"
"(43, 1970)","(830, 670)"
"(130, 1590)","(710, 790)"
"(217, 2250)","(990, 500)"
"(277, 1430)","(690, 810)"
"(82, 1740)","(760, 740)"
"(376, 1860)","(970, 530)"
"(124, 1590)","(700, 790)"
"(10, 2310)","(920, 580)"
"(139, 2190)","(930, 550)"
"(193, 1460)","(660, 830)"
"(52, 2070)","(870, 630)"
"(223, 2430)","(1040, 460)"
"(118, 1980)","(870, 630)"
"(355, 2100)","(1010, 460)"
"(154, 1950)","(870, 620)"
"(106, 2280)","(940, 540)"
"(196, 1730)","(810, 690)"
"(1, 1960)","(810, 690)"
"(10, 1460)","(580, 920)"
"(223, 1680)","(800, 700)"
"(346, 1840)","(930, 550)"
"(310, 1690)","(860, 640)"
"(337, 1970)","(970, 510)"
"(205, 2210)","(980, 520)"
"(61, 1850)","(790, 700)"
"(310, 2050)","(990, 510)"
"(88, 1710)","(750, 750)"
"(337, 1980)","(980, 510)"
"(118, 2590)","(1020, 470)"
"(178, 2540)","(1020, 450)"
"(367, 1460)","(770, 730)"
"(223, 1560)","(740, 760)"
"(346, 1680)","(870, 620)"
"(133, 2440)","(1000, 500)"
"(16, 1560)","(640, 860)"
"(70, 2280)","(930, 560)"
"(163, 1740)","(800, 700)"
"(247, 2490)","(1050, 430)"
"(76, 2580)","(1000, 490)"
"(379, 2200)","(1050, 420)"
"(13, 1820)","(760, 730)"
"(265, 2210)","(1010, 490)"
"(85, 1580)","(680, 820)"
"(331, 2480)","(1100, 400)"
"(235, 1820)","(870, 630)"
"(208, 1770)","(830, 660)"
"(367, 2460)","(1110, 380)"
"(205, 1600)","(750, 750)"
"(259, 1570)","(760, 730)"
"(25, 2570)","(970, 510)"
"(118, 1440)","(610, 880)"
"(238, 1990)","(920, 560)"
"(334, 2090)","(1010, 480)"
"(208, 1580)","(740, 750)"
"(223, 1430)","(660, 840)"
"(115, 2050)","(890, 610)"
"(391, 1950)","(1010, 490)"
"(271, 1850)","(890, 590)"
"(130, 2420)","(990, 500)"
"(301, 1490)","(740, 750)"
"(379, 1430)","(750, 740)"
"(160, 1790)","(820, 680)"
"(58, 1960)","(830, 660)"
"(55, 2170)","(900, 600)"
"(40, 1600)","(670, 820)"
"(22, 1770)","(740, 750)"
"(64, 2160)","(900, 600)"
"(232, 1660)","(800, 700)"
"(166, 1510)","(680, 820)"
"(58, 1710)","(730, 760)"
"(208, 2380)","(1020, 480)"
"(7, 2370)","(920, 560)"
"(340, 1490)","(770, 730)"
"(259, 1620)","(790, 700)"
"(82, 2320)","(950, 550)"
"(313, 2520)","(1100, 400)"
"(19, 2580)","(970, 510)"
"(139, 1710)","(770, 720)"
"(151, 1610)","(730, 770)"
"(397, 2600)","(1140, 340)"
"(286, 2040)","(970, 520)"
"(61, 1650)","(710, 790)"
"(298, 2590)","(1090, 390)"
"(43, 2390)","(940, 540)"
"(250, 1720)","(830, 660)"
"(340, 1840)","(940, 560)"
"(208, 1740)","(820, 680)"
"(28, 1820)","(770, 730)"
"(382, 2270)","(1080, 410)"
"(175, 1800)","(830, 670)"
"(325, 1750)","(890, 600)"
"(73, 1840)","(800, 700)"
"(319, 1730)","(880, 620)"
"(55, 1480)","(610, 890)"
"(79, 2540)","(1000, 500)"
"(346, 2560)","(1110, 370)"
"(310, 2100)","(1000, 490)"
"(145, 1930)","(860, 630)"
"(22, 2600)","(990, 510)"
"(187, 1950)","(880, 600)"
"(4, 2450)","(950, 550)"
"(313, 1460)","(730, 770)"
"(334, 1710)","(880, 620)"
"(319, 2480)","(1090, 400)"
"(268, 1480)","(720, 780)"
"(361, 2370)","(1100, 400)"
"(55, 2560)","(980, 500)"
"(367, 1860)","(960, 530)"
"(25, 2280)","(920, 580)"
"(235, 1470)","(690, 810)"
"(70, 1960)","(840, 660)"
"(208, 2260)","(980, 500)"
"(163, 1590)","(720, 770)"
"(64, 1800)","(780, 720)"
"(373, 2160)","(1050, 440)"
"(70, 2570)","(1000, 500)"
"(142, 1840)","(830, 670)"
"(337, 2290)","(1060, 430)"
"(379, 2380)","(1110, 390)"
"(112, 2550)","(1010, 480)"
"(325, 2460)","(1090, 400)"
"(7, 2310)","(920, 580)"
"(106, 1750)","(770, 720)"
"(208, 1670)","(790, 710)"
"(175, 1400)","(610, 890)"
"(325, 2500)","(1090, 400)"
"(352, 2280)","(1050, 420)"
"(220, 2520)","(1050, 440)"
"(118, 1450)","(620, 880)"
"(13, 2240)","(890, 590)"
"(319, 2190)","(1020, 460)"
"(97, 1460)","(610, 880)"
"(70, 2250)","(930, 570)"
"(262, 2000)","(950, 550)"
"(70, 2330)","(950, 550)"
"(211, 1970)","(900, 580)"
"(262, 1880)","(910, 590)"
"(184, 2490)","(1000, 450)"
"(376, 2160)","(1060, 440)"
"(142, 1640)","(740, 760)"
"(1, 1720)","(710, 780)"
"(358, 1480)","(770, 720)"
"(301, 1940)","(950, 550)"
"(118, 2170)","(930, 570)"
"(85, 2260)","(940, 560)"
"(349, 2330)","(1070, 410)"
"(283, 2250)","(1030, 470)"
"(364, 1500)","(790, 710)"
"(307, 1420)","(700, 800)"
"(82, 1620)","(700, 800)"
"(358, 2600)","(1130, 370)"
"(346, 1720)","(890, 600)"
"(361, 2040)","(1020, 480)"
"(301, 2560)","(1080, 390)"
"(394, 1850)","(980, 520)"
"(292, 1680)","(840, 660)"
"(109, 2050)","(890, 610)"
"(91, 2490)","(980, 500)"
"(181, 1740)","(810, 690)"
"(61, 2340)","(940, 550)"
"(283, 1900)","(930, 570)"
"(127, 1590)","(710, 790)"
"(142, 1800)","(810, 680)"
"(220, 2030)","(930, 560)"
"(400, 1550)","(850, 650)"
"(301, 1890)","(930, 560)"
"(73, 2480)","(980, 510)"
"(151, 1650)","(750, 750)"
"(229, 2040)","(940, 550)"
"(16, 1430)","(560, 940)"
"(121, 1650)","(730, 760)"
"(250, 2180)","(990, 500)"
"(310, 2030)","(980, 510)"
"(94, 2230)","(930, 560)"
"(304, 1500)","(750, 750)"
"(238, 2440)","(1050, 450)"
"(142, 2150)","(920, 560)"
"(187, 2080)","(930, 560)"
"(250, 1940)","(910, 570)"
"(286, 2030)","(970, 530)"
"(325, 2300)","(1050, 430)"
"(265, 1600)","(780, 710)"
"(31, 2410)","(940, 540)"
"(166, 2180)","(940, 540)"
"(343, 1880)","(950, 540)"
"(397, 2000)","(1030, 470)"
"(115, 2510)","(1010, 490)"
"(373, 2320)","(1090, 400)"
"(178, 1570)","(720, 780)"
"(385, 2190)","(1050, 420)"
"(244, 1410)","(650, 840)"
"(238, 1810)","(870, 630)"
"(220, 1580)","(750, 750)"
"(52, 2400)","(960, 540)"
"(97, 2280)","(950, 550)"
"(67, 1550)","(660, 840)"
"(361, 2360)","(1080, 400)"
"(331, 1880)","(950, 550)"
"(187, 1660)","(770, 720)"
"(109, 2290)","(950, 540)"
"(70, 2340)","(950, 550)"
"(274, 1880)","(910, 580)"
"(109, 1690)","(750, 750)"
"(142, 1500)","(660, 840)"
"(244, 1950)","(910, 570)"
"(181, 1590)","(730, 760)"
"(43, 2560)","(990, 510)"
"(226, 2330)","(1020, 480)"
"(382, 2040)","(1030, 470)"
"(187, 1760)","(820, 680)"
"(100, 2030)","(880, 620)"
"(28, 2490)","(970, 530)"
"(130, 1770)","(790, 700)"
"(271, 2380)","(1050, 450)"
"(151, 1940)","(870, 630)"
"(1, 2070)","(850, 650)"
"(1, 1800)","(750, 750)"
"(142, 1930)","(860, 630)"
"(1, 1430)","(550, 930)"
"(139, 2130)","(920, 570)"
"(310, 1640)","(830, 660)"
"(43, 2470)","(970, 530)"
"(61, 2110)","(880, 610)"
"(388, 1690)","(910, 590)"
"(133, 1640)","(730, 760)"
"(169, 2050)","(910, 580)"
"(322, 1760)","(890, 600)"
"(70, 2490)","(980, 510)"
"(385, 1400)","(740, 760)"
"(376, 1890)","(980, 520)"
"(280, 1670)","(830, 670)"
"(307, 2120)","(1010, 490)"
"(235, 1780)","(850, 640)"
"(127, 1820)","(810, 680)"
"(268, 2590)","(1060, 400)"
"(145, 2190)","(940, 550)"
"(262, 2310)","(1020, 460)"
"(88, 1840)","(800, 690)"
"(271, 1560)","(770, 730)"
"(364, 1550)","(820, 680)"
"(82, 2150)","(900, 590)"
"(394, 2310)","(1090, 390)"
"(301, 2380)","(1060, 430)"
"(391, 2390)","(1120, 380)"
"(337, 1840)","(940, 560)"
"(130, 1680)","(750, 740)"
"(7, 2400)","(940, 560)"
"(295, 1940)","(950, 550)"
"(172, 1860)","(850, 650)"
"(88, 2150)","(910, 590)"
"(133, 2320)","(960, 520)"
"(235, 1950)","(920, 580)"
"(259, 1600)","(780, 720)"
"(376, 2150)","(1050, 440)"
"(214, 2470)","(1030, 450)"
"(10, 2590)","(970, 510)"
"(43, 2300)","(930, 570)"
"(181, 2460)","(1020, 470)"
"(136, 1850)","(830, 670)"
"(55, 2520)","(980, 510)"
"(67, 2490)","(970, 510)"
"(115, 1810)","(800, 690)"
"(103, 2360)","(970, 530)"
"(388, 1900)","(990, 510)"
"(202, 2440)","(1020, 460)"
"(130, 1410)","(600, 900)"
"(313, 2250)","(1040, 450)"
"(136, 1470)","(640, 860)"
"(94, 1580)","(680, 810)"
"(211, 2160)","(970, 530)"
"(10, 2260)","(900, 590)"
"(307, 2100)","(990, 490)"
"(325, 2250)","(1030, 440)"
"(361, 1430)","(740, 750)"
"(10, 2000)","(830, 670)"
"(103, 1620)","(710, 790)"
"(385, 2120)","(1040, 440)"
"(34, 1760)","(750, 750)"
"(196, 2460)","(1020, 460)"
"(40, 1910)","(810, 690)"
"(7, 1480)","(590, 910)"
"(154, 1880)","(850, 650)"
"(220, 2370)","(1020, 470)"
"(226, 1730)","(830, 670)"
"(268, 2330)","(1040, 460)"
"(175, 1490)","(670, 820)"
"(247, 2060)","(960, 540)"
"(79, 1990)","(850, 640)"
"(214, 1710)","(810, 690)"
"(157, 1540)","(690, 800)"
"(115, 2290)","(960, 540)"
"(205, 2480)","(1040, 460)"
"(394, 1550)","(840, 660)"
"(307, 1670)","(850, 650)"
"(274, 2270)","(1030, 470)"
"(379, 1770)","(940, 560)"
"(322, 2450)","(1070, 400)"
"(382, 2010)","(1020, 480)"
"(157, 1780)","(810, 680)"
"(205, 1990)","(910, 580)"
"(247, 1900)","(900, 590)"
"(28, 2470)","(960, 530)"
"(142, 2060)","(900, 590)"
"(262, 2050)","(960, 530)"
"(79, 2270)","(940, 560)"
"(379, 1730)","(920, 580)"
"(247, 1710)","(830, 670)"
"(205, 2420)","(1020, 470)"
"(394, 1400)","(740, 750)"
"(223, 1880)","(880, 610)"
"(145, 1400)","(600, 900)"
"(127, 1410)","(590, 900)"
"(46, 2000)","(840, 650)"
"(247, 1760)","(850, 650)"
"(148, 2540)","(1020, 470)"
"(175, 2260)","(980, 520)"
"(355, 2120)","(1040, 460)"
"(76, 1880)","(810, 680)"
"(13, 2070)","(850, 650)"
"(43, 2530)","(970, 510)"
"(160, 2310)","(970, 510)"
"(64, 1850)","(800, 700)"
"(256, 1990)","(930, 550)"
"(13, 2500)","(960, 530)"
"(193, 1450)","(650, 840)"
"(184, 2370)","(1010, 490)"
"(187, 1460)","(660, 840)"
"(259, 1460)","(700, 800)"
"(25, 2020)","(840, 660)"
"(235, 2420)","(1040, 450)"
"(7, 2450)","(950, 550)"
"(67, 2170)","(900, 590)"
"(253, 2550)","(1020, 400)"
"(121, 2140)","(920, 580)"
"(163, 2420)","(1010, 490)"
"(244, 2290)","(1020, 480)"
"(163, 2160)","(940, 550)"
"(397, 1760)","(940, 550)"
"(97, 1690)","(740, 750)"
"(220, 2080)","(950, 550)"
"(139, 2360)","(980, 510)"
"(52, 1950)","(830, 670)"
"(250, 1860)","(890, 600)"
"(391, 2500)","(1100, 350)"
"(4, 2250)","(900, 600)"
"(334, 2280)","(1050, 430)"
"(88, 2190)","(920, 580)"
"(376, 1770)","(930, 560)"
"(169, 2560)","(1020, 450)"
"(16, 1450)","(570, 920)"
"(367, 1820)","(950, 550)"
"(55, 2080)","(870, 620)"
"(52, 2390)","(950, 540)"
"(88, 1560)","(670, 830)"
"(223, 2240)","(990, 500)"
"(208, 1930)","(890, 600)"
"(28, 2230)","(900, 590)"
"(268, 2220)","(1000, 480)"
"(106, 1790)","(790, 710)"
"(19, 1720)","(720, 770)"
"(64, 2060)","(860, 620)"
"(106, 2070)","(890, 600)"
"(226, 2400)","(1020, 460)"
"(337, 1490)","(770, 730)"
"(367, 1600)","(850, 650)"
"(181, 1860)","(860, 640)"
"(259, 1510)","(730, 770)"
"(388, 2290)","(1090, 400)"
"(208, 1520)","(710, 790)"
"(343, 1980)","(990, 510)"
"(40, 2030)","(850, 650)"
"(196, 1630)","(760, 730)"
"(322, 1430)","(720, 780)"
"(274, 1660)","(820, 680)"
"(166, 1530)","(690, 810)"
"(7, 2180)","(860, 600)"
"(127, 2560)","(1010, 470)"
"(319, 2330)","(1060, 430)"
"(19, 2170)","(880, 610)"
"(184, 1710)","(790, 700)"
"(226, 2190)","(980, 510)"
"(208, 2320)","(1010, 490)"
"(214, 1580)","(740, 750)"
"(160, 2160)","(940, 550)"
"(325, 1910)","(950, 540)"
"(319, 1700)","(870, 630)"
"(385, 2010)","(1010, 470)"
"(268, 1910)","(910, 570)"
"(7, 2110)","(840, 620)"
"(361, 2160)","(1050, 450)"
"(121, 1710)","(760, 730)"
"(361, 1760)","(920, 580)"
"(388, 2330)","(1070, 380)"
"(25, 2520)","(960, 520)"
"(277, 2430)","(1060, 430)"
"(142, 2090)","(910, 580)"
"(16, 2060)","(850, 650)"
"(58, 2290)","(930, 560)"
"(7, 1800)","(750, 750)"
"(280, 2380)","(1030, 430)"
"(193, 2270)","(990, 510)"
"(247, 2160)","(990, 510)"
"(73, 1590)","(680, 820)"
"(304, 1580)","(800, 700)"
"(340, 2360)","(1080, 410)"
"(280, 1770)","(870, 620)"
"(16, 2070)","(850, 640)"
"(250, 2450)","(1050, 440)"
"(256, 1760)","(860, 640)"
"(370, 2220)","(1070, 430)"
"(172, 1740)","(800, 690)"
"(130, 2560)","(1010, 470)"
"(64, 2430)","(970, 530)"
"(79, 1400)","(570, 930)"
"(247, 2020)","(940, 550)"
"(13, 1490)","(600, 900)"
"(238, 2110)","(970, 530)"
"(79, 2440)","(980, 520)"
"(379, 1950)","(1000, 500)"
"(370, 2320)","(1090, 410)"
"(220, 2000)","(920, 570)"
"(262, 2290)","(1030, 470)"
"(271, 2130)","(980, 500)"
"(16, 2210)","(890, 600)"
"(169, 2290)","(970, 510)"
"(82, 2410)","(960, 520)"
"(94, 1500)","(640, 860)"
"(364, 2570)","(1060, 340)"
"(262, 2010)","(940, 540)"
"(307, 2270)","(1040, 450)"
"(94, 2190)","(910, 570)"
"(304, 1480)","(740, 760)"
"(91, 1840)","(800, 690)"
"(121, 1660)","(740, 760)"
"(124, 2180)","(920, 560)"
"(190, 1980)","(900, 590)"
"(1, 2510)","(950, 530)"
"(55, 2590)","(1000, 500)"
"(85, 2470)","(980, 510)"
"(364, 1790)","(930, 560)"
"(22, 2250)","(910, 590)"
"(109, 2090)","(900, 600)"
"(154, 1850)","(840, 660)"
"(76, 1520)","(640, 850)"
"(385, 1690)","(910, 590)"
"(124, 2290)","(950, 530)"
"(187, 2500)","(1030, 460)"
"(22, 2220)","(900, 600)"
"(391, 2140)","(1050, 430)"
"(286, 2000)","(950, 530)"
"(235, 1450)","(680, 820)"
"(52, 1820)","(780, 720)"
"(100, 2050)","(880, 610)"
"(181, 1440)","(640, 850)"
"(205, 2470)","(1040, 460)"
"(136, 1820)","(820, 680)"
"(79, 1550)","(660, 830)"
"(34, 1770)","(750, 750)"
"(178, 1540)","(700, 790)"
"(196, 1970)","(900, 590)"
"(256, 1580)","(770, 730)"
"(181, 2250)","(980, 520)"
"(379, 2330)","(1100, 400)"
"(79, 1520)","(640, 850)"
"(241, 2330)","(1020, 470)"
"(193, 2280)","(990, 510)"
"(337, 1930)","(970, 530)"
"(121, 2300)","(950, 530)"
"(286, 1660)","(830, 670)"
"(76, 2420)","(960, 520)"
"(319, 2580)","(1110, 390)"
"(373, 1510)","(800, 690)"
"(172, 1650)","(760, 740)"
"(1, 2250)","(900, 600)"
"(307, 1900)","(940, 560)"
"(385, 2170)","(1060, 430)"
"(154, 2430)","(1010, 490)"
"(58, 2180)","(900, 590)"
"(196, 1690)","(790, 700)"
"(373, 1610)","(860, 640)"
"(331, 2310)","(1070, 430)"
"(370, 1970)","(990, 490)"
"(139, 2280)","(960, 530)"
"(124, 1570)","(690, 800)"
"(61, 1930)","(820, 670)"
"(319, 2160)","(1020, 470)"
"(373, 2590)","(1090, 340)"
"(4, 1530)","(620, 880)"
"(175, 2280)","(970, 510)"
"(193, 2600)","(1050, 440)"
"(64, 2530)","(990, 510)"
"(172, 1770)","(810, 680)"
"(82, 1730)","(750, 740)"
"(109, 1610)","(710, 790)"
"(91, 1460)","(610, 880)"
"(310, 1620)","(820, 670)"
"(19, 1870)","(780, 710)"
"(394, 2130)","(1050, 430)"
"(61, 1750)","(750, 740)"
"(391, 1470)","(790, 710)"
"(163, 2570)","(1020, 450)"
"(10, 1880)","(780, 710)"
"(160, 2260)","(970, 530)"
"(124, 2270)","(950, 540)"
"(148, 1670)","(760, 740)"
"(322, 1540)","(790, 710)"
"(304, 1460)","(720, 770)"
"(337, 2510)","(1080, 380)"
"(313, 1580)","(800, 690)"
"(121, 1910)","(840, 650)"
"(274, 1870)","(910, 590)"
"(400, 1930)","(1010, 490)"
"(220, 2250)","(990, 500)"
"(46, 1590)","(670, 830)"
"(37, 2310)","(930, 570)"
"(79, 2580)","(1000, 490)"
"(232, 1700)","(820, 680)"
"(25, 2460)","(960, 540)"
"(133, 1650)","(740, 760)"
"(388, 2120)","(1050, 440)"
"(250, 1750)","(850, 650)"
"(349, 1400)","(710, 780)"
"(379, 1900)","(980, 510)"
"(196, 1860)","(860, 630)"
"(211, 2240)","(990, 510)"
"(202, 2210)","(980, 520)"
"(73, 2110)","(890, 610)"
"(304, 1730)","(870, 630)"
"(244, 2330)","(1030, 470)"
"(154, 2030)","(890, 590)"
"(187, 2010)","(900, 580)"
"(175, 2340)","(990, 500)"
"(145, 2470)","(1000, 480)"
"(235, 2160)","(980, 520)"
"(325, 2590)","(1120, 380)"
"(235, 1930)","(910, 590)"
"(376, 2310)","(1090, 410)"
"(187, 1600)","(740, 750)"
"(85, 2340)","(960, 540)"
"(103, 2030)","(880, 620)"
"(193, 2120)","(950, 550)"
"(178, 1970)","(890, 600)"
"(130, 2100)","(900, 580)"
"(298, 2220)","(1030, 470)"
"(37, 1440)","(570, 910)"
"(37, 2360)","(930, 550)"
"(283, 1930)","(940, 560)"
"(46, 2020)","(850, 650)"
"(199, 1760)","(820, 670)"
"(190, 2080)","(930, 560)"
"(127, 1800)","(800, 690)"
"(142, 1540)","(680, 810)"
"(4, 1670)","(690, 800)"
"(139, 2180)","(940, 560)"
"(28, 2450)","(960, 540)"
"(103, 2530)","(1000, 490)"
"(388, 1420)","(750, 740)"
"(61, 1640)","(700, 790)"
"(121, 1870)","(830, 670)"
"(115, 2420)","(990, 510)"
"(193, 1840)","(850, 640)"
"(199, 1940)","(890, 600)"
"(253, 1560)","(760, 740)"
"(265, 1430)","(680, 820)"
"(250, 2600)","(1070, 410)"
"(199, 2410)","(1010, 470)"
"(88, 2520)","(1000, 500)"
"(112, 2100)","(900, 590)"
"(301, 1470)","(730, 770)"
"(346, 2470)","(1110, 390)"
"(268, 1830)","(890, 610)"
"(202, 1950)","(900, 600)"
"(139, 1700)","(770, 730)"
"(241, 2220)","(1000, 500)"
"(277, 2130)","(990, 500)"
"(109, 1650)","(730, 770)"
"(58, 2250)","(910, 570)"
"(226, 2120)","(960, 530)"
"(325, 2010)","(990, 510)"
"(184, 2350)","(990, 490)"
"(13, 1920)","(800, 700)"
"(271, 1690)","(830, 660)"
"(313, 2550)","(1100, 390)"
"(316, 2570)","(1060, 370)"
"(157, 2100)","(920, 570)"
"(304, 2020)","(980, 520)"
"(343, 2430)","(1090, 400)"
"(25, 1460)","(580, 910)"
"(328, 2350)","(1070, 420)"
"(196, 1710)","(800, 700)"
"(373, 1660)","(880, 610)"
"(268, 1740)","(850, 640)"
"(43, 1400)","(550, 940)"
"(298, 1870)","(920, 570)"
"(229, 1490)","(700, 800)"
"(115, 1910)","(840, 650)"
"(154, 2570)","(1030, 460)"
"(280, 1870)","(910, 580)"
"(286, 2070)","(970, 510)"
"(223, 2130)","(960, 530)"
"(190, 2340)","(990, 490)"
"(391, 1430)","(760, 730)"
"(205, 2380)","(1020, 480)"
"(124, 2370)","(980, 520)"
"(262, 1810)","(880, 620)"
"(307, 1680)","(850, 650)"
"(79, 1950)","(840, 660)"
"(298, 2050)","(980, 510)"
"(304, 2480)","(1090, 410)"
"(292, 1940)","(940, 550)"
"(13, 2160)","(880, 620)"
"(160, 2540)","(1020, 460)"
"(193, 1770)","(830, 670)"
"(301, 1870)","(920, 570)"
"(103, 2150)","(910, 580)"
"(292, 1960)","(940, 540)"
"(232, 1470)","(690, 810)"
"(388, 2400)","(1050, 360)"
"(34, 1850)","(780, 710)"
"(133, 1670)","(750, 750)"
"(4, 2070)","(850, 650)"
"(250, 1930)","(920, 580)"
"(52, 1480)","(610, 890)"
"(355, 1410)","(720, 770)"
"(94, 2300)","(950, 550)"
"(244, 1520)","(730, 770)"
"(121, 2090)","(900, 590)"
"(349, 2010)","(1000, 500)"
"(334, 2490)","(1090, 390)"
"(331, 2470)","(1100, 400)"
"(208, 1830)","(860, 640)"
"(127, 2570)","(1020, 470)"
"(289, 2120)","(1000, 500)"
"(58, 1940)","(830, 670)"
"(40, 2120)","(880, 620)"
"(88, 2400)","(960, 520)"
"(250, 2470)","(1040, 430)"
"(214, 1480)","(690, 810)"
"(385, 2080)","(1030, 450)"
"(151, 2550)","(1030, 470)"
"(103, 1860)","(820, 680)"
"(160, 2040)","(910, 590)"
"(301, 1760)","(880, 610)"
"(340, 2430)","(1090, 400)"
"(367, 2350)","(1080, 400)"
"(232, 2570)","(1020, 410)"
"(337, 2600)","(1100, 370)"
"(163, 2150)","(930, 550)"
"(238, 2220)","(1000, 500)"
"(106, 2320)","(960, 540)"
"(109, 1940)","(850, 650)"
"(169, 2510)","(1010, 460)"
"(37, 2170)","(880, 600)"
"(7, 2380)","(930, 560)"
"(310, 1480)","(740, 750)"
"(235, 2090)","(950, 530)"
"(217, 2290)","(1000, 490)"
"(217, 2400)","(1030, 470)"
"(343, 2470)","(1070, 380)"
"(64, 2050)","(870, 630)"
"(292, 2090)","(980, 500)"
"(103, 2320)","(960, 540)"
"(37, 2300)","(930, 570)"
"(49, 1500)","(620, 880)"
"(226, 1740)","(830, 670)"
"(130, 2590)","(1030, 470)"
"(91, 2440)","(970, 510)"
"(67, 2240)","(920, 570)"
"(280, 1480)","(720, 770)"
"(79, 1830)","(790, 700)"
"(259, 1580)","(770, 730)"
"(367, 2330)","(1090, 410)"
"(55, 2470)","(970, 520)"
"(91, 2340)","(960, 540)"
"(349, 2530)","(1110, 370)"
"(52, 2500)","(980, 520)"
"(217, 2000)","(920, 570)"
"(127, 2540)","(1020, 480)"
"(34, 1800)","(760, 730)"
"(73, 1940)","(830, 660)"
"(7, 2200)","(890, 610)"
"(226, 1880)","(890, 610)"
"(61, 1430)","(580, 920)"
"(124, 2030)","(890, 610)"
"(352, 2530)","(1110, 370)"
"(262, 2550)","(1080, 420)"
"(178, 1600)","(740, 760)"
"(133, 2160)","(920, 560)"
"(97, 2040)","(880, 620)"
"(13, 1620)","(670, 830)"
"(289, 2410)","(1060, 430)"
"(100, 1590)","(690, 800)"
"(268, 1600)","(790, 710)"
"(235, 1730)","(830, 670)"
"(52, 1760)","(750, 740)"
"(61, 2190)","(910, 590)"
"(151, 2410)","(990, 490)"
"(7, 2320)","(920, 580)"
"(328, 1560)","(800, 690)"
"(205, 2140)","(960, 540)"
"(1, 1670)","(690, 810)"
"(304, 1990)","(970, 530)"
"(328, 2230)","(1040, 450)"
"(358, 1950)","(990, 510)"
"(7, 2250)","(890, 590)"
"(364, 2280)","(1080, 420)"
"(40, 1850)","(790, 710)"
"(7, 1500)","(600, 890)"
"(127, 1880)","(840, 660)"
"(157, 2570)","(1030, 460)"
"(10, 1760)","(740, 760)"
"(334, 1460)","(740, 750)"
"(163, 1780)","(810, 680)"
"(304, 2460)","(1070, 410)"
"(388, 1510)","(810, 680)"
"(238, 1970)","(920, 570)"
"(145, 2150)","(930, 560)"
"(382, 2260)","(1080, 410)"
"(124, 1450)","(620, 880)"
"(160, 2110)","(930, 570)"
"(124, 1600)","(710, 790)"
"(385, 1410)","(740, 750)"
"(13, 2270)","(910, 590)"
"(1, 2230)","(890, 600)"
"(397, 1840)","(970, 520)"
"(106, 2350)","(970, 530)"
"(367, 2400)","(1100, 390)"
"(373, 1900)","(980, 520)"
"(175, 1470)","(660, 840)"
"(85, 2320)","(940, 540)"
"(208, 2570)","(1060, 440)"
"(160, 1940)","(870, 620)"
"(37, 2010)","(840, 650)"
"(73, 2100)","(890, 610)"
"(172, 2550)","(1040, 460)"
"(355, 1870)","(960, 540)"
"(205, 1480)","(680, 820)"
"(340, 2280)","(1070, 430)"
"(1, 2130)","(860, 630)"
"(73, 1850)","(800, 700)"
"(67, 1840)","(790, 700)"
"(40, 1690)","(720, 780)"
"(292, 1880)","(920, 570)"
"(286, 2160)","(1010, 490)"
"(229, 1670)","(800, 700)"
"(190, 2540)","(1020, 440)"
"(172, 2530)","(1010, 450)"
"(352, 1620)","(850, 650)"
"(235, 1630)","(780, 710)"
"(349, 2140)","(1040, 460)"
"(322, 2390)","(1060, 410)"
"(73, 1500)","(630, 870)"
"(49, 1580)","(660, 830)"
"(349, 1950)","(970, 510)"
"(232, 1600)","(770, 730)"
"(265, 1670)","(820, 680)"
"(4, 1450)","(570, 930)"
"(304, 2380)","(1040, 430)"
"(52, 1490)","(610, 880)"
"(343, 1560)","(810, 680)"
"(67, 2200)","(910, 580)"
"(67, 2320)","(940, 550)"
"(85, 2240)","(920, 560)"
"(106, 1850)","(810, 680)"
"(13, 1900)","(790, 700)"
"(280, 1810)","(890, 610)"
"(304, 2100)","(1000, 500)"
"(31, 1420)","(560, 940)"
"(295, 2430)","(1040, 410)"
"(193, 2020)","(920, 580)"
"(268, 1810)","(880, 610)"
"(328, 2450)","(1090, 400)"
"(367, 1930)","(990, 510)"
"(127, 2520)","(1010, 480)"
"(385, 1910)","(980, 500)"
"(250, 1910)","(900, 580)"
"(343, 1570)","(820, 680)"
"(253, 2250)","(1000, 480)"
"(307, 2250)","(1040, 460)"
"(157, 2480)","(1020, 480)"
"(103, 1790)","(790, 710)"
"(346, 2070)","(1020, 480)"
"(136, 2190)","(930, 550)"
"(19, 2550)","(970, 520)"
"(112, 2060)","(880, 600)"
"(127, 2000)","(880, 620)"
"(58, 2450)","(970, 530)"
"(301, 1950)","(950, 540)"
"(238, 2170)","(980, 510)"
"(163, 2580)","(1030, 450)"
"(19, 1560)","(640, 860)"
"(76, 1840)","(800, 700)"
"(304, 1780)","(890, 600)"
"(307, 2500)","(1080, 400)"
"(19, 2510)","(970, 530)"
"(127, 2060)","(900, 600)"
"(37, 2290)","(920, 570)"
"(157, 1920)","(870, 630)"
"(193, 2360)","(1010, 490)"
"(139, 1930)","(860, 640)"
"(268, 1880)","(910, 590)"
"(199, 2430)","(1030, 470)"
"(391, 1780)","(950, 550)"
"(142, 1740)","(790, 710)"
"(43, 2100)","(870, 620)"
"(310, 2000)","(970, 520)"
"(115, 1690)","(750, 750)"
"(28, 1610)","(670, 820)"
"(82, 2300)","(940, 550)"
"(319, 2110)","(1000, 480)"
"(385, 2230)","(1080, 420)"
"(124, 1610)","(710, 780)"
"(103, 1550)","(670, 820)"
"(139, 2220)","(950, 550)"
"(67, 2450)","(970, 520)"
"(316, 1590)","(810, 690)"
"(142, 1460)","(640, 860)"
"(253, 1690)","(820, 670)"
"(352, 1450)","(750, 750)"
"(184, 2030)","(920, 580)"
"(67, 2310)","(930, 550)"
"(31, 1590)","(660, 830)"
"(79, 2360)","(960, 540)"
"(7, 1780)","(740, 750)"
"(292, 1470)","(720, 770)"
"(265, 2570)","(1080, 410)"
"(172, 1600)","(730, 760)"
"(337, 2180)","(1040, 460)"
"(61, 2080)","(870, 620)"
"(61, 2530)","(990, 510)"
"(31, 2340)","(930, 560)"
"(382, 2140)","(1050, 440)"
"(73, 2420)","(970, 530)"
"(19, 2150)","(880, 620)"
"(178, 1890)","(860, 630)"
"(307, 2490)","(1070, 400)"
"(367, 2210)","(1060, 430)"
"(214, 2220)","(980, 510)"
"(64, 2180)","(900, 590)"
"(253, 1530)","(740, 760)"
"(244, 2100)","(970, 530)"
"(151, 1760)","(800, 700)"
"(244, 2520)","(1060, 430)"
"(382, 1740)","(930, 570)"
"(349, 1800)","(930, 570)"
"(292, 1850)","(910, 580)"
"(271, 1460)","(700, 790)"
"(64, 2280)","(930, 560)"
"(334, 2210)","(1020, 440)"
"(304, 2090)","(1000, 500)"
"(76, 2000)","(860, 640)"
"(178, 1520)","(690, 800)"
"(118, 1650)","(730, 760)"
"(205, 2120)","(950, 540)"
"(391, 2010)","(1030, 470)"
"(184, 2070)","(930, 570)"
"(232, 2140)","(970, 520)"
"(343, 1430)","(730, 770)"
"(19, 2190)","(890, 610)"
"(277, 2380)","(1050, 440)"
"(160, 1730)","(790, 710)"
"(73, 1610)","(690, 800)"
"(244, 1730)","(840, 660)"
"(142, 2340)","(970, 510)"
"(253, 1720)","(840, 660)"
"(151, 2330)","(970, 510)"
"(154, 2540)","(1030, 470)"
"(205, 1790)","(840, 660)"
"(52, 1930)","(820, 680)"
"(106, 1490)","(640, 860)"
"(64, 2020)","(860, 640)"
"(388, 1830)","(960, 530)"
"(340, 2240)","(1050, 440)"
"(169, 1640)","(750, 740)"
"(364, 1710)","(900, 600)"
"(361, 1700)","(890, 600)"
"(64, 1530)","(640, 850)"
"(385, 1450)","(770, 720)"
"(40, 2470)","(970, 530)"
"(388, 2600)","(1130, 340)"
"(283, 1550)","(770, 730)"
"(277, 1790)","(880, 620)"
"(367, 1940)","(990, 510)"
"(196, 2120)","(950, 550)"
"(298, 1640)","(820, 670)"
"(151, 1620)","(730, 760)"
"(76, 2180)","(900, 580)"
"(337, 1430)","(730, 770)"
"(358, 2530)","(1110, 370)"
"(274, 2480)","(1060, 420)"
"(388, 1700)","(910, 580)"
"(22, 2430)","(940, 540)"
"(388, 1780)","(950, 550)"
"(271, 1770)","(870, 630)"
"(388, 1540)","(830, 670)"
"(304, 1530)","(770, 730)"
"(292, 2500)","(1070, 410)"
"(328, 1630)","(840, 660)"
"(133, 1940)","(860, 630)"
"(247, 1590)","(770, 730)"
"(346, 1560)","(810, 680)"
"(82, 2190)","(920, 580)"
"(337, 1880)","(940, 540)"
"(142, 2400)","(990, 500)"
"(13, 1470)","(580, 900)"
"(370, 2040)","(1010, 470)"
"(214, 2060)","(930, 550)"
"(376, 1520)","(810, 690)"
"(229, 1850)","(880, 620)"
"(127, 1490)","(650, 850)"
"(286, 2390)","(1060, 440)"
"(184, 2180)","(960, 540)"
"(112, 2360)","(960, 520)"
"(325, 2140)","(1010, 470)"
"(301, 1980)","(960, 530)"
"(172, 2340)","(990, 500)"
"(154, 1410)","(610, 890)"
"(271, 2510)","(1050, 410)"
"(40, 1560)","(650, 850)"
"(10, 1450)","(570, 920)"
"(400, 1570)","(860, 640)"
"(340, 1570)","(810, 680)"
"(82, 1950)","(840, 660)"
"(61, 2200)","(910, 590)"
"(259, 2490)","(1060, 430)"
"(250, 1490)","(710, 780)"
"(235, 2540)","(1060, 430)"
"(28, 2330)","(930, 570)"
"(331, 1650)","(850, 650)"
"(106, 1740)","(770, 730)"
"(100, 2110)","(890, 590)"
"(217, 2230)","(990, 510)"
"(388, 2250)","(1080, 410)"
"(319, 2000)","(980, 520)"
"(265, 1910)","(920, 580)"
"(115, 1400)","(580, 910)"
"(358, 1460)","(760, 740)"
"(310, 2190)","(1030, 470)"
"(295, 1830)","(910, 590)"
"(196, 1770)","(830, 670)"
"(94, 1510)","(640, 850)"
"(163, 1610)","(730, 760)"
"(229, 2150)","(970, 520)"
"(394, 1950)","(1010, 490)"
"(112, 2200)","(920, 560)"
"(154, 1560)","(700, 790)"
"(61, 1680)","(720, 780)"
"(181, 2310)","(980, 500)"
"(73, 2530)","(990, 500)"
"(313, 1490)","(750, 750)"
"(52, 2250)","(920, 580)"
"(94, 2330)","(960, 540)"
"(211, 1800)","(850, 650)"
"(121, 2060)","(890, 600)"
"(97, 2000)","(860, 630)"
"(118, 2340)","(970, 530)"
"(118, 1470)","(630, 870)"
"(250, 2430)","(1040, 440)"
"(277, 1680)","(830, 660)"
"(385, 1800)","(950, 540)"
"(382, 1770)","(940, 560)"
"(304, 1470)","(730, 760)"
"(334, 1720)","(890, 610)"
"(340, 2390)","(1090, 410)"
"(172, 1580)","(720, 770)"
"(355, 1650)","(870, 630)"
"(355, 1520)","(800, 700)"
"(280, 1740)","(860, 640)"
"(112, 2230)","(940, 560)"
"(316, 2060)","(990, 500)"
"(106, 2270)","(950, 550)"
"(394, 1500)","(810, 680)"
"(187, 2330)","(1000, 500)"
"(94, 2550)","(1000, 490)"
"(67, 2410)","(960, 530)"
"(121, 2190)","(930, 560)"
"(394, 1490)","(810, 690)"
"(316, 1620)","(830, 670)"
"(370, 1650)","(880, 620)"
"(55, 2280)","(930, 570)"
"(73, 2600)","(1010, 490)"
"(319, 1580)","(810, 690)"
"(202, 1470)","(670, 820)"
"(205, 1720)","(810, 690)"
"(340, 2180)","(1030, 450)"
"(211, 2220)","(980, 510)"
"(55, 1660)","(710, 790)"
"(331, 1410)","(710, 790)"
"(295, 1640)","(820, 670)"
"(64, 2220)","(920, 580)"
"(325, 2310)","(1060, 430)"
"(298, 2340)","(1050, 440)"
"(184, 2520)","(1040, 460)"
"(79, 1500)","(630, 860)"
"(139, 2300)","(970, 530)"
"(181, 1700)","(790, 710)"
"(178, 1500)","(680, 820)"
"(166, 2110)","(920, 560)"
"(319, 1600)","(820, 680)"
"(358, 1980)","(1000, 500)"
"(187, 1810)","(840, 660)"
"(253, 2050)","(960, 540)"
"(373, 2240)","(1040, 410)"
"(1, 2450)","(950, 550)"
"(271, 1970)","(940, 550)"
"(160, 2090)","(920, 570)"
"(196, 1900)","(880, 620)"
"(148, 1590)","(720, 780)"
"(259, 1900)","(910, 580)"
"(79, 2290)","(930, 550)"
"(112, 2220)","(940, 560)"
"(229, 2330)","(1020, 480)"
"(229, 2070)","(940, 540)"
"(118, 2040)","(890, 610)"
"(307, 2020)","(980, 520)"
"(364, 1610)","(850, 640)"
"(313, 1960)","(960, 530)"
"(91, 1730)","(760, 740)"
"(226, 1900)","(890, 600)"
"(343, 1710)","(890, 610)"
"(22, 2380)","(940, 560)"
"(43, 1790)","(760, 730)"
"(52, 1860)","(790, 700)"
"(121, 2050)","(890, 600)"
"(397, 2440)","(1120, 370)"
"(277, 2300)","(1030, 460)"
"(25, 1500)","(610, 890)"
"(217, 1720)","(820, 680)"
"(52, 1430)","(570, 910)"
"(235, 2190)","(990, 510)"
"(1, 2490)","(960, 540)"
"(1, 2430)","(940, 550)"
"(262, 1860)","(900, 600)"
"(106, 1810)","(800, 700)"
"(106, 2000)","(870, 630)"
"(304, 2220)","(1030, 470)"
"(196, 2520)","(1040, 450)"
"(343, 1890)","(960, 540)"
"(334, 2580)","(1120, 380)"
"(364, 2520)","(1110, 370)"
"(121, 1670)","(740, 750)"
"(205, 2270)","(990, 500)"
"(400, 1480)","(800, 690)"
"(211, 2170)","(960, 520)"
"(79, 1480)","(620, 880)"
"(301, 2360)","(1050, 430)"
"(49, 2180)","(900, 600)"
"(166, 2600)","(1040, 450)"
"(160, 2400)","(990, 490)"
"(172, 2080)","(920, 570)"
"(211, 1690)","(800, 700)"
"(253, 2230)","(1010, 490)"
"(22, 1410)","(550, 950)"
"(316, 2240)","(1030, 450)"
"(217, 2280)","(990, 490)"
"(220, 1650)","(780, 710)"
"(184, 1830)","(850, 650)"
"(67, 2360)","(950, 540)"
"(232, 2370)","(1030, 470)"
"(220, 2120)","(950, 530)"
"(220, 2200)","(980, 510)"
"(373, 1700)","(900, 590)"
"(388, 1550)","(840, 660)"
"(67, 2040)","(860, 630)"
"(346, 1730)","(900, 600)"
"(283, 1760)","(870, 630)"
"(43, 2510)","(980, 520)"
"(109, 1630)","(720, 780)"
"(208, 1680)","(790, 700)"
"(124, 2160)","(930, 570)"
"(193, 2250)","(970, 510)"
"(1, 2550)","(970, 530)"
"(283, 1890)","(920, 570)"
"(166, 2380)","(990, 490)"
"(103, 2010)","(860, 620)"
"(136, 2200)","(940, 550)"
"(127, 1550)","(680, 810)"
"(220, 1870)","(880, 620)"
"(118, 2370)","(980, 520)"
"(142, 2370)","(990, 510)"
"(286, 1890)","(920, 570)"
"(22, 2390)","(930, 550)"
"(64, 1640)","(700, 790)"
"(241, 2360)","(1020, 460)"
"(82, 1980)","(850, 640)"
"(133, 1850)","(830, 670)"
"(109, 1430)","(600, 900)"
"(76, 1490)","(620, 870)"
"(58, 1880)","(800, 690)"
"(208, 2440)","(1000, 450)"
"(202, 2370)","(1010, 480)"
"(139, 1430)","(610, 880)"
"(394, 2380)","(1110, 380)"
"(172, 1480)","(660, 830)"
"(388, 1400)","(740, 760)"
"(10, 2450)","(940, 540)"
"(136, 2080)","(910, 590)"
"(148, 1520)","(680, 820)"
"(184, 1870)","(860, 640)"
"(226, 2530)","(1060, 440)"
"(124, 2480)","(1000, 490)"
"(97, 1780)","(780, 710)"
"(7, 2070)","(850, 650)"
"(247, 1950)","(920, 570)"
"(10, 2080)","(850, 640)"
"(352, 1850)","(950, 550)"
"(358, 2470)","(1100, 380)"
"(385, 1430)","(760, 740)"
"(97, 2290)","(950, 550)"
"(334, 1940)","(970, 530)"
"(349, 1620)","(850, 650)"
"(343, 1530)","(790, 700)"
"(13, 1720)","(720, 780)"
"(259, 2290)","(1020, 470)"
"(376, 2320)","(1100, 400)"
"(244, 2380)","(1040, 460)"
"(151, 2570)","(1030, 460)"
"(67, 2470)","(980, 520)"
"(367, 1430)","(750, 750)"
"(166, 2540)","(1030, 460)"
"(235, 1940)","(910, 580)"
"(397, 2140)","(1060, 430)"
"(163, 1980)","(890, 610)"
"(298, 1810)","(890, 590)"
"(217, 1710)","(810, 680)"
"(244, 2440)","(1050, 450)"
"(295, 2410)","(1070, 430)"
"(301, 2390)","(1070, 430)"
"(196, 2130)","(940, 540)"
"(115, 1720)","(760, 730)"
"(13, 2520)","(970, 530)"
"(388, 2430)","(1130, 370)"
"(175, 2440)","(1020, 480)"
"(199, 2280)","(990, 500)"
"(292, 1650)","(830, 670)"
"(361, 2300)","(1060, 410)"
"(343, 1510)","(780, 710)"
"(76, 2130)","(900, 600)"
"(379, 1510)","(810, 690)"
"(172, 2100)","(920, 560)"
"(391, 1600)","(870, 630)"
"(22, 2200)","(890, 600)"
"(268, 1690)","(830, 660)"
"(94, 1450)","(610, 890)"
"(163, 1420)","(620, 880)"
"(352, 2130)","(1030, 460)"
"(7, 1860)","(770, 720)"
"(181, 2450)","(1010, 470)"
"(331, 1580)","(810, 680)"
"(358, 2050)","(1020, 480)"
"(313, 2000)","(980, 520)"
"(268, 1640)","(810, 690)"
"(232, 1820)","(870, 630)"
"(334, 1830)","(920, 560)"
"(232, 2010)","(930, 560)"
"(256, 1470)","(700, 790)"
"(112, 1640)","(720, 770)"
"(220, 2270)","(990, 490)"
"(373, 2140)","(1050, 450)"
"(28, 2030)","(840, 650)"
"(259, 2180)","(1000, 500)"
"(385, 1530)","(820, 670)"
"(190, 2530)","(1030, 450)"
"(295, 2100)","(990, 500)"
"(271, 1450)","(700, 800)"
"(220, 1740)","(830, 670)"
"(313, 2110)","(1010, 490)"
"(388, 2370)","(1100, 380)"
"(349, 1930)","(970, 520)"
"(97, 2530)","(1000, 490)"
"(283, 1460)","(710, 780)"
"(319, 2050)","(990, 500)"
"(361, 1650)","(870, 630)"
"(160, 1500)","(670, 830)"
"(85, 2230)","(930, 570)"
"(169, 2360)","(1000, 500)"
"(262, 1700)","(830, 660)"
"(313, 1640)","(830, 660)"
"(280, 2360)","(1030, 440)"
"(139, 1640)","(740, 760)"
"(394, 2190)","(1070, 420)"
"(4, 2050)","(840, 660)"
"(298, 2560)","(1100, 400)"
"(361, 1480)","(780, 720)"
"(67, 1540)","(650, 850)"
"(40, 1800)","(760, 730)"
"(1, 1870)","(780, 720)"
"(331, 1570)","(810, 690)"
"(220, 2310)","(1010, 490)"
"(352, 2460)","(1080, 380)"
"(172, 2600)","(1030, 440)"
"(85, 1630)","(710, 790)"
"(97, 2180)","(920, 580)"
"(277, 2180)","(1010, 490)"
"(73, 2520)","(980, 500)"
"(139, 2270)","(960, 530)"
"(199, 1580)","(740, 760)"
"(337, 2520)","(1070, 370)"
"(289, 1450)","(710, 790)"
"(331, 1590)","(820, 680)"
"(274, 2230)","(1020, 480)"
"(37, 2000)","(840, 660)"
"(358, 2310)","(1070, 410)"
"(121, 1590)","(700, 790)"
"(256, 2110)","(980, 520)"
"(238, 2270)","(1010, 490)"
"(241, 1840)","(880, 620)"
"(40, 1590)","(670, 830)"
"(109, 2020)","(880, 620)"
"(241, 1760)","(850, 650)"
"(241, 1830)","(880, 620)"
"(157, 2320)","(980, 510)"
"(283, 1530)","(760, 740)"
"(130, 1530)","(670, 820)"
"(361, 1860)","(960, 540)"
"(241, 2170)","(980, 510)"
"(334, 2480)","(1090, 390)"
"(16, 1410)","(550, 950)"
"(70, 1590)","(680, 820)"
"(157, 1640)","(750, 750)"
"(205, 2300)","(1000, 500)"
"(355, 2380)","(1090, 400)"
"(283, 2410)","(1050, 430)"
"(304, 1840)","(920, 580)"
"(232, 1850)","(880, 620)"
"(367, 2230)","(1070, 430)"
"(25, 1600)","(660, 830)"
"(40, 1470)","(600, 900)"
"(88, 1830)","(800, 700)"
"(259, 1590)","(780, 720)"
"(190, 1440)","(650, 850)"
"(136, 2480)","(1010, 490)"
"(244, 2480)","(1060, 440)"
"(97, 1960)","(850, 640)"
"(316, 2190)","(1030, 470)"
"(283, 1950)","(940, 550)"
"(205, 2590)","(1050, 430)"
"(103, 2060)","(890, 610)"
"(76, 1450)","(600, 900)"
"(304, 2180)","(1010, 470)"
"(193, 1480)","(670, 820)"
"(238, 1790)","(860, 640)"
"(157, 2120)","(920, 560)"
"(244, 2540)","(1070, 430)"
"(334, 2350)","(1080, 420)"
"(262, 1600)","(780, 710)"
"(298, 1680)","(840, 650)"
"(241, 2130)","(970, 520)"
"(94, 1860)","(810, 680)"
"(328, 1620)","(830, 660)"
"(43, 1980)","(830, 660)"
"(244, 2170)","(990, 510)"
"(82, 2480)","(990, 510)"
"(349, 2040)","(1010, 490)"
"(139, 2110)","(920, 580)"
"(358, 2590)","(1130, 370)"
"(52, 1980)","(840, 660)"
"(94, 1740)","(760, 730)"
"(340, 1550)","(800, 690)"
"(229, 1960)","(920, 580)"
"(82, 2270)","(940, 560)"
"(256, 2120)","(980, 520)"
"(91, 1500)","(640, 860)"
"(118, 1460)","(620, 870)"
"(178, 2020)","(900, 580)"
"(4, 1970)","(810, 680)"
"(22, 2310)","(920, 570)"
"(16, 1420)","(550, 940)"
"(163, 2520)","(1030, 470)"
"(64, 1550)","(650, 840)"
"(70, 2260)","(930, 570)"
"(145, 2500)","(1020, 480)"
"(343, 2400)","(1070, 400)"
"(364, 1630)","(860, 630)"
"(19, 1470)","(590, 910)"
"(181, 1850)","(850, 640)"
"(250, 2080)","(960, 530)"
"(64, 1420)","(570, 920)"
"(268, 2270)","(1020, 470)"
"(64, 2540)","(980, 500)"
"(202, 2050)","(920, 560)"
"(250, 2340)","(1020, 460)"
"(172, 1500)","(680, 820)"
"(199, 1710)","(800, 690)"
"(223, 1790)","(850, 650)"
"(22, 1760)","(740, 760)"
"(49, 2340)","(930, 550)"
"(106, 1580)","(690, 810)"
"(28, 2390)","(940, 550)"
"(328, 2570)","(1120, 380)"
"(376, 1540)","(820, 670)"
"(64, 1810)","(780, 720)"
"(208, 1540)","(720, 780)"
"(133, 1920)","(850, 640)"
"(64, 2040)","(860, 630)"
"(40, 2230)","(910, 590)"
"(289, 2230)","(1020, 470)"
"(244, 1470)","(700, 800)"
"(214, 2070)","(940, 550)"
"(262, 1870)","(900, 590)"
"(211, 1720)","(810, 680)"
"(208, 1760)","(830, 670)"
"(271, 2310)","(1030, 460)"
"(202, 1880)","(870, 620)"
"(301, 2020)","(970, 520)"
"(175, 1550)","(710, 790)"
"(10, 2120)","(850, 620)"
"(391, 2060)","(1040, 460)"
"(7, 1490)","(590, 890)"
"(232, 2250)","(990, 490)"
"(16, 2110)","(860, 630)"
"(115, 1510)","(650, 840)"
"(187, 2320)","(1000, 500)"
"(118, 2500)","(1000, 490)"
"(118, 1620)","(720, 780)"
"(295, 2150)","(1010, 490)"
"(235, 1480)","(700, 800)"
"(313, 2400)","(1070, 420)"
"(163, 1490)","(670, 830)"
"(16, 2550)","(970, 520)"
"(283, 1420)","(680, 810)"
"(334, 1980)","(970, 510)"
"(358, 1720)","(900, 600)"
"(64, 1440)","(590, 910)"
"(154, 1740)","(790, 700)"
"(139, 2160)","(930, 560)"
"(322, 1680)","(860, 640)"
"(166, 2500)","(1000, 460)"
"(73, 1470)","(610, 890)"
"(355, 2480)","(1100, 380)"
"(166, 2530)","(1020, 460)"
"(337, 1420)","(720, 780)"
"(328, 2080)","(1010, 490)"
"(196, 2140)","(950, 540)"
"(91, 1450)","(610, 890)"
"(40, 1400)","(550, 950)"
"(190, 1450)","(650, 840)"
"(64, 2240)","(910, 570)"
"(334, 1430)","(720, 770)"
"(91, 2430)","(980, 520)"
"(88, 1520)","(650, 850)"
"(181, 2000)","(900, 590)"
"(58, 1790)","(770, 730)"
"(292, 2490)","(1070, 410)"
"(109, 1510)","(650, 840)"
"(148, 2480)","(1010, 480)"
"(385, 2350)","(1080, 380)"
"(349, 1810)","(930, 560)"
"(361, 1620)","(860, 640)"
"(175, 1570)","(720, 780)"
"(280, 1700)","(840, 650)"
"(145, 1470)","(640, 850)"
"(1, 2480)","(950, 540)"
"(79, 2150)","(900, 590)"
"(313, 1650)","(840, 660)"
"(400, 1980)","(1020, 470)"
"(79, 2420)","(960, 520)"
"(142, 2020)","(890, 600)"
"(64, 2130)","(880, 600)"
"(220, 2360)","(1010, 470)"
"(244, 1800)","(870, 630)"
"(25, 1610)","(670, 830)"
"(106, 1700)","(750, 750)"
"(232, 1760)","(840, 650)"
"(13, 1460)","(580, 920)"
"(67, 1770)","(760, 730)"
"(100, 2470)","(980, 500)"
"(391, 1990)","(1020, 480)"
"(256, 1660)","(810, 690)"
"(376, 2520)","(1120, 360)"
"(97, 1790)","(790, 710)"
"(67, 1910)","(820, 680)"
"(163, 1680)","(770, 730)"
"(67, 1490)","(620, 880)"
"(280, 2370)","(1040, 440)"
"(349, 1900)","(960, 530)"
"(136, 2360)","(980, 510)"
"(298, 2320)","(1040, 440)"
"(199, 2230)","(980, 520)"
"(400, 1430)","(770, 730)"
"(100, 2240)","(940, 560)"
"(112, 2580)","(1020, 480)"
"(361, 1790)","(930, 560)"
"(28, 2010)","(840, 660)"
"(127, 1700)","(760, 740)"
"(295, 2520)","(1070, 400)"
"(322, 1990)","(980, 520)"
"(76, 1870)","(810, 690)"
"(376, 2470)","(1120, 370)"
"(217, 2390)","(1030, 470)"
"(154, 1670)","(760, 740)"
"(76, 1830)","(790, 700)"
"(82, 2550)","(990, 490)"
"(4, 1840)","(770, 730)"
"(238, 1780)","(850, 640)"
"(364, 2100)","(1030, 460)"
"(91, 1750)","(770, 730)"
"(304, 2190)","(1020, 470)"
"(358, 2210)","(1050, 430)"
"(70, 2130)","(890, 600)"
"(37, 1920)","(810, 690)"
"(34, 2160)","(890, 610)"
"(355, 2220)","(1060, 440)"
"(211, 1820)","(860, 640)"
"(61, 2060)","(870, 630)"
"(262, 2570)","(1070, 410)"
"(16, 2050)","(850, 650)"
"(292, 1810)","(900, 600)"
"(373, 1670)","(890, 610)"
"(226, 1710)","(820, 680)"
"(181, 2420)","(1020, 480)"
"(325, 1920)","(960, 540)"
"(115, 1680)","(750, 750)"
"(166, 2090)","(930, 570)"
"(82, 2110)","(890, 600)"
"(79, 2090)","(870, 600)"
"(175, 1890)","(860, 630)"
"(376, 2570)","(1080, 340)"
"(37, 1480)","(600, 890)"
"(166, 1440)","(630, 860)"
"(388, 2320)","(1090, 390)"
"(280, 1540)","(760, 740)"
"(67, 1950)","(830, 660)"
"(211, 1670)","(790, 710)"
"(301, 2070)","(990, 510)"
"(4, 1780)","(740, 750)"
"(10, 2380)","(930, 560)"
"(352, 2400)","(1050, 380)"
"(109, 1550)","(670, 820)"
"(361, 2570)","(1110, 360)"
"(55, 1770)","(760, 740)"
"(220, 1490)","(700, 800)"
"(175, 1660)","(770, 730)"
"(223, 1720)","(820, 680)"
"(295, 2140)","(1010, 490)"
"(61, 2590)","(990, 490)"
"(25, 2090)","(860, 630)"
"(181, 1640)","(760, 740)"
"(265, 2060)","(970, 530)"
"(232, 1960)","(920, 580)"
"(376, 2500)","(1130, 370)"
"(70, 1910)","(820, 670)"
"(88, 1600)","(690, 800)"
"(67, 1760)","(760, 740)"
"(199, 2160)","(950, 530)"
"(115, 1830)","(810, 680)"
"(148, 2390)","(990, 500)"
"(241, 1690)","(820, 680)"
"(34, 1500)","(610, 880)"
"(382, 1820)","(960, 540)"
"(205, 2160)","(960, 530)"
"(229, 1510)","(710, 780)"
"(160, 1610)","(730, 760)"
"(346, 1520)","(790, 710)"
"(10, 2560)","(970, 520)"
"(169, 1420)","(620, 870)"
"(160, 2300)","(980, 520)"
"(388, 1960)","(1010, 490)"
"(205, 1960)","(900, 590)"
"(112, 1560)","(680, 810)"
"(235, 2290)","(1000, 480)"
"(349, 1640)","(860, 640)"
"(73, 1510)","(640, 860)"
"(355, 1590)","(840, 660)"
"(346, 2510)","(1120, 380)"
"(76, 1850)","(800, 690)"
"(70, 1680)","(720, 770)"
"(37, 2070)","(840, 620)"
"(229, 2370)","(1010, 460)"
"(172, 2310)","(990, 510)"
"(130, 2210)","(940, 550)"
"(217, 1860)","(870, 620)"
"(100, 2250)","(940, 560)"
"(265, 2490)","(1070, 430)"
"(115, 2040)","(890, 610)"
"(370, 1680)","(890, 610)"
"(115, 2350)","(960, 520)"
"(298, 2520)","(1050, 390)"
"(370, 2430)","(1090, 380)"
"(202, 1550)","(720, 770)"
"(34, 2370)","(930, 550)"
"(229, 2190)","(980, 510)"
"(175, 2090)","(920, 560)"
"(16, 1710)","(720, 780)"
"(376, 2060)","(1020, 460)"
"(322, 2470)","(1090, 400)"
"(13, 1690)","(700, 790)"
"(388, 1470)","(790, 710)"
"(232, 2520)","(1040, 430)"
"(364, 2340)","(1050, 390)"
"(181, 2010)","(910, 590)"
"(247, 1960)","(930, 570)"
"(127, 1530)","(670, 820)"
"(91, 1660)","(720, 770)"
"(154, 1610)","(730, 770)"
"(211, 1840)","(860, 630)"
"(394, 1450)","(780, 720)"
"(220, 1420)","(650, 850)"
"(34, 1490)","(610, 890)"
"(28, 1680)","(710, 790)"
"(16, 1890)","(790, 710)"
"(121, 1770)","(790, 710)"
"(208, 1960)","(900, 590)"
"(340, 2510)","(1110, 390)"
"(226, 1510)","(710, 790)"
"(19, 1550)","(640, 860)"
"(157, 1610)","(730, 770)"
"(31, 1860)","(790, 710)"
"(127, 2430)","(990, 500)"
"(31, 1640)","(690, 810)"
"(190, 2070)","(920, 560)"
"(385, 1500)","(810, 690)"
"(163, 1520)","(680, 810)"
"(148, 2310)","(980, 520)"
"(94, 1930)","(840, 660)"
"(271, 2410)","(1060, 440)"
"(292, 1610)","(810, 690)"
"(172, 1530)","(690, 800)"
"(163, 1790)","(820, 680)"
"(34, 2590)","(990, 510)"
"(334, 1480)","(760, 740)"
"(4, 2560)","(960, 520)"
"(16, 2140)","(870, 620)"
"(109, 2180)","(920, 570)"
"(67, 2080)","(880, 620)"
"(400, 1760)","(950, 550)"
"(220, 2280)","(1000, 490)"
"(166, 1800)","(820, 670)"
"(16, 1910)","(800, 700)"
"(106, 1640)","(720, 770)"
"(37, 2410)","(950, 540)"
"(136, 1870)","(840, 660)"
"(112, 1770)","(780, 710)"
"(277, 2330)","(1030, 450)"
"(154, 1970)","(880, 610)"
"(88, 2310)","(950, 550)"
"(145, 2160)","(940, 560)"
"(73, 1790)","(780, 720)"
"(88, 2510)","(990, 500)"
"(379, 2480)","(1120, 370)"
"(130, 2000)","(870, 610)"
"(358, 1890)","(970, 530)"
"(373, 2570)","(1140, 360)"
"(286, 1950)","(940, 550)"
"(253, 1990)","(940, 560)"
"(262, 1460)","(700, 800)"
"(274, 2140)","(990, 500)"
"(268, 2560)","(1080, 410)"
"(244, 1450)","(680, 810)"
"(43, 2110)","(880, 620)"
"(115, 2380)","(980, 520)"
"(352, 1610)","(840, 650)"
"(346, 2300)","(1060, 420)"
"(247, 1700)","(820, 670)"
"(343, 1650)","(860, 640)"
"(376, 2050)","(1030, 470)"
"(268, 2450)","(1060, 430)"
"(46, 2390)","(940, 540)"
"(241, 2240)","(1000, 490)"
"(37, 1580)","(660, 840)"
"(55, 1510)","(630, 870)"
"(277, 2460)","(1070, 430)"
"(142, 2480)","(1000, 480)"
"(58, 2090)","(880, 620)"
"(127, 2340)","(970, 520)"
"(145, 2310)","(970, 520)"
"(79, 2340)","(950, 540)"
"(259, 1890)","(910, 590)"
"(298, 2000)","(970, 530)"
"(205, 1420)","(640, 860)"
"(163, 1820)","(830, 670)"
"(52, 2200)","(910, 590)"
"(157, 1700)","(780, 720)"
"(205, 1870)","(870, 620)"
"(367, 1900)","(980, 520)"
"(316, 2170)","(1020, 470)"
"(391, 2480)","(1120, 360)"
"(391, 1580)","(860, 640)"
"(118, 2290)","(960, 540)"
"(253, 1880)","(890, 590)"
"(172, 1550)","(710, 790)"
"(199, 1770)","(830, 670)"
"(154, 1810)","(820, 670)"
"(307, 1870)","(930, 570)"
"(256, 1700)","(830, 670)"
"(88, 2210)","(920, 570)"
"(223, 2260)","(1000, 500)"
"(70, 1980)","(850, 650)"
"(295, 1770)","(880, 610)"
"(229, 2380)","(1030, 470)"
"(157, 1470)","(650, 850)"
"(295, 2260)","(1040, 460)"
"(325, 1990)","(980, 520)"
"(235, 1770)","(850, 650)"
"(325, 2470)","(1090, 400)"
"(121, 2580)","(1010, 470)"
"(160, 1420)","(620, 880)"
"(289, 1540)","(770, 730)"
"(49, 1910)","(810, 680)"
"(61, 2050)","(860, 630)"
"(124, 1800)","(800, 690)"
"(100, 2410)","(980, 520)"
"(160, 2490)","(1010, 470)"
"(157, 1930)","(870, 630)"
"(382, 2440)","(1100, 370)"
"(298, 1840)","(910, 580)"
"(310, 2420)","(1080, 420)"
"(382, 2400)","(1110, 380)"
"(127, 1930)","(850, 640)"
"(196, 1840)","(860, 640)"
"(253, 1870)","(900, 600)"
"(355, 2190)","(1020, 430)"
"(238, 1410)","(650, 850)"
"(391, 2440)","(1130, 370)"
"(274, 1670)","(830, 670)"
"(13, 2140)","(870, 620)"
"(274, 2530)","(1070, 410)"
"(181, 1680)","(780, 720)"
"(28, 2360)","(940, 560)"
"(361, 1590)","(840, 660)"
"(52, 2340)","(930, 550)"
"(385, 1630)","(880, 620)"
"(337, 1890)","(950, 540)"
"(334, 2560)","(1120, 380)"
"(232, 1930)","(910, 590)"
"(55, 2060)","(870, 630)"
"(205, 2070)","(940, 560)"
"(163, 2270)","(970, 520)"
"(319, 1660)","(850, 650)"
"(157, 2500)","(1010, 470)"
"(355, 2270)","(1060, 420)"
"(379, 1410)","(740, 760)"
"(1, 2360)","(930, 570)"
"(196, 2230)","(980, 520)"
"(397, 2310)","(1090, 390)"
"(175, 1540)","(700, 790)"
"(343, 2260)","(1050, 430)"
"(214, 1880)","(880, 620)"
"(241, 1770)","(850, 640)"
"(13, 2100)","(850, 630)"
"(394, 2160)","(1070, 430)"
"(58, 1700)","(730, 770)"
"(316, 1880)","(940, 560)"
"(4, 2010)","(830, 670)"
"(289, 2140)","(1000, 490)"
"(145, 1670)","(760, 740)"
"(229, 1900)","(900, 600)"
"(268, 2490)","(1060, 420)"
"(226, 2200)","(980, 510)"
"(64, 2450)","(970, 520)"
"(16, 2370)","(930, 560)"
"(193, 2450)","(1030, 470)"
"(283, 1880)","(920, 580)"
"(154, 1910)","(860, 640)"
"(301, 2480)","(1080, 410)"
"(283, 1920)","(930, 560)"
"(25, 2440)","(950, 540)"
"(283, 1820)","(900, 600)"
"(247, 1730)","(840, 660)"
"(64, 1410)","(570, 930)"
"(199, 1560)","(730, 770)"
"(19, 1850)","(780, 720)"
"(163, 1880)","(850, 640)"
"(301, 1510)","(750, 740)"
"(94, 1920)","(840, 660)"
"(1, 1620)","(670, 830)"
"(319, 1680)","(860, 640)"
"(10, 2320)","(910, 570)"
"(355, 2320)","(1070, 410)"
"(112, 2080)","(900, 600)"
"(310, 1670)","(850, 650)"
"(190, 2000)","(910, 590)"
"(256, 2130)","(980, 510)"
"(358, 2190)","(1020, 430)"
"(172, 2480)","(1020, 470)"
"(199, 1810)","(840, 650)"
"(286, 1840)","(900, 590)"
"(139, 1750)","(790, 710)"
"(256, 1510)","(730, 770)"
"(274, 2060)","(960, 520)"
"(286, 1480)","(730, 770)"
"(184, 1510)","(690, 810)"
"(343, 2480)","(1100, 390)"
"(337, 2030)","(1000, 500)"
"(313, 2210)","(1030, 460)"
"(379, 1500)","(800, 700)"
"(46, 1720)","(730, 760)"
"(184, 1850)","(850, 640)"
"(331, 1710)","(880, 620)"
"(244, 2410)","(1040, 450)"
"(334, 2420)","(1050, 390)"
"(376, 2130)","(1030, 440)"
"(52, 1900)","(810, 690)"
"(346, 2360)","(1080, 410)"
"(391, 1520)","(820, 670)"
"(220, 1410)","(640, 850)"
"(229, 1530)","(720, 770)"
"(118, 1810)","(800, 690)"
"(319, 2520)","(1100, 400)"
"(382, 2370)","(1080, 380)"
"(187, 1630)","(760, 740)"
"(121, 2250)","(950, 550)"
"(241, 2310)","(1020, 480)"
"(151, 1420)","(610, 880)"
"(313, 2200)","(1020, 460)"
"(49, 2260)","(910, 570)"
"(298, 2200)","(1020, 470)"
"(181, 1460)","(660, 840)"
"(100, 1720)","(760, 740)"
"(391, 2030)","(1020, 460)"
"(142, 2420)","(1000, 500)"
"(283, 1600)","(800, 700)"
"(391, 1440)","(770, 730)"
"(286, 1400)","(670, 820)"
"(193, 1720)","(800, 690)"
"(142, 1530)","(680, 820)"
"(268, 2470)","(1040, 420)"
"(295, 1890)","(930, 570)"
"(127, 2040)","(890, 600)"
"(253, 2530)","(1060, 420)"
"(61, 2430)","(970, 530)"
"(94, 2080)","(890, 610)"
"(286, 2410)","(1060, 430)"
"(16, 1580)","(650, 850)"
"(226, 2090)","(950, 540)"
"(247, 1670)","(810, 690)"
"(259, 2250)","(1010, 480)"
"(181, 1570)","(720, 770)"
"(172, 2040)","(910, 580)"
"(37, 1540)","(640, 860)"
"(70, 1470)","(610, 890)"
"(88, 2450)","(970, 510)"
"(49, 1560)","(650, 840)"
"(160, 1620)","(740, 760)"
"(268, 1590)","(780, 720)"
"(397, 2170)","(1070, 430)"
"(373, 2580)","(1140, 360)"
"(55, 2530)","(980, 510)"
"(355, 2500)","(1120, 380)"
"(136, 1720)","(770, 720)"
"(256, 2170)","(990, 500)"
"(250, 1520)","(730, 770)"
"(301, 2150)","(1000, 480)"
"(331, 2240)","(1040, 440)"
"(325, 2430)","(1090, 410)"
"(118, 2430)","(980, 500)"
"(301, 1400)","(680, 820)"
"(316, 1990)","(970, 520)"
"(337, 2280)","(1060, 430)"
"(271, 2440)","(1050, 430)"
"(139, 1850)","(830, 670)"
"(82, 1640)","(710, 790)"
"(121, 2510)","(1010, 490)"
"(286, 2500)","(1070, 410)"
"(151, 1690)","(770, 730)"
"(277, 2120)","(980, 500)"
"(241, 2550)","(1070, 430)"
"(244, 2240)","(1000, 490)"
"(388, 1920)","(1000, 500)"
"(283, 2310)","(1030, 450)"
"(103, 2340)","(960, 530)"
"(115, 2030)","(880, 610)"
"(91, 2450)","(980, 510)"
"(61, 2020)","(860, 640)"
"(328, 2010)","(990, 510)"
"(346, 1870)","(950, 540)"
"(340, 2150)","(1030, 460)"
"(220, 2480)","(1040, 450)"
"(319, 2100)","(1010, 490)"
"(7, 1670)","(690, 800)"
"(292, 1980)","(960, 540)"
"(331, 1670)","(860, 640)"
"(136, 1940)","(860, 630)"
"(346, 1990)","(990, 500)"
"(160, 1490)","(660, 830)"
"(211, 2280)","(1000, 500)"
"(370, 2280)","(1090, 410)"
"(358, 2550)","(1130, 370)"
"(163, 2390)","(990, 490)"
"(163, 2300)","(970, 510)"
"(184, 1690)","(780, 710)"
"(385, 2530)","(1120, 350)"
"(310, 1760)","(890, 610)"
"(325, 2480)","(1050, 380)"
"(382, 2190)","(1050, 420)"
"(73, 1440)","(590, 900)"
"(256, 1670)","(810, 680)"
"(325, 1640)","(840, 650)"
"(277, 1910)","(930, 570)"
"(298, 1400)","(680, 820)"
"(154, 1980)","(880, 610)"
"(22, 1920)","(800, 690)"
"(85, 2460)","(980, 510)"
"(25, 1400)","(540, 950)"
"(397, 2540)","(1140, 350)"
"(211, 1490)","(690, 810)"
"(319, 1770)","(900, 600)"
"(208, 1980)","(910, 580)"
"(322, 1820)","(920, 580)"
"(211, 1680)","(790, 700)"
"(58, 1900)","(810, 680)"
"(250, 1950)","(920, 570)"
"(178, 1940)","(880, 610)"
"(19, 1960)","(820, 680)"
"(385, 1480)","(790, 700)"
"(19, 1690)","(710, 790)"
"(187, 2060)","(930, 570)"
"(223, 2020)","(930, 560)"
"(382, 1430)","(760, 740)"
"(181, 1450)","(650, 850)"
"(394, 2370)","(1070, 370)"
"(304, 2510)","(1070, 400)"
"(40, 2560)","(990, 510)"
"(355, 2360)","(1090, 410)"
"(109, 1970)","(860, 640)"
"(115, 2390)","(970, 510)"
"(148, 2300)","(970, 520)"
"(355, 2170)","(1050, 450)"
"(172, 1730)","(800, 700)"
"(391, 1960)","(1000, 480)"
"(19, 1890)","(790, 700)"
"(199, 2400)","(1020, 480)"
"(106, 1600)","(700, 800)"
"(391, 2530)","(1120, 350)"
"(370, 1940)","(980, 500)"
"(316, 2260)","(1050, 450)"
"(199, 1490)","(680, 810)"
"(241, 1550)","(740, 750)"
"(139, 2550)","(1020, 470)"
"(364, 1420)","(740, 760)"
"(253, 1860)","(890, 600)"
"(244, 1440)","(680, 820)"
"(214, 1630)","(770, 720)"
"(178, 1640)","(760, 740)"
"(61, 1970)","(840, 660)"
"(121, 1720)","(770, 730)"
"(160, 1750)","(800, 700)"
"(106, 2580)","(1020, 480)"
"(367, 1630)","(860, 630)"
"(109, 2340)","(970, 530)"
"(19, 2250)","(900, 590)"
"(391, 1700)","(910, 580)"
"(7, 1460)","(580, 920)"
"(196, 2170)","(960, 530)"
"(139, 1860)","(830, 660)"
"(313, 2490)","(1080, 400)"
"(70, 2040)","(870, 630)"
"(61, 2550)","(980, 500)"
"(133, 2480)","(1010, 490)"
"(145, 2340)","(970, 510)"
"(343, 2190)","(1040, 450)"
"(103, 1870)","(820, 670)"
"(187, 1840)","(850, 650)"
"(232, 2440)","(1040, 450)"
"(262, 2520)","(1070, 420)"
"(277, 2470)","(1060, 420)"
"(241, 2120)","(960, 520)"
"(112, 2500)","(1000, 490)"
"(106, 2030)","(880, 620)"
"(346, 2110)","(1030, 470)"
"(397, 2040)","(1040, 460)"
"(181, 2590)","(1040, 440)"
"(115, 1650)","(730, 770)"
"(88, 2530)","(1000, 500)"
"(22, 2300)","(910, 570)"
"(310, 1720)","(870, 630)"
"(88, 2460)","(980, 510)"
"(211, 2460)","(1040, 460)"
"(169, 1560)","(710, 790)"
"(367, 1410)","(730, 760)"
"(61, 1820)","(780, 710)"
"(148, 1750)","(790, 700)"
"(277, 1660)","(820, 670)"
"(211, 2480)","(1030, 450)"
"(352, 2020)","(1000, 490)"
"(367, 1780)","(930, 560)"
"(325, 1740)","(890, 610)"
"(49, 2060)","(860, 630)"
"(304, 2490)","(1090, 410)"
"(229, 2200)","(990, 510)"
"(100, 2210)","(930, 570)"
"(172, 1910)","(870, 630)"
"(364, 1480)","(780, 720)"
"(178, 2090)","(920, 560)"
"(259, 1740)","(850, 650)"
"(49, 1700)","(720, 770)"
"(115, 2160)","(920, 570)"
"(352, 1880)","(960, 540)"
"(292, 1730)","(860, 630)"
"(73, 2460)","(980, 520)"
"(226, 2540)","(1050, 430)"
"(325, 2220)","(1030, 450)"
"(346, 1650)","(860, 640)"
"(244, 1900)","(900, 590)"
"(127, 1560)","(690, 810)"
"(31, 1840)","(780, 720)"
"(157, 2520)","(1030, 470)"
"(367, 1450)","(760, 740)"
"(208, 1700)","(800, 690)"
"(196, 1980)","(910, 590)"
"(67, 1870)","(800, 690)"
"(124, 1400)","(590, 910)"
"(262, 2140)","(990, 510)"
"(337, 1750)","(900, 600)"
"(67, 2060)","(860, 620)"
"(268, 1770)","(870, 630)"
"(232, 2360)","(1030, 470)"
"(73, 2510)","(990, 510)"
"(121, 2380)","(970, 510)"
"(247, 2520)","(1020, 410)"
"(253, 1630)","(790, 700)"
"(49, 1740)","(740, 750)"
"(376, 2340)","(1100, 400)"
"(262, 2410)","(1050, 440)"
"(247, 1500)","(720, 780)"
"(385, 2140)","(1060, 440)"
"(175, 2310)","(990, 510)"
"(217, 2370)","(1010, 470)"
"(34, 2180)","(890, 600)"
"(109, 2310)","(960, 540)"
"(310, 1810)","(910, 590)"
"(202, 2290)","(1000, 500)"
"(307, 1730)","(870, 620)"
"(340, 1560)","(810, 690)"
"(52, 1920)","(820, 680)"
"(49, 1660)","(710, 790)"
"(370, 1990)","(1010, 490)"
"(109, 2440)","(990, 510)"
"(259, 2310)","(1030, 470)"
"(1, 1910)","(790, 700)"
"(151, 2050)","(910, 590)"
"(103, 1480)","(630, 870)"
"(91, 1610)","(700, 800)"
"(355, 2300)","(1080, 420)"
"(184, 2060)","(920, 570)"
"(247, 1640)","(790, 700)"
"(115, 2060)","(890, 600)"
"(376, 1950)","(1000, 500)"
"(259, 2120)","(970, 510)"
"(229, 1770)","(840, 650)"
"(70, 1710)","(740, 760)"
"(214, 2330)","(1000, 480)"
"(331, 1490)","(760, 730)"
"(28, 1430)","(560, 920)"
"(94, 1440)","(600, 900)"
"(121, 2120)","(910, 580)"
"(346, 2390)","(1070, 400)"
"(103, 1690)","(740, 750)"
"(172, 2120)","(940, 560)"
"(139, 1740)","(780, 710)"
"(364, 1460)","(760, 730)"
"(325, 1940)","(960, 530)"
"(388, 2030)","(1030, 470)"
"(4, 2060)","(840, 650)"
"(322, 2230)","(1040, 450)"
"(379, 2100)","(1040, 450)"
"(394, 2230)","(1080, 410)"
"(247, 2410)","(1010, 440)"
"(79, 1470)","(610, 880)"
"(376, 1600)","(860, 640)"
"(94, 1970)","(850, 640)"
"(124, 2570)","(1010, 470)"
"(178, 2360)","(990, 490)"
"(106, 2180)","(920, 570)"
"(184, 1410)","(620, 870)"
"(394, 1430)","(770, 730)"
"(184, 2530)","(1040, 460)"
"(259, 2550)","(1080, 420)"
"(172, 2390)","(1000, 490)"
"(385, 1900)","(990, 510)"
"(13, 1770)","(740, 760)"
"(142, 1890)","(850, 650)"
"(355, 2080)","(1020, 470)"
"(337, 1530)","(790, 710)"
"(43, 2280)","(920, 570)"
"(223, 2050)","(940, 550)"
"(82, 2260)","(930, 560)"
"(94, 1950)","(850, 650)"
"(199, 1820)","(850, 650)"
"(31, 1670)","(700, 790)"
"(229, 1730)","(830, 670)"
"(190, 1600)","(740, 750)"
"(328, 2210)","(1030, 450)"
"(238, 2030)","(940, 550)"
"(286, 2210)","(1020, 480)"
"(319, 1450)","(730, 770)"
"(217, 2120)","(960, 540)"
"(235, 1790)","(860, 640)"
"(262, 1560)","(760, 740)"
"(49, 1460)","(590, 900)"
"(211, 1890)","(880, 610)"
"(166, 2240)","(970, 530)"
"(295, 1600)","(800, 690)"
"(235, 1520)","(720, 770)"
"(238, 1420)","(660, 840)"
"(385, 2020)","(1020, 470)"
"(349, 1580)","(830, 670)"
"(343, 2110)","(1020, 470)"
"(88, 2360)","(950, 530)"
"(331, 2410)","(1080, 410)"
"(397, 2180)","(1070, 420)"
"(394, 2060)","(1030, 450)"
"(211, 1640)","(770, 720)"
"(307, 2590)","(1080, 380)"
"(310, 2270)","(1050, 450)"
"(331, 2560)","(1120, 380)"
"(202, 2600)","(1060, 440)"
"(85, 2150)","(910, 590)"
"(145, 2100)","(920, 580)"
"(325, 2390)","(1080, 420)"
"(148, 1720)","(780, 720)"
"(223, 2070)","(950, 550)"
"(334, 1490)","(760, 730)"
"(40, 1890)","(800, 700)"
"(355, 2330)","(1080, 410)"
"(337, 2000)","(980, 500)"
"(193, 2130)","(940, 540)"
"(376, 1500)","(800, 700)"
"(148, 2220)","(950, 540)"
"(184, 1920)","(880, 620)"
"(124, 2550)","(1020, 480)"
"(325, 2440)","(1090, 410)"
"(340, 1520)","(790, 710)"
"(295, 2540)","(1090, 400)"
"(346, 2160)","(1020, 450)"
"(355, 2420)","(1100, 390)"
"(52, 1750)","(750, 750)"
"(67, 1630)","(700, 800)"
"(55, 1930)","(820, 670)"
"(184, 1720)","(800, 700)"
"(265, 2140)","(990, 510)"
"(265, 1970)","(940, 560)"
"(100, 2020)","(870, 620)"
"(400, 2570)","(1130, 340)"
"(331, 2430)","(1080, 400)"
"(154, 2490)","(1020, 480)"
"(241, 1620)","(780, 710)"
"(199, 1670)","(780, 710)"
"(229, 2490)","(1040, 440)"
"(106, 2200)","(930, 570)"
"(310, 2240)","(1020, 450)"
"(322, 1770)","(900, 600)"
"(196, 1740)","(810, 680)"
"(259, 1520)","(740, 760)"
"(322, 2580)","(1080, 370)"
"(49, 2310)","(930, 560)"
"(148, 2490)","(1020, 480)"
"(331, 1720)","(880, 610)"
"(190, 2010)","(910, 580)"
"(319, 2300)","(1050, 440)"
"(229, 2050)","(940, 550)"
"(220, 2160)","(960, 520)"
"(340, 1960)","(980, 520)"
"(100, 2090)","(890, 600)"
"(325, 2100)","(1000, 480)"
"(139, 2540)","(1010, 470)"
"(199, 2220)","(980, 520)"
"(394, 1540)","(840, 660)"
"(85, 1470)","(620, 880)"
"(16, 1980)","(820, 670)"
"(361, 1610)","(850, 650)"
"(25, 1530)","(630, 870)"
"(352, 2150)","(1030, 450)"
"(58, 2020)","(850, 640)"
"(298, 2250)","(1010, 450)"
"(253, 2010)","(940, 550)"
"(211, 2530)","(1020, 430)"
"(67, 2260)","(930, 570)"
"(76, 2160)","(900, 590)"
"(97, 2500)","(1000, 500)"
"(205, 2500)","(1040, 450)"
"(73, 1880)","(810, 680)"
"(37, 2540)","(970, 510)"
"(160, 1630)","(740, 750)"
"(298, 2260)","(1020, 450)"
"(244, 1620)","(780, 710)"
"(97, 2490)","(990, 500)"
"(124, 2230)","(940, 550)"
"(76, 2390)","(960, 530)"
"(259, 2130)","(980, 510)"
"(346, 1450)","(750, 750)"
"(196, 2390)","(1020, 480)"
"(196, 1470)","(670, 830)"
"(319, 2550)","(1080, 380)"
"(292, 1930)","(930, 550)"
"(16, 1510)","(610, 890)"
"(7, 1430)","(560, 940)"
"(43, 1510)","(620, 870)"
"(127, 1450)","(620, 870)"
"(178, 1480)","(670, 830)"
"(358, 1590)","(840, 660)"
"(271, 1610)","(790, 700)"
"(85, 2410)","(960, 520)"
"(19, 1990)","(830, 670)"
"(76, 2250)","(930, 570)"
"(340, 1500)","(770, 720)"
"(304, 1590)","(800, 690)"
"(10, 1600)","(660, 840)"
"(1, 2520)","(960, 530)"
"(334, 1770)","(910, 590)"
"(163, 1970)","(890, 610)"
"(43, 1960)","(830, 670)"
"(37, 2420)","(950, 540)"
"(238, 1530)","(730, 770)"
"(142, 2100)","(920, 580)"
"(151, 1540)","(690, 810)"
"(349, 2200)","(1040, 440)"
"(97, 2020)","(870, 620)"
"(307, 1460)","(730, 770)"
"(358, 1920)","(980, 520)"
"(7, 1900)","(790, 710)"
"(73, 2070)","(880, 620)"
"(220, 2600)","(1070, 430)"
"(355, 2560)","(1130, 370)"
"(277, 1480)","(720, 770)"
"(148, 2080)","(910, 580)"
"(298, 2330)","(1050, 440)"
"(97, 2240)","(940, 560)"
"(358, 1990)","(1000, 500)"
"(193, 2440)","(1020, 470)"
"(157, 1850)","(840, 660)"
"(256, 1490)","(720, 780)"
"(307, 2300)","(1010, 430)"
"(7, 2050)","(840, 650)"
"(169, 1450)","(640, 850)"
"(238, 2070)","(960, 540)"
"(388, 2480)","(1120, 360)"
"(241, 1660)","(800, 690)"
"(46, 2550)","(990, 510)"
"(211, 2570)","(1060, 440)"
"(256, 2150)","(990, 510)"
"(25, 1770)","(750, 750)"
"(199, 2110)","(950, 550)"
"(214, 1600)","(760, 740)"
"(154, 1990)","(890, 610)"
"(322, 1510)","(770, 730)"
"(391, 2240)","(1090, 410)"
"(382, 2530)","(1130, 360)"
"(331, 2330)","(1060, 420)"
"(262, 1470)","(710, 790)"
"(79, 1660)","(720, 780)"
"(244, 2500)","(1050, 430)"
"(331, 1970)","(980, 520)"
"(148, 2590)","(1030, 460)"
"(346, 1950)","(980, 520)"
"(91, 1400)","(570, 920)"
"(43, 1530)","(630, 860)"
"(64, 1860)","(800, 700)"
"(46, 2050)","(860, 640)"
"(79, 1800)","(780, 710)"
"(97, 2300)","(940, 540)"
"(256, 1410)","(660, 830)"
"(343, 2310)","(1040, 410)"
"(394, 2540)","(1150, 350)"
"(265, 2040)","(950, 530)"
"(76, 2560)","(990, 490)"
"(190, 1470)","(670, 830)"
"(70, 2060)","(870, 620)"
"(172, 1900)","(870, 630)"
"(127, 1810)","(810, 690)"
"(271, 1500)","(730, 770)"
"(379, 2120)","(1050, 450)"
"(43, 1730)","(740, 760)"
"(355, 1560)","(820, 680)"
"(121, 2590)","(1020, 470)"
"(139, 2490)","(1000, 480)"
"(277, 2450)","(1070, 430)"
"(46, 1690)","(720, 780)"
"(73, 2130)","(890, 600)"
"(172, 1710)","(790, 710)"
"(94, 1710)","(750, 750)"
"(352, 2480)","(1100, 380)"
"(220, 2320)","(1000, 480)"
"(34, 1970)","(830, 670)"
"(304, 1420)","(700, 800)"
"(43, 1490)","(610, 890)"
"(22, 1480)","(600, 900)"
"(28, 2120)","(870, 620)"
"(241, 2190)","(980, 500)"
"(124, 1790)","(800, 700)"
"(169, 1720)","(790, 710)"
"(175, 1460)","(650, 840)"
"(241, 2430)","(1050, 450)"
"(13, 1540)","(630, 870)"
"(373, 2150)","(1050, 440)"
"(232, 2030)","(930, 550)"
"(169, 2270)","(980, 520)"
"(88, 2160)","(900, 580)"
"(283, 2230)","(1010, 470)"
"(388, 1970)","(980, 470)"
"(49, 2200)","(900, 590)"
"(241, 2280)","(1010, 480)"
"(244, 2000)","(940, 560)"
"(304, 1930)","(950, 550)"
"(262, 1660)","(810, 680)"
"(241, 2090)","(960, 530)"
"(124, 2410)","(990, 510)"
"(388, 2010)","(1020, 470)"
"(139, 1800)","(810, 690)"
"(133, 2360)","(970, 510)"
"(178, 2160)","(940, 540)"
"(64, 2360)","(940, 540)"
"(352, 2420)","(1080, 390)"
"(376, 1840)","(950, 530)"
"(400, 2530)","(1140, 350)"
"(79, 2010)","(860, 640)"
"(268, 2090)","(980, 520)"
"(286, 1970)","(940, 540)"
"(19, 1570)","(650, 850)"
"(103, 2580)","(1010, 480)"
"(292, 1820)","(890, 590)"
"(139, 1570)","(700, 800)"
"(394, 2440)","(1130, 370)"
"(358, 2510)","(1120, 380)"
"(67, 1640)","(700, 790)"
"(70, 1560)","(660, 830)"
"(46, 2370)","(950, 550)"
"(286, 1640)","(820, 680)"
"(85, 2280)","(930, 550)"
"(328, 2060)","(1000, 490)"
"(94, 2450)","(980, 510)"
"(382, 1710)","(910, 580)"
"(19, 1820)","(760, 730)"
"(325, 2050)","(1000, 500)"
"(226, 2550)","(1030, 420)"
"(226, 1660)","(790, 700)"
"(271, 1710)","(840, 650)"
"(136, 1930)","(860, 640)"
"(379, 2220)","(1060, 420)"
"(22, 1590)","(660, 840)"
"(379, 2320)","(1090, 400)"
"(121, 1420)","(600, 900)"
"(325, 1700)","(870, 630)"
"(355, 1990)","(1000, 500)"
"(268, 2360)","(1030, 450)"
"(88, 2110)","(900, 600)"
"(37, 2390)","(950, 550)"
"(298, 1450)","(710, 780)"
"(64, 1770)","(760, 730)"
"(121, 1780)","(790, 700)"
"(73, 1540)","(650, 840)"
"(130, 2260)","(950, 540)"
"(226, 2150)","(970, 520)"
"(325, 1900)","(940, 540)"
"(223, 1740)","(830, 670)"
"(295, 2250)","(1030, 460)"
"(67, 1400)","(560, 930)"
"(211, 1740)","(820, 670)"
"(289, 1700)","(850, 650)"
"(133, 2260)","(960, 540)"
"(307, 1580)","(800, 700)"
"(394, 1890)","(980, 500)"
"(34, 2500)","(960, 520)"
"(52, 1710)","(730, 770)"
"(112, 1730)","(770, 730)"
"(310, 1610)","(820, 680)"
"(133, 2540)","(1020, 480)"
"(379, 2270)","(1080, 410)"
"(13, 2080)","(850, 640)"
"(268, 1530)","(750, 750)"
"(154, 1770)","(810, 690)"
"(259, 1500)","(720, 770)"
"(346, 2050)","(1010, 490)"
"(64, 1940)","(830, 670)"
"(160, 1780)","(810, 680)"
"(259, 2430)","(1050, 440)"
"(76, 2200)","(920, 580)"
"(202, 2270)","(980, 500)"
"(208, 2220)","(970, 510)"
"(229, 1630)","(780, 720)"
"(310, 1950)","(960, 540)"
"(187, 1750)","(810, 680)"
"(82, 1830)","(800, 700)"
"(112, 2050)","(890, 610)"
"(277, 2190)","(1010, 490)"
"(202, 1800)","(840, 650)"
"(19, 2600)","(980, 510)"
"(268, 2600)","(1080, 400)"
"(373, 1750)","(920, 570)"
"(166, 1810)","(830, 670)"
"(322, 1410)","(700, 790)"
"(226, 1850)","(880, 620)"
"(37, 1960)","(820, 670)"
"(340, 2500)","(1090, 380)"
"(139, 2330)","(980, 520)"
"(397, 2520)","(1100, 340)"
"(22, 2590)","(980, 510)"
"(31, 1950)","(820, 680)"
"(16, 1790)","(750, 750)"
"(49, 1770)","(760, 740)"
"(187, 2540)","(1010, 440)"
"(370, 2180)","(1060, 440)"
"(376, 1450)","(770, 730)"
"(76, 2550)","(1000, 500)"
"(220, 2130)","(960, 530)"
"(277, 1880)","(910, 580)"
"(304, 1950)","(950, 540)"
"(151, 2040)","(900, 590)"
"(385, 1650)","(890, 610)"
"(211, 1550)","(730, 770)"
"(382, 1840)","(960, 530)"
"(184, 2310)","(990, 500)"
"(175, 2480)","(1030, 470)"
"(160, 2390)","(1000, 500)"
"(208, 2580)","(1050, 430)"
"(19, 1650)","(690, 810)"
"(193, 1610)","(750, 750)"
"(154, 2380)","(990, 500)"
"(64, 2600)","(1000, 490)"
"(58, 1570)","(660, 830)"
"(205, 1620)","(760, 730)"
"(331, 2500)","(1100, 390)"
"(136, 2460)","(1000, 490)"
"(193, 1640)","(770, 730)"
"(358, 2100)","(1020, 460)"
"(268, 2520)","(1080, 420)"
"(100, 1710)","(750, 740)"
"(301, 2450)","(1080, 420)"
"(127, 2030)","(890, 610)"
"(316, 2330)","(1050, 430)"
"(133, 1780)","(800, 700)"
"(109, 1440)","(610, 890)"
"(13, 1680)","(700, 800)"
"(76, 1960)","(840, 650)"
"(226, 2450)","(1010, 440)"
"(397, 1600)","(870, 630)"
"(67, 1730)","(750, 750)"
"(238, 2230)","(1000, 500)"
"(178, 2180)","(960, 540)"
"(79, 2050)","(870, 620)"
"(214, 1650)","(780, 710)"
"(370, 1960)","(1000, 500)"
"(259, 2580)","(1080, 410)"
"(28, 1670)","(700, 790)"
"(202, 1410)","(630, 860)"
"(160, 2150)","(930, 550)"
"(139, 2470)","(990, 480)"
"(7, 1920)","(800, 700)"
"(235, 1550)","(740, 760)"
"(121, 1730)","(770, 720)"
"(391, 1870)","(970, 510)"
"(334, 2400)","(1060, 400)"
"(298, 1820)","(900, 590)"
"(253, 2390)","(1040, 450)"
"(229, 2560)","(1060, 430)"
"(385, 2480)","(1070, 350)"
"(376, 2360)","(1090, 390)"
"(331, 1520)","(780, 720)"
"(202, 2080)","(930, 550)"
"(196, 1940)","(890, 600)"
"(295, 2390)","(1060, 430)"
"(343, 1810)","(930, 570)"
"(196, 2550)","(1050, 450)"
"(61, 1460)","(600, 900)"
"(385, 1560)","(840, 660)"
"(262, 1530)","(740, 750)"
"(136, 1950)","(870, 630)"
"(352, 2160)","(1030, 450)"
"(103, 2240)","(940, 560)"
"(388, 1580)","(850, 640)"
"(124, 2000)","(880, 620)"
"(349, 2540)","(1100, 370)"
"(25, 2160)","(880, 610)"
"(154, 2470)","(1010, 480)"
"(127, 1960)","(860, 630)"
"(304, 2080)","(990, 500)"
"(61, 2240)","(910, 570)"
"(34, 2280)","(920, 580)"
"(280, 2160)","(1000, 490)"
"(301, 2580)","(1100, 400)"
"(31, 2370)","(930, 550)"
"(400, 1500)","(820, 680)"
"(157, 2280)","(970, 520)"
"(301, 1670)","(840, 650)"
"(124, 2090)","(910, 590)"
"(10, 1990)","(820, 670)"
"(202, 1570)","(730, 760)"
"(124, 2150)","(920, 570)"
"(310, 2500)","(1060, 390)"
"(262, 2320)","(1030, 460)"
"(76, 2110)","(880, 600)"
"(286, 1440)","(700, 800)"
"(64, 2590)","(990, 490)"
"(241, 1670)","(810, 690)"
"(109, 1930)","(850, 650)"
"(145, 1800)","(810, 680)"
"(376, 1980)","(1010, 490)"
"(130, 2480)","(1010, 490)"
"(343, 2220)","(1040, 440)"
"(364, 1690)","(890, 600)"
"(31, 2310)","(930, 570)"
"(271, 2570)","(1090, 410)"
"(67, 1710)","(740, 760)"
"(385, 1590)","(860, 640)"
"(169, 2540)","(1030, 460)"
"(238, 1940)","(910, 580)"
"(7, 1630)","(670, 820)"
"(256, 2220)","(1010, 490)"
"(274, 1980)","(950, 550)"
"(289, 2190)","(1010, 480)"
"(322, 1440)","(720, 770)"
"(58, 2520)","(980, 510)"
"(109, 1900)","(840, 660)"
"(10, 2570)","(980, 520)"
"(148, 2210)","(940, 540)"
"(148, 1420)","(610, 880)"
"(82, 1880)","(820, 680)"
"(388, 2180)","(1050, 420)"
"(238, 2310)","(1020, 480)"
"(7, 1890)","(790, 710)"
"(397, 1830)","(960, 520)"
"(1, 2090)","(850, 640)"
"(175, 1870)","(860, 640)"
"(7, 1470)","(580, 910)"
"(46, 1880)","(800, 700)"
"(388, 1760)","(940, 560)"
"(10, 1420)","(550, 940)"
"(256, 2570)","(1080, 420)"
"(79, 1760)","(770, 730)"
"(319, 1470)","(740, 760)"
"(232, 1550)","(740, 760)"
"(1, 1730)","(720, 780)"
"(397, 2570)","(1100, 330)"
"(271, 1400)","(660, 830)"
"(187, 1920)","(870, 610)"
"(127, 1520)","(670, 830)"
"(271, 1440)","(690, 810)"
"(304, 1610)","(810, 680)"
"(337, 1540)","(800, 700)"
"(316, 2550)","(1100, 390)"
"(151, 2600)","(1020, 450)"
"(154, 1900)","(860, 640)"
"(265, 2330)","(1040, 460)"
"(223, 2390)","(1030, 470)"
"(355, 2400)","(1090, 400)"
"(181, 2520)","(1040, 460)"
"(133, 2030)","(880, 600)"
"(292, 2280)","(1010, 440)"
"(205, 1530)","(710, 780)"
"(79, 1880)","(810, 680)"
"(331, 2220)","(1050, 450)"
"(196, 2080)","(940, 560)"
"(1, 1420)","(550, 950)"
"(19, 2590)","(980, 510)"
"(7, 1550)","(630, 870)"
"(370, 1780)","(930, 560)"
"(112, 1810)","(800, 690)"
"(184, 1470)","(660, 830)"
"(46, 1680)","(710, 780)"
"(379, 2260)","(1080, 410)"
"(115, 1590)","(700, 800)"
"(52, 2130)","(890, 610)"
"(49, 2270)","(920, 570)"
"(235, 1490)","(700, 790)"
"(313, 2450)","(1070, 410)"
"(85, 1650)","(720, 780)"
"(343, 1830)","(940, 560)"
"(238, 1610)","(770, 720)"
"(166, 1430)","(630, 870)"
"(286, 2080)","(980, 510)"
"(82, 1710)","(740, 750)"
"(88, 2290)","(940, 550)"
"(52, 2100)","(880, 620)"
"(103, 1850)","(810, 680)"
"(58, 2050)","(860, 630)"
"(337, 1730)","(890, 600)"
"(217, 1500)","(700, 800)"
"(301, 2030)","(980, 520)"
"(55, 2260)","(920, 570)"
"(202, 2100)","(950, 550)"
"(334, 2410)","(1090, 410)"
"(19, 2020)","(840, 660)"
"(244, 1990)","(930, 560)"
"(4, 1880)","(780, 710)"
"(130, 2320)","(960, 520)"
"(268, 1850)","(900, 600)"
"(301, 1610)","(810, 680)"
"(70, 2410)","(970, 530)"
"(184, 2120)","(940, 550)"
"(223, 1950)","(900, 580)"
"(103, 2480)","(990, 500)"
"(37, 2260)","(910, 580)"
"(181, 2070)","(930, 570)"
"(277, 2150)","(1000, 500)"
"(379, 2400)","(1100, 380)"
"(109, 1760)","(780, 720)"
"(121, 1750)","(780, 720)"
"(271, 1870)","(910, 590)"
"(82, 1480)","(620, 880)"
"(283, 2480)","(1080, 420)"
"(319, 2340)","(1070, 430)"
"(169, 1400)","(610, 890)"
"(268, 1430)","(680, 810)"
"(292, 1740)","(870, 630)"
"(106, 2220)","(930, 560)"
"(391, 2280)","(1100, 400)"
"(241, 1460)","(690, 810)"
"(70, 1520)","(640, 860)"
"(349, 2580)","(1110, 360)"
"(283, 1400)","(670, 830)"
"(307, 1720)","(870, 630)"
"(64, 1400)","(560, 940)"
"(142, 1700)","(770, 730)"
"(88, 1650)","(720, 780)"
"(154, 1420)","(610, 880)"
"(343, 1870)","(940, 540)"
"(166, 2060)","(920, 580)"
"(148, 2010)","(890, 600)"
"(202, 2550)","(1050, 450)"
"(334, 2060)","(1010, 490)"
"(226, 1610)","(770, 730)"
"(361, 1740)","(910, 580)"
"(151, 2180)","(940, 550)"
"(100, 2400)","(980, 520)"
"(82, 1840)","(800, 700)"
"(79, 1410)","(570, 920)"
"(235, 1640)","(790, 710)"
"(283, 1540)","(760, 730)"
"(325, 2290)","(1060, 440)"
"(322, 2410)","(1080, 410)"
"(106, 1450)","(610, 880)"
"(31, 2380)","(940, 550)"
"(241, 2580)","(1050, 410)"
"(199, 1960)","(890, 590)"
"(370, 1470)","(780, 720)"
"(124, 1850)","(820, 670)"
"(67, 1500)","(630, 870)"
"(262, 1830)","(890, 610)"
"(295, 2000)","(960, 530)"
"(298, 2140)","(1010, 490)"
"(277, 1450)","(700, 790)"
"(112, 2340)","(970, 530)"
"(178, 1930)","(870, 610)"
"(199, 1550)","(720, 780)"
"(340, 2160)","(1040, 460)"
"(358, 1960)","(990, 510)"
"(289, 1990)","(960, 540)"
"(238, 1750)","(840, 660)"
"(316, 1490)","(750, 740)"
"(274, 1920)","(930, 570)"
"(244, 1510)","(720, 780)"
"(37, 2230)","(910, 590)"
"(13, 2180)","(880, 610)"
"(127, 1630)","(730, 770)"
"(31, 1900)","(800, 700)"
"(319, 1430)","(710, 780)"
"(163, 1890)","(860, 640)"
"(277, 2490)","(1070, 420)"
"(61, 1670)","(720, 780)"
"(151, 1680)","(760, 730)"
"(34, 1730)","(730, 760)"
"(277, 2360)","(1050, 450)"
"(241, 1540)","(740, 760)"
"(67, 2510)","(990, 510)"
"(184, 2000)","(910, 590)"
"(7, 2360)","(930, 570)"
"(181, 1530)","(700, 800)"
"(241, 1590)","(770, 730)"
"(283, 1470)","(720, 780)"
"(52, 2350)","(940, 550)"
"(217, 2060)","(940, 550)"
"(172, 1590)","(730, 770)"
"(196, 1640)","(770, 730)"
"(247, 2100)","(970, 530)"
"(241, 1720)","(830, 670)"
"(40, 2210)","(900, 590)"
"(340, 1820)","(920, 560)"
"(10, 2110)","(860, 630)"
"(232, 2310)","(990, 470)"
"(220, 2500)","(1050, 450)"
"(238, 1450)","(680, 820)"
"(331, 2510)","(1100, 390)"
"(220, 2460)","(1030, 450)"
"(22, 1660)","(690, 800)"
"(40, 2000)","(840, 660)"
"(316, 1440)","(720, 780)"
"(61, 2510)","(980, 510)"
"(205, 2490)","(1030, 450)"
"(331, 2490)","(1090, 390)"
"(73, 1430)","(580, 910)"
"(199, 2020)","(910, 570)"
"(223, 2250)","(1000, 500)"
"(19, 2480)","(950, 530)"
"(256, 1820)","(880, 620)"
"(340, 1630)","(850, 650)"
"(172, 2110)","(930, 560)"
"(358, 2160)","(1050, 450)"
"(328, 1470)","(750, 750)"
"(208, 2560)","(1040, 430)"
"(283, 1430)","(690, 800)"
"(220, 1700)","(810, 690)"
"(157, 1430)","(620, 870)"
"(190, 2520)","(1030, 450)"
"(217, 1680)","(800, 700)"
"(358, 1750)","(910, 580)"
"(304, 1830)","(910, 580)"
"(187, 2370)","(1010, 490)"
"(91, 1720)","(750, 740)"
"(157, 2140)","(940, 560)"
"(244, 1560)","(750, 750)"
"(91, 2200)","(920, 570)"
"(259, 2280)","(1010, 470)"
"(85, 2510)","(990, 500)"
"(352, 2190)","(1040, 450)"
"(247, 1890)","(900, 590)"
"(262, 2560)","(1070, 410)"
"(172, 2300)","(980, 510)"
"(214, 1830)","(860, 640)"
"(265, 1930)","(930, 570)"
"(394, 2140)","(1030, 420)"
"(238, 2280)","(1000, 480)"
"(382, 2000)","(1020, 480)"
"(385, 2250)","(1070, 410)"
"(187, 2560)","(1050, 450)"
"(262, 1850)","(890, 600)"
"(235, 1410)","(650, 850)"
"(169, 2080)","(920, 570)"
"(166, 2470)","(1020, 480)"
"(274, 1860)","(910, 590)"
"(94, 1790)","(780, 710)"
"(295, 2380)","(1060, 430)"
"(292, 2020)","(970, 530)"
"(373, 1840)","(960, 540)"
"(55, 1900)","(810, 690)"
"(304, 1800)","(890, 590)"
"(205, 1890)","(880, 620)"
"(346, 1550)","(810, 690)"
"(145, 2510)","(1020, 480)"
"(319, 2540)","(1100, 390)"
"(292, 2270)","(1040, 460)"
"(322, 1630)","(830, 660)"
"(67, 1780)","(770, 730)"
"(136, 2390)","(990, 510)"
"(121, 2330)","(970, 530)"
"(70, 1890)","(810, 680)"
"(352, 2080)","(1010, 470)"
"(148, 2570)","(1020, 460)"
"(82, 1820)","(790, 700)"
"(139, 2100)","(920, 580)"
"(388, 1590)","(860, 640)"
"(277, 2400)","(1060, 440)"
"(247, 2120)","(970, 520)"
"(367, 1760)","(920, 570)"
"(91, 1780)","(780, 720)"
"(124, 1760)","(790, 710)"
"(358, 2560)","(1130, 370)"
"(271, 2010)","(950, 540)"
"(43, 1870)","(790, 700)"
"(289, 2380)","(1060, 440)"
"(172, 2330)","(980, 500)"
"(85, 2490)","(990, 510)"
"(139, 1520)","(670, 820)"
"(244, 1400)","(650, 850)"
"(202, 2160)","(960, 530)"
"(40, 1430)","(570, 930)"
"(136, 1490)","(650, 840)"
"(355, 1660)","(870, 620)"
"(7, 2270)","(910, 590)"
"(7, 1850)","(770, 720)"
"(385, 2220)","(1080, 420)"
"(349, 1690)","(880, 610)"
"(85, 1710)","(750, 750)"
"(1, 1690)","(700, 800)"
"(358, 2250)","(1070, 430)"
"(112, 1710)","(760, 740)"
"(46, 2430)","(950, 530)"
"(181, 1690)","(780, 710)"
"(67, 2030)","(860, 630)"
"(112, 2130)","(910, 580)"
"(145, 2250)","(960, 540)"
"(7, 1420)","(550, 950)"
"(46, 2180)","(900, 600)"
"(367, 1920)","(980, 510)"
"(274, 1840)","(900, 600)"
"(175, 1730)","(800, 700)"
"(223, 2040)","(940, 560)"
"(241, 2320)","(1010, 470)"
"(343, 1860)","(950, 550)"
"(313, 1900)","(940, 550)"
"(136, 1410)","(600, 900)"
"(37, 1770)","(750, 740)"
"(229, 1910)","(900, 600)"
"(190, 1760)","(820, 680)"
"(46, 1550)","(650, 850)"
"(4, 1630)","(670, 820)"
"(292, 1530)","(760, 730)"
"(31, 1820)","(770, 730)"
"(253, 1590)","(770, 720)"
"(355, 2390)","(1090, 400)"
"(25, 2330)","(930, 570)"
"(217, 1850)","(870, 630)"
"(199, 1980)","(910, 590)"
"(217, 2410)","(1020, 460)"
"(7, 1600)","(660, 840)"
"(4, 2540)","(970, 530)"
"(25, 2260)","(900, 580)"
"(10, 2550)","(960, 520)"
"(211, 1400)","(630, 870)"
"(274, 1420)","(680, 820)"
"(181, 2410)","(1010, 480)"
"(277, 2160)","(990, 490)"
"(31, 1790)","(760, 740)"
"(376, 1580)","(840, 650)"
"(304, 1740)","(880, 620)"
"(19, 1750)","(730, 760)"
"(43, 2520)","(980, 520)"
"(73, 1730)","(750, 750)"
"(385, 1810)","(960, 540)"
"(70, 1870)","(810, 690)"
"(208, 1800)","(850, 650)"
"(286, 1520)","(750, 740)"
"(127, 1650)","(740, 760)"
"(235, 2310)","(1020, 480)"
"(151, 1970)","(870, 610)"
"(88, 1780)","(780, 720)"
"(271, 1820)","(890, 610)"
"(139, 2510)","(1020, 480)"
"(163, 1480)","(660, 840)"
"(250, 2400)","(1040, 450)"
"(157, 1460)","(640, 850)"
"(100, 2040)","(880, 620)"
"(157, 1790)","(820, 680)"
"(130, 2300)","(960, 530)"
"(343, 2380)","(1080, 410)"
"(265, 2450)","(1030, 420)"
"(343, 2150)","(1030, 460)"
"(4, 2360)","(930, 570)"
"(115, 1580)","(690, 800)"
"(388, 1500)","(810, 690)"
"(130, 1970)","(870, 630)"
"(103, 1700)","(750, 750)"
"(364, 2580)","(1140, 360)"
"(130, 1460)","(630, 870)"
"(376, 2440)","(1080, 370)"
"(178, 1490)","(670, 820)"
"(280, 1610)","(800, 700)"
"(184, 2560)","(1040, 450)"
"(265, 2390)","(1050, 450)"
"(100, 2200)","(930, 570)"
"(208, 2450)","(1030, 460)"
"(118, 1690)","(750, 740)"
"(322, 2070)","(990, 490)"
"(379, 1570)","(840, 650)"
"(193, 1420)","(630, 860)"
"(223, 1400)","(640, 860)"
"(343, 1620)","(840, 650)"
"(28, 1800)","(760, 740)"
"(292, 2170)","(1000, 480)"
"(16, 1730)","(720, 770)"
"(307, 2140)","(1000, 480)"
"(52, 2260)","(920, 570)"
"(310, 2200)","(1030, 470)"
"(202, 2430)","(1030, 470)"
"(211, 2030)","(930, 570)"
"(61, 1710)","(730, 760)"
"(88, 2170)","(910, 580)"
"(247, 1800)","(870, 630)"
"(364, 2180)","(1030, 430)"
"(199, 1640)","(770, 730)"
"(52, 2170)","(900, 600)"
"(316, 1580)","(800, 690)"
"(235, 2050)","(950, 550)"
"(187, 2030)","(920, 580)"
"(247, 1450)","(680, 810)"
"(358, 1680)","(880, 610)"
"(379, 1740)","(920, 570)"
"(19, 1420)","(550, 930)"
"(256, 2070)","(960, 530)"
"(160, 2360)","(990, 500)"
"(118, 1850)","(820, 680)"
"(79, 1540)","(660, 840)"
"(235, 2100)","(960, 530)"
"(196, 1570)","(730, 770)"
"(394, 2590)","(1150, 340)"
"(205, 1780)","(840, 660)"
"(244, 1880)","(900, 600)"
"(163, 2590)","(1030, 450)"
"(133, 2250)","(950, 540)"
"(25, 2080)","(860, 640)"
"(217, 2140)","(960, 530)"
"(19, 2380)","(940, 560)"
"(340, 1610)","(840, 660)"
"(175, 2270)","(980, 520)"
"(271, 2330)","(1040, 460)"
"(103, 2280)","(950, 550)"
"(172, 1990)","(900, 600)"
"(250, 2000)","(930, 550)"
"(208, 1730)","(820, 680)"
"(115, 2550)","(1010, 480)"
"(61, 2150)","(890, 600)"
"(313, 2330)","(1050, 430)"
"(340, 2520)","(1070, 370)"
"(16, 1850)","(770, 720)"
"(40, 2410)","(950, 540)"
"(25, 2290)","(920, 580)"
"(310, 1840)","(920, 580)"
"(103, 2230)","(940, 560)"
"(301, 1430)","(700, 790)"
"(223, 1410)","(640, 850)"
"(259, 1420)","(670, 830)"
"(295, 1800)","(890, 600)"
"(373, 1500)","(800, 700)"
"(364, 1910)","(980, 520)"
"(361, 2030)","(1010, 480)"
"(277, 1860)","(910, 590)"
"(247, 1940)","(920, 580)"
"(232, 1860)","(880, 610)"
"(355, 2030)","(1000, 480)"
"(253, 1730)","(840, 660)"
"(85, 1540)","(660, 840)"
"(340, 2200)","(1050, 450)"
"(58, 2540)","(990, 510)"
"(301, 1460)","(720, 770)"
"(205, 2230)","(980, 510)"
"(250, 2380)","(1040, 460)"
"(325, 2380)","(1080, 420)"
"(334, 1970)","(980, 520)"
"(334, 1680)","(870, 630)"
"(31, 1930)","(810, 680)"
"(70, 2320)","(940, 550)"
"(88, 1960)","(850, 650)"
"(31, 2390)","(940, 550)"
"(397, 2090)","(1040, 440)"
"(361, 2230)","(1060, 430)"
"(154, 1870)","(850, 650)"
"(382, 1620)","(870, 630)"
"(139, 2370)","(990, 510)"
"(208, 1870)","(870, 620)"
"(172, 2180)","(950, 540)"
"(373, 1950)","(1000, 500)"
"(178, 1430)","(630, 860)"
"(337, 2250)","(1060, 440)"
"(187, 1850)","(850, 640)"
"(187, 1650)","(770, 730)"
"(364, 1810)","(940, 550)"
"(43, 2040)","(850, 640)"
"(49, 2390)","(950, 540)"
"(271, 2210)","(1000, 480)"
"(190, 2140)","(940, 540)"
"(1, 1540)","(620, 870)"
"(88, 1530)","(650, 840)"
"(283, 1450)","(710, 790)"
"(358, 2170)","(1030, 440)"
"(307, 1780)","(890, 600)"
"(61, 1500)","(620, 870)"
"(10, 2240)","(900, 600)"
"(319, 2440)","(1090, 410)"
"(43, 1700)","(720, 770)"
"(112, 2330)","(960, 530)"
"(340, 1990)","(990, 510)"
"(31, 1600)","(670, 830)"
"(115, 1420)","(600, 900)"
"(190, 1940)","(890, 610)"
"(22, 2050)","(850, 650)"
"(208, 1950)","(900, 590)"
"(385, 2520)","(1140, 360)"
"(112, 1430)","(600, 890)"
"(382, 1610)","(860, 630)"
"(220, 1540)","(730, 770)"
"(223, 1690)","(810, 690)"
"(280, 2150)","(990, 490)"
"(385, 1990)","(1020, 480)"
"(160, 1860)","(840, 650)"
"(316, 2250)","(1040, 450)"
"(25, 2410)","(950, 550)"
"(223, 2010)","(930, 570)"
"(28, 1860)","(780, 710)"
"(388, 2070)","(1030, 450)"
"(133, 1990)","(880, 620)"
"(7, 2500)","(950, 530)"
"(193, 2540)","(1040, 450)"
"(283, 1610)","(800, 700)"
"(241, 2380)","(1030, 460)"
"(28, 2530)","(970, 520)"
"(307, 2510)","(1100, 400)"
"(1, 1900)","(790, 710)"
"(199, 2180)","(970, 530)"
"(349, 2570)","(1060, 350)"
"(340, 1700)","(880, 620)"
"(253, 2380)","(1030, 450)"
"(331, 2570)","(1120, 380)"
"(28, 2060)","(850, 640)"
"(325, 2080)","(1010, 490)"
"(55, 2450)","(970, 530)"
"(232, 1560)","(740, 750)"
"(142, 1770)","(800, 700)"
"(76, 2380)","(950, 530)"
"(286, 1730)","(860, 640)"
"(202, 1770)","(830, 670)"
"(343, 1690)","(880, 620)"
"(49, 2070)","(870, 630)"
"(112, 1970)","(860, 630)"
"(256, 1600)","(780, 720)"
"(181, 1830)","(840, 650)"
"(220, 2350)","(1020, 480)"
"(52, 1440)","(580, 910)"
"(340, 1530)","(790, 700)"
"(214, 1850)","(870, 630)"
"(178, 2490)","(1030, 470)"
"(118, 2390)","(970, 510)"
"(64, 2460)","(970, 520)"
"(79, 1510)","(640, 860)"
"(319, 1540)","(780, 710)"
"(187, 1740)","(810, 690)"
"(367, 2360)","(1100, 400)"
"(220, 2430)","(1010, 450)"
"(364, 1850)","(960, 540)"
"(271, 2520)","(1080, 420)"
"(193, 2310)","(1000, 500)"
"(85, 1770)","(770, 720)"
"(319, 1960)","(970, 530)"
"(148, 1710)","(780, 720)"
"(382, 2070)","(1040, 460)"
"(175, 2390)","(1010, 490)"
"(61, 1800)","(770, 720)"
"(100, 2440)","(980, 510)"
"(319, 2250)","(1050, 450)"
"(400, 2270)","(1100, 400)"
"(13, 1970)","(820, 680)"
"(115, 2360)","(970, 520)"
"(232, 2060)","(950, 550)"
"(91, 1710)","(750, 750)"
"(346, 2020)","(990, 490)"
"(49, 2040)","(860, 640)"
"(34, 2250)","(910, 580)"
"(262, 2220)","(1010, 490)"
"(307, 2430)","(1010, 390)"
"(4, 2100)","(860, 640)"
"(292, 2450)","(1070, 420)"
"(109, 2300)","(960, 540)"
"(292, 2050)","(980, 520)"
"(148, 2100)","(910, 570)"
"(130, 2600)","(1030, 470)"
"(244, 1940)","(920, 580)"
"(13, 2150)","(860, 610)"
"(115, 1730)","(770, 730)"
"(247, 1460)","(690, 810)"
"(193, 2320)","(1000, 500)"
"(193, 1540)","(710, 790)"
"(343, 2350)","(1070, 410)"
"(151, 1710)","(780, 720)"
"(100, 2270)","(940, 550)"
"(196, 1760)","(820, 670)"
"(259, 1940)","(930, 570)"
"(190, 2050)","(920, 570)"
"(157, 2090)","(910, 570)"
"(172, 1450)","(640, 850)"
"(256, 2040)","(960, 540)"
"(148, 2070)","(900, 580)"
"(175, 2200)","(950, 530)"
"(40, 2150)","(890, 610)"
"(397, 2590)","(1150, 340)"
"(160, 2120)","(920, 560)"
"(199, 2200)","(970, 520)"
"(322, 2240)","(1020, 440)"
"(274, 1460)","(710, 790)"
"(205, 1440)","(650, 840)"
"(82, 2380)","(960, 530)"
"(346, 1780)","(920, 580)"
"(178, 1860)","(850, 640)"
"(214, 1900)","(890, 610)"
"(166, 1960)","(880, 610)"
"(211, 1610)","(760, 740)"
"(82, 2070)","(870, 610)"
"(241, 2420)","(1020, 440)"
"(385, 1600)","(860, 630)"
"(151, 2110)","(920, 570)"
"(316, 1710)","(870, 630)"
"(136, 1840)","(830, 670)"
"(361, 2130)","(1030, 450)"
"(70, 1650)","(710, 790)"
"(358, 2450)","(1090, 380)"
"(145, 2240)","(960, 540)"
"(130, 2280)","(950, 530)"
"(64, 1840)","(790, 700)"
"(289, 2170)","(1000, 480)"
"(391, 2190)","(1060, 420)"
"(85, 1810)","(790, 710)"
"(52, 2030)","(850, 640)"
"(1, 1650)","(680, 820)"
"(343, 2230)","(1050, 440)"
"(181, 1510)","(690, 810)"
"(208, 1820)","(850, 640)"
"(259, 2540)","(1070, 420)"
"(154, 1860)","(840, 650)"
"(91, 1980)","(860, 640)"
"(76, 1660)","(720, 780)"
"(58, 2340)","(940, 550)"
"(373, 2130)","(1030, 440)"
"(70, 1530)","(650, 850)"
"(256, 1630)","(790, 700)"
"(202, 2200)","(970, 520)"
"(388, 1610)","(870, 630)"
"(247, 2080)","(960, 530)"
"(355, 1630)","(860, 640)"
"(379, 2210)","(1040, 410)"
"(370, 1860)","(960, 530)"
"(139, 2040)","(900, 600)"
"(196, 2300)","(1000, 500)"
"(58, 1680)","(720, 780)"
"(367, 1730)","(910, 590)"
"(379, 1980)","(1010, 490)"
"(175, 2070)","(920, 570)"
"(142, 1660)","(750, 750)"
"(325, 1800)","(910, 580)"
"(259, 2100)","(970, 520)"
"(178, 2060)","(920, 570)"
"(313, 1570)","(800, 700)"
"(13, 1610)","(670, 830)"
"(364, 1440)","(750, 750)"
"(382, 2410)","(1110, 380)"
"(160, 2180)","(950, 550)"
"(109, 1950)","(850, 640)"
"(43, 2400)","(950, 540)"
"(58, 2100)","(880, 620)"
"(331, 2450)","(1090, 400)"
"(184, 1940)","(890, 610)"
"(121, 2520)","(1000, 480)"
"(16, 2020)","(840, 660)"
"(226, 2240)","(1000, 500)"
"(10, 1680)","(700, 800)"
"(85, 2040)","(870, 620)"
"(352, 1820)","(940, 560)"
"(349, 1600)","(840, 660)"
"(226, 2060)","(950, 550)"
"(196, 1910)","(880, 610)"
"(391, 2370)","(1110, 380)"
"(214, 1870)","(880, 620)"
"(328, 1420)","(710, 780)"
"(94, 1980)","(860, 640)"
"(181, 2380)","(990, 480)"
"(202, 2010)","(920, 580)"
"(34, 2380)","(940, 550)"
"(196, 2560)","(1040, 440)"
"(343, 1800)","(920, 570)"
"(19, 2060)","(850, 650)"
"(37, 2180)","(890, 600)"
"(253, 2520)","(1050, 420)"
"(289, 1900)","(930, 570)"
"(145, 2550)","(1020, 470)"
"(13, 2360)","(920, 560)"
"(367, 2260)","(1070, 420)"
"(91, 1760)","(770, 730)"
"(337, 2360)","(1080, 420)"
"(46, 2270)","(920, 570)"
"(79, 2160)","(910, 590)"
"(355, 2490)","(1080, 370)"
"(118, 2080)","(890, 590)"
"(22, 1830)","(770, 730)"
"(247, 2140)","(970, 510)"
"(370, 2420)","(1110, 390)"
"(394, 1650)","(890, 600)"
"(250, 2060)","(960, 540)"
"(286, 2540)","(1090, 410)"
"(151, 2000)","(880, 600)"
"(223, 2410)","(1030, 460)"
"(355, 2350)","(1080, 410)"
"(187, 2130)","(950, 550)"
"(97, 1720)","(760, 740)"
"(214, 1960)","(910, 590)"
"(352, 1680)","(880, 620)"
"(340, 1780)","(910, 580)"
"(175, 1960)","(890, 610)"
"(79, 2100)","(890, 610)"
"(145, 2320)","(980, 520)"
"(223, 2100)","(960, 540)"
"(148, 1950)","(870, 620)"
"(193, 1710)","(800, 700)"
"(103, 2180)","(920, 570)"
"(127, 2290)","(950, 530)"
"(397, 2270)","(1100, 400)"
"(4, 1730)","(720, 780)"
"(136, 2030)","(890, 600)"
"(166, 1930)","(870, 620)"
"(136, 2090)","(900, 580)"
"(67, 1900)","(820, 680)"
"(343, 2210)","(1040, 440)"
"(199, 2260)","(990, 510)"
"(301, 1550)","(780, 720)"
"(247, 2090)","(970, 530)"
"(91, 1410)","(580, 920)"
"(304, 2270)","(1040, 450)"
"(349, 1660)","(870, 630)"
"(34, 1410)","(550, 940)"
"(358, 1730)","(900, 590)"
"(286, 2280)","(1040, 460)"
"(283, 2070)","(980, 520)"
"(43, 2420)","(960, 540)"
"(154, 1920)","(860, 630)"
"(322, 1700)","(870, 630)"
"(133, 1960)","(870, 630)"
"(325, 1500)","(760, 730)"
"(310, 2120)","(1010, 490)"
"(25, 1700)","(710, 780)"
"(73, 1970)","(840, 650)"
"(127, 2080)","(900, 590)"
"(286, 2300)","(1040, 460)"
"(388, 1450)","(770, 720)"
"(388, 2130)","(1030, 430)"
"(379, 2070)","(1030, 460)"
"(166, 1680)","(770, 730)"
"(379, 2590)","(1100, 340)"
"(157, 2430)","(1010, 490)"
"(163, 1990)","(890, 600)"
"(274, 2170)","(1000, 490)"
"(7, 2590)","(980, 520)"
"(358, 2390)","(1090, 400)"
"(127, 1430)","(610, 890)"
"(238, 2480)","(1050, 440)"
"(313, 2440)","(1050, 400)"
"(337, 2380)","(1050, 400)"
"(274, 2300)","(1030, 460)"
"(46, 2040)","(860, 640)"
"(307, 1690)","(850, 640)"
"(199, 1540)","(710, 780)"
"(304, 1680)","(850, 650)"
"(76, 2500)","(990, 510)"
"(298, 1710)","(860, 640)"
"(121, 2010)","(880, 620)"
"(304, 2370)","(1060, 430)"
"(352, 2430)","(1090, 390)"
"(136, 1900)","(850, 650)"
"(364, 1720)","(900, 590)"
"(67, 1430)","(580, 910)"
"(25, 2220)","(890, 590)"
"(238, 1520)","(720, 770)"
"(367, 1500)","(790, 700)"
"(265, 2090)","(980, 520)"
"(118, 2150)","(910, 570)"
"(277, 1840)","(890, 590)"
"(211, 2060)","(940, 560)"
"(295, 1440)","(710, 790)"
"(289, 2490)","(1070, 410)"
"(361, 1400)","(720, 780)"
"(148, 1610)","(730, 770)"
"(64, 1660)","(710, 780)"
"(40, 1530)","(630, 860)"
"(322, 2320)","(1060, 430)"
"(43, 1840)","(780, 710)"
"(232, 2580)","(1030, 410)"
"(55, 1710)","(730, 760)"
"(193, 1860)","(860, 630)"
"(292, 1410)","(680, 810)"
"(28, 1550)","(640, 860)"
"(400, 1790)","(960, 540)"
"(73, 1600)","(690, 810)"
"(193, 2010)","(910, 580)"
"(151, 2490)","(1000, 470)"
"(370, 1930)","(990, 510)"
"(193, 1600)","(740, 750)"
"(1, 1890)","(780, 710)"
"(361, 1520)","(800, 700)"
"(322, 2440)","(1090, 410)"
"(55, 1570)","(660, 830)"
"(331, 2390)","(1070, 410)"
"(97, 2590)","(1010, 480)"
"(52, 2230)","(910, 580)"
"(82, 1500)","(630, 860)"
"(157, 2490)","(1020, 480)"
"(367, 2150)","(1050, 450)"
"(79, 1860)","(810, 690)"
"(187, 1520)","(700, 800)"
"(73, 2310)","(940, 550)"
"(139, 1600)","(720, 780)"
"(136, 2010)","(890, 610)"
"(316, 2380)","(1060, 420)"
"(103, 2470)","(990, 500)"
"(22, 2500)","(970, 530)"
"(79, 2570)","(1000, 490)"
"(292, 2510)","(1080, 410)"
"(7, 1790)","(750, 750)"
"(214, 2310)","(1010, 490)"
"(166, 1740)","(800, 700)"
"(25, 1940)","(810, 680)"
"(202, 1780)","(830, 660)"
"(247, 2470)","(1050, 440)"
"(43, 2150)","(890, 610)"
"(295, 2530)","(1080, 400)"
"(340, 1590)","(830, 670)"
"(31, 2470)","(960, 530)"
"(304, 1450)","(720, 780)"
"(274, 2460)","(1070, 430)"
"(190, 2230)","(980, 520)"
"(157, 2470)","(1020, 480)"
"(226, 2260)","(990, 490)"
"(334, 1750)","(900, 600)"
"(34, 1470)","(590, 900)"
"(325, 1490)","(760, 740)"
"(190, 1830)","(850, 650)"
"(82, 2450)","(980, 520)"
"(10, 2470)","(950, 540)"
"(379, 2170)","(1050, 430)"
"(166, 2300)","(970, 510)"
"(262, 2400)","(1050, 450)"
"(94, 2310)","(950, 540)"
"(190, 1590)","(740, 760)"
"(313, 1420)","(700, 790)"
"(340, 2540)","(1110, 380)"
"(235, 2200)","(990, 510)"
"(325, 2490)","(1050, 380)"
"(124, 1950)","(860, 640)"
"(259, 1750)","(850, 640)"
"(70, 1670)","(720, 780)"
"(238, 1710)","(820, 670)"
"(145, 1410)","(600, 890)"
"(256, 1940)","(920, 570)"
"(367, 2100)","(1040, 460)"
"(193, 2030)","(910, 570)"
"(382, 1850)","(970, 530)"
"(67, 1590)","(680, 820)"
"(337, 1780)","(910, 580)"
"(211, 1730)","(820, 680)"
"(121, 1900)","(840, 660)"
"(16, 2460)","(950, 540)"
"(127, 2330)","(960, 520)"
"(178, 2310)","(990, 510)"
"(1, 1450)","(570, 930)"
"(79, 2210)","(910, 570)"
"(337, 1820)","(930, 570)"
"(79, 2530)","(990, 500)"
"(304, 2540)","(1090, 400)"
"(160, 2370)","(990, 500)"
"(181, 1600)","(740, 760)"
"(340, 2550)","(1100, 380)"
"(385, 2410)","(1120, 380)"
"(358, 2140)","(1030, 450)"
"(268, 1450)","(700, 800)"
"(16, 1930)","(800, 690)"
"(142, 2190)","(940, 550)"
"(37, 2440)","(960, 540)"
"(187, 2120)","(940, 550)"
"(238, 1980)","(930, 570)"
"(154, 2390)","(1000, 500)"
"(400, 1780)","(950, 540)"
"(76, 2310)","(940, 550)"
"(130, 2570)","(1020, 470)"
"(94, 1800)","(790, 710)"
"(202, 2520)","(1050, 450)"
"(385, 2050)","(1030, 460)"
"(163, 2350)","(980, 500)"
"(97, 2440)","(980, 510)"
"(223, 2480)","(1050, 450)"
"(169, 2500)","(1030, 470)"
"(253, 2290)","(1010, 470)"
"(196, 2410)","(1010, 470)"
"(31, 2430)","(950, 540)"
"(187, 2510)","(1040, 460)"
"(49, 1970)","(830, 660)"
"(133, 1490)","(650, 850)"
"(4, 1710)","(710, 790)"
"(400, 1580)","(860, 630)"
"(70, 1610)","(690, 810)"
"(319, 2270)","(1040, 440)"
"(379, 1820)","(950, 540)"
"(64, 2480)","(980, 520)"
"(400, 2110)","(1060, 440)"
"(217, 1730)","(820, 680)"
"(385, 1790)","(950, 550)"
"(136, 1730)","(780, 720)"
"(133, 1900)","(850, 650)"
"(385, 1940)","(990, 490)"
"(253, 1570)","(760, 740)"
"(112, 2410)","(980, 510)"
"(40, 2240)","(900, 580)"
"(217, 2340)","(1010, 480)"
"(46, 2090)","(850, 610)"
"(160, 1450)","(640, 860)"
"(64, 1450)","(590, 900)"
"(100, 1780)","(780, 710)"
"(73, 1680)","(730, 770)"
"(262, 1900)","(910, 580)"
"(16, 1830)","(770, 730)"
"(76, 1750)","(760, 740)"
"(220, 2470)","(1040, 450)"
"(97, 2540)","(1000, 490)"
"(67, 1420)","(570, 910)"
"(139, 2080)","(900, 580)"
"(226, 1810)","(860, 640)"
"(259, 1790)","(870, 630)"
"(145, 2330)","(980, 520)"
"(184, 1570)","(720, 770)"
"(181, 1670)","(770, 720)"
"(235, 1560)","(750, 750)"
"(49, 2140)","(890, 610)"
"(397, 2070)","(1050, 450)"
"(346, 2400)","(1090, 400)"
"(196, 1700)","(800, 700)"
"(169, 2530)","(1030, 460)"
"(106, 1460)","(620, 880)"
"(334, 1730)","(890, 610)"
"(43, 2020)","(850, 650)"
"(208, 2410)","(1030, 470)"
"(298, 1910)","(940, 560)"
"(388, 2160)","(1060, 430)"
"(208, 2170)","(970, 530)"
"(130, 2400)","(990, 510)"
"(46, 1580)","(660, 830)"
"(163, 2040)","(910, 590)"
"(16, 1530)","(620, 870)"
"(124, 2450)","(1000, 500)"
"(46, 1480)","(610, 890)"
"(88, 1550)","(670, 830)"
"(241, 1470)","(690, 800)"
"(127, 2500)","(1010, 490)"
"(91, 2150)","(910, 590)"
"(136, 1450)","(630, 870)"
"(151, 2300)","(970, 520)"
"(160, 2330)","(990, 510)"
"(400, 2380)","(1120, 380)"
"(181, 2360)","(1000, 490)"
"(244, 1720)","(830, 660)"
"(19, 2220)","(900, 600)"
"(334, 2380)","(1080, 410)"
"(166, 2220)","(950, 530)"
"(253, 2280)","(1020, 480)"
"(232, 2400)","(1030, 460)"
"(151, 2350)","(990, 510)"
"(382, 2310)","(1090, 400)"
"(364, 1780)","(930, 570)"
"(118, 2140)","(920, 580)"
"(148, 2190)","(940, 550)"
"(352, 1710)","(890, 600)"
"(106, 2050)","(880, 610)"
"(301, 2080)","(990, 500)"
"(208, 1450)","(660, 830)"
"(391, 2250)","(1080, 410)"
"(136, 2430)","(1000, 500)"
"(220, 2140)","(970, 530)"
"(88, 2340)","(960, 540)"
"(115, 1450)","(620, 880)"
"(358, 2000)","(1000, 490)"
"(79, 1710)","(740, 750)"
"(76, 2490)","(990, 510)"
"(289, 2360)","(1050, 440)"
"(157, 1450)","(640, 860)"
"(100, 1990)","(860, 630)"
"(268, 2260)","(1010, 470)"
"(178, 2170)","(950, 540)"
"(52, 1970)","(830, 660)"
"(28, 2150)","(860, 600)"
"(37, 2080)","(860, 630)"
"(163, 1510)","(680, 820)"
"(265, 1750)","(860, 640)"
"(79, 1770)","(770, 730)"
"(142, 1670)","(750, 740)"
"(160, 2430)","(1010, 490)"
"(181, 2370)","(1000, 490)"
"(124, 1670)","(750, 750)"
"(307, 1920)","(950, 550)"
"(58, 2410)","(950, 530)"
"(205, 2250)","(990, 510)"
"(19, 1530)","(620, 870)"
"(88, 2200)","(910, 570)"
"(265, 1820)","(880, 610)"
"(223, 2000)","(930, 570)"
"(313, 2230)","(1040, 460)"
"(238, 2080)","(960, 540)"
"(289, 2530)","(1080, 410)"
"(118, 2240)","(940, 550)"
"(382, 1480)","(790, 710)"
"(52, 1570)","(660, 840)"
"(142, 1470)","(640, 850)"
"(394, 1810)","(950, 530)"
"(310, 1850)","(920, 570)"
"(163, 1850)","(840, 650)"
"(349, 1960)","(980, 510)"
"(382, 1700)","(910, 590)"
"(97, 2070)","(890, 610)"
"(232, 1870)","(890, 610)"
"(289, 1620)","(810, 690)"
"(160, 1510)","(680, 820)"
"(253, 2420)","(1050, 450)"
"(319, 2070)","(1000, 500)"
"(382, 2220)","(1070, 420)"
"(193, 1800)","(840, 660)"
"(373, 1830)","(950, 540)"
"(127, 1610)","(720, 780)"
"(13, 2450)","(940, 540)"
"(400, 2160)","(1070, 430)"
"(397, 2510)","(1120, 350)"
"(391, 2570)","(1140, 350)"
"(4, 2030)","(830, 660)"
"(49, 1790)","(760, 730)"
"(40, 1700)","(720, 770)"
"(88, 1750)","(770, 730)"
"(217, 2530)","(1050, 440)"
"(268, 2540)","(1080, 420)"
"(154, 2130)","(920, 560)"
"(91, 2110)","(900, 600)"
"(244, 1490)","(710, 790)"
"(283, 1810)","(890, 600)"
"(136, 1550)","(690, 810)"
"(241, 1650)","(800, 700)"
"(37, 1750)","(740, 750)"
"(283, 1520)","(750, 750)"
"(232, 2500)","(1060, 440)"
"(277, 1510)","(740, 760)"
"(4, 2000)","(820, 670)"
"(40, 1670)","(710, 790)"
"(262, 2420)","(1050, 440)"
"(40, 2130)","(870, 610)"
"(172, 1510)","(680, 810)"
"(13, 1600)","(660, 840)"
"(118, 1420)","(600, 900)"
"(31, 1580)","(660, 840)"
"(292, 1480)","(730, 770)"
"(181, 2100)","(940, 560)"
"(259, 1480)","(710, 790)"
"(67, 1880)","(810, 690)"
"(133, 2020)","(890, 610)"
"(178, 2340)","(1000, 500)"
"(301, 1810)","(900, 590)"
"(301, 1800)","(900, 600)"
"(283, 2450)","(1060, 420)"
"(94, 2320)","(950, 540)"
"(16, 1900)","(790, 700)"
"(10, 1580)","(650, 850)"
"(157, 2220)","(960, 540)"
"(109, 2240)","(930, 550)"
"(355, 1880)","(950, 530)"
"(211, 1770)","(830, 660)"
"(232, 1920)","(900, 590)"
"(157, 2420)","(1000, 490)"
"(175, 1770)","(820, 680)"
"(319, 1530)","(780, 720)"
"(223, 1890)","(890, 610)"
"(28, 1580)","(660, 840)"
"(268, 1560)","(760, 730)"
"(346, 1740)","(900, 590)"
"(202, 2070)","(940, 560)"
"(85, 1920)","(830, 660)"
"(364, 2420)","(1110, 390)"
"(130, 1560)","(690, 810)"
"(37, 2110)","(870, 620)"
"(316, 1450)","(730, 770)"
"(58, 1520)","(630, 860)"
"(397, 2160)","(1070, 430)"
"(325, 2210)","(1040, 460)"
"(40, 1790)","(760, 740)"
"(109, 2570)","(1010, 480)"
"(103, 1440)","(600, 890)"
"(34, 1750)","(740, 750)"
"(190, 1780)","(830, 670)"
"(247, 1420)","(660, 830)"
"(208, 1860)","(870, 630)"
"(250, 2240)","(1010, 490)"
"(112, 2300)","(960, 540)"
"(262, 1780)","(870, 630)"
"(211, 1510)","(700, 790)"
"(64, 1720)","(740, 760)"
"(226, 1630)","(780, 720)"
"(217, 2310)","(1010, 490)"
"(394, 2210)","(1070, 410)"
"(169, 1570)","(720, 780)"
"(391, 1830)","(970, 530)"
"(238, 1640)","(790, 710)"
"(103, 1980)","(860, 640)"
"(4, 2510)","(950, 530)"
"(391, 2270)","(1090, 410)"
"(250, 1960)","(930, 570)"
"(1, 1680)","(690, 800)"
"(355, 1420)","(730, 770)"
"(262, 1400)","(660, 840)"
"(379, 2290)","(1090, 410)"
"(46, 1430)","(570, 920)"
"(61, 2470)","(970, 520)"
"(397, 2560)","(1120, 340)"
"(244, 1430)","(670, 830)"
"(118, 1760)","(780, 710)"
"(370, 2270)","(1080, 420)"
"(157, 1820)","(830, 670)"
"(58, 2550)","(980, 500)"
"(283, 2420)","(1060, 430)"
"(214, 2360)","(1020, 480)"
"(91, 2590)","(1000, 480)"
"(58, 2440)","(970, 530)"
"(397, 2470)","(1100, 350)"
"(160, 1590)","(720, 770)"
"(100, 2320)","(960, 540)"
"(256, 2020)","(940, 540)"
"(202, 1520)","(700, 790)"
"(1, 2010)","(830, 670)"
"(319, 2560)","(1110, 390)"
"(28, 2400)","(950, 550)"
"(46, 2340)","(940, 560)"
"(367, 1610)","(850, 640)"
"(247, 2350)","(1020, 460)"
"(271, 2550)","(1050, 400)"
"(265, 1460)","(700, 800)"
"(178, 2270)","(970, 510)"
"(160, 2010)","(900, 600)"
"(163, 1470)","(650, 840)"
"(28, 2210)","(900, 600)"
"(277, 1670)","(830, 670)"
"(361, 1800)","(940, 560)"
"(202, 2580)","(1060, 440)"
"(52, 1960)","(830, 660)"
"(118, 2000)","(870, 620)"
"(55, 2230)","(910, 580)"
"(235, 1890)","(890, 600)"
"(37, 2500)","(960, 520)"
"(178, 1560)","(710, 780)"
"(34, 2040)","(850, 650)"
"(82, 1550)","(660, 830)"
"(259, 1960)","(930, 560)"
"(223, 1620)","(770, 730)"
"(61, 1600)","(680, 820)"
"(253, 1460)","(690, 800)"
"(193, 1820)","(850, 650)"
"(268, 1790)","(870, 620)"
"(61, 2450)","(960, 520)"
"(208, 1630)","(770, 730)"
"(4, 1640)","(680, 820)"
"(124, 2460)","(1000, 500)"
"(121, 2490)","(1000, 490)"
"(229, 2340)","(1010, 470)"
"(202, 2590)","(1060, 440)"
"(277, 1580)","(780, 720)"
"(397, 1420)","(760, 740)"
"(37, 1980)","(830, 660)"
"(253, 2210)","(990, 490)"
"(154, 1710)","(780, 720)"
"(112, 1600)","(700, 790)"
"(112, 2260)","(950, 550)"
"(133, 1790)","(800, 690)"
"(253, 1900)","(910, 590)"
"(292, 2320)","(1050, 450)"
"(253, 2190)","(1000, 500)"
"(166, 1650)","(760, 740)"
"(19, 1630)","(680, 820)"
"(160, 2550)","(1030, 460)"
"(361, 1580)","(830, 660)"
"(85, 1600)","(690, 800)"
"(82, 1650)","(720, 780)"
"(256, 2590)","(1080, 410)"
"(103, 1800)","(790, 700)"
"(64, 2490)","(970, 510)"
"(109, 1960)","(860, 640)"
"(262, 1680)","(820, 670)"
"(4, 2230)","(890, 600)"
"(76, 1820)","(790, 710)"
"(373, 1870)","(970, 530)"
"(232, 1620)","(780, 720)"
"(169, 2570)","(1040, 460)"
"(7, 1870)","(780, 720)"
"(4, 1440)","(560, 930)"
"(313, 1980)","(970, 530)"
"(55, 2300)","(930, 560)"
"(262, 1630)","(800, 700)"
"(94, 2580)","(1000, 480)"
"(358, 2540)","(1130, 370)"
"(310, 1700)","(860, 640)"
"(139, 1490)","(650, 840)"
"(28, 1450)","(580, 920)"
"(370, 1670)","(890, 610)"
"(16, 2400)","(930, 550)"
"(226, 1990)","(920, 570)"
"(394, 2570)","(1150, 350)"
"(193, 2230)","(980, 520)"
"(349, 2410)","(1060, 390)"
"(310, 2490)","(1070, 400)"
"(232, 2530)","(1060, 440)"
"(13, 1880)","(790, 710)"
"(142, 2330)","(980, 520)"
"(25, 1970)","(820, 670)"
"(301, 1590)","(800, 700)"
"(340, 1580)","(820, 680)"
"(325, 1950)","(970, 530)"
"(340, 1870)","(950, 550)"
"(196, 1810)","(840, 650)"
"(256, 2190)","(1000, 500)"
"(346, 2320)","(1050, 410)"
"(10, 2350)","(930, 570)"
"(79, 1810)","(790, 710)"
"(145, 1460)","(640, 860)"
"(40, 2320)","(930, 560)"
"(109, 1580)","(690, 800)"
"(127, 1660)","(740, 750)"
"(55, 1450)","(590, 910)"
"(67, 1510)","(630, 860)"
"(88, 2140)","(900, 590)"
"(250, 2150)","(980, 510)"
"(376, 2410)","(1100, 380)"
"(373, 2550)","(1100, 350)"
"(55, 1760)","(750, 740)"
"(142, 2570)","(1030, 470)"
"(349, 1760)","(910, 580)"
"(82, 2100)","(880, 600)"
"(52, 1810)","(770, 720)"
"(214, 1740)","(820, 670)"
"(118, 1410)","(590, 910)"
"(340, 1600)","(830, 670)"
"(310, 2370)","(1070, 430)"
"(199, 2550)","(1040, 440)"
"(232, 1650)","(790, 700)"
"(16, 1540)","(630, 870)"
"(58, 2570)","(990, 500)"
"(181, 1920)","(880, 620)"
"(328, 2390)","(1070, 410)"
"(244, 2390)","(1040, 460)"
"(70, 2150)","(900, 600)"
"(325, 2520)","(1100, 390)"
"(103, 1920)","(840, 660)"
"(277, 2550)","(1080, 410)"
"(316, 2600)","(1100, 380)"
"(265, 1960)","(940, 560)"
"(358, 1760)","(920, 580)"
"(88, 1760)","(770, 730)"
"(199, 1480)","(680, 820)"
"(4, 2140)","(870, 630)"
"(34, 1580)","(660, 840)"
"(79, 1570)","(670, 820)"
"(262, 1650)","(810, 690)"
"(349, 1680)","(880, 620)"
"(166, 2590)","(1040, 450)"
"(319, 1670)","(850, 640)"
"(391, 1490)","(800, 690)"
"(268, 2500)","(1060, 420)"
"(223, 2360)","(1010, 470)"
"(64, 2380)","(960, 540)"
"(118, 2570)","(1020, 480)"
"(259, 2000)","(950, 550)"
"(217, 2600)","(1070, 430)"
"(34, 1690)","(710, 780)"
"(301, 1620)","(820, 680)"
"(325, 2070)","(1000, 490)"
"(262, 1440)","(690, 810)"
"(40, 2260)","(920, 580)"
"(169, 1710)","(790, 710)"
"(76, 1910)","(820, 670)"
"(193, 2420)","(1010, 470)"
"(391, 2450)","(1100, 360)"
"(10, 1560)","(640, 860)"
"(1, 2030)","(830, 660)"
"(151, 1490)","(660, 840)"
"(268, 1980)","(940, 550)"
"(88, 1930)","(840, 660)"
"(4, 1760)","(730, 760)"
"(259, 2160)","(980, 500)"
"(259, 2190)","(1000, 500)"
"(364, 2110)","(1040, 460)"
"(262, 2230)","(1000, 480)"
"(307, 2560)","(1100, 390)"
"(58, 2280)","(930, 570)"
"(25, 1800)","(760, 740)"
"(136, 1810)","(810, 680)"
"(214, 2210)","(980, 510)"
"(256, 1830)","(880, 610)"
"(34, 2480)","(970, 530)"
"(118, 2050)","(880, 600)"
"(229, 1800)","(860, 640)"
"(22, 1560)","(640, 850)"
"(238, 1690)","(810, 680)"
"(4, 1850)","(770, 730)"
"(295, 1630)","(820, 680)"
"(346, 1570)","(820, 680)"
"(82, 2280)","(940, 560)"
"(247, 2180)","(980, 500)"
"(16, 2150)","(880, 620)"
"(385, 1890)","(980, 510)"
"(313, 2150)","(1020, 480)"
"(298, 1850)","(920, 580)"
"(211, 1870)","(870, 620)"
"(298, 2230)","(1030, 470)"
"(388, 1750)","(930, 560)"
"(208, 1840)","(860, 630)"
"(301, 2300)","(1050, 450)"
"(7, 1970)","(820, 680)"
"(97, 2150)","(900, 580)"
"(34, 2100)","(870, 630)"
"(346, 2310)","(1040, 410)"
"(247, 1610)","(780, 720)"
"(166, 1710)","(780, 710)"
"(40, 1830)","(780, 720)"
"(13, 2420)","(940, 550)"
"(352, 2230)","(1040, 430)"
"(295, 1490)","(740, 760)"
"(298, 2390)","(1070, 430)"
"(73, 2260)","(920, 560)"
"(244, 2150)","(970, 510)"
"(58, 1730)","(740, 750)"
"(352, 1630)","(850, 640)"
"(283, 1730)","(860, 640)"
"(178, 2370)","(1000, 490)"
"(25, 1650)","(690, 810)"
"(97, 1930)","(840, 660)"
"(289, 1490)","(740, 760)"
"(358, 2230)","(1030, 420)"
"(178, 1810)","(830, 660)"
"(31, 1720)","(730, 770)"
"(136, 2240)","(950, 540)"
"(52, 1500)","(620, 880)"
"(370, 2090)","(1030, 460)"
"(358, 1830)","(950, 550)"
"(388, 1440)","(770, 730)"
"(115, 2280)","(950, 540)"
"(76, 1760)","(760, 730)"
"(22, 2410)","(950, 550)"
"(151, 1630)","(740, 760)"
"(31, 1550)","(640, 860)"
"(259, 1540)","(750, 750)"
"(142, 1510)","(670, 830)"
"(205, 1700)","(800, 700)"
"(199, 2240)","(980, 510)"
"(286, 2060)","(980, 520)"
"(319, 1570)","(800, 690)"
"(160, 2030)","(900, 590)"
"(244, 1680)","(810, 680)"
"(277, 1420)","(680, 820)"
"(385, 1420)","(750, 740)"
"(277, 2480)","(1070, 420)"
"(124, 2380)","(970, 510)"
"(286, 1860)","(910, 580)"
"(91, 2520)","(1000, 500)"
"(106, 2250)","(940, 550)"
"(79, 2240)","(930, 570)"
"(289, 2090)","(990, 510)"
"(319, 2310)","(1060, 440)"
"(64, 2520)","(990, 510)"
"(343, 1930)","(960, 520)"
"(328, 1580)","(810, 680)"
"(112, 2400)","(970, 510)"
"(124, 2070)","(890, 590)"
"(130, 2370)","(970, 510)"
"(55, 1630)","(690, 800)"
"(106, 1820)","(800, 690)"
"(166, 2400)","(980, 480)"
"(142, 2380)","(990, 510)"
"(259, 2380)","(1040, 450)"
"(208, 1490)","(690, 810)"
"(247, 1540)","(740, 760)"
"(169, 1970)","(890, 610)"
"(40, 2510)","(970, 520)"
"(373, 2250)","(1070, 420)"
"(94, 2490)","(990, 500)"
"(19, 1800)","(760, 740)"
"(169, 1680)","(770, 720)"
"(22, 1940)","(810, 680)"
"(46, 1420)","(560, 920)"
"(379, 1960)","(1000, 490)"
"(76, 1550)","(660, 840)"
"(130, 1880)","(840, 660)"
"(187, 2460)","(1030, 470)"
"(235, 1660)","(800, 700)"
"(211, 1780)","(840, 660)"
"(301, 2600)","(1110, 390)"
"(220, 2150)","(970, 530)"
"(175, 1760)","(810, 680)"
"(226, 2100)","(960, 540)"
"(178, 1530)","(700, 800)"
"(55, 1620)","(690, 810)"
"(106, 2530)","(1010, 490)"
"(325, 1770)","(900, 600)"
"(61, 2280)","(920, 560)"
"(184, 1560)","(720, 780)"
"(157, 2170)","(940, 550)"
"(256, 2460)","(1060, 440)"
"(385, 2280)","(1090, 410)"
"(100, 2370)","(970, 530)"
"(352, 2580)","(1100, 360)"
"(265, 1400)","(660, 840)"
"(40, 2190)","(900, 600)"
"(145, 2030)","(900, 600)"
"(130, 2180)","(930, 560)"
"(187, 1480)","(670, 820)"
"(355, 2540)","(1110, 370)"
"(190, 1820)","(840, 650)"
"(280, 2100)","(990, 510)"
"(85, 1440)","(600, 900)"
"(43, 2590)","(990, 500)"
"(34, 2150)","(880, 610)"
"(370, 1450)","(760, 730)"
"(277, 1500)","(730, 760)"
"(280, 1960)","(940, 550)"
"(79, 1960)","(840, 650)"
"(259, 2360)","(1040, 460)"
"(58, 1430)","(580, 920)"
"(151, 1840)","(830, 660)"
"(298, 2090)","(990, 500)"
"(64, 1730)","(750, 750)"
"(154, 2090)","(910, 570)"
"(238, 2290)","(1010, 480)"
"(400, 1460)","(790, 710)"
"(91, 1830)","(800, 700)"
"(91, 1600)","(690, 800)"
"(289, 1650)","(820, 670)"
"(184, 2280)","(980, 510)"
"(148, 2030)","(900, 600)"
"(265, 1980)","(940, 550)"
"(355, 1940)","(970, 510)"
"(247, 2480)","(1040, 430)"
"(4, 2310)","(910, 580)"
"(316, 2560)","(1110, 390)"
"(289, 2390)","(1050, 430)"
"(157, 1600)","(730, 770)"
"(400, 1470)","(800, 700)"
"(64, 2350)","(950, 550)"
"(37, 1830)","(780, 720)"
"(292, 2290)","(1030, 450)"
"(385, 2330)","(1100, 400)"
"(373, 2520)","(1080, 350)"
"(7, 2570)","(970, 520)"
"(292, 2240)","(1030, 470)"
"(244, 2450)","(1040, 440)"
"(172, 1930)","(880, 620)"
"(91, 2270)","(930, 550)"
"(55, 1670)","(710, 780)"
"(136, 2500)","(1010, 480)"
"(175, 2580)","(1040, 450)"
"(268, 2060)","(970, 530)"
"(352, 1550)","(810, 680)"
"(7, 1950)","(810, 690)"
"(220, 1760)","(840, 660)"
"(289, 2540)","(1070, 400)"
"(328, 2290)","(1060, 440)"
"(325, 2130)","(1020, 480)"
"(67, 1790)","(770, 720)"
"(316, 2010)","(970, 510)"
"(229, 1480)","(690, 800)"
"(331, 2090)","(1010, 480)"
"(262, 2130)","(980, 510)"
"(391, 1460)","(780, 710)"
"(172, 1670)","(770, 730)"
"(142, 1830)","(820, 670)"
"(73, 1650)","(710, 780)"
"(49, 1940)","(820, 670)"
"(382, 2430)","(1110, 370)"
"(220, 2510)","(1040, 440)"
"(91, 2050)","(880, 620)"
"(247, 2310)","(1020, 470)"
"(139, 1500)","(660, 840)"
"(175, 2110)","(940, 560)"
"(67, 2590)","(1000, 490)"
"(154, 2370)","(990, 500)"
"(316, 2150)","(1020, 480)"
"(49, 1710)","(730, 770)"
"(196, 2040)","(920, 570)"
"(391, 2230)","(1070, 410)"
"(130, 1580)","(700, 790)"
"(223, 1700)","(810, 690)"
"(349, 2310)","(1080, 420)"
"(55, 2240)","(920, 580)"
"(334, 1440)","(730, 770)"
"(154, 1690)","(770, 730)"
"(127, 2260)","(950, 540)"
"(331, 1910)","(960, 540)"
"(184, 1480)","(670, 830)"
"(34, 1560)","(650, 850)"
"(202, 1850)","(860, 630)"
"(118, 1890)","(840, 660)"
"(148, 1860)","(840, 660)"
"(154, 2080)","(920, 580)"
"(37, 1660)","(700, 800)"
"(208, 2530)","(1040, 440)"
"(316, 2130)","(1010, 480)"
"(322, 1730)","(880, 610)"
"(364, 1450)","(760, 740)"
"(208, 2540)","(1040, 440)"
"(304, 2060)","(990, 510)"
"(112, 1900)","(840, 660)"
"(10, 2400)","(940, 560)"
"(52, 1530)","(640, 860)"
"(40, 1820)","(770, 720)"
"(166, 1900)","(860, 630)"
"(61, 1740)","(750, 750)"
"(169, 1920)","(870, 620)"
"(265, 1790)","(870, 620)"
"(283, 2440)","(1050, 420)"
"(259, 2170)","(990, 500)"
"(268, 2370)","(1050, 450)"
"(259, 1490)","(720, 780)"
"(307, 2110)","(1000, 490)"
"(130, 1440)","(620, 880)"
"(157, 2370)","(990, 500)"
"(277, 2060)","(970, 520)"
"(163, 2110)","(920, 560)"
"(241, 2290)","(1010, 480)"
"(289, 2400)","(1060, 430)"
"(379, 2450)","(1120, 380)"
"(76, 2590)","(1010, 490)"
"(16, 2380)","(940, 560)"
"(22, 2170)","(880, 610)"
"(40, 1860)","(790, 710)"
"(319, 1420)","(710, 790)"
"(7, 1680)","(700, 800)"
"(151, 2310)","(980, 520)"
"(151, 2090)","(920, 580)"
"(328, 2150)","(1030, 470)"
"(280, 1400)","(670, 830)"
"(307, 2600)","(1100, 380)"
"(235, 1760)","(840, 650)"
"(169, 2160)","(950, 550)"
"(190, 1480)","(670, 820)"
"(274, 2150)","(1000, 500)"
"(124, 1860)","(830, 670)"
"(304, 1400)","(680, 810)"
"(325, 1470)","(740, 750)"
"(136, 1970)","(870, 620)"
"(58, 1930)","(820, 670)"
"(229, 2180)","(970, 510)"
"(208, 2050)","(930, 560)"
"(58, 2600)","(990, 490)"
"(391, 1500)","(810, 690)"
"(169, 2330)","(980, 500)"
"(283, 2060)","(980, 520)"
"(358, 2420)","(1100, 390)"
"(322, 1530)","(780, 720)"
"(394, 2040)","(1040, 460)"
"(205, 2580)","(1060, 440)"
"(229, 1890)","(890, 600)"
"(373, 2000)","(1000, 480)"
"(160, 2080)","(920, 580)"
"(175, 2370)","(990, 490)"
"(55, 2270)","(930, 570)"
"(361, 2100)","(1030, 460)"
"(280, 1560)","(770, 720)"
"(148, 2370)","(980, 500)"
"(88, 1980)","(850, 640)"
"(259, 1800)","(870, 620)"
"(385, 2070)","(1040, 460)"
"(151, 2400)","(1000, 500)"
"(295, 2400)","(1020, 410)"
"(37, 2130)","(880, 620)"
"(247, 1850)","(890, 610)"
"(187, 2420)","(1020, 480)"
"(40, 2180)","(890, 600)"
"(127, 2370)","(970, 510)"
"(70, 2000)","(850, 640)"
"(139, 1990)","(870, 610)"
"(292, 1450)","(710, 790)"
"(61, 2000)","(850, 650)"
"(58, 2580)","(1000, 500)"
"(364, 2360)","(1060, 390)"
"(76, 1440)","(590, 900)"
"(283, 2100)","(990, 510)"
"(106, 1880)","(830, 670)"
"(265, 2200)","(1000, 490)"
"(232, 1580)","(750, 740)"
"(265, 1650)","(810, 690)"
"(196, 2030)","(920, 570)"
"(367, 2590)","(1120, 350)"
"(367, 2520)","(1130, 370)"
"(193, 2290)","(980, 500)"
"(259, 1690)","(830, 670)"
"(352, 2290)","(1070, 420)"
"(199, 1850)","(860, 640)"
"(343, 1700)","(880, 610)"
"(280, 2320)","(1040, 460)"
"(112, 1520)","(660, 840)"
"(94, 1470)","(620, 880)"
"(43, 2260)","(920, 580)"
"(205, 2010)","(910, 570)"
"(172, 1680)","(770, 720)"
"(157, 2060)","(910, 580)"
"(256, 2300)","(1020, 470)"
"(1, 2380)","(920, 560)"
"(7, 2210)","(880, 600)"
"(1, 1600)","(650, 840)"
"(268, 1410)","(670, 830)"
"(316, 2100)","(1010, 490)"
"(88, 2060)","(870, 610)"
"(76, 2530)","(990, 500)"
"(124, 2340)","(970, 520)"
"(70, 2010)","(860, 640)"
"(229, 1400)","(640, 860)"
"(58, 1500)","(620, 870)"
"(373, 2290)","(1080, 410)"
"(262, 2110)","(980, 520)"
"(16, 2100)","(860, 630)"
"(166, 1610)","(740, 760)"
"(352, 2350)","(1080, 410)"
"(10, 1470)","(580, 910)"
"(298, 1500)","(750, 750)"
"(109, 1490)","(640, 860)"
"(313, 2220)","(1040, 460)"
"(217, 2030)","(930, 560)"
"(355, 1570)","(830, 670)"
"(49, 1850)","(790, 710)"
"(127, 1900)","(840, 650)"
"(199, 2080)","(940, 560)"
"(100, 2100)","(900, 600)"
"(313, 1690)","(860, 640)"
"(100, 1950)","(850, 650)"
"(103, 2250)","(930, 550)"
"(205, 1640)","(770, 720)"
"(181, 1610)","(740, 750)"
"(31, 2280)","(920, 580)"
"(385, 2000)","(1020, 480)"
"(31, 2030)","(850, 650)"
"(280, 2020)","(960, 530)"
"(55, 2040)","(860, 640)"
"(196, 2000)","(910, 580)"
"(34, 2140)","(870, 610)"
"(190, 1570)","(730, 770)"
"(262, 1500)","(730, 770)"
"(94, 1520)","(650, 850)"
"(286, 2570)","(1090, 400)"
"(352, 2570)","(1070, 350)"
"(172, 2270)","(980, 520)"
"(175, 2080)","(930, 570)"
"(295, 1400)","(680, 820)"
"(226, 1550)","(730, 760)"
"(274, 2160)","(1000, 500)"
"(73, 2300)","(930, 550)"
"(115, 1570)","(690, 810)"
"(193, 1900)","(880, 620)"
"(25, 1670)","(700, 800)"
"(364, 2210)","(1060, 430)"
"(370, 2580)","(1110, 350)"
"(91, 1950)","(840, 650)"
"(364, 2190)","(1060, 440)"
"(328, 2530)","(1110, 390)"
"(121, 2230)","(940, 550)"
"(40, 1460)","(590, 910)"
"(292, 1800)","(890, 600)"
"(46, 2470)","(970, 530)"
"(19, 2210)","(890, 600)"
"(214, 2100)","(950, 540)"
"(346, 1420)","(720, 770)"
"(61, 2090)","(880, 620)"
"(235, 1740)","(830, 660)"
"(286, 2530)","(1080, 410)"
"(235, 2280)","(1010, 490)"
"(220, 2450)","(1040, 460)"
"(145, 1480)","(650, 850)"
"(106, 1560)","(680, 820)"
"(169, 1980)","(890, 600)"
"(265, 2360)","(1040, 450)"
"(103, 1570)","(680, 810)"
"(343, 1950)","(980, 520)"
"(376, 1400)","(730, 770)"
"(241, 2210)","(1000, 500)"
"(82, 1540)","(660, 840)"
"(319, 1860)","(930, 560)"
"(400, 2180)","(1080, 420)"
"(82, 1510)","(640, 860)"
"(154, 2300)","(980, 520)"
"(40, 2490)","(960, 520)"
"(112, 1530)","(660, 830)"
"(46, 1610)","(680, 820)"
"(13, 2430)","(950, 550)"
"(340, 2530)","(1110, 380)"
"(379, 2560)","(1120, 350)"
"(121, 2560)","(1020, 480)"
"(205, 2080)","(930, 550)"
"(124, 2200)","(940, 560)"
"(172, 1950)","(880, 610)"
"(40, 2290)","(920, 570)"
"(10, 2250)","(900, 590)"
"(136, 2410)","(990, 500)"
"(217, 1670)","(790, 700)"
"(166, 1500)","(670, 820)"
"(181, 1710)","(790, 700)"
"(16, 2470)","(960, 540)"
"(388, 2510)","(1100, 350)"
"(298, 2500)","(1060, 400)"
"(52, 2180)","(890, 590)"
"(151, 1590)","(720, 780)"
"(352, 2380)","(1090, 410)"
"(73, 1550)","(660, 840)"
"(103, 1750)","(770, 720)"
"(277, 2540)","(1090, 410)"
"(43, 1560)","(650, 850)"
"(184, 2450)","(1020, 470)"
"(370, 2080)","(1030, 460)"
"(79, 2000)","(860, 640)"
"(310, 2470)","(1090, 410)"
"(10, 2370)","(930, 560)"
"(280, 2090)","(980, 510)"
"(388, 2460)","(1100, 360)"
"(307, 2000)","(970, 520)"
"(316, 1860)","(920, 560)"
"(313, 2540)","(1100, 390)"
"(343, 1790)","(910, 570)"
"(181, 2030)","(910, 580)"
"(94, 1820)","(800, 700)"
"(193, 2410)","(1020, 480)"
"(85, 2270)","(940, 560)"
"(157, 2390)","(1000, 500)"
"(124, 2240)","(950, 550)"
"(34, 2330)","(930, 560)"
"(310, 2150)","(1020, 480)"
"(328, 2560)","(1090, 370)"
"(259, 1880)","(900, 590)"
"(259, 2230)","(1010, 490)"
"(298, 1700)","(850, 640)"
"(382, 2300)","(1080, 400)"
"(382, 1800)","(950, 550)"
"(301, 2100)","(980, 490)"
"(367, 2090)","(1030, 460)"
"(151, 1670)","(760, 740)"
"(205, 1880)","(880, 620)"
"(10, 2020)","(830, 660)"
"(289, 1750)","(870, 630)"
"(241, 2140)","(980, 520)"
"(277, 2500)","(1080, 420)"
"(124, 2590)","(1030, 470)"
"(271, 1760)","(860, 630)"
"(223, 2520)","(1050, 440)"
"(211, 2380)","(1010, 470)"
"(1, 2190)","(880, 610)"
"(118, 1830)","(810, 680)"
"(328, 1530)","(780, 710)"
"(397, 1440)","(770, 720)"
"(271, 2270)","(1020, 470)"
"(199, 1610)","(750, 740)"
"(226, 2600)","(1030, 410)"
"(166, 2290)","(980, 520)"
"(142, 1720)","(780, 720)"
"(376, 2370)","(1100, 390)"
"(277, 1590)","(790, 710)"
"(97, 1710)","(750, 740)"
"(106, 1510)","(650, 850)"
"(307, 2330)","(1060, 440)"
"(370, 1500)","(790, 700)"
"(304, 2070)","(980, 500)"
"(55, 1970)","(840, 660)"
"(232, 2210)","(980, 500)"
"(91, 1770)","(780, 720)"
"(40, 1880)","(800, 700)"
"(262, 1710)","(840, 660)"
"(373, 1880)","(970, 520)"
"(211, 1930)","(900, 600)"
"(214, 1730)","(820, 680)"
"(148, 1640)","(740, 750)"
"(331, 1730)","(890, 610)"
"(313, 2020)","(970, 510)"
"(121, 2310)","(960, 530)"
"(37, 1910)","(810, 690)"
"(340, 1660)","(860, 630)"
"(346, 2000)","(990, 500)"
"(397, 1780)","(950, 540)"
"(367, 1420)","(740, 760)"
"(373, 1680)","(890, 600)"
"(340, 2300)","(1070, 430)"
"(28, 2370)","(940, 560)"
"(307, 1660)","(840, 660)"
"(289, 2060)","(970, 510)"
"(271, 1580)","(780, 720)"
"(70, 2110)","(890, 610)"
"(232, 2070)","(950, 540)"
"(205, 1970)","(910, 590)"
"(400, 2410)","(1090, 360)"
"(163, 2470)","(1020, 480)"
"(139, 2290)","(970, 530)"
"(223, 1660)","(790, 700)"
"(340, 1900)","(960, 540)"
"(94, 2070)","(890, 610)"
"(361, 1820)","(940, 550)"
"(334, 2440)","(1080, 400)"
"(310, 2210)","(1020, 460)"
"(334, 1540)","(790, 700)"
"(58, 2000)","(850, 650)"
"(10, 2330)","(920, 570)"
"(343, 1480)","(760, 730)"
"(337, 1830)","(930, 560)"
"(397, 1900)","(1000, 500)"
"(118, 1770)","(790, 710)"
"(4, 1610)","(660, 830)"
"(331, 2340)","(1070, 420)"
"(169, 1960)","(890, 610)"
"(373, 1650)","(880, 620)"
"(265, 2550)","(1070, 410)"
"(397, 1950)","(1000, 480)"
"(88, 2120)","(900, 600)"
"(265, 2380)","(1050, 450)"
"(238, 1540)","(740, 760)"
"(229, 1940)","(910, 590)"
"(334, 1950)","(970, 520)"
"(349, 1420)","(730, 770)"
"(253, 2180)","(990, 500)"
"(73, 1860)","(800, 690)"
"(55, 2180)","(890, 590)"
"(181, 2040)","(920, 580)"
"(67, 2020)","(860, 640)"
"(58, 2030)","(860, 640)"
"(238, 2320)","(1010, 470)"
"(31, 1400)","(550, 950)"
"(250, 1710)","(830, 670)"
"(328, 2360)","(1060, 420)"
"(400, 2230)","(1090, 410)"
"(208, 2240)","(990, 510)"
"(136, 2110)","(920, 580)"
"(151, 1530)","(680, 810)"
"(64, 2470)","(980, 520)"
"(22, 2240)","(900, 590)"
"(307, 1980)","(970, 530)"
"(76, 1720)","(750, 750)"
"(364, 2440)","(1060, 370)"
"(280, 2270)","(1020, 460)"
"(295, 2600)","(1110, 390)"
"(331, 1870)","(940, 550)"
"(208, 1890)","(880, 620)"
"(40, 2380)","(950, 550)"
"(304, 1850)","(920, 580)"
"(13, 1410)","(550, 950)"
"(256, 2000)","(940, 550)"
"(385, 2580)","(1150, 350)"
"(127, 2600)","(1030, 470)"
"(106, 1520)","(660, 840)"
"(112, 2010)","(870, 620)"
"(37, 2560)","(980, 510)"
"(25, 2380)","(930, 550)"
"(277, 1610)","(800, 700)"
"(148, 2560)","(1030, 470)"
"(175, 2130)","(930, 550)"
"(85, 1820)","(790, 700)"
"(268, 1510)","(730, 760)"
"(94, 2370)","(970, 530)"
"(382, 2240)","(1080, 420)"
"(70, 2160)","(900, 590)"
"(4, 2400)","(940, 560)"
"(259, 2460)","(1050, 430)"
"(280, 2480)","(1070, 420)"
"(265, 1810)","(880, 610)"
"(391, 2320)","(1090, 390)"
"(148, 1500)","(660, 830)"
"(304, 2200)","(1030, 470)"
"(94, 1720)","(750, 740)"
"(121, 1990)","(870, 620)"
"(82, 2470)","(980, 510)"
"(139, 1760)","(790, 700)"
"(61, 1910)","(820, 680)"
"(397, 2060)","(1040, 450)"
"(262, 2470)","(1060, 430)"
"(328, 2600)","(1100, 370)"
"(145, 2460)","(1010, 490)"
"(49, 2190)","(900, 590)"
"(295, 1650)","(830, 670)"
"(184, 1840)","(850, 650)"
"(91, 2220)","(930, 570)"
"(76, 2220)","(910, 570)"
"(379, 2350)","(1060, 380)"
"(229, 2570)","(1070, 430)"
"(262, 2200)","(1000, 490)"
"(379, 1930)","(990, 500)"
"(223, 2300)","(1010, 490)"
"(304, 1440)","(710, 790)"
"(370, 2070)","(1030, 470)"
"(190, 1560)","(720, 780)"
"(277, 2200)","(1000, 480)"
"(67, 2130)","(890, 600)"
"(1, 1510)","(600, 890)"
"(256, 2230)","(1010, 490)"
"(253, 2240)","(1010, 490)"
"(130, 1820)","(810, 680)"
"(109, 1990)","(870, 630)"
"(280, 2410)","(1050, 430)"
"(382, 2170)","(1060, 430)"
"(328, 2300)","(1050, 430)"
"(70, 1720)","(740, 750)"
"(4, 1650)","(680, 810)"
"(184, 1420)","(630, 870)"
"(106, 1710)","(760, 740)"
"(316, 1840)","(920, 570)"
"(154, 2580)","(1030, 460)"
"(157, 2040)","(910, 590)"
"(205, 1400)","(630, 870)"
"(121, 2450)","(1000, 500)"
"(337, 1690)","(870, 620)"
"(391, 1980)","(1010, 480)"
"(232, 2590)","(1060, 420)"
"(349, 1630)","(850, 640)"
"(25, 2110)","(870, 630)"
"(67, 1600)","(680, 810)"
"(319, 2600)","(1080, 370)"
"(70, 1450)","(600, 900)"
"(115, 2320)","(960, 530)"
"(139, 1410)","(600, 900)"
"(394, 2470)","(1130, 370)"
"(355, 2040)","(1010, 480)"
"(238, 1400)","(640, 850)"
"(151, 1410)","(610, 890)"
"(142, 1860)","(840, 660)"
"(82, 2580)","(1010, 490)"
"(301, 1920)","(940, 550)"
"(64, 2110)","(880, 610)"
"(238, 1800)","(860, 630)"
"(133, 1570)","(700, 800)"
"(334, 2110)","(1020, 480)"
"(253, 1580)","(770, 730)"
"(379, 1970)","(1010, 490)"
"(316, 2090)","(1000, 490)"
"(106, 2060)","(890, 610)"
"(322, 2060)","(1000, 500)"
"(181, 1880)","(860, 630)"
"(364, 2350)","(1100, 400)"
"(295, 2420)","(1060, 420)"
"(286, 1710)","(850, 650)"
"(343, 1550)","(810, 690)"
"(373, 2510)","(1100, 360)"
"(7, 1620)","(670, 830)"
"(34, 2510)","(970, 520)"
"(193, 1830)","(850, 650)"
"(76, 1600)","(690, 810)"
"(118, 2450)","(990, 500)"
"(40, 2550)","(980, 510)"
"(331, 2180)","(1040, 460)"
"(175, 1480)","(670, 830)"
"(382, 2520)","(1100, 350)"
"(346, 1460)","(750, 740)"
"(379, 1840)","(960, 530)"
"(124, 2120)","(910, 580)"
"(199, 1500)","(690, 810)"
"(301, 2470)","(1080, 410)"
"(55, 1460)","(600, 900)"
"(208, 2080)","(940, 550)"
"(205, 1680)","(790, 700)"
"(328, 1520)","(780, 720)"
"(124, 1900)","(840, 650)"
"(244, 2430)","(1030, 440)"
"(337, 2050)","(1000, 490)"
"(211, 1440)","(660, 840)"
"(325, 1850)","(930, 560)"
"(100, 1510)","(650, 850)"
"(133, 2220)","(950, 550)"
"(157, 1570)","(710, 790)"
"(301, 2090)","(990, 500)"
"(331, 1820)","(920, 570)"
"(262, 2510)","(1060, 420)"
"(355, 1750)","(910, 580)"
"(70, 2240)","(920, 570)"
"(307, 1450)","(720, 780)"
"(133, 2450)","(990, 490)"
"(397, 1460)","(790, 710)"
"(109, 1680)","(740, 750)"
"(163, 2250)","(970, 530)"
"(115, 1760)","(780, 710)"
"(397, 1530)","(830, 660)"
"(397, 1510)","(820, 680)"
"(190, 1840)","(850, 640)"
"(19, 1430)","(560, 930)"
"(271, 1910)","(920, 570)"
"(136, 2300)","(970, 530)"
"(250, 2500)","(1060, 430)"
"(190, 1710)","(800, 700)"
"(304, 2030)","(980, 520)"
"(22, 1450)","(570, 910)"
"(349, 2460)","(1110, 390)"
"(157, 2450)","(1000, 480)"
"(199, 1790)","(840, 660)"
"(115, 1640)","(730, 770)"
"(97, 1800)","(790, 710)"
"(379, 1670)","(890, 600)"
"(307, 2230)","(1030, 460)"
"(124, 1640)","(730, 770)"
"(349, 2590)","(1100, 360)"
"(112, 1980)","(860, 630)"
"(328, 1790)","(900, 580)"
"(7, 2530)","(970, 530)"
"(67, 2400)","(960, 530)"
"(4, 1920)","(800, 700)"
"(400, 1660)","(900, 590)"
"(196, 2160)","(950, 530)"
"(379, 1550)","(830, 670)"
"(196, 2340)","(1000, 490)"
"(25, 2420)","(940, 540)"
"(175, 2040)","(910, 580)"
"(16, 1400)","(540, 960)"
"(199, 1880)","(870, 620)"
"(340, 1450)","(740, 750)"
"(289, 1570)","(780, 710)"
"(325, 1670)","(860, 640)"
"(283, 2380)","(1060, 440)"
"(208, 1620)","(760, 730)"
"(313, 2430)","(1040, 400)"
"(208, 2370)","(1020, 480)"
"(70, 2270)","(930, 560)"
"(271, 1510)","(740, 760)"
"(4, 2500)","(960, 540)"
"(163, 1620)","(740, 760)"
"(295, 2280)","(1030, 450)"
"(265, 2260)","(1020, 480)"
"(22, 1740)","(730, 760)"
"(355, 1440)","(740, 750)"
"(145, 2260)","(960, 530)"
"(208, 1600)","(750, 740)"
"(127, 2140)","(920, 570)"
"(25, 1870)","(790, 710)"
"(277, 1690)","(840, 660)"
"(181, 2510)","(1030, 460)"
"(310, 1770)","(890, 600)"
"(76, 1620)","(700, 800)"
"(247, 1820)","(870, 620)"
"(127, 1620)","(720, 770)"
"(247, 2110)","(960, 520)"
"(202, 1870)","(870, 630)"
"(70, 2560)","(1000, 500)"
"(277, 1870)","(900, 580)"
"(280, 1640)","(810, 680)"
"(55, 1590)","(670, 820)"
"(139, 1630)","(730, 760)"
"(391, 1770)","(940, 550)"
"(58, 1890)","(810, 690)"
"(307, 2280)","(1030, 440)"
"(232, 2120)","(970, 530)"
"(31, 2570)","(980, 510)"
"(349, 2290)","(1060, 420)"
"(4, 2180)","(870, 610)"
"(58, 2470)","(970, 520)"
"(61, 2500)","(970, 510)"
"(265, 1410)","(670, 830)"
"(184, 1400)","(620, 880)"
"(184, 1600)","(740, 760)"
"(106, 2440)","(990, 510)"
"(67, 1850)","(800, 700)"
"(229, 2360)","(1020, 470)"
"(205, 1660)","(780, 710)"
"(325, 1980)","(980, 520)"
"(85, 2580)","(1010, 490)"
"(298, 1670)","(840, 660)"
"(322, 1720)","(880, 620)"
"(226, 2170)","(980, 520)"
"(307, 1710)","(860, 630)"
"(109, 1710)","(760, 740)"
"(163, 2030)","(910, 590)"
"(37, 1900)","(800, 690)"
"(187, 2290)","(990, 510)"
"(145, 2080)","(910, 580)"
"(61, 1730)","(740, 750)"
"(244, 2210)","(1000, 500)"
"(250, 2270)","(1010, 480)"
"(226, 1650)","(790, 710)"
"(79, 1620)","(700, 800)"
"(121, 2470)","(990, 490)"
"(337, 2090)","(1020, 480)"
"(55, 1730)","(740, 750)"
"(160, 2070)","(920, 580)"
"(112, 1780)","(790, 710)"
"(232, 2270)","(1010, 490)"
"(7, 1590)","(650, 840)"
"(202, 2570)","(1060, 440)"
"(178, 1580)","(730, 770)"
"(334, 2460)","(1100, 400)"
"(178, 1460)","(650, 840)"
"(40, 2090)","(870, 630)"
"(340, 1420)","(720, 780)"
"(187, 1870)","(860, 630)"
"(319, 1440)","(720, 780)"
"(127, 2210)","(930, 550)"
"(118, 2510)","(1010, 490)"
"(352, 2000)","(1000, 500)"
"(157, 1880)","(850, 650)"
"(100, 1830)","(800, 690)"
"(61, 2170)","(890, 590)"
"(103, 1950)","(850, 650)"
"(235, 2250)","(1000, 490)"
"(328, 1920)","(960, 540)"
"(67, 1720)","(740, 750)"
"(73, 1560)","(660, 830)"
"(37, 2240)","(900, 580)"
"(364, 1540)","(810, 680)"
"(289, 1560)","(780, 720)"
"(376, 2580)","(1130, 350)"
"(352, 1460)","(760, 740)"
"(79, 1690)","(730, 760)"
"(253, 1770)","(860, 640)"
"(370, 2250)","(1020, 400)"
"(280, 2390)","(1060, 440)"
"(274, 1720)","(850, 650)"
"(226, 1970)","(920, 580)"
"(187, 2600)","(1050, 440)"
"(295, 2480)","(1070, 410)"
"(178, 2380)","(1010, 490)"
"(124, 1690)","(750, 740)"
"(247, 2040)","(940, 540)"
"(220, 2110)","(960, 540)"
"(250, 1500)","(720, 780)"
"(283, 2240)","(1020, 470)"
"(97, 1450)","(610, 890)"
"(331, 1680)","(860, 630)"
"(208, 2230)","(980, 510)"
"(277, 2440)","(1030, 420)"
"(64, 1980)","(840, 650)"
"(307, 2090)","(1000, 500)"
"(148, 1660)","(750, 740)"
"(256, 1570)","(760, 730)"
"(31, 1540)","(630, 860)"
"(163, 2050)","(910, 580)"
"(388, 2470)","(1100, 360)"
"(85, 1570)","(680, 820)"
"(289, 2180)","(1010, 480)"
"(271, 2160)","(1000, 500)"
"(88, 1460)","(610, 890)"
"(85, 1660)","(720, 770)"
"(394, 2600)","(1120, 330)"
"(73, 2340)","(940, 540)"
"(280, 2490)","(1050, 410)"
"(43, 1540)","(640, 860)"
"(97, 1470)","(620, 870)"
"(64, 2570)","(1000, 500)"
"(181, 2350)","(990, 490)"
"(115, 1880)","(830, 670)"
"(112, 1890)","(830, 660)"
"(364, 2290)","(1080, 420)"
"(256, 2400)","(1050, 450)"
"(382, 2580)","(1140, 350)"
"(181, 1800)","(830, 660)"
"(250, 2130)","(980, 520)"
"(205, 2520)","(1050, 450)"
"(70, 2140)","(900, 600)"
"(55, 2150)","(890, 600)"
"(301, 2040)","(970, 510)"
"(118, 2380)","(980, 520)"
"(160, 2000)","(890, 600)"
"(136, 2060)","(900, 590)"
"(379, 1470)","(780, 710)"
"(250, 1970)","(920, 560)"
"(7, 1690)","(700, 790)"
"(184, 2540)","(1030, 450)"
"(196, 1550)","(720, 780)"
"(178, 1790)","(830, 670)"
"(379, 2420)","(1100, 380)"
"(172, 1610)","(740, 760)"
"(388, 1720)","(910, 570)"
"(193, 2050)","(930, 570)"
"(361, 1670)","(880, 620)"
"(85, 2550)","(990, 490)"
"(397, 2220)","(1050, 400)"
"(226, 1500)","(700, 790)"
"(361, 2150)","(1050, 450)"
"(211, 2250)","(980, 500)"
"(145, 1820)","(820, 670)"
"(163, 2260)","(960, 520)"
"(43, 1690)","(720, 780)"
"(142, 1550)","(690, 810)"
"(157, 1730)","(790, 710)"
"(163, 2340)","(990, 510)"
"(298, 1730)","(870, 630)"
"(364, 2600)","(1120, 350)"
"(1, 2270)","(900, 590)"
"(79, 1840)","(800, 700)"
"(28, 2260)","(910, 580)"
"(382, 1960)","(1000, 490)"
"(22, 1860)","(780, 710)"
"(106, 1970)","(860, 640)"
"(136, 2320)","(970, 520)"
"(151, 1880)","(850, 650)"
"(364, 2220)","(1050, 430)"
"(343, 2510)","(1100, 380)"
"(292, 2040)","(980, 520)"
"(400, 2020)","(1030, 460)"
"(88, 2040)","(870, 620)"
"(346, 1760)","(900, 580)"
"(148, 2250)","(950, 530)"
"(130, 2430)","(990, 500)"
"(37, 1610)","(680, 820)"
"(127, 2110)","(910, 580)"
"(337, 1410)","(710, 790)"
"(223, 1920)","(900, 600)"
"(217, 2070)","(940, 550)"
"(334, 1780)","(900, 580)"
"(19, 2000)","(830, 670)"
"(52, 1450)","(590, 910)"
"(85, 1960)","(850, 650)"
"(292, 1420)","(690, 810)"
"(208, 1460)","(670, 830)"
"(85, 1550)","(660, 830)"
"(232, 1720)","(820, 670)"
"(286, 1540)","(760, 730)"
"(115, 1480)","(640, 860)"
"(31, 2500)","(970, 530)"
"(247, 1480)","(700, 790)"
"(346, 2460)","(1070, 380)"
"(106, 2140)","(910, 580)"
"(103, 1900)","(830, 660)"
"(28, 2590)","(990, 510)"
"(67, 1440)","(590, 910)"
"(166, 1750)","(800, 690)"
"(139, 1550)","(690, 810)"
"(325, 1860)","(940, 560)"
"(178, 2570)","(1030, 440)"
"(361, 1550)","(820, 680)"
"(379, 1880)","(980, 520)"
"(175, 2450)","(1020, 480)"
"(301, 2340)","(1050, 440)"
"(127, 2360)","(980, 520)"
"(355, 2260)","(1050, 420)"
"(124, 2110)","(910, 580)"
"(100, 2300)","(950, 540)"
"(46, 2220)","(910, 590)"
"(43, 2200)","(900, 590)"
"(265, 2320)","(1030, 460)"
"(115, 2500)","(1000, 490)"
"(142, 1610)","(720, 770)"
"(25, 2200)","(890, 600)"
"(382, 1450)","(770, 730)"
"(217, 2580)","(1060, 430)"
"(265, 2080)","(970, 520)"
"(118, 1960)","(860, 640)"
"(10, 2200)","(890, 610)"
"(277, 1750)","(860, 630)"
"(34, 1960)","(820, 670)"
"(58, 1690)","(720, 770)"
"(358, 1580)","(830, 660)"
"(385, 2300)","(1090, 400)"
"(67, 2580)","(990, 490)"
"(166, 2350)","(990, 500)"
"(13, 1760)","(740, 760)"
"(4, 1810)","(750, 740)"
"(100, 1440)","(600, 890)"
"(289, 2420)","(1070, 430)"
"(208, 2100)","(950, 550)"
"(388, 2380)","(1110, 380)"
"(91, 1430)","(590, 900)"
"(172, 2150)","(950, 550)"
"(373, 1770)","(930, 560)"
"(331, 2380)","(1070, 410)"
"(28, 1980)","(830, 670)"
"(247, 1400)","(650, 850)"
"(112, 2480)","(1000, 500)"
"(244, 2220)","(1000, 500)"
"(244, 2060)","(960, 540)"
"(202, 2420)","(1020, 470)"
"(286, 1580)","(790, 710)"
"(34, 2390)","(950, 550)"
"(211, 2420)","(1030, 470)"
"(370, 1950)","(990, 500)"
"(334, 2100)","(1020, 480)"
"(334, 2340)","(1070, 420)"
"(22, 2080)","(860, 640)"
"(400, 2070)","(1050, 450)"
"(16, 1470)","(590, 910)"
"(349, 1710)","(890, 610)"
"(202, 1440)","(650, 840)"
"(277, 2040)","(970, 530)"
"(274, 1470)","(710, 780)"
"(265, 2480)","(1070, 430)"
"(364, 2390)","(1090, 390)"
"(40, 1660)","(700, 790)"
"(166, 2390)","(1000, 490)"
"(97, 2600)","(1020, 480)"
"(178, 2390)","(1010, 490)"
"(241, 1890)","(900, 600)"
"(292, 1640)","(820, 670)"
"(148, 1470)","(650, 850)"
"(286, 1780)","(880, 610)"
"(295, 1870)","(920, 570)"
"(319, 2320)","(1050, 430)"
"(379, 1830)","(960, 540)"
"(238, 2260)","(1010, 490)"
"(277, 1630)","(810, 690)"
"(34, 2260)","(910, 580)"
"(337, 2420)","(1080, 400)"
"(76, 2080)","(870, 610)"
"(82, 2000)","(860, 640)"
"(157, 2240)","(960, 530)"
"(328, 1950)","(970, 530)"
"(364, 1760)","(920, 570)"
"(16, 1960)","(820, 680)"
"(292, 2520)","(1090, 410)"
"(397, 2190)","(1070, 420)"
"(175, 1520)","(690, 810)"
"(10, 2170)","(870, 610)"
"(148, 2400)","(1000, 500)"
"(316, 2400)","(1080, 420)"
"(376, 2530)","(1090, 350)"
"(394, 1680)","(910, 590)"
"(322, 2600)","(1110, 380)"
"(214, 2490)","(1040, 450)"
"(76, 2240)","(930, 570)"
"(262, 1450)","(690, 800)"
"(169, 2460)","(1020, 480)"
"(352, 1560)","(820, 680)"
"(85, 1840)","(800, 690)"
"(199, 1660)","(780, 720)"
"(46, 1770)","(750, 740)"
"(202, 2000)","(920, 580)"
"(280, 2140)","(1000, 500)"
"(166, 1840)","(840, 660)"
"(241, 2520)","(1060, 430)"
"(313, 2370)","(1070, 430)"
"(1, 2240)","(880, 590)"
"(367, 1470)","(770, 720)"
"(319, 2470)","(1080, 400)"
"(136, 2420)","(1000, 500)"
"(364, 2230)","(1070, 430)"
"(37, 1840)","(780, 720)"
"(295, 1750)","(870, 620)"
"(241, 1970)","(930, 570)"
"(379, 1920)","(980, 500)"
"(16, 1860)","(780, 720)"
"(121, 1850)","(820, 670)"
"(136, 2590)","(1020, 460)"
"(154, 1460)","(640, 850)"
"(361, 2180)","(1050, 440)"
"(394, 2460)","(1120, 360)"
"(73, 1490)","(620, 870)"
"(118, 1940)","(850, 640)"
"(391, 1680)","(910, 590)"
"(355, 1770)","(910, 570)"
"(133, 2070)","(900, 590)"
"(193, 1440)","(650, 850)"
"(43, 1860)","(790, 710)"
"(238, 2060)","(950, 540)"
"(193, 1630)","(760, 740)"
"(34, 1590)","(660, 830)"
"(337, 1510)","(780, 720)"
"(109, 2320)","(950, 530)"
"(199, 2290)","(990, 500)"
"(187, 1400)","(620, 880)"
"(277, 2590)","(1080, 400)"
"(238, 1840)","(880, 620)"
"(40, 2040)","(850, 640)"
"(160, 1880)","(850, 640)"
"(97, 1480)","(630, 870)"
"(28, 2310)","(920, 570)"
"(151, 1560)","(700, 800)"
"(355, 2470)","(1100, 380)"
"(316, 2220)","(1040, 460)"
"(88, 2180)","(920, 580)"
"(25, 2480)","(960, 530)"
"(391, 1850)","(970, 520)"
"(61, 1770)","(760, 730)"
"(334, 2470)","(1100, 400)"
"(43, 1520)","(630, 870)"
"(229, 1780)","(850, 650)"
"(55, 1430)","(580, 920)"
"(382, 2600)","(1120, 340)"
"(79, 2080)","(880, 610)"
"(277, 2050)","(960, 520)"
"(160, 1890)","(860, 640)"
"(253, 1520)","(730, 760)"
"(139, 2590)","(1020, 460)"
"(157, 2330)","(980, 510)"
"(88, 2050)","(880, 620)"
"(160, 1720)","(790, 710)"
"(91, 2390)","(960, 520)"
"(400, 1880)","(980, 500)"
"(76, 1730)","(750, 750)"
"(331, 2260)","(1030, 430)"
"(316, 1870)","(930, 560)"
"(31, 1470)","(590, 900)"
"(178, 1900)","(870, 630)"
"(109, 1860)","(820, 680)"
"(43, 1580)","(660, 830)"
"(64, 2210)","(910, 580)"
"(232, 2340)","(1010, 470)"
"(28, 1600)","(670, 830)"
"(202, 2280)","(990, 500)"
"(379, 2010)","(1020, 480)"
"(115, 1820)","(810, 690)"
"(196, 2530)","(1040, 450)"
"(79, 1980)","(850, 650)"
"(277, 1620)","(800, 690)"
"(277, 2390)","(1060, 440)"
"(181, 1900)","(870, 630)"
"(43, 1470)","(600, 900)"
"(124, 1680)","(750, 750)"
"(328, 1690)","(870, 630)"
"(397, 1450)","(780, 710)"
"(4, 2170)","(880, 620)"
"(151, 2120)","(930, 570)"
"(247, 1470)","(700, 800)"
"(184, 1640)","(760, 740)"
"(268, 2230)","(1010, 480)"
"(106, 2080)","(890, 600)"
"(25, 2050)","(850, 650)"
"(280, 2040)","(970, 530)"
"(40, 1640)","(690, 800)"
"(16, 2390)","(940, 560)"
"(400, 2060)","(1050, 450)"
"(109, 2000)","(860, 620)"
"(166, 1730)","(790, 700)"
"(160, 2050)","(900, 580)"
"(58, 1810)","(780, 720)"
"(187, 2340)","(990, 490)"
"(28, 2220)","(890, 590)"
"(286, 1750)","(870, 630)"
"(271, 2600)","(1060, 390)"
"(85, 2420)","(970, 520)"
"(289, 1770)","(880, 620)"
"(307, 1950)","(960, 540)"
"(352, 1900)","(970, 530)"
"(73, 2390)","(960, 530)"
"(226, 1590)","(760, 740)"
"(217, 1980)","(920, 580)"
"(4, 2410)","(940, 560)"
"(109, 2220)","(940, 560)"
"(103, 2020)","(870, 620)"
"(352, 1930)","(980, 520)"
"(322, 2460)","(1080, 400)"
"(70, 1730)","(750, 750)"
"(115, 2080)","(900, 600)"
"(163, 2210)","(960, 540)"
"(331, 1740)","(890, 600)"
"(256, 1860)","(900, 600)"
"(226, 1840)","(870, 620)"
"(133, 1680)","(750, 740)"
"(190, 1810)","(840, 660)"
"(355, 1920)","(970, 520)"
"(28, 2500)","(970, 530)"
"(136, 1780)","(800, 700)"
"(13, 1480)","(590, 900)"
"(88, 1640)","(710, 780)"
"(373, 1630)","(870, 630)"
"(331, 2250)","(1050, 440)"
"(91, 2240)","(930, 560)"
"(124, 2560)","(1020, 480)"
"(94, 2040)","(880, 620)"
"(400, 1820)","(970, 530)"
"(259, 2500)","(1070, 430)"
"(325, 1960)","(960, 520)"
"(271, 1490)","(720, 770)"
"(232, 2390)","(1030, 460)"
"(148, 2580)","(1030, 460)"
"(4, 2020)","(830, 660)"
"(343, 1820)","(930, 560)"
"(151, 1820)","(820, 670)"
"(376, 1650)","(880, 620)"
"(358, 1640)","(860, 630)"
"(34, 2300)","(920, 570)"
"(154, 2160)","(930, 550)"
"(298, 2480)","(1080, 410)"
"(124, 1960)","(860, 630)"
"(259, 2240)","(1000, 480)"
"(274, 1530)","(750, 750)"
"(394, 2320)","(1110, 390)"
"(313, 2300)","(1040, 440)"
"(154, 1680)","(760, 730)"
"(355, 1480)","(770, 720)"
"(238, 2160)","(970, 510)"
"(343, 1630)","(850, 650)"
"(64, 2090)","(880, 620)"
"(103, 1660)","(730, 770)"
"(388, 2090)","(1050, 450)"
"(247, 2420)","(1050, 450)"
"(25, 2340)","(920, 560)"
"(40, 1490)","(610, 890)"
"(43, 2010)","(840, 650)"
"(241, 2370)","(1030, 460)"
"(295, 2330)","(1040, 440)"
"(262, 2190)","(990, 490)"
"(379, 1530)","(820, 680)"
"(97, 1860)","(810, 680)"
"(298, 1630)","(820, 680)"
"(379, 2110)","(1050, 450)"
"(103, 1720)","(760, 740)"
"(100, 1570)","(680, 810)"
"(64, 2370)","(950, 540)"
"(343, 1900)","(950, 530)"
"(85, 1560)","(670, 830)"
"(37, 1990)","(830, 660)"
"(250, 2590)","(1060, 410)"
"(1, 2530)","(960, 530)"
"(358, 2350)","(1090, 410)"
"(367, 2010)","(1000, 480)"
"(34, 1480)","(600, 900)"
"(46, 1470)","(600, 900)"
"(205, 2460)","(1030, 460)"
"(286, 2010)","(960, 530)"
"(13, 1670)","(700, 800)"
"(157, 2030)","(900, 590)"
"(13, 2230)","(900, 600)"
"(322, 2310)","(1050, 430)"
"(58, 2530)","(990, 510)"
"(274, 1810)","(890, 610)"
"(307, 2030)","(970, 510)"
"(316, 1900)","(940, 550)"
"(172, 2050)","(920, 580)"
"(325, 2410)","(1090, 410)"
"(61, 1780)","(770, 730)"
"(298, 1990)","(960, 530)"
"(400, 2190)","(1080, 420)"
"(160, 2250)","(970, 530)"
"(301, 2520)","(1080, 400)"
"(22, 2550)","(980, 520)"
"(223, 1850)","(870, 620)"
"(250, 1700)","(830, 670)"
"(316, 2120)","(1000, 480)"
"(118, 1430)","(600, 890)"
"(376, 1480)","(790, 710)"
"(325, 1400)","(700, 800)"
"(154, 2520)","(1020, 470)"
"(325, 2110)","(1010, 480)"
"(316, 2420)","(1080, 420)"
"(325, 2230)","(1040, 450)"
"(238, 2120)","(960, 520)"
"(337, 2020)","(1000, 500)"
"(124, 2190)","(930, 560)"
"(52, 2600)","(1000, 500)"
"(61, 2600)","(990, 490)"
"(88, 1950)","(840, 650)"
"(280, 1410)","(680, 820)"
"(181, 2580)","(1050, 450)"
"(214, 1800)","(850, 650)"
"(10, 1480)","(590, 910)"
"(70, 1640)","(710, 790)"
"(361, 2260)","(1060, 420)"
"(40, 2060)","(860, 640)"
"(388, 2300)","(1070, 390)"
"(121, 2440)","(990, 500)"
"(136, 2020)","(890, 610)"
"(253, 2450)","(1060, 440)"
"(22, 1690)","(710, 790)"
"(34, 1950)","(820, 680)"
"(76, 1700)","(740, 760)"
"(202, 1940)","(900, 600)"
"(34, 1890)","(800, 700)"
"(199, 2070)","(940, 560)"
"(235, 2130)","(960, 520)"
"(184, 1620)","(750, 750)"
"(193, 1530)","(710, 790)"
"(364, 2010)","(1010, 490)"
"(178, 2190)","(960, 540)"
"(238, 1460)","(690, 810)"
"(388, 1740)","(930, 570)"
"(304, 1890)","(930, 560)"
"(247, 2240)","(1010, 490)"
"(214, 2150)","(970, 530)"
"(31, 2150)","(880, 610)"
"(127, 2050)","(890, 600)"
"(295, 2310)","(1050, 450)"
"(232, 2050)","(950, 550)"
"(76, 1980)","(850, 650)"
"(10, 2530)","(970, 530)"
"(49, 1880)","(800, 700)"
"(238, 1430)","(670, 830)"
"(343, 2590)","(1110, 360)"
"(118, 2210)","(940, 560)"
"(214, 2080)","(950, 550)"
"(232, 2130)","(970, 530)"
"(61, 2260)","(920, 570)"
"(151, 2390)","(1000, 500)"
"(190, 2600)","(1050, 440)"
"(145, 2480)","(1010, 480)"
"(289, 2040)","(970, 520)"
"(28, 1890)","(800, 700)"
"(85, 1800)","(780, 710)"
"(256, 1640)","(800, 700)"
"(49, 2240)","(910, 580)"
"(28, 2510)","(960, 520)"
"(352, 2590)","(1110, 360)"
"(196, 2250)","(980, 510)"
"(331, 2540)","(1100, 380)"
"(346, 2180)","(1040, 450)"
"(232, 2220)","(990, 500)"
"(232, 2380)","(1020, 460)"
"(184, 2340)","(1000, 500)"
"(352, 2520)","(1120, 380)"
"(220, 1730)","(820, 670)"
"(112, 1630)","(720, 780)"
"(106, 1830)","(810, 690)"
"(274, 2510)","(1080, 420)"
"(253, 1790)","(870, 630)"
"(34, 2050)","(850, 640)"
"(283, 2520)","(1080, 410)"
"(100, 2160)","(910, 580)"
"(211, 1580)","(740, 750)"
"(253, 2370)","(1040, 460)"
"(193, 2080)","(940, 560)"
"(220, 1880)","(880, 610)"
"(178, 2440)","(1020, 480)"
"(295, 1590)","(800, 700)"
"(118, 2540)","(1010, 480)"
"(307, 1940)","(950, 540)"
"(262, 1970)","(940, 560)"
"(244, 2460)","(1040, 440)"
"(115, 1980)","(870, 630)"
"(109, 1600)","(700, 790)"
"(175, 2020)","(910, 590)"
"(202, 1860)","(870, 630)"
"(373, 2060)","(1030, 470)"
"(109, 2430)","(990, 510)"
"(133, 2080)","(910, 590)"
"(286, 1420)","(690, 810)"
"(136, 2470)","(1010, 490)"
"(331, 1660)","(860, 640)"
"(64, 2100)","(880, 610)"
"(367, 2080)","(1020, 460)"
"(325, 1420)","(710, 790)"
"(160, 1690)","(770, 720)"
"(49, 2010)","(850, 650)"
"(106, 2460)","(980, 500)"
"(22, 1520)","(620, 880)"
"(253, 1450)","(690, 810)"
"(19, 1880)","(790, 710)"
"(1, 1810)","(750, 740)"
"(322, 1650)","(840, 650)"
"(322, 1460)","(740, 760)"
"(268, 1520)","(740, 760)"
"(325, 2350)","(1060, 420)"
"(367, 2060)","(1020, 470)"
"(19, 2030)","(840, 660)"
"(388, 1430)","(760, 740)"
"(178, 2400)","(1000, 480)"
"(127, 1830)","(820, 680)"
"(238, 2090)","(950, 530)"
"(121, 1490)","(640, 850)"
"(76, 1990)","(850, 640)"
"(298, 2600)","(1070, 380)"
"(10, 1960)","(810, 680)"
"(259, 2030)","(950, 540)"
"(217, 1700)","(810, 690)"
"(274, 2430)","(1050, 430)"
"(121, 2570)","(1010, 470)"
"(187, 2200)","(970, 530)"
"(187, 1690)","(790, 710)"
"(349, 2550)","(1120, 370)"
"(382, 2350)","(1090, 390)"
"(298, 1830)","(910, 590)"
"(349, 1570)","(820, 680)"
"(262, 1430)","(680, 820)"
"(316, 2230)","(1040, 460)"
"(157, 1760)","(800, 690)"
"(49, 1780)","(760, 740)"
"(220, 1970)","(910, 580)"
"(79, 1590)","(680, 810)"
"(49, 1830)","(780, 710)"
"(235, 1830)","(870, 620)"
"(118, 1590)","(700, 790)"
"(223, 2320)","(1010, 480)"
"(85, 2010)","(860, 630)"
"(385, 1620)","(870, 620)"
"(196, 2540)","(1040, 450)"
"(193, 2490)","(1040, 460)"
"(283, 2280)","(1030, 460)"
"(265, 1940)","(930, 570)"
"(394, 1760)","(940, 550)"
"(331, 1800)","(920, 580)"
"(196, 2470)","(1030, 460)"
"(283, 2460)","(1060, 420)"
"(136, 2490)","(1000, 480)"
"(223, 1450)","(670, 830)"
"(94, 1550)","(670, 830)"
"(313, 1660)","(840, 650)"
"(226, 1410)","(640, 850)"
"(148, 1770)","(800, 690)"
"(202, 1760)","(830, 670)"
"(349, 2210)","(1050, 440)"
"(85, 1780)","(780, 720)"
"(4, 1740)","(720, 770)"
"(304, 1920)","(940, 550)"
"(232, 1840)","(870, 620)"
"(388, 2560)","(1150, 350)"
"(94, 1610)","(700, 800)"
"(394, 1800)","(960, 540)"
"(295, 1710)","(860, 640)"
"(7, 2460)","(940, 540)"
"(97, 1870)","(820, 680)"
"(337, 1560)","(810, 690)"
"(115, 2450)","(990, 500)"
"(367, 1850)","(960, 540)"
"(82, 2570)","(1000, 490)"
"(343, 2040)","(1000, 490)"
"(145, 1590)","(710, 780)"
"(277, 2260)","(1030, 470)"
"(400, 1840)","(980, 520)"
"(148, 2120)","(930, 570)"
"(334, 2030)","(1000, 500)"
"(265, 1440)","(690, 810)"
"(112, 2040)","(880, 610)"
"(46, 2510)","(980, 520)"
"(271, 2110)","(980, 510)"
"(25, 1560)","(640, 850)"
"(313, 1800)","(910, 590)"
"(241, 2460)","(1040, 440)"
"(184, 2270)","(980, 510)"
"(1, 2210)","(890, 610)"
"(151, 1770)","(800, 690)"
"(130, 1750)","(780, 710)"
"(310, 2520)","(1100, 400)"
"(46, 1710)","(730, 770)"
"(79, 2410)","(970, 530)"
"(43, 2350)","(930, 550)"
"(256, 2010)","(950, 550)"
"(124, 2130)","(920, 580)"
"(67, 1570)","(670, 830)"
"(349, 2220)","(1030, 430)"
"(307, 1630)","(830, 670)"
"(223, 1910)","(900, 600)"
"(202, 2540)","(1040, 440)"
"(175, 2490)","(1030, 470)"
"(394, 1910)","(1000, 500)"
"(325, 1620)","(830, 660)"
"(289, 1690)","(840, 650)"
"(244, 1870)","(890, 600)"
"(37, 2100)","(860, 620)"
"(157, 1620)","(740, 760)"
"(85, 1530)","(650, 840)"
"(196, 1620)","(760, 740)"
"(196, 1890)","(870, 620)"
"(7, 1910)","(790, 700)"
"(376, 2380)","(1100, 390)"
"(106, 2540)","(1010, 490)"
"(394, 1610)","(870, 620)"
"(226, 2460)","(1040, 450)"
"(25, 1830)","(770, 730)"
"(358, 1430)","(740, 760)"
"(367, 1790)","(940, 560)"
"(190, 2330)","(1000, 500)"
"(349, 1450)","(750, 750)"
"(133, 2140)","(920, 570)"
"(259, 2050)","(950, 530)"
"(250, 1690)","(820, 680)"
"(376, 2290)","(1070, 400)"
"(241, 2300)","(1020, 480)"
"(169, 1750)","(800, 690)"
"(283, 1780)","(880, 620)"
"(112, 2270)","(940, 540)"
"(91, 1920)","(830, 660)"
"(22, 2340)","(930, 570)"
"(358, 2400)","(1100, 400)"
"(28, 1870)","(790, 710)"
"(31, 2510)","(960, 520)"
"(208, 2210)","(980, 520)"
"(322, 2270)","(1040, 440)"
"(208, 2060)","(940, 560)"
"(397, 2410)","(1110, 370)"
"(232, 2100)","(950, 530)"
"(325, 1720)","(880, 620)"
"(55, 1440)","(580, 910)"
"(67, 2300)","(940, 560)"
"(352, 1500)","(780, 710)"
"(112, 1580)","(690, 800)"
"(166, 1850)","(840, 650)"
"(187, 2190)","(960, 530)"
"(145, 2440)","(1000, 490)"
"(31, 1690)","(710, 780)"
"(220, 1960)","(910, 580)"
"(283, 1850)","(910, 590)"
"(247, 2580)","(1080, 420)"
"(250, 1870)","(900, 600)"
"(163, 1860)","(850, 650)"
"(169, 1730)","(800, 700)"
"(220, 2540)","(1010, 420)"
"(361, 1530)","(810, 690)"
"(217, 2260)","(1000, 500)"
"(58, 1650)","(700, 790)"
"(109, 2230)","(940, 560)"
"(127, 2190)","(940, 560)"
"(289, 1520)","(750, 740)"
"(112, 1800)","(800, 700)"
"(238, 2490)","(1050, 440)"
"(118, 2420)","(990, 510)"
"(79, 2380)","(960, 530)"
"(199, 1720)","(810, 690)"
"(235, 2270)","(1010, 490)"
"(226, 1680)","(800, 690)"
"(43, 2570)","(990, 510)"
"(340, 1710)","(880, 610)"
"(175, 2010)","(900, 590)"
"(241, 1630)","(790, 710)"
"(283, 2320)","(1030, 450)"
"(145, 2220)","(950, 540)"
"(139, 1660)","(750, 750)"
"(211, 2580)","(1050, 430)"
"(346, 2550)","(1070, 360)"
"(286, 1720)","(860, 640)"
"(172, 2290)","(970, 510)"
"(136, 1540)","(680, 810)"
"(274, 2210)","(1010, 480)"
"(307, 1700)","(860, 640)"
"(85, 1490)","(630, 870)"
"(310, 1740)","(880, 620)"
"(190, 1550)","(720, 780)"
"(355, 2280)","(1060, 420)"
"(91, 2380)","(970, 530)"
"(256, 2450)","(1060, 440)"
"(157, 2230)","(950, 530)"
"(292, 1910)","(930, 560)"
"(136, 2580)","(1030, 470)"
"(130, 1640)","(730, 760)"
"(238, 2560)","(1070, 430)"
"(34, 2190)","(890, 600)"
"(7, 2140)","(860, 620)"
"(238, 1670)","(800, 690)"
"(310, 1580)","(800, 700)"
"(130, 1940)","(860, 640)"
"(43, 2060)","(860, 640)"
"(127, 2320)","(970, 530)"
"(64, 2300)","(940, 560)"
"(214, 2120)","(960, 540)"
"(208, 1530)","(710, 780)"
"(196, 2180)","(960, 530)"
"(301, 2440)","(1030, 400)"
"(391, 1710)","(920, 580)"
"(376, 2350)","(1050, 380)"
"(130, 2080)","(910, 590)"
"(139, 1460)","(630, 860)"
"(334, 2230)","(1050, 450)"
"(13, 1510)","(610, 890)"
"(205, 2410)","(1020, 470)"
"(178, 2500)","(1020, 460)"
"(394, 2270)","(1080, 400)"
"(250, 1990)","(940, 560)"
"(184, 1740)","(810, 690)"
"(238, 2300)","(1020, 480)"
"(370, 1750)","(920, 570)"
"(7, 1410)","(540, 950)"
"(232, 1750)","(840, 660)"
"(292, 2430)","(1060, 420)"
"(4, 2130)","(870, 630)"
"(133, 1400)","(590, 910)"
"(310, 2290)","(1040, 440)"
"(352, 1730)","(900, 600)"
"(340, 2110)","(1020, 470)"
"(22, 1800)","(760, 740)"
"(28, 2290)","(920, 580)"
"(175, 2060)","(910, 570)"
"(61, 2380)","(950, 540)"
"(253, 1670)","(810, 680)"
"(181, 1840)","(850, 650)"
"(139, 1910)","(850, 640)"
"(97, 1680)","(740, 760)"
"(112, 1950)","(850, 640)"
"(127, 1750)","(780, 710)"
"(226, 2390)","(1020, 460)"
"(298, 2310)","(1050, 450)"
"(313, 2560)","(1100, 390)"
"(289, 1610)","(800, 690)"
"(337, 1950)","(970, 520)"
"(169, 2100)","(920, 560)"
"(130, 1710)","(770, 730)"
"(400, 2590)","(1120, 330)"
"(55, 1740)","(750, 750)"
"(256, 2580)","(1070, 410)"
"(16, 1770)","(740, 750)"
"(166, 1670)","(770, 730)"
"(226, 2130)","(970, 530)"
"(28, 1910)","(800, 690)"
"(49, 1720)","(730, 760)"
"(16, 2590)","(980, 510)"
"(298, 2430)","(1070, 420)"
"(187, 1970)","(900, 600)"
"(67, 1520)","(640, 860)"
"(304, 1870)","(930, 570)"
"(289, 1820)","(900, 600)"
"(232, 2540)","(1060, 430)"
"(211, 1470)","(680, 820)"
"(10, 1800)","(750, 740)"
"(88, 1470)","(620, 880)"
"(52, 1550)","(650, 850)"
"(244, 2370)","(1030, 460)"
"(283, 2360)","(1040, 440)"
"(1, 1530)","(620, 880)"
"(250, 1430)","(670, 820)"
"(10, 2090)","(860, 640)"
"(319, 2360)","(1030, 410)"
"(253, 2460)","(1060, 440)"
"(4, 1460)","(570, 910)"
"(355, 1610)","(850, 650)"
"(229, 1750)","(840, 660)"
"(82, 1570)","(670, 820)"
"(292, 2470)","(1060, 410)"
"(40, 1970)","(830, 670)"
"(304, 2300)","(1050, 450)"
"(340, 2350)","(1060, 410)"
"(160, 2380)","(1000, 500)"
"(364, 1990)","(1000, 490)"
"(196, 1950)","(900, 600)"
"(169, 2230)","(970, 530)"
"(88, 1990)","(860, 640)"
"(37, 2040)","(850, 640)"
"(16, 1500)","(600, 890)"
"(136, 1880)","(840, 660)"
"(211, 2300)","(1000, 490)"
"(169, 2260)","(970, 520)"
"(400, 2370)","(1110, 380)"
"(280, 1720)","(850, 640)"
"(133, 2190)","(940, 560)"
"(22, 1980)","(830, 670)"
"(112, 2310)","(950, 530)"
"(367, 1490)","(790, 710)"
"(112, 1700)","(750, 740)"
"(157, 2250)","(960, 530)"
"(214, 1490)","(690, 800)"
"(388, 2310)","(1100, 400)"
"(220, 1660)","(790, 710)"
"(49, 1950)","(830, 670)"
"(160, 1440)","(630, 860)"
"(22, 2520)","(960, 520)"
"(265, 1770)","(860, 630)"
"(55, 1490)","(620, 880)"
"(274, 2010)","(960, 540)"
"(151, 1440)","(630, 870)"
"(259, 2330)","(1030, 460)"
"(166, 2000)","(900, 600)"
"(139, 2140)","(930, 570)"
"(166, 1780)","(820, 680)"
"(64, 2550)","(990, 500)"
"(280, 1830)","(900, 600)"
"(121, 1560)","(690, 810)"
"(25, 1810)","(760, 730)"
"(229, 1440)","(670, 830)"
"(112, 1590)","(700, 800)"
"(133, 2180)","(940, 560)"
"(226, 1600)","(760, 730)"
"(55, 1890)","(810, 690)"
"(127, 2400)","(990, 510)"
"(229, 2470)","(1050, 450)"
"(82, 1630)","(710, 790)"
"(190, 1620)","(750, 740)"
"(247, 1830)","(880, 620)"
"(376, 1610)","(860, 640)"
"(208, 2480)","(1030, 450)"
"(271, 1660)","(820, 680)"
"(268, 2010)","(950, 540)"
"(193, 1400)","(620, 880)"
"(340, 1910)","(960, 530)"
"(373, 1570)","(840, 660)"
"(391, 2100)","(1050, 440)"
"(55, 2030)","(860, 640)"
"(124, 1700)","(760, 740)"
"(145, 2570)","(1020, 460)"
"(256, 1840)","(890, 610)"
"(382, 1670)","(890, 600)"
"(241, 1930)","(910, 580)"
"(394, 1960)","(1010, 480)"
"(277, 1540)","(760, 740)"
"(49, 1620)","(690, 810)"
"(217, 2440)","(990, 440)"
"(250, 2540)","(1060, 420)"
"(292, 2570)","(1070, 390)"
"(64, 2320)","(940, 550)"
"(193, 2570)","(1040, 440)"
"(352, 2210)","(1050, 440)"
"(274, 2100)","(980, 510)"
"(250, 2370)","(1040, 460)"
"(205, 1490)","(690, 810)"
"(37, 1590)","(660, 830)"
"(100, 2070)","(890, 610)"
"(109, 2150)","(920, 580)"
"(43, 2000)","(840, 660)"
"(130, 2200)","(930, 550)"
"(4, 1980)","(820, 680)"
"(142, 1820)","(820, 680)"
"(217, 2550)","(1030, 430)"
"(247, 2330)","(1030, 470)"
"(19, 1970)","(820, 680)"
"(334, 2190)","(1040, 460)"
"(1, 1610)","(660, 840)"
"(262, 1410)","(660, 830)"
"(100, 1410)","(580, 910)"
"(106, 1570)","(680, 810)"
"(19, 1660)","(690, 800)"
"(370, 2400)","(1100, 390)"
"(331, 1540)","(790, 700)"
"(139, 1400)","(590, 900)"
"(70, 2580)","(990, 490)"
"(142, 1780)","(800, 690)"
"(370, 1770)","(930, 570)"
"(367, 2170)","(1050, 440)"
"(13, 2340)","(930, 570)"
"(358, 1970)","(990, 500)"
"(79, 2320)","(950, 550)"
"(334, 1500)","(770, 730)"
"(328, 1570)","(810, 690)"
"(187, 1940)","(890, 610)"
"(127, 2120)","(920, 580)"
"(181, 1560)","(720, 780)"
"(97, 1880)","(820, 670)"
"(160, 2440)","(1000, 480)"
"(178, 2600)","(1040, 440)"
"(16, 2580)","(970, 510)"
"(277, 1990)","(950, 540)"
"(286, 1810)","(890, 600)"
"(25, 1710)","(720, 780)"
"(133, 1720)","(770, 720)"
"(361, 2460)","(1100, 380)"
"(73, 1580)","(680, 820)"
"(160, 2340)","(990, 510)"
"(166, 1870)","(850, 640)"
"(286, 1470)","(720, 780)"
"(307, 1650)","(840, 660)"
"(361, 2580)","(1120, 360)"
"(1, 1470)","(580, 920)"
"(229, 2010)","(930, 560)"
"(31, 1650)","(690, 800)"
"(298, 2580)","(1090, 390)"
"(193, 1870)","(870, 630)"
"(193, 2590)","(1050, 440)"
"(370, 1910)","(970, 510)"
"(361, 2340)","(1060, 400)"
"(340, 1860)","(940, 550)"
"(316, 2430)","(1070, 410)"
"(148, 1730)","(780, 710)"
"(259, 2390)","(1040, 450)"
"(256, 2320)","(1030, 470)"
"(163, 1770)","(810, 690)"
"(274, 1510)","(740, 760)"
"(313, 1700)","(860, 630)"
"(199, 2140)","(960, 540)"
"(100, 1670)","(730, 760)"
"(133, 1770)","(790, 700)"
"(34, 2350)","(940, 560)"
"(325, 1480)","(750, 740)"
"(205, 2510)","(1040, 450)"
"(322, 2340)","(1070, 430)"
"(313, 2120)","(1000, 480)"
"(94, 2200)","(920, 570)"
"(28, 2050)","(850, 650)"
"(67, 2570)","(1000, 500)"
"(400, 1590)","(870, 630)"
"(22, 1790)","(750, 740)"
"(19, 1940)","(810, 690)"
"(373, 1710)","(910, 590)"
"(334, 1990)","(980, 510)"
"(286, 1940)","(930, 550)"
"(55, 2010)","(850, 650)"
"(229, 1560)","(740, 750)"
"(382, 1460)","(780, 720)"
"(130, 1660)","(740, 750)"
"(238, 1580)","(760, 740)"
"(301, 2130)","(1010, 490)"
"(61, 2460)","(970, 520)"
"(118, 1750)","(780, 720)"
"(67, 2430)","(970, 530)"
"(274, 2550)","(1080, 410)"
"(37, 1730)","(730, 760)"
"(232, 2480)","(1040, 440)"
"(268, 2430)","(1060, 440)"
"(178, 1820)","(840, 660)"
"(28, 1620)","(680, 820)"
"(19, 1540)","(630, 870)"
"(28, 2180)","(880, 600)"
"(304, 1910)","(930, 550)"
"(172, 2020)","(910, 590)"
"(64, 1880)","(810, 690)"
"(394, 1880)","(990, 510)"
"(34, 2200)","(900, 600)"
"(226, 2210)","(990, 510)"
"(394, 2120)","(1040, 430)"
"(205, 1690)","(800, 700)"
"(178, 2350)","(1000, 500)"
"(10, 2300)","(910, 580)"
"(265, 2130)","(990, 510)"
"(262, 1690)","(830, 670)"
"(88, 1720)","(750, 740)"
"(163, 2240)","(960, 530)"
"(79, 2120)","(890, 600)"
"(196, 2590)","(1060, 440)"
"(166, 2320)","(990, 510)"
"(31, 2220)","(900, 590)"
"(52, 1650)","(700, 790)"
"(106, 1890)","(830, 670)"
"(202, 1900)","(880, 620)"
"(55, 1700)","(730, 770)"
"(169, 1430)","(630, 870)"
"(322, 1930)","(960, 540)"
"(358, 2260)","(1060, 420)"
"(112, 2070)","(890, 600)"
"(88, 2030)","(860, 620)"
"(118, 2110)","(910, 590)"
"(259, 2110)","(980, 520)"
"(310, 2180)","(1020, 470)"
"(247, 2250)","(1010, 490)"
"(172, 2230)","(970, 530)"
"(181, 2300)","(990, 510)"
"(352, 2270)","(1050, 420)"
"(31, 2600)","(980, 500)"
"(259, 1530)","(740, 750)"
"(130, 2050)","(900, 600)"
"(52, 2050)","(860, 630)"
"(112, 1750)","(780, 720)"
"(172, 1760)","(810, 690)"
"(199, 2250)","(980, 510)"
"(19, 2120)","(870, 630)"
"(22, 1440)","(570, 930)"
"(253, 1540)","(740, 750)"
"(70, 2100)","(880, 610)"
"(202, 1590)","(740, 750)"
"(7, 1580)","(650, 850)"
"(55, 2220)","(910, 580)"
"(196, 2450)","(1030, 470)"
"(28, 1440)","(570, 920)"
"(118, 1670)","(740, 750)"
"(121, 1840)","(820, 680)"
"(310, 2280)","(1050, 450)"
"(388, 1930)","(1000, 500)"
"(7, 1840)","(770, 730)"
"(397, 1740)","(940, 560)"
"(190, 1720)","(800, 690)"
"(214, 2110)","(950, 540)"
"(4, 2200)","(890, 610)"
"(244, 2080)","(950, 530)"
"(358, 2460)","(1090, 380)"
"(271, 1780)","(870, 620)"
"(274, 1590)","(780, 710)"
"(85, 1620)","(700, 790)"
"(391, 1940)","(1000, 490)"
"(232, 1790)","(850, 640)"
"(115, 2190)","(920, 560)"
"(241, 2100)","(970, 530)"
"(367, 1580)","(840, 660)"
"(289, 2510)","(1070, 410)"
"(88, 1540)","(660, 840)"
"(376, 1810)","(950, 550)"
"(382, 1780)","(940, 550)"
"(346, 2580)","(1130, 370)"
"(154, 2230)","(960, 540)"
"(391, 2130)","(1030, 430)"
"(241, 1750)","(840, 650)"
"(55, 2200)","(910, 590)"
"(73, 1950)","(840, 660)"
"(307, 2380)","(1070, 430)"
"(76, 1410)","(570, 920)"
"(226, 2360)","(1020, 470)"
"(85, 1730)","(750, 740)"
"(244, 2570)","(1080, 420)"
"(229, 1700)","(810, 680)"
"(247, 1630)","(790, 710)"
"(46, 2260)","(920, 580)"
"(343, 2010)","(1000, 500)"
"(175, 2460)","(1010, 470)"
"(268, 1990)","(950, 550)"
"(112, 2180)","(930, 570)"
"(178, 1550)","(710, 790)"
"(55, 2000)","(850, 650)"
"(319, 2210)","(1040, 460)"
"(382, 2340)","(1080, 390)"
"(97, 1730)","(760, 740)"
"(370, 1610)","(860, 640)"
"(292, 2130)","(990, 490)"
"(232, 2260)","(1000, 490)"
"(310, 1970)","(960, 530)"
"(58, 1480)","(610, 890)"
"(307, 1860)","(920, 570)"
"(292, 1430)","(700, 800)"
"(391, 2340)","(1050, 370)"
"(295, 2130)","(1000, 490)"
"(214, 1570)","(740, 760)"
"(322, 2280)","(1050, 440)"
"(343, 2130)","(1030, 470)"
"(361, 2110)","(1030, 460)"
"(244, 1690)","(820, 680)"
"(394, 1870)","(980, 510)"
"(76, 2050)","(870, 620)"
"(166, 1420)","(620, 880)"
"(139, 2530)","(1010, 470)"
"(163, 1400)","(600, 890)"
"(118, 2160)","(920, 570)"
"(274, 2560)","(1040, 390)"
"(190, 2570)","(1050, 450)"
"(250, 1400)","(650, 850)"
"(34, 1700)","(720, 780)"
"(298, 1790)","(890, 600)"
"(37, 1760)","(750, 750)"
"(64, 1960)","(840, 660)"
"(205, 1900)","(880, 610)"
"(133, 2010)","(880, 610)"
"(247, 2260)","(1000, 480)"
"(52, 1590)","(670, 820)"
"(130, 2290)","(960, 530)"
"(340, 1670)","(870, 630)"
"(151, 2430)","(1000, 490)"
"(301, 1600)","(810, 690)"
"(253, 2590)","(1070, 410)"
"(217, 1930)","(890, 590)"
"(25, 1950)","(820, 680)"
"(217, 2300)","(1010, 490)"
"(109, 2040)","(880, 610)"
"(94, 1460)","(610, 880)"
"(94, 2280)","(940, 550)"
"(265, 2160)","(990, 500)"
"(199, 2010)","(920, 580)"
"(364, 1830)","(950, 550)"
"(277, 2020)","(950, 530)"
"(67, 1890)","(810, 680)"
"(70, 2500)","(980, 510)"
"(22, 1470)","(590, 910)"
"(340, 2120)","(1030, 470)"
"(361, 1710)","(900, 600)"
"(394, 1770)","(950, 550)"
"(10, 2050)","(840, 650)"
"(343, 2320)","(1060, 420)"
"(235, 2370)","(1020, 460)"
"(172, 1890)","(860, 630)"
"(382, 2500)","(1110, 360)"
"(82, 2370)","(950, 530)"
"(10, 2150)","(870, 620)"
"(181, 1820)","(840, 660)"
"(148, 2380)","(990, 500)"
"(91, 2180)","(920, 580)"
"(166, 2450)","(1010, 480)"
"(244, 2530)","(1070, 430)"
"(295, 2300)","(1040, 450)"
"(370, 1480)","(780, 710)"
"(355, 1930)","(980, 520)"
"(73, 1810)","(780, 710)"
"(295, 2160)","(1000, 480)"
"(361, 2280)","(1080, 420)"
"(61, 1810)","(780, 720)"
"(148, 1700)","(770, 720)"
"(97, 2250)","(940, 560)"
"(130, 2110)","(910, 580)"
"(265, 1860)","(890, 590)"
"(214, 1610)","(760, 740)"
"(370, 1410)","(730, 760)"
"(229, 1690)","(810, 690)"
"(157, 1970)","(880, 610)"
"(217, 1610)","(760, 730)"
"(61, 1580)","(670, 830)"
"(181, 2500)","(1020, 460)"
"(130, 2580)","(1030, 470)"
"(349, 2230)","(1060, 440)"
"(235, 1650)","(790, 700)"
"(175, 2330)","(990, 500)"
"(382, 1750)","(930, 570)"
"(169, 2170)","(950, 550)"
"(148, 1760)","(800, 700)"
"(169, 1620)","(740, 750)"
"(331, 2420)","(1090, 410)"
"(43, 1440)","(580, 920)"
"(112, 1930)","(850, 650)"
"(292, 2030)","(970, 520)"
"(385, 1820)","(960, 540)"
"(118, 2490)","(1000, 490)"
"(148, 1970)","(880, 620)"
"(187, 2260)","(970, 510)"
"(376, 1880)","(970, 520)"
"(394, 2530)","(1100, 340)"
"(280, 2330)","(1040, 450)"
"(400, 2040)","(1040, 460)"
"(115, 2400)","(980, 510)"
"(298, 1570)","(790, 710)"
"(340, 1690)","(880, 620)"
"(232, 2410)","(1000, 440)"
"(250, 2460)","(1060, 440)"
"(394, 1620)","(880, 620)"
"(316, 1680)","(860, 640)"
"(199, 1750)","(820, 680)"
"(79, 2230)","(920, 570)"
"(265, 2000)","(950, 550)"
"(22, 1970)","(820, 670)"
"(328, 1830)","(930, 570)"
"(154, 2120)","(930, 570)"
"(349, 2320)","(1060, 410)"
"(121, 2030)","(890, 610)"
"(319, 1970)","(970, 530)"
"(247, 1430)","(670, 830)"
"(46, 2170)","(890, 600)"
"(295, 1960)","(950, 540)"
"(310, 2110)","(1010, 490)"
"(307, 2520)","(1090, 400)"
"(184, 2080)","(920, 560)"
"(343, 1540)","(800, 700)"
"(142, 1950)","(870, 630)"
"(238, 1490)","(710, 790)"
"(274, 1800)","(880, 610)"
"(262, 1930)","(920, 570)"
"(73, 2240)","(920, 570)"
"(1, 1700)","(700, 790)"
"(280, 1910)","(930, 570)"
"(400, 1710)","(920, 570)"
"(316, 2070)","(1000, 500)"
"(292, 2230)","(1030, 470)"
"(250, 2520)","(1070, 430)"
"(220, 1430)","(660, 840)"
"(136, 2170)","(930, 560)"
"(316, 1750)","(890, 610)"
"(298, 1600)","(800, 690)"
"(388, 2140)","(1060, 440)"
"(175, 2470)","(1020, 470)"
"(1, 2300)","(900, 580)"
"(52, 2160)","(890, 600)"
"(274, 1910)","(920, 570)"
"(178, 2580)","(1050, 450)"
"(157, 1650)","(750, 740)"
"(10, 1590)","(650, 840)"
"(199, 1920)","(890, 610)"
"(7, 1770)","(740, 760)"
"(364, 2320)","(1090, 410)"
"(46, 1900)","(810, 690)"
"(151, 1950)","(870, 620)"
"(355, 2050)","(1010, 480)"
"(337, 2330)","(1070, 420)"
"(76, 2320)","(950, 550)"
"(55, 1860)","(800, 700)"
"(307, 2080)","(1000, 500)"
"(190, 1400)","(620, 880)"
"(268, 1440)","(690, 810)"
"(58, 2350)","(950, 550)"
"(268, 2000)","(940, 540)"
"(298, 2530)","(1080, 400)"
"(202, 1670)","(780, 710)"
"(103, 1610)","(700, 790)"
"(328, 1610)","(830, 670)"
"(118, 1700)","(760, 740)"
"(184, 2480)","(1030, 470)"
"(22, 1990)","(830, 670)"
"(232, 2470)","(1050, 450)"
"(19, 1510)","(610, 880)"
"(19, 2230)","(890, 590)"
"(139, 1670)","(750, 740)"
"(319, 2350)","(1070, 430)"
"(190, 2220)","(970, 520)"
"(352, 2370)","(1090, 410)"
"(256, 1710)","(830, 660)"
"(43, 1800)","(770, 730)"
"(397, 2300)","(1080, 390)"
"(382, 2470)","(1120, 370)"
"(301, 1500)","(750, 750)"
"(103, 2040)","(870, 610)"
"(202, 1920)","(890, 610)"
"(244, 2510)","(1070, 430)"
"(331, 1790)","(910, 580)"
"(379, 1720)","(910, 580)"
"(112, 2520)","(1010, 490)"
"(334, 2140)","(1030, 470)"
"(361, 1460)","(760, 730)"
"(79, 1920)","(830, 670)"
"(145, 1970)","(880, 620)"
"(280, 2470)","(1060, 420)"
"(4, 1420)","(550, 950)"
"(286, 2270)","(1030, 460)"
"(58, 1470)","(600, 890)"
"(385, 2240)","(1060, 410)"
"(259, 2450)","(1040, 430)"
"(151, 2580)","(1030, 460)"
"(1, 2410)","(940, 560)"
"(67, 1470)","(610, 890)"
"(193, 1550)","(720, 780)"
"(358, 1810)","(940, 560)"
"(85, 1830)","(800, 700)"
"(226, 2030)","(940, 560)"
"(292, 2460)","(1080, 420)"
"(214, 2530)","(1050, 440)"
"(67, 2180)","(910, 590)"
"(214, 1980)","(910, 580)"
"(337, 2480)","(1070, 380)"
"(391, 1570)","(850, 650)"
"(214, 2340)","(1010, 480)"
"(34, 1840)","(780, 720)"
"(175, 2510)","(1000, 450)"
"(304, 1700)","(860, 640)"
"(247, 1910)","(910, 590)"
"(388, 1670)","(900, 600)"
"(166, 2460)","(1020, 480)"
"(373, 2450)","(1090, 370)"
"(298, 2550)","(1100, 400)"
"(358, 2290)","(1070, 420)"
"(256, 1740)","(850, 650)"
"(358, 2010)","(1000, 490)"
"(328, 1810)","(920, 580)"
"(19, 1780)","(750, 750)"
"(316, 2140)","(1020, 480)"
"(217, 1490)","(690, 800)"
"(127, 1850)","(820, 670)"
"(319, 1900)","(950, 550)"
"(157, 2410)","(1000, 490)"
"(262, 1580)","(770, 720)"
"(91, 2500)","(990, 500)"
"(328, 2270)","(1060, 440)"
"(400, 2260)","(1080, 400)"
"(184, 2110)","(930, 550)"
"(31, 2210)","(890, 590)"
"(73, 2020)","(860, 640)"
"(133, 1440)","(620, 880)"
"(103, 2330)","(950, 530)"
"(289, 2450)","(1070, 420)"
"(373, 2020)","(1020, 480)"
"(349, 1740)","(900, 590)"
"(190, 1520)","(700, 800)"
"(271, 1960)","(940, 560)"
"(118, 1820)","(810, 690)"
"(157, 2540)","(1030, 470)"
"(100, 1520)","(650, 840)"
"(358, 2370)","(1090, 400)"
"(58, 2190)","(900, 590)"
"(79, 2220)","(920, 570)"
"(400, 2150)","(1050, 420)"
"(241, 2000)","(940, 560)"
"(352, 1780)","(920, 570)"
"(382, 2210)","(1060, 420)"
"(241, 2180)","(990, 510)"
"(100, 2560)","(1010, 490)"
"(376, 1780)","(940, 560)"
"(193, 2380)","(1010, 480)"
"(397, 1690)","(910, 580)"
"(211, 2290)","(990, 490)"
"(379, 1800)","(950, 550)"
"(127, 1760)","(790, 710)"
"(154, 2290)","(970, 520)"
"(19, 1440)","(570, 930)"
"(364, 2480)","(1110, 380)"
"(220, 2490)","(1050, 450)"
"(220, 2050)","(930, 550)"
"(25, 1550)","(640, 860)"
"(88, 1620)","(700, 790)"
"(7, 1930)","(800, 690)"
"(154, 2420)","(1000, 490)"
"(271, 2590)","(1070, 400)"
"(298, 2350)","(1060, 440)"
"(268, 1680)","(830, 670)"
"(67, 1930)","(830, 670)"
"(169, 1600)","(730, 760)"
"(361, 2290)","(1080, 420)"
"(313, 1500)","(760, 740)"
"(307, 1400)","(680, 810)"
"(88, 1690)","(740, 760)"
"(193, 1670)","(780, 720)"
"(316, 2580)","(1110, 380)"
"(304, 2440)","(1080, 420)"
"(400, 1800)","(960, 530)"
"(250, 1470)","(700, 800)"
"(190, 2510)","(1040, 460)"
"(139, 1540)","(680, 810)"
"(232, 2420)","(1040, 460)"
"(139, 1560)","(690, 800)"
"(31, 1480)","(600, 900)"
"(337, 2320)","(1060, 420)"
"(67, 1580)","(670, 820)"
"(46, 1520)","(630, 870)"
"(181, 1480)","(670, 830)"
"(370, 1810)","(950, 550)"
"(58, 2310)","(940, 560)"
"(310, 2550)","(1100, 390)"
"(85, 1460)","(610, 890)"
"(37, 2510)","(970, 520)"
"(187, 2170)","(960, 540)"
"(373, 1820)","(940, 540)"
"(181, 2480)","(1030, 470)"
"(280, 1840)","(900, 590)"
"(25, 1930)","(810, 690)"
"(154, 1930)","(870, 630)"
"(121, 2210)","(940, 560)"
"(133, 2580)","(1030, 470)"
"(280, 1850)","(910, 590)"
"(394, 1630)","(880, 610)"
"(193, 2400)","(1020, 480)"
"(160, 1650)","(750, 740)"
"(358, 1930)","(970, 510)"
"(262, 1620)","(790, 700)"
"(295, 1930)","(940, 550)"
"(346, 2450)","(1110, 390)"
"(325, 1550)","(790, 700)"
"(46, 2460)","(970, 530)"
"(217, 2450)","(1040, 460)"
"(52, 1870)","(800, 700)"
"(121, 2110)","(900, 580)"
"(364, 1640)","(870, 630)"
"(325, 2030)","(980, 500)"
"(190, 2460)","(1030, 470)"
"(82, 2460)","(970, 510)"
"(124, 1620)","(720, 780)"
"(262, 2360)","(1030, 450)"
"(334, 2570)","(1090, 370)"
"(61, 2570)","(1000, 500)"
"(7, 2060)","(850, 650)"
"(175, 2220)","(970, 530)"
"(223, 2590)","(1070, 430)"
"(301, 1530)","(770, 730)"
"(52, 2140)","(890, 610)"
"(196, 2020)","(920, 580)"
"(268, 1550)","(760, 740)"
"(46, 1510)","(620, 870)"
"(163, 1460)","(650, 850)"
"(295, 2350)","(1060, 440)"
"(43, 2250)","(910, 580)"
"(250, 2360)","(1030, 460)"
"(49, 1990)","(840, 660)"
"(373, 2070)","(1020, 460)"
"(46, 1530)","(640, 860)"
"(16, 1950)","(810, 680)"
"(334, 1600)","(830, 670)"
"(280, 2460)","(1060, 420)"
"(376, 1940)","(990, 500)"
"(355, 1460)","(760, 740)"
"(379, 1420)","(750, 750)"
"(343, 1740)","(900, 600)"
"(241, 1990)","(930, 560)"
"(223, 1710)","(810, 680)"
"(118, 2020)","(870, 610)"
"(58, 1640)","(700, 800)"
"(85, 2520)","(990, 500)"
"(391, 1730)","(930, 570)"
"(154, 2220)","(960, 540)"
"(136, 2230)","(940, 540)"
"(355, 1540)","(810, 690)"
"(286, 1850)","(910, 590)"
"(370, 2130)","(1040, 450)"
"(118, 2300)","(950, 530)"
"(178, 1590)","(730, 760)"
"(307, 2460)","(1070, 410)"
"(331, 2320)","(1070, 430)"
"(49, 2280)","(930, 570)"
"(154, 2180)","(940, 550)"
"(220, 2570)","(1060, 430)"
"(28, 1970)","(820, 670)"
"(52, 1690)","(720, 770)"
"(118, 1780)","(790, 700)"
"(151, 1870)","(840, 650)"
"(100, 2480)","(990, 500)"
"(316, 1540)","(780, 710)"
"(379, 2030)","(1000, 460)"
"(286, 2600)","(1090, 390)"
"(400, 1870)","(990, 510)"
"(103, 2350)","(970, 530)"
"(241, 2530)","(1060, 430)"
"(55, 1840)","(790, 710)"
"(298, 1470)","(730, 770)"
"(145, 2200)","(950, 550)"
"(178, 1690)","(780, 710)"
"(133, 2150)","(930, 570)"
"(82, 1580)","(680, 820)"
"(247, 2130)","(980, 520)"
"(280, 1450)","(700, 790)"
"(82, 1600)","(690, 810)"
"(133, 2470)","(1000, 490)"
"(1, 1790)","(740, 750)"
"(61, 1690)","(730, 770)"
"(16, 2540)","(970, 520)"
"(277, 1410)","(670, 820)"
"(361, 1600)","(850, 650)"
"(253, 2320)","(1020, 460)"
"(181, 2600)","(1040, 440)"
"(265, 1710)","(840, 660)"
"(40, 2080)","(870, 630)"
"(106, 1720)","(760, 740)"
"(274, 2520)","(1080, 420)"
"(61, 1890)","(810, 690)"
"(304, 2450)","(1080, 420)"
"(154, 2140)","(930, 560)"
"(34, 1790)","(760, 740)"
"(64, 1690)","(730, 770)"
"(145, 1640)","(740, 760)"
"(64, 2560)","(990, 500)"
"(217, 2430)","(1030, 460)"
"(214, 1930)","(900, 600)"
"(145, 1680)","(760, 740)"
"(127, 2070)","(890, 590)"
"(163, 1930)","(870, 620)"
"(205, 1410)","(630, 860)"
"(379, 2500)","(1130, 370)"
"(286, 1880)","(910, 570)"
"(250, 1790)","(860, 630)"
"(211, 1650)","(780, 720)"
"(163, 2530)","(1020, 460)"
"(319, 1720)","(880, 620)"
"(10, 1730)","(720, 770)"
"(163, 2410)","(1000, 490)"
"(100, 2340)","(950, 530)"
"(220, 1820)","(860, 640)"
"(214, 1640)","(780, 720)"
"(46, 2110)","(880, 620)"
"(214, 2520)","(1020, 430)"
"(49, 2410)","(960, 540)"
"(136, 2250)","(960, 540)"
"(382, 2120)","(1040, 440)"
"(16, 2410)","(940, 550)"
"(364, 1820)","(950, 550)"
"(109, 1400)","(580, 920)"
"(163, 1870)","(850, 650)"
"(106, 2520)","(1000, 490)"
"(112, 2530)","(1010, 490)"
"(115, 2530)","(1000, 480)"
"(292, 2250)","(1020, 460)"
"(214, 1540)","(720, 770)"
"(274, 1610)","(800, 700)"
"(280, 2190)","(1000, 480)"
"(259, 2370)","(1030, 450)"
"(109, 1850)","(820, 680)"
"(241, 2490)","(1030, 430)"
"(376, 1830)","(960, 540)"
"(169, 2340)","(990, 500)"
"(28, 2000)","(830, 660)"
"(277, 1730)","(850, 640)"
"(238, 2240)","(990, 490)"
"(31, 1990)","(830, 660)"
"(295, 1780)","(890, 610)"
"(103, 2380)","(970, 520)"
"(220, 1920)","(900, 600)"
"(256, 2600)","(1060, 400)"
"(277, 2140)","(1000, 500)"
"(238, 1760)","(850, 650)"
"(316, 1510)","(760, 730)"
"(316, 1520)","(770, 730)"
"(10, 2160)","(880, 620)"
"(283, 1750)","(870, 630)"
"(283, 2510)","(1070, 410)"
"(169, 2120)","(940, 560)"
"(118, 2600)","(1020, 470)"
"(277, 1900)","(920, 570)"
"(223, 1510)","(710, 790)"
"(238, 2530)","(1060, 430)"
"(73, 2330)","(950, 550)"
"(88, 2580)","(1010, 490)"
"(73, 1630)","(700, 790)"
"(85, 2600)","(1000, 480)"
"(157, 1900)","(860, 640)"
"(382, 1730)","(910, 570)"
"(397, 2050)","(1030, 450)"
"(178, 1990)","(890, 590)"
"(100, 2490)","(990, 500)"
"(91, 2410)","(970, 520)"
"(67, 2120)","(890, 610)"
"(157, 2190)","(950, 550)"
"(397, 1630)","(890, 610)"
"(199, 2450)","(1020, 460)"
"(7, 2150)","(870, 620)"
"(175, 1930)","(880, 620)"
"(298, 1780)","(890, 610)"
"(100, 1850)","(810, 680)"
"(73, 2560)","(1000, 500)"
"(184, 1630)","(760, 740)"
"(22, 2530)","(970, 520)"
"(13, 1440)","(560, 920)"
"(295, 1580)","(790, 700)"
"(376, 1680)","(890, 600)"
"(349, 1910)","(970, 530)"
"(343, 1440)","(740, 760)"
"(319, 2570)","(1060, 370)"
"(157, 2350)","(990, 510)"
"(127, 2100)","(900, 580)"
"(4, 2520)","(960, 530)"
"(133, 2300)","(970, 530)"
"(235, 2440)","(1040, 450)"
"(379, 1560)","(840, 660)"
"(88, 1770)","(770, 720)"
"(202, 1490)","(690, 810)"
"(346, 2060)","(1010, 480)"
"(70, 2360)","(950, 540)"
"(316, 1690)","(860, 640)"
"(322, 1560)","(800, 700)"
"(292, 2310)","(1040, 450)"
"(133, 1580)","(700, 790)"
"(355, 1760)","(920, 580)"
"(319, 2430)","(1080, 410)"
"(223, 1530)","(720, 770)"
"(325, 1730)","(880, 610)"
"(100, 1640)","(720, 780)"
"(301, 2370)","(1060, 430)"
"(328, 2040)","(1000, 500)"
"(244, 1740)","(840, 660)"
"(385, 2090)","(1040, 450)"
"(238, 2340)","(1020, 470)"
"(250, 2570)","(1070, 420)"
"(346, 2010)","(1000, 500)"
"(229, 2230)","(990, 500)"
"(232, 1970)","(910, 570)"
"(10, 1550)","(630, 860)"
"(82, 1400)","(570, 930)"
"(295, 1980)","(960, 540)"
"(349, 2030)","(1010, 490)"
"(25, 2130)","(870, 620)"
"(121, 2180)","(920, 560)"
"(286, 1610)","(800, 690)"
"(328, 2070)","(1000, 490)"
"(82, 1870)","(810, 680)"
"(298, 2420)","(1060, 420)"
"(379, 1780)","(940, 560)"
"(343, 1940)","(970, 520)"
"(349, 2450)","(1090, 390)"
"(61, 1950)","(830, 660)"
"(283, 2120)","(990, 500)"
"(364, 2490)","(1120, 380)"
"(226, 2180)","(970, 510)"
"(214, 2500)","(1050, 450)"
"(304, 1860)","(920, 570)"
"(202, 1510)","(700, 800)"
"(274, 1540)","(760, 740)"
"(190, 2390)","(1010, 480)"
"(49, 2360)","(940, 550)"
"(58, 2220)","(910, 580)"
"(322, 1810)","(910, 580)"
"(229, 2210)","(990, 510)"
"(244, 1550)","(740, 750)"
"(334, 2600)","(1080, 360)"
"(88, 1630)","(710, 790)"
"(346, 2420)","(1100, 400)"
"(346, 2040)","(1010, 490)"
"(301, 1780)","(890, 610)"
"(70, 1660)","(720, 780)"
"(73, 2380)","(950, 530)"
"(178, 1750)","(810, 690)"
"(4, 1690)","(700, 790)"
"(100, 1970)","(860, 640)"
"(313, 1680)","(850, 640)"
"(157, 2130)","(930, 560)"
"(124, 2170)","(930, 570)"
"(280, 2120)","(990, 500)"
"(148, 1840)","(830, 660)"
"(223, 1870)","(880, 610)"
"(73, 2050)","(860, 620)"
"(211, 2020)","(930, 570)"
"(199, 1510)","(700, 800)"
"(319, 1940)","(950, 530)"
"(259, 2140)","(990, 510)"
"(64, 1750)","(750, 740)"
"(313, 1400)","(690, 810)"
"(223, 2080)","(940, 540)"
"(169, 1580)","(720, 780)"
"(349, 1540)","(800, 690)"
"(169, 1910)","(870, 630)"
"(136, 1480)","(650, 850)"
"(13, 2410)","(940, 550)"
"(1, 2080)","(850, 650)"
"(85, 2020)","(870, 630)"
"(259, 2020)","(940, 540)"
"(130, 2090)","(910, 590)"
"(337, 1460)","(750, 750)"
"(253, 2220)","(1000, 490)"
"(184, 2260)","(970, 510)"
"(301, 1790)","(890, 600)"
"(400, 1400)","(750, 750)"
"(190, 1490)","(680, 820)"
"(181, 1770)","(820, 680)"
"(268, 1780)","(870, 630)"
"(160, 1760)","(800, 690)"
"(214, 1500)","(700, 800)"
"(13, 1860)","(780, 720)"
"(397, 2400)","(1100, 370)"
"(46, 2080)","(870, 630)"
"(127, 2150)","(920, 570)"
"(355, 1980)","(990, 500)"
"(400, 1920)","(1000, 490)"
"(130, 1670)","(750, 750)"
"(205, 2400)","(1020, 470)"
"(178, 1660)","(770, 730)"
"(316, 2520)","(1100, 400)"
"(208, 2330)","(1010, 490)"
"(340, 1470)","(750, 740)"
"(310, 2040)","(990, 510)"
"(193, 2090)","(940, 560)"
"(202, 1480)","(680, 820)"
"(130, 2140)","(920, 570)"
"(328, 2520)","(1100, 390)"
"(382, 1650)","(880, 610)"
"(199, 2600)","(1040, 430)"
"(394, 2070)","(1040, 450)"
"(388, 1600)","(860, 630)"
"(385, 2500)","(1130, 370)"
"(19, 1770)","(740, 750)"
"(52, 1680)","(720, 780)"
"(277, 1980)","(950, 550)"
"(109, 1870)","(820, 670)"
"(169, 2520)","(1020, 460)"
"(49, 2550)","(990, 510)"
"(397, 1860)","(970, 510)"
"(163, 2600)","(1030, 450)"
"(40, 1730)","(730, 760)"
"(148, 2150)","(930, 560)"
"(328, 2540)","(1110, 390)"
"(34, 1660)","(700, 800)"
"(106, 2150)","(910, 580)"
"(292, 1600)","(800, 700)"
"(154, 2250)","(960, 530)"
"(367, 2540)","(1130, 370)"
"(175, 1630)","(750, 750)"
"(280, 2060)","(970, 520)"
"(148, 1480)","(650, 840)"
"(280, 1860)","(910, 590)"
"(196, 1490)","(680, 810)"
"(118, 2550)","(1010, 480)"
"(217, 2180)","(980, 520)"
"(166, 1550)","(700, 790)"
"(331, 1610)","(830, 670)"
"(328, 1700)","(870, 620)"
"(235, 1440)","(670, 830)"
"(250, 1620)","(790, 710)"
"(124, 2520)","(1000, 480)"
"(316, 1430)","(710, 780)"
"(259, 2350)","(1040, 460)"
"(349, 2190)","(1050, 450)"
"(19, 2450)","(950, 540)"
"(184, 1910)","(880, 620)"
"(82, 1530)","(650, 850)"
"(202, 1690)","(790, 700)"
"(28, 2600)","(990, 510)"
"(88, 2270)","(940, 560)"
"(187, 2350)","(1000, 490)"
"(142, 1520)","(670, 820)"
"(337, 1810)","(920, 570)"
"(355, 2370)","(1080, 400)"
"(277, 2220)","(1020, 480)"
"(64, 2000)","(850, 650)"
"(142, 1620)","(730, 770)"
"(103, 2510)","(990, 490)"
"(223, 2030)","(940, 560)"
"(97, 1770)","(780, 720)"
"(112, 1850)","(820, 680)"
"(100, 2390)","(970, 520)"
"(331, 2070)","(1010, 490)"
"(61, 2220)","(910, 580)"
"(358, 1900)","(960, 520)"
"(283, 2020)","(960, 530)"
"(244, 1790)","(860, 630)"
"(295, 1920)","(940, 560)"
"(160, 2170)","(940, 550)"
"(181, 2330)","(1000, 500)"
"(145, 2360)","(990, 510)"
"(301, 2490)","(1030, 390)"
"(253, 2090)","(970, 530)"
"(133, 2460)","(1000, 490)"
"(316, 2340)","(1060, 430)"
"(85, 2590)","(1010, 490)"
"(265, 2150)","(990, 500)"
"(160, 2230)","(950, 530)"
"(109, 2210)","(930, 560)"
"(367, 1980)","(990, 490)"
"(346, 1480)","(770, 730)"
"(319, 1710)","(870, 620)"
"(91, 1580)","(680, 810)"
"(247, 1490)","(710, 790)"
"(220, 1450)","(670, 830)"
"(271, 1540)","(750, 740)"
"(31, 2190)","(890, 600)"
"(292, 2530)","(1070, 400)"
"(55, 2440)","(970, 530)"
"(304, 2420)","(1070, 420)"
"(259, 2510)","(1060, 420)"
"(277, 2340)","(1040, 450)"
"(58, 1860)","(800, 700)"
"(229, 2020)","(940, 560)"
"(28, 1760)","(740, 750)"
"(64, 1970)","(840, 660)"
"(136, 1610)","(720, 780)"
"(49, 2170)","(900, 600)"
"(256, 2470)","(1050, 430)"
"(205, 2550)","(1050, 440)"
"(217, 1970)","(910, 580)"
"(346, 2340)","(1080, 420)"
"(319, 1850)","(930, 570)"
"(76, 1500)","(630, 870)"
"(160, 2020)","(890, 590)"
"(190, 2200)","(970, 530)"
"(31, 2270)","(920, 580)"
"(199, 2330)","(1000, 490)"
"(172, 1700)","(780, 710)"
"(4, 1910)","(790, 700)"
"(178, 1980)","(900, 600)"
"(184, 2130)","(950, 550)"
"(322, 2330)","(1040, 420)"
"(322, 1840)","(930, 570)"
"(28, 1410)","(550, 940)"
"(355, 1700)","(890, 610)"
"(34, 1920)","(810, 690)"
"(262, 1750)","(850, 640)"
"(25, 1470)","(590, 910)"
"(355, 1580)","(830, 670)"
"(244, 1830)","(880, 620)"
"(16, 1610)","(670, 830)"
"(46, 2290)","(930, 570)"
"(76, 1790)","(780, 720)"
"(76, 2190)","(910, 580)"
"(22, 2160)","(880, 610)"
"(211, 2310)","(1000, 490)"
"(13, 2040)","(840, 650)"
"(130, 2540)","(1020, 480)"
"(334, 2150)","(1030, 470)"
"(184, 1950)","(880, 600)"
"(124, 2080)","(900, 590)"
"(85, 1850)","(810, 690)"
"(313, 1870)","(930, 560)"
"(76, 1740)","(760, 740)"
"(106, 2170)","(910, 570)"
"(175, 2250)","(970, 520)"
"(364, 1940)","(990, 510)"
"(139, 2250)","(960, 540)"
"(58, 2480)","(980, 520)"
"(241, 2200)","(990, 500)"
"(301, 1450)","(720, 780)"
"(346, 2270)","(1070, 430)"
"(139, 1830)","(820, 670)"
"(10, 2130)","(870, 630)"
"(169, 1930)","(870, 620)"
"(181, 1950)","(890, 610)"
"(316, 1970)","(970, 530)"
"(385, 1670)","(900, 600)"
"(295, 2190)","(1020, 480)"
"(307, 1820)","(900, 580)"
"(115, 1790)","(790, 700)"
"(226, 2410)","(1030, 460)"
"(154, 2040)","(900, 590)"
"(352, 1590)","(830, 660)"
"(361, 2200)","(1060, 440)"
"(217, 1740)","(830, 670)"
"(331, 2270)","(1060, 440)"
"(211, 2080)","(940, 550)"
"(313, 2170)","(1020, 470)"
"(283, 1650)","(820, 680)"
"(394, 1820)","(970, 530)"
"(316, 1770)","(900, 600)"
"(361, 1730)","(910, 590)"
"(352, 2090)","(1020, 470)"
"(46, 2560)","(990, 510)"
"(202, 1640)","(770, 730)"
"(229, 1540)","(730, 770)"
"(370, 2390)","(1090, 390)"
"(295, 1610)","(810, 690)"
"(28, 1900)","(800, 700)"
"(196, 2430)","(1020, 470)"
"(121, 1430)","(610, 890)"
"(289, 1850)","(900, 580)"
"(271, 2490)","(1060, 420)"
"(283, 2550)","(1090, 410)"
"(295, 1680)","(840, 650)"
"(88, 2420)","(970, 520)"
"(52, 2370)","(950, 550)"
"(40, 1870)","(790, 700)"
"(52, 1410)","(560, 930)"
"(259, 2340)","(1030, 460)"
"(163, 2200)","(950, 540)"
"(112, 2380)","(980, 520)"
"(232, 1830)","(870, 630)"
"(391, 2000)","(1020, 470)"
"(76, 2120)","(890, 600)"
"(343, 1910)","(960, 530)"
"(358, 2120)","(1040, 460)"
"(385, 1680)","(900, 600)"
"(49, 1810)","(770, 720)"
"(241, 1880)","(890, 600)"
"(112, 1510)","(650, 840)"
"(160, 1970)","(880, 610)"
"(127, 2450)","(1000, 500)"
"(229, 2390)","(1020, 460)"
"(349, 1750)","(910, 590)"
"(205, 1450)","(660, 840)"
"(91, 2420)","(980, 520)"
"(46, 1560)","(650, 840)"
"(334, 2510)","(1100, 390)"
"(397, 1800)","(960, 540)"
"(22, 2090)","(840, 620)"
"(133, 1750)","(790, 710)"
"(169, 2020)","(910, 590)"
"(118, 2410)","(990, 510)"
"(262, 1740)","(850, 650)"
"(34, 2490)","(970, 530)"
"(253, 2150)","(990, 510)"
"(91, 1740)","(760, 730)"
"(301, 1850)","(920, 580)"
"(103, 2500)","(1000, 500)"
"(313, 2140)","(1020, 480)"
"(262, 2020)","(950, 540)"
"(88, 1900)","(830, 670)"
"(76, 1970)","(840, 650)"
"(307, 1740)","(880, 620)"
"(127, 1580)","(700, 800)"
"(367, 2000)","(1010, 490)"
"(85, 1740)","(760, 740)"
"(199, 2510)","(1030, 450)"
"(241, 2400)","(1040, 460)"
"(142, 1970)","(880, 620)"
"(115, 1850)","(820, 680)"
"(340, 2420)","(1090, 400)"
"(229, 1930)","(910, 590)"
"(277, 2530)","(1070, 410)"
"(151, 2420)","(1000, 490)"
"(367, 1720)","(910, 590)"
"(184, 1930)","(880, 610)"
"(16, 2320)","(920, 570)"
"(214, 1620)","(770, 730)"
"(391, 2420)","(1100, 370)"
"(322, 2560)","(1090, 380)"
"(109, 2170)","(920, 570)"
"(19, 1620)","(670, 820)"
"(109, 2510)","(1000, 490)"
"(172, 1780)","(820, 680)"
"(319, 1820)","(920, 580)"
"(211, 2330)","(1010, 490)"
"(232, 2510)","(1060, 440)"
"(196, 2200)","(960, 520)"
"(340, 1850)","(930, 550)"
"(106, 1990)","(870, 630)"
"(46, 1700)","(720, 770)"
"(55, 2510)","(970, 510)"
"(91, 1470)","(620, 880)"
"(226, 2160)","(970, 520)"
"(229, 1990)","(930, 570)"
"(85, 2050)","(880, 620)"
"(40, 1680)","(710, 780)"
"(181, 2400)","(1000, 480)"
"(76, 1470)","(610, 880)"
"(382, 2590)","(1120, 340)"
"(301, 1750)","(880, 620)"
"(355, 1860)","(950, 540)"
"(373, 2310)","(1080, 400)"
"(382, 2570)","(1100, 340)"
"(289, 2430)","(1050, 420)"
"(229, 1650)","(790, 710)"
"(343, 1600)","(830, 660)"
"(238, 1660)","(800, 700)"
"(79, 1750)","(760, 730)"
"(286, 1990)","(960, 540)"
"(211, 1540)","(720, 780)"
"(289, 1860)","(910, 580)"
"(46, 1870)","(800, 700)"
"(148, 1930)","(860, 630)"
"(238, 2430)","(1040, 450)"
"(178, 1420)","(630, 870)"
"(331, 2520)","(1080, 380)"
"(346, 2600)","(1100, 360)"
"(352, 2360)","(1090, 410)"
"(139, 2460)","(1010, 490)"
"(313, 1740)","(880, 620)"
"(13, 1550)","(630, 860)"
"(244, 1750)","(840, 650)"
"(55, 2570)","(990, 500)"
"(229, 2460)","(1040, 450)"
"(361, 1990)","(990, 490)"
"(310, 1710)","(870, 630)"
"(355, 2140)","(1040, 460)"
"(16, 1820)","(760, 730)"
"(382, 2480)","(1090, 360)"
"(370, 2470)","(1090, 370)"
"(400, 1520)","(830, 670)"
"(319, 2280)","(1050, 450)"
"(187, 1770)","(820, 670)"
"(226, 1440)","(670, 830)"
"(85, 1400)","(570, 930)"
"(61, 1420)","(570, 920)"
"(235, 1580)","(760, 740)"
"(28, 1840)","(780, 720)"
"(94, 2210)","(930, 570)"
"(70, 2480)","(970, 510)"
"(310, 2300)","(1050, 440)"
"(256, 1970)","(930, 560)"
"(394, 1690)","(910, 580)"
"(289, 1790)","(890, 610)"
"(142, 2450)","(1000, 490)"
"(85, 1870)","(810, 680)"
"(271, 1740)","(860, 640)"
"(181, 2270)","(970, 510)"
"(259, 1870)","(890, 590)"
"(184, 1540)","(710, 790)"
"(220, 2180)","(980, 520)"
"(163, 2360)","(990, 500)"
"(139, 2090)","(910, 580)"
"(328, 1680)","(860, 630)"
"(4, 1510)","(610, 890)"
"(241, 2600)","(1080, 420)"
"(214, 1970)","(910, 580)"
"(271, 2400)","(1050, 440)"
"(115, 1800)","(800, 700)"
"(388, 2100)","(1050, 450)"
"(379, 2540)","(1100, 350)"
"(334, 2540)","(1100, 380)"
"(91, 2330)","(960, 540)"
"(397, 1970)","(1020, 480)"
"(166, 2190)","(950, 540)"
"(172, 1470)","(660, 840)"
"(385, 1950)","(1000, 490)"
"(79, 1490)","(630, 870)"
"(4, 1590)","(650, 850)"
"(154, 1430)","(620, 870)"
"(337, 2120)","(1020, 470)"
"(49, 2220)","(900, 580)"
"(55, 1690)","(720, 770)"
"(286, 2510)","(1080, 410)"
"(382, 1420)","(750, 750)"
"(61, 1410)","(560, 920)"
"(133, 2410)","(990, 500)"
"(226, 1520)","(720, 780)"
"(223, 2450)","(1030, 450)"
"(361, 2560)","(1080, 350)"
"(271, 2090)","(980, 520)"
"(307, 2040)","(980, 510)"
"(148, 2290)","(960, 520)"
"(121, 1860)","(830, 670)"
"(346, 1590)","(830, 670)"
"(238, 2460)","(1040, 440)"
"(388, 2150)","(1050, 430)"
"(343, 1490)","(770, 730)"
"(208, 2520)","(1050, 450)"
"(10, 2480)","(960, 540)"
"(40, 1950)","(820, 670)"
"(388, 1770)","(940, 550)"
"(307, 1590)","(800, 690)"
"(229, 1680)","(800, 690)"
"(124, 2430)","(990, 500)"
"(112, 1920)","(840, 650)"
"(286, 1670)","(830, 660)"
"(100, 1530)","(660, 840)"
"(274, 2410)","(1040, 430)"
"(280, 2180)","(1010, 490)"
"(184, 1760)","(820, 680)"
"(331, 1810)","(910, 570)"
"(169, 2060)","(920, 580)"
"(52, 1670)","(710, 780)"
"(322, 1500)","(760, 730)"
"(184, 1750)","(810, 680)"
"(55, 1800)","(770, 720)"
"(289, 1400)","(670, 820)"
"(355, 1640)","(860, 630)"
"(100, 2530)","(1000, 490)"
"(145, 1440)","(620, 870)"
"(97, 2100)","(900, 600)"
"(367, 2270)","(1080, 420)"
"(241, 2590)","(1080, 420)"
"(64, 1780)","(770, 730)"
"(64, 1430)","(580, 920)"
"(334, 2250)","(1060, 440)"
"(43, 2090)","(860, 620)"
"(175, 2550)","(1040, 460)"
"(289, 1410)","(680, 820)"
"(355, 1730)","(900, 590)"
"(280, 2050)","(970, 520)"
"(25, 2100)","(850, 620)"
"(172, 2420)","(1000, 480)"
"(100, 1740)","(770, 730)"
"(211, 1560)","(730, 760)"
"(340, 1920)","(970, 530)"
"(139, 1920)","(860, 640)"
"(190, 1540)","(710, 790)"
"(19, 1710)","(720, 780)"
"(163, 1440)","(630, 860)"
"(169, 1650)","(760, 740)"
"(91, 2580)","(1000, 480)"
"(373, 1910)","(980, 510)"
"(247, 1600)","(770, 720)"
"(211, 1480)","(680, 810)"
"(235, 1610)","(770, 720)"
"(73, 2150)","(890, 590)"
"(376, 1570)","(840, 660)"
"(187, 2400)","(1010, 480)"
"(256, 1500)","(720, 770)"
"(370, 2350)","(1100, 400)"
"(148, 1450)","(630, 860)"
"(211, 2430)","(1020, 460)"
"(304, 2590)","(1080, 380)"
"(316, 1460)","(730, 760)"
"(337, 2470)","(1100, 390)"
"(205, 1580)","(740, 760)"
"(394, 1640)","(890, 610)"
"(262, 1980)","(930, 550)"
"(43, 2360)","(940, 550)"
"(103, 1680)","(740, 760)"
"(379, 2510)","(1110, 360)"
"(379, 2130)","(1040, 440)"
"(19, 1610)","(670, 830)"
"(391, 1480)","(800, 700)"
"(97, 1940)","(840, 650)"
"(256, 1440)","(680, 810)"
"(64, 1490)","(620, 880)"
"(40, 1750)","(740, 750)"
"(238, 2540)","(1060, 430)"
"(88, 1700)","(740, 750)"
"(133, 1590)","(710, 790)"
"(37, 1630)","(690, 810)"
"(214, 1770)","(840, 660)"
"(208, 2300)","(990, 490)"
"(265, 2240)","(1010, 480)"
"(208, 2180)","(960, 520)"
"(349, 2050)","(1000, 480)"
"(349, 2240)","(1060, 440)"
"(247, 2540)","(1070, 430)"
"(10, 1790)","(750, 750)"
"(238, 2000)","(930, 560)"
"(127, 2490)","(1010, 490)"
"(370, 2550)","(1120, 360)"
"(388, 2530)","(1080, 340)"
"(13, 2090)","(860, 640)"
"(211, 2100)","(940, 540)"
"(79, 2060)","(880, 620)"
"(52, 2110)","(870, 610)"
"(55, 2600)","(1000, 500)"
"(223, 1840)","(870, 630)"
"(94, 1750)","(770, 730)"
"(244, 1860)","(890, 610)"
"(346, 2140)","(1010, 450)"
"(274, 1520)","(740, 750)"
"(352, 2470)","(1110, 380)"
"(223, 2110)","(960, 540)"
"(46, 2540)","(980, 510)"
"(67, 2560)","(1000, 500)"
"(202, 1930)","(890, 600)"
"(70, 1920)","(820, 670)"
"(118, 1870)","(830, 670)"
"(19, 2070)","(850, 640)"
"(274, 1850)","(900, 590)"
"(286, 1790)","(890, 610)"
"(394, 1920)","(1000, 500)"
"(25, 1920)","(810, 690)"
"(400, 1730)","(930, 560)"
"(40, 2400)","(940, 540)"
"(397, 1720)","(930, 570)"
"(163, 1720)","(790, 710)"
"(181, 1720)","(800, 700)"
"(196, 1440)","(650, 850)"
"(205, 1760)","(830, 670)"
"(343, 2450)","(1080, 390)"
"(136, 2400)","(980, 500)"
"(40, 1580)","(660, 840)"
"(277, 1740)","(860, 640)"
"(232, 1890)","(890, 600)"
"(70, 1500)","(630, 870)"
"(400, 2000)","(1030, 470)"
"(358, 2520)","(1110, 370)"
"(280, 2510)","(1070, 410)"
"(247, 1770)","(850, 640)"
"(253, 2170)","(980, 500)"
"(142, 2430)","(990, 490)"
"(34, 2210)","(890, 590)"
"(253, 2110)","(970, 520)"
"(295, 1690)","(850, 650)"
"(145, 2290)","(970, 530)"
"(163, 1670)","(760, 730)"
"(43, 2310)","(920, 560)"
"(67, 1480)","(610, 880)"
"(160, 2200)","(950, 540)"
"(91, 1440)","(600, 900)"
"(283, 1940)","(940, 560)"
"(55, 1530)","(640, 860)"
"(136, 2450)","(1000, 490)"
"(112, 1660)","(730, 760)"
"(280, 2220)","(1020, 480)"
"(169, 2380)","(990, 490)"
"(91, 2400)","(970, 520)"
"(262, 2150)","(980, 500)"
"(259, 1430)","(680, 820)"
"(259, 1700)","(830, 670)"
"(193, 2330)","(990, 490)"
"(214, 1520)","(710, 790)"
"(109, 1730)","(770, 730)"
"(193, 1410)","(630, 870)"
"(265, 2400)","(1040, 440)"
"(337, 2540)","(1080, 370)"
"(373, 2340)","(1090, 400)"
"(67, 1460)","(600, 890)"
"(379, 2060)","(1030, 460)"
"(193, 2040)","(920, 570)"
"(184, 2090)","(930, 560)"
"(286, 1590)","(790, 700)"
"(88, 1680)","(730, 760)"
"(328, 2260)","(1050, 440)"
"(346, 1710)","(890, 610)"
"(106, 1920)","(840, 650)"
"(82, 1900)","(820, 670)"
"(229, 1660)","(790, 700)"
"(16, 2290)","(910, 580)"
"(340, 1880)","(950, 540)"
"(376, 2190)","(1060, 430)"
"(328, 1400)","(700, 800)"
"(244, 2360)","(1020, 460)"
"(166, 2570)","(1040, 460)"
"(16, 2040)","(840, 650)"
"(343, 2050)","(1010, 490)"
"(118, 1840)","(820, 680)"
"(328, 1450)","(730, 760)"
"(247, 2210)","(1000, 500)"
"(238, 2020)","(930, 550)"
"(142, 1910)","(850, 640)"
"(259, 1840)","(890, 610)"
"(178, 2200)","(960, 530)"
"(388, 2220)","(1060, 410)"
"(196, 1610)","(750, 740)"
"(358, 2410)","(1060, 380)"
"(397, 1770)","(950, 550)"
"(1, 1630)","(670, 830)"
"(289, 1550)","(770, 720)"
"(241, 1860)","(890, 610)"
"(94, 1780)","(780, 720)"
"(25, 1450)","(580, 920)"
"(34, 2240)","(910, 590)"
"(340, 2020)","(1000, 500)"
"(133, 2000)","(880, 610)"
"(34, 2440)","(960, 540)"
"(214, 2270)","(1000, 500)"
"(349, 2370)","(1090, 410)"
"(232, 1680)","(810, 690)"
"(115, 1430)","(600, 890)"
"(388, 2450)","(1110, 370)"
"(322, 1590)","(810, 680)"
"(262, 1950)","(920, 560)"
"(145, 2400)","(990, 500)"
"(139, 2150)","(920, 560)"
"(100, 2580)","(1010, 480)"
"(130, 1700)","(760, 730)"
"(64, 1580)","(670, 820)"
"(34, 2360)","(940, 560)"
"(19, 2080)","(860, 640)"
"(139, 1720)","(780, 720)"
"(1, 2280)","(910, 590)"
"(235, 2590)","(1070, 420)"
"(268, 1650)","(810, 680)"
"(355, 2180)","(1050, 450)"
"(34, 1420)","(560, 930)"
"(133, 1450)","(620, 870)"
"(208, 1480)","(680, 810)"
"(85, 1680)","(730, 760)"
"(229, 1520)","(720, 780)"
"(367, 2450)","(1080, 370)"
"(394, 2050)","(1040, 460)"
"(106, 1540)","(670, 830)"
"(364, 2120)","(1040, 460)"
"(370, 2100)","(1040, 460)"
"(391, 1750)","(940, 560)"
"(331, 1850)","(940, 560)"
"(31, 1750)","(740, 760)"
"(124, 1770)","(790, 710)"
"(13, 1420)","(550, 940)"
"(196, 1600)","(750, 750)"
"(253, 1440)","(680, 820)"
"(139, 1940)","(860, 630)"
"(247, 1970)","(930, 570)"
"(397, 2120)","(1020, 420)"
"(31, 2180)","(880, 600)"
"(145, 2280)","(970, 530)"
"(361, 2600)","(1140, 360)"
"(40, 1450)","(580, 910)"
"(283, 1870)","(910, 580)"
"(367, 2200)","(1050, 430)"
"(37, 1600)","(670, 830)"
"(22, 1430)","(560, 930)"
"(286, 2180)","(1000, 480)"
"(232, 1530)","(730, 770)"
"(28, 2440)","(950, 540)"
"(103, 1780)","(780, 710)"
"(199, 2520)","(1040, 450)"
"(118, 2010)","(880, 620)"
"(61, 2320)","(930, 550)"
"(367, 2040)","(1020, 480)"
"(181, 1990)","(900, 590)"
"(190, 2590)","(1040, 440)"
"(382, 1680)","(900, 600)"
"(310, 1550)","(780, 710)"
"(295, 2110)","(1000, 500)"
"(388, 1950)","(1010, 490)"
"(142, 2530)","(1010, 470)"
"(100, 1920)","(840, 660)"
"(373, 1600)","(850, 640)"
"(199, 1870)","(870, 630)"
"(67, 1530)","(640, 850)"
"(256, 1550)","(750, 740)"
"(349, 1990)","(990, 500)"
"(190, 2350)","(1000, 490)"
"(322, 1970)","(960, 520)"
"(151, 1520)","(680, 820)"
"(40, 1610)","(680, 820)"
"(52, 1420)","(570, 930)"
"(253, 1750)","(850, 650)"
"(55, 1810)","(780, 720)"
"(178, 2120)","(930, 550)"
"(43, 1500)","(620, 880)"
"(235, 1500)","(710, 790)"
"(115, 1470)","(630, 870)"
"(301, 1410)","(690, 810)"
"(214, 2280)","(1000, 500)"
"(265, 1990)","(950, 550)"
"(289, 1580)","(790, 710)"
"(175, 1580)","(720, 770)"
"(382, 2280)","(1070, 400)"
"(28, 1920)","(810, 690)"
"(235, 2600)","(1070, 420)"
"(340, 1510)","(780, 720)"
"(265, 1510)","(730, 760)"
"(4, 2090)","(850, 640)"
"(160, 2100)","(930, 570)"
"(226, 2380)","(1030, 470)"
"(256, 2360)","(1040, 460)"
"(322, 2190)","(1030, 460)"
"(145, 2110)","(910, 570)"
"(214, 1530)","(720, 780)"
"(124, 1540)","(680, 820)"
"(370, 1490)","(790, 710)"
"(196, 1420)","(640, 860)"
"(253, 2360)","(1040, 460)"
"(241, 1940)","(920, 580)"
"(277, 1950)","(940, 560)"
"(217, 1420)","(650, 850)"
"(208, 2490)","(1030, 450)"
"(97, 1740)","(760, 730)"
"(280, 1600)","(790, 700)"
"(349, 2400)","(1090, 400)"
"(25, 2070)","(860, 640)"
"(292, 1990)","(950, 530)"
"(268, 2140)","(980, 500)"
"(91, 2600)","(1010, 480)"
"(34, 2120)","(870, 620)"
"(22, 1620)","(670, 820)"
"(43, 2430)","(960, 540)"
"(58, 1950)","(830, 670)"
"(49, 2110)","(880, 620)"
"(337, 1650)","(850, 640)"
"(121, 2040)","(890, 610)"
"(220, 2240)","(990, 500)"
"(49, 2330)","(940, 560)"
"(346, 1620)","(850, 650)"
"(241, 1420)","(660, 840)"
"(175, 2530)","(1010, 450)"
"(346, 1400)","(710, 790)"
"(373, 2400)","(1100, 390)"
"(91, 1560)","(670, 820)"
"(259, 2300)","(1030, 470)"
"(355, 1470)","(760, 730)"
"(64, 1710)","(740, 760)"
"(49, 2500)","(980, 520)"
"(364, 2160)","(1050, 450)"
"(121, 1880)","(830, 660)"
"(199, 1840)","(860, 640)"
"(400, 2450)","(1060, 340)"
"(340, 2250)","(1060, 440)"
"(4, 1700)","(710, 790)"
"(187, 1500)","(680, 810)"
"(325, 1970)","(970, 520)"
"(157, 2000)","(890, 600)"
"(343, 1850)","(940, 550)"
"(121, 1520)","(660, 830)"
"(211, 1500)","(700, 800)"
"(133, 1810)","(810, 680)"
"(148, 2530)","(1020, 470)"
"(178, 2510)","(1030, 460)"
"(4, 2340)","(920, 570)"
"(238, 1910)","(900, 590)"
"(199, 1400)","(620, 870)"
"(145, 1720)","(780, 720)"
"(190, 1430)","(640, 860)"
"(199, 2460)","(1020, 460)"
"(94, 1840)","(810, 690)"
"(325, 1650)","(850, 650)"
"(85, 1430)","(590, 910)"
"(202, 2300)","(1000, 500)"
"(34, 2400)","(950, 550)"
"(220, 2010)","(930, 570)"
"(262, 1670)","(820, 680)"
"(241, 2160)","(980, 510)"
"(316, 2180)","(1030, 470)"
"(97, 1440)","(600, 890)"
"(4, 2530)","(970, 530)"
"(52, 1630)","(690, 800)"
"(235, 2210)","(990, 500)"
"(4, 2300)","(910, 580)"
"(100, 1420)","(590, 910)"
"(214, 2230)","(990, 510)"
"(136, 2560)","(1020, 470)"
"(385, 2060)","(1040, 460)"
"(340, 1750)","(900, 590)"
"(169, 2140)","(930, 550)"
"(103, 2400)","(980, 520)"
"(304, 2320)","(1040, 440)"
"(73, 2440)","(970, 520)"
"(376, 1750)","(930, 570)"
"(28, 2540)","(980, 520)"
"(88, 2570)","(1010, 490)"
"(328, 2110)","(1020, 480)"
"(91, 2540)","(990, 490)"
"(205, 2260)","(980, 500)"
"(103, 1430)","(600, 900)"
"(376, 2260)","(1070, 410)"
"(340, 1640)","(850, 640)"
"(364, 1410)","(730, 770)"
"(127, 2530)","(1010, 480)"
"(130, 2060)","(900, 600)"
"(103, 2450)","(990, 510)"
"(61, 2410)","(950, 530)"
"(31, 1630)","(680, 810)"
"(301, 1640)","(830, 670)"
"(64, 2390)","(960, 540)"
"(232, 2490)","(1050, 440)"
"(394, 2250)","(1070, 400)"
"(148, 2130)","(930, 570)"
"(376, 2330)","(1090, 400)"
"(364, 1430)","(740, 750)"
"(394, 2360)","(1100, 380)"
"(157, 1830)","(830, 660)"
"(265, 1740)","(850, 640)"
"(184, 2420)","(1020, 480)"
"(82, 1460)","(610, 890)"
"(22, 2100)","(860, 630)"
"(49, 2290)","(930, 570)"
"(256, 1960)","(920, 560)"
"(130, 1430)","(610, 890)"
"(226, 1690)","(810, 690)"
"(328, 1750)","(890, 600)"
"(307, 1770)","(890, 610)"
"(280, 2200)","(1010, 480)"
"(292, 1950)","(950, 550)"
"(244, 2230)","(990, 490)"
"(205, 2340)","(1010, 490)"
"(274, 1820)","(890, 610)"
"(85, 2190)","(920, 580)"
"(109, 1800)","(800, 700)"
"(58, 2300)","(930, 560)"
"(85, 1700)","(740, 750)"
"(130, 1980)","(870, 620)"
"(154, 1600)","(720, 770)"
"(79, 1600)","(690, 810)"
"(316, 1480)","(750, 750)"
"(292, 2080)","(990, 510)"
"(283, 2110)","(980, 500)"
"(46, 1500)","(620, 880)"
"(265, 1830)","(890, 610)"
"(106, 2290)","(950, 540)"
"(247, 2440)","(1040, 440)"
"(358, 2060)","(1020, 480)"
"(205, 2600)","(1050, 430)"
"(355, 2460)","(1090, 380)"
"(379, 1990)","(1010, 480)"
"(37, 2090)","(870, 630)"
"(256, 2210)","(1000, 490)"
"(136, 1790)","(800, 690)"
"(283, 2370)","(1050, 440)"
"(229, 2120)","(960, 530)"
"(67, 2070)","(870, 620)"
"(130, 1730)","(780, 720)"
"(115, 2540)","(1000, 480)"
"(88, 2320)","(950, 540)"
"(199, 2350)","(1010, 490)"
"(112, 2570)","(1000, 470)"
"(304, 2140)","(1000, 480)"
"(301, 1730)","(870, 630)"
"(253, 2310)","(1030, 470)"
"(169, 2400)","(1010, 490)"
"(328, 2330)","(1070, 430)"
"(64, 1900)","(810, 680)"
"(94, 2420)","(980, 520)"
"(82, 2310)","(950, 550)"
"(91, 1650)","(720, 780)"
"(205, 2450)","(1030, 460)"
"(226, 2320)","(1010, 480)"
"(169, 2440)","(1010, 480)"
"(289, 2470)","(1080, 420)"
"(10, 2600)","(980, 510)"
"(205, 2180)","(970, 530)"
"(256, 2540)","(1070, 420)"
"(88, 1870)","(810, 680)"
"(376, 2460)","(1070, 360)"
"(307, 1520)","(760, 730)"
"(136, 1680)","(760, 740)"
"(88, 1570)","(680, 820)"
"(292, 1490)","(740, 760)"
"(391, 1450)","(780, 720)"
"(319, 1920)","(950, 540)"
"(4, 1570)","(640, 860)"
"(208, 2130)","(960, 540)"
"(244, 1630)","(790, 710)"
"(46, 2210)","(910, 590)"
"(391, 2470)","(1080, 350)"
"(331, 2190)","(1040, 460)"
"(172, 2580)","(1040, 450)"
"(130, 1990)","(880, 620)"
"(7, 2290)","(900, 580)"
"(31, 2440)","(960, 540)"
"(289, 1890)","(920, 570)"
"(301, 1650)","(830, 660)"
"(151, 2270)","(970, 530)"
"(82, 2240)","(930, 570)"
"(82, 2130)","(900, 600)"
"(79, 1940)","(840, 660)"
"(85, 1450)","(600, 890)"
"(37, 2380)","(940, 550)"
"(148, 2320)","(980, 520)"
"(355, 1430)","(740, 760)"
"(400, 1690)","(920, 580)"
"(91, 2300)","(950, 550)"
"(346, 1600)","(840, 660)"
"(244, 2420)","(1040, 450)"
"(238, 1600)","(770, 730)"
"(133, 1610)","(720, 780)"
"(91, 1510)","(640, 850)"
"(127, 1990)","(880, 620)"
"(175, 2300)","(990, 510)"
"(163, 2220)","(950, 530)"
"(82, 1750)","(760, 730)"
"(349, 1430)","(730, 760)"
"(109, 2140)","(910, 580)"
"(349, 2440)","(1100, 390)"
"(313, 1550)","(790, 710)"
"(193, 2260)","(980, 510)"
"(349, 2000)","(1000, 500)"
"(154, 1720)","(780, 710)"
"(190, 1910)","(880, 620)"
"(31, 1530)","(630, 870)"
"(364, 1400)","(720, 770)"
"(172, 2460)","(1010, 470)"
"(250, 2220)","(1000, 490)"
"(151, 2520)","(1020, 470)"
"(103, 1420)","(590, 910)"
"(43, 2230)","(900, 580)"
"(205, 2090)","(940, 550)"
"(217, 1550)","(730, 770)"
"(127, 2580)","(1020, 470)"
"(151, 2080)","(910, 580)"
"(238, 1770)","(850, 650)"
"(223, 2500)","(1050, 450)"
"(265, 2290)","(1030, 470)"
"(271, 2230)","(1020, 480)"
"(265, 2340)","(1040, 460)"
"(310, 1500)","(750, 740)"
"(304, 2170)","(1020, 480)"
"(343, 2160)","(1040, 460)"
"(82, 1930)","(830, 660)"
"(361, 2120)","(1040, 460)"
"(394, 2560)","(1150, 350)"
"(193, 2560)","(1050, 450)"
"(274, 1500)","(730, 760)"
"(376, 1510)","(800, 690)"
"(361, 2220)","(1030, 420)"
"(133, 2510)","(1010, 480)"
"(133, 2130)","(920, 570)"
"(361, 1750)","(920, 580)"
"(307, 2540)","(1070, 390)"
"(199, 1650)","(770, 720)"
"(148, 2170)","(930, 550)"
"(31, 2530)","(980, 520)"
"(154, 2100)","(920, 570)"
"(334, 1700)","(880, 620)"
"(244, 1930)","(910, 580)"
"(40, 2070)","(860, 630)"
"(259, 1780)","(870, 630)"
"(91, 2560)","(1010, 490)"
"(70, 1800)","(780, 720)"
"(112, 1450)","(620, 880)"
"(145, 1890)","(850, 650)"
"(31, 1410)","(550, 940)"
"(325, 2360)","(1070, 420)"
"(157, 2050)","(910, 590)"
"(160, 1640)","(750, 750)"
"(274, 2470)","(1050, 420)"
"(250, 1480)","(710, 790)"
"(319, 1830)","(910, 570)"
"(340, 2100)","(1010, 470)"
"(37, 1800)","(760, 730)"
"(265, 1620)","(790, 700)"
"(331, 2550)","(1070, 370)"
"(346, 1490)","(770, 720)"
"(25, 1720)","(720, 770)"
"(334, 1580)","(820, 680)"
"(226, 1450)","(670, 820)"
"(361, 1780)","(930, 570)"
"(76, 2460)","(980, 520)"
"(271, 2530)","(1060, 410)"
"(175, 1900)","(870, 630)"
"(97, 2140)","(910, 590)"
"(16, 2300)","(920, 580)"
"(310, 2430)","(1060, 410)"
"(175, 2180)","(950, 540)"
"(250, 2510)","(1070, 430)"
"(115, 1920)","(850, 650)"
"(196, 2570)","(1040, 440)"
"(358, 2340)","(1090, 410)"
"(337, 1920)","(960, 530)"
"(19, 1830)","(770, 730)"
"(292, 2180)","(1010, 480)"
"(166, 2490)","(1020, 470)"
"(151, 1730)","(790, 710)"
"(166, 2510)","(1030, 470)"
"(382, 2360)","(1100, 390)"
"(100, 1620)","(710, 790)"
"(343, 1610)","(840, 660)"
"(82, 2250)","(930, 560)"
"(37, 1970)","(830, 670)"
"(136, 1630)","(730, 770)"
"(313, 2500)","(1060, 390)"
"(184, 2190)","(960, 530)"
"(88, 2240)","(930, 560)"
"(250, 2410)","(1050, 450)"
"(274, 1830)","(890, 600)"
"(49, 1760)","(750, 740)"
"(172, 2400)","(1010, 490)"
"(7, 1400)","(540, 960)"
"(13, 2250)","(900, 590)"
"(184, 2570)","(1050, 450)"
"(271, 2020)","(960, 540)"
"(328, 1460)","(740, 760)"
"(100, 2350)","(960, 530)"
"(169, 2030)","(910, 590)"
"(127, 1720)","(770, 730)"
"(118, 2280)","(950, 540)"
"(313, 2080)","(1000, 500)"
"(115, 1900)","(840, 660)"
"(88, 2410)","(970, 520)"
"(358, 1600)","(840, 650)"
"(166, 1410)","(610, 880)"
"(241, 2010)","(940, 560)"
"(49, 1890)","(800, 690)"
"(202, 1970)","(910, 590)"
"(79, 2180)","(910, 580)"
"(250, 2140)","(970, 510)"
"(142, 2140)","(930, 570)"
"(91, 2040)","(870, 620)"
"(67, 2340)","(950, 550)"
"(286, 2110)","(990, 500)"
"(199, 1470)","(670, 830)"
"(196, 1680)","(790, 710)"
"(112, 2560)","(1010, 480)"
"(181, 2340)","(1000, 500)"
"(307, 1510)","(760, 740)"
"(187, 2090)","(940, 560)"
"(178, 2210)","(960, 530)"
"(25, 1740)","(730, 760)"
"(367, 2340)","(1080, 400)"
"(37, 1810)","(770, 730)"
"(52, 1790)","(770, 730)"
"(76, 1430)","(590, 910)"
"(235, 2010)","(940, 560)"
"(199, 1450)","(660, 840)"
"(79, 2470)","(980, 510)"
"(229, 1980)","(920, 570)"
"(217, 1780)","(840, 650)"
"(358, 2270)","(1060, 420)"
"(277, 1600)","(790, 700)"
"(310, 1630)","(830, 670)"
"(259, 1710)","(840, 660)"
"(211, 1700)","(800, 690)"
"(298, 1860)","(920, 580)"
"(376, 1730)","(920, 580)"
"(103, 2160)","(920, 580)"
"(61, 1860)","(800, 700)"
"(94, 1410)","(580, 920)"
"(103, 1970)","(860, 640)"
"(280, 1500)","(740, 760)"
"(346, 1800)","(930, 570)"
"(13, 1590)","(650, 840)"
"(367, 1890)","(970, 520)"
"(61, 1880)","(810, 690)"
"(370, 2500)","(1120, 380)"
"(385, 1760)","(940, 560)"
"(124, 1500)","(650, 840)"
"(361, 1840)","(940, 540)"
"(322, 2570)","(1110, 390)"
"(262, 1540)","(750, 750)"
"(67, 1670)","(720, 780)"
"(382, 1580)","(850, 650)"
"(334, 2180)","(1020, 450)"
"(10, 1640)","(680, 820)"
"(115, 1840)","(820, 680)"
"(28, 2280)","(920, 580)"
"(184, 1980)","(890, 590)"
"(235, 1570)","(750, 750)"
"(217, 2510)","(1050, 450)"
"(340, 1760)","(910, 590)"
"(385, 1470)","(790, 710)"
"(67, 1680)","(720, 770)"
"(181, 1980)","(900, 600)"
"(322, 1890)","(940, 550)"
"(391, 2600)","(1140, 340)"
"(55, 1920)","(820, 680)"
"(280, 2210)","(1020, 480)"
"(85, 1950)","(840, 650)"
"(274, 2390)","(1050, 440)"
"(166, 2150)","(940, 550)"
"(106, 2600)","(1010, 470)"
"(364, 2020)","(1000, 480)"
"(370, 2170)","(1030, 430)"
"(151, 2590)","(1040, 460)"
"(22, 1840)","(770, 720)"
"(70, 1770)","(770, 730)"
"(13, 2280)","(900, 580)"
"(106, 1730)","(760, 730)"
"(199, 1690)","(790, 700)"
"(46, 2570)","(980, 500)"
"(172, 1490)","(670, 830)"
"(196, 2310)","(1000, 500)"
"(163, 2550)","(1030, 460)"
"(376, 2020)","(1020, 480)"
"(322, 2040)","(990, 500)"
"(31, 2090)","(860, 630)"
"(400, 1630)","(890, 610)"
"(7, 2000)","(830, 670)"
"(220, 1610)","(760, 730)"
"(7, 2340)","(920, 570)"
"(205, 1610)","(760, 740)"
"(184, 1860)","(860, 640)"
"(307, 2390)","(1060, 420)"
"(322, 1490)","(760, 740)"
"(259, 1930)","(920, 570)"
"(142, 1490)","(650, 840)"
"(256, 2550)","(1050, 410)"
"(307, 1490)","(750, 750)"
"(43, 1610)","(680, 820)"
"(142, 1850)","(830, 660)"
"(28, 1490)","(600, 890)"
"(154, 1700)","(770, 720)"
"(34, 2090)","(870, 630)"
"(103, 1540)","(670, 830)"
"(34, 2470)","(960, 530)"
"(268, 1610)","(790, 700)"
"(154, 1630)","(740, 760)"
"(103, 1960)","(850, 640)"
"(334, 1420)","(720, 780)"
"(94, 1700)","(750, 750)"
"(292, 2560)","(1070, 390)"
"(97, 1760)","(770, 720)"
"(124, 2600)","(1030, 470)"
"(97, 1570)","(680, 820)"
"(304, 1970)","(950, 530)"
"(208, 2310)","(1000, 490)"
"(193, 1470)","(670, 830)"
"(46, 2300)","(930, 570)"
"(361, 1980)","(1000, 500)"
"(211, 1570)","(740, 760)"
"(214, 2350)","(1020, 480)"
"(250, 2440)","(1040, 440)"
"(316, 1760)","(890, 610)"
"(16, 2030)","(840, 660)"
"(307, 2340)","(1060, 440)"
"(385, 2400)","(1100, 380)"
"(394, 2220)","(1070, 410)"
"(292, 1840)","(910, 590)"
"(385, 2040)","(1020, 460)"
"(34, 2110)","(870, 620)"
"(256, 2160)","(980, 500)"
"(274, 1400)","(660, 830)"
"(304, 2520)","(1100, 400)"
"(211, 1530)","(710, 780)"
"(199, 2100)","(940, 550)"
"(307, 1440)","(710, 780)"
"(1, 1480)","(590, 910)"
"(307, 1960)","(960, 540)"
"(16, 1880)","(790, 710)"
"(100, 2170)","(920, 580)"
"(97, 2580)","(1010, 480)"
"(133, 2230)","(950, 550)"
"(91, 1490)","(630, 870)"
"(283, 1960)","(950, 550)"
"(310, 1440)","(720, 780)"
"(130, 1650)","(740, 760)"
"(133, 2370)","(980, 510)"
"(64, 2270)","(930, 570)"
"(295, 2470)","(1080, 420)"
"(382, 2560)","(1140, 360)"
"(73, 1410)","(570, 930)"
"(259, 1770)","(860, 630)"
"(64, 2200)","(900, 580)"
"(268, 2210)","(1010, 490)"
"(124, 1420)","(600, 900)"
"(61, 1940)","(830, 670)"
"(271, 1430)","(680, 810)"
"(220, 2410)","(1020, 460)"
"(52, 2590)","(1000, 500)"
"(325, 2600)","(1120, 380)"
"(346, 1890)","(960, 540)"
"(292, 2260)","(1030, 460)"
"(154, 2400)","(1000, 500)"
"(301, 1740)","(870, 620)"
"(289, 1660)","(830, 670)"
"(229, 1880)","(890, 610)"
"(391, 1530)","(830, 670)"
"(1, 1760)","(730, 760)"
"(157, 1420)","(620, 880)"
"(178, 2070)","(920, 570)"
"(139, 1680)","(760, 740)"
"(331, 2060)","(1000, 490)"
"(184, 1990)","(900, 590)"
"(247, 2030)","(950, 550)"
"(316, 2210)","(1030, 460)"
"(367, 1960)","(1000, 500)"
"(154, 2010)","(890, 600)"
"(127, 2230)","(950, 550)"
"(178, 1870)","(860, 640)"
"(358, 2150)","(1040, 450)"
"(379, 2160)","(1060, 440)"
"(385, 1840)","(970, 530)"
"(91, 1680)","(730, 760)"
"(220, 1440)","(660, 830)"
"(199, 2060)","(930, 560)"
"(115, 1550)","(680, 820)"
"(244, 2260)","(1010, 490)"
"(319, 1990)","(980, 520)"
"(361, 2250)","(1060, 420)"
"(100, 1800)","(790, 700)"
"(298, 1880)","(930, 570)"
"(250, 1660)","(810, 690)"
"(292, 2190)","(1020, 480)"
"(55, 2100)","(880, 620)"
"(388, 2110)","(1040, 440)"
"(112, 1480)","(630, 860)"
"(313, 2030)","(980, 510)"
"(214, 2450)","(1020, 450)"
"(346, 2330)","(1080, 420)"
"(382, 2160)","(1050, 430)"
"(91, 2480)","(990, 510)"
"(118, 2030)","(880, 610)"
"(19, 2360)","(930, 560)"
"(361, 1510)","(790, 700)"
"(208, 2290)","(1000, 500)"
"(97, 2270)","(940, 550)"
"(328, 1550)","(800, 700)"
"(112, 1820)","(810, 690)"
"(160, 1400)","(600, 890)"
"(310, 2260)","(1040, 450)"
"(367, 1740)","(920, 580)"
"(175, 1500)","(680, 820)"
"(379, 2530)","(1120, 360)"
"(181, 1490)","(670, 820)"
"(31, 2550)","(970, 510)"
"(343, 2090)","(1020, 480)"
"(118, 1540)","(670, 820)"
"(373, 1640)","(870, 620)"
"(94, 2290)","(950, 550)"
"(208, 2030)","(930, 570)"
"(229, 2480)","(1040, 440)"
"(40, 2360)","(930, 550)"
"(169, 1940)","(880, 620)"
"(259, 1660)","(810, 680)"
"(313, 1930)","(950, 540)"
"(208, 2270)","(990, 500)"
"(361, 1540)","(810, 680)"
"(178, 2320)","(980, 500)"
"(373, 2470)","(1070, 360)"
"(388, 1850)","(970, 520)"
"(43, 1620)","(680, 810)"
"(25, 2210)","(900, 600)"
"(25, 2170)","(890, 610)"
"(283, 1790)","(880, 610)"
"(310, 2410)","(1070, 420)"
"(4, 1800)","(750, 750)"
"(283, 1990)","(960, 540)"
"(133, 2420)","(990, 500)"
"(130, 2550)","(1010, 470)"
"(112, 2150)","(920, 580)"
"(49, 2300)","(920, 560)"
"(4, 2390)","(930, 560)"
"(97, 1490)","(630, 860)"
"(151, 1830)","(830, 670)"
"(229, 2590)","(1070, 430)"
"(85, 1750)","(760, 730)"
"(172, 1690)","(780, 720)"
"(22, 1500)","(610, 890)"
"(361, 1410)","(730, 770)"
"(97, 2450)","(990, 510)"
"(295, 1820)","(900, 590)"
"(208, 1640)","(770, 720)"
"(118, 1990)","(870, 620)"
"(40, 2010)","(840, 650)"
"(31, 2110)","(860, 620)"
"(340, 1430)","(730, 770)"
"(292, 1660)","(830, 670)"
"(346, 1690)","(880, 620)"
"(400, 1950)","(1010, 480)"
"(31, 1850)","(780, 710)"
"(247, 2400)","(1030, 450)"
"(328, 1940)","(960, 530)"
"(334, 1890)","(950, 540)"
"(238, 1680)","(810, 690)"
"(301, 2160)","(1010, 480)"
"(22, 2030)","(840, 650)"
"(88, 2350)","(960, 540)"
"(352, 2600)","(1120, 360)"
"(127, 2160)","(930, 570)"
"(58, 1770)","(760, 740)"
"(148, 2500)","(1020, 480)"
"(208, 1650)","(780, 720)"
"(307, 2060)","(980, 500)"
"(265, 1880)","(910, 590)"
"(19, 2130)","(870, 620)"
"(157, 1580)","(710, 780)"
"(118, 1790)","(800, 700)"
"(154, 2590)","(1040, 460)"
"(178, 2010)","(910, 590)"
"(172, 1870)","(850, 640)"
"(292, 1710)","(850, 640)"
"(223, 1630)","(780, 720)"
"(322, 1900)","(950, 550)"
"(13, 2320)","(910, 570)"
"(175, 2410)","(1000, 480)"
"(40, 2280)","(920, 570)"
"(130, 2230)","(950, 550)"
"(343, 2410)","(1090, 400)"
"(313, 2470)","(1090, 410)"
"(244, 1980)","(920, 560)"
"(115, 2560)","(1020, 480)"
"(310, 1820)","(910, 580)"
"(112, 2140)","(910, 580)"
"(37, 1680)","(710, 790)"
"(313, 1610)","(820, 680)"
"(388, 1530)","(830, 670)"
"(7, 2420)","(940, 550)"
"(172, 2130)","(930, 550)"
"(49, 2120)","(860, 600)"
"(205, 2200)","(970, 520)"
"(400, 1410)","(760, 740)"
"(166, 2100)","(930, 570)"
"(124, 1920)","(850, 650)"
"(265, 2430)","(1060, 440)"
"(229, 2240)","(1000, 500)"
"(337, 1550)","(800, 690)"
"(100, 1870)","(820, 680)"
"(70, 2080)","(880, 620)"
"(388, 1490)","(800, 700)"
"(355, 2570)","(1090, 360)"
"(49, 2590)","(990, 500)"
"(220, 1600)","(760, 740)"
"(190, 2380)","(1000, 480)"
"(1, 2200)","(880, 610)"
"(58, 1670)","(710, 780)"
"(52, 1740)","(740, 750)"
"(292, 2220)","(1020, 470)"
"(397, 1960)","(1010, 480)"
"(316, 1950)","(950, 530)"
"(115, 2100)","(900, 590)"
"(352, 2140)","(1040, 460)"
"(34, 1670)","(700, 790)"
"(271, 1930)","(930, 570)"
"(142, 1760)","(800, 700)"
"(322, 1800)","(900, 580)"
"(112, 1830)","(810, 690)"
"(118, 1930)","(850, 650)"
"(220, 2590)","(1070, 430)"
"(94, 1490)","(630, 860)"
"(280, 2170)","(1000, 490)"
"(169, 2420)","(1000, 480)"
"(394, 1670)","(900, 590)"
"(106, 1870)","(820, 670)"
"(34, 1740)","(740, 760)"
"(142, 2070)","(910, 590)"
"(103, 2420)","(970, 510)"
"(79, 2140)","(890, 590)"
"(133, 1820)","(820, 680)"
"(34, 2600)","(980, 500)"
"(223, 2160)","(970, 520)"
"(361, 2070)","(1020, 470)"
"(148, 2460)","(1010, 490)"
"(253, 1710)","(830, 660)"
"(160, 2590)","(1010, 440)"
"(55, 2190)","(900, 590)"
"(37, 1640)","(690, 810)"
"(55, 1720)","(740, 760)"
"(31, 2160)","(870, 600)"
"(1, 2040)","(840, 660)"
"(220, 1500)","(700, 790)"
"(157, 2200)","(950, 540)"
"(130, 2240)","(940, 540)"
"(103, 1520)","(650, 840)"
"(124, 2260)","(950, 540)"
"(145, 2430)","(990, 490)"
"(292, 1770)","(880, 620)"
"(169, 1610)","(740, 760)"
"(94, 2050)","(870, 610)"
"(73, 2250)","(930, 570)"
"(358, 1550)","(820, 680)"
"(235, 2320)","(1020, 480)"
"(280, 1780)","(880, 620)"
"(238, 1620)","(780, 720)"
"(334, 1450)","(740, 760)"
"(340, 1440)","(730, 760)"
"(160, 2190)","(940, 540)"
"(166, 2550)","(1040, 460)"
"(46, 2330)","(940, 560)"
"(310, 2510)","(1090, 400)"
"(130, 1690)","(760, 740)"
"(52, 1910)","(810, 680)"
"(307, 2210)","(1030, 470)"
"(286, 1410)","(680, 820)"
"(355, 1510)","(790, 710)"
"(61, 2070)","(870, 620)"
"(391, 1920)","(1000, 500)"
"(328, 2090)","(1000, 480)"
"(349, 2090)","(1020, 470)"
"(55, 2500)","(980, 520)"
"(70, 1630)","(700, 800)"
"(343, 2330)","(1080, 420)"
"(391, 2260)","(1070, 400)"
"(172, 2010)","(900, 590)"
"(376, 2110)","(1030, 450)"
"(106, 2330)","(960, 530)"
"(235, 1620)","(780, 720)"
"(346, 2350)","(1070, 410)"
"(295, 2450)","(1070, 420)"
"(94, 2180)","(920, 580)"
"(46, 1660)","(700, 790)"
"(334, 2330)","(1070, 420)"
"(391, 2550)","(1140, 350)"
"(220, 2530)","(1030, 430)"
"(388, 1620)","(870, 620)"
"(106, 1770)","(780, 710)"
"(307, 1640)","(830, 670)"
"(193, 2220)","(970, 520)"
"(286, 2240)","(1030, 470)"
"(46, 2140)","(890, 610)"
"(346, 1880)","(960, 540)"
"(223, 2060)","(940, 550)"
"(391, 2400)","(1120, 380)"
"(94, 2560)","(1010, 490)"
"(349, 2380)","(1080, 400)"
"(28, 2460)","(950, 530)"
"(289, 2250)","(1030, 470)"
"(217, 2540)","(1060, 440)"
"(211, 2360)","(1020, 480)"
"(319, 1930)","(960, 540)"
"(325, 2260)","(1040, 440)"
"(310, 1960)","(950, 530)"
"(148, 1870)","(840, 650)"
"(193, 1700)","(790, 700)"
"(196, 1880)","(870, 630)"
"(172, 2380)","(1000, 490)"
"(31, 2480)","(960, 530)"
"(247, 2070)","(950, 530)"
"(316, 1910)","(950, 550)"
"(154, 2360)","(980, 500)"
"(61, 2360)","(940, 540)"
"(202, 2470)","(1040, 460)"
"(211, 1940)","(890, 590)"
"(361, 1660)","(880, 620)"
"(313, 1430)","(710, 790)"
"(340, 2090)","(1020, 480)"
"(265, 2280)","(1000, 460)"
"(220, 2230)","(980, 500)"
"(211, 1430)","(650, 850)"
"(322, 1940)","(950, 530)"
"(16, 2270)","(910, 590)"
"(205, 1820)","(850, 640)"
"(127, 2460)","(990, 490)"
"(346, 1530)","(800, 700)"
"(295, 2030)","(970, 520)"
"(67, 2110)","(890, 610)"
"(88, 1920)","(830, 660)"
"(106, 2480)","(1000, 500)"
"(124, 1580)","(700, 800)"
"(259, 1730)","(840, 650)"
"(79, 2390)","(960, 530)"
"(238, 2470)","(1040, 440)"
"(262, 2370)","(1040, 450)"
"(82, 2140)","(900, 590)"
"(193, 2520)","(1030, 450)"
"(40, 2100)","(870, 620)"
"(31, 1960)","(820, 670)"
"(163, 1540)","(700, 800)"
"(22, 2130)","(870, 620)"
"(148, 1530)","(680, 810)"
"(307, 2470)","(1090, 410)"
"(265, 2440)","(1060, 440)"
"(286, 2090)","(990, 510)"
"(88, 2430)","(980, 520)"
"(49, 1510)","(620, 870)"
"(340, 1770)","(900, 580)"
"(349, 2470)","(1080, 380)"
"(280, 2010)","(950, 530)"
"(73, 1670)","(720, 770)"
"(373, 1800)","(940, 550)"
"(298, 2180)","(1020, 480)"
"(319, 1790)","(910, 590)"
"(340, 2600)","(1090, 360)"
"(151, 2510)","(1010, 470)"
"(349, 1610)","(840, 650)"
"(328, 2050)","(1000, 500)"
"(115, 2260)","(950, 550)"
"(154, 2070)","(910, 580)"
"(82, 1910)","(830, 670)"
"(136, 2520)","(1020, 480)"
"(298, 1530)","(770, 730)"
"(145, 1830)","(830, 670)"
"(193, 2160)","(960, 540)"
"(301, 2190)","(1010, 470)"
"(352, 1650)","(860, 630)"
"(256, 1720)","(840, 660)"
"(52, 2460)","(970, 530)"
"(73, 2410)","(970, 530)"
"(55, 2380)","(950, 540)"
"(241, 1560)","(750, 750)"
"(124, 1440)","(610, 880)"
"(31, 1460)","(580, 900)"
"(376, 2250)","(1060, 410)"
"(91, 2060)","(880, 610)"
"(205, 2150)","(950, 530)"
"(310, 1980)","(970, 530)"
"(184, 1700)","(790, 710)"
"(25, 1680)","(710, 790)"
"(121, 1460)","(630, 870)"
"(190, 2170)","(960, 540)"
"(286, 1760)","(870, 620)"
"(73, 1930)","(830, 670)"
"(13, 2580)","(980, 520)"
"(16, 2360)","(930, 560)"
"(55, 1880)","(800, 690)"
"(19, 1520)","(620, 880)"
"(127, 1970)","(870, 630)"
"(52, 1520)","(630, 860)"
"(151, 2060)","(910, 590)"
"(133, 1740)","(780, 710)"
"(247, 2430)","(1050, 450)"
"(76, 1560)","(670, 830)"
"(112, 2000)","(870, 620)"
"(277, 2010)","(960, 540)"
"(253, 2330)","(1020, 460)"
"(151, 1890)","(850, 640)"
"(160, 1700)","(780, 720)"
"(199, 2570)","(1060, 440)"
"(157, 1660)","(760, 740)"
"(82, 2200)","(920, 580)"
"(199, 1950)","(900, 600)"
"(166, 2130)","(940, 560)"
"(265, 1420)","(670, 820)"
"(37, 2050)","(850, 640)"
"(7, 1660)","(690, 810)"
"(202, 1660)","(780, 720)"
"(340, 2140)","(1020, 460)"
"(124, 2420)","(980, 500)"
"(316, 1700)","(860, 630)"
"(325, 1820)","(910, 570)"
"(319, 1610)","(820, 670)"
"(265, 1480)","(710, 780)"
"(379, 2080)","(1040, 460)"
"(145, 2600)","(1040, 460)"
"(349, 1440)","(740, 760)"
"(214, 2580)","(1060, 430)"
"(115, 1490)","(640, 850)"
"(88, 2020)","(870, 630)"
"(379, 1710)","(910, 590)"
"(79, 2190)","(910, 580)"
"(322, 1550)","(790, 700)"
"(160, 1810)","(820, 670)"
"(58, 1830)","(790, 710)"
"(367, 2110)","(1040, 460)"
"(340, 1890)","(960, 540)"
"(334, 2170)","(1030, 460)"
"(364, 2080)","(1030, 470)"
"(337, 2370)","(1070, 410)"
"(19, 2320)","(920, 570)"
"(37, 2020)","(840, 650)"
"(106, 1550)","(670, 820)"
"(388, 2240)","(1050, 400)"
"(307, 2180)","(1020, 470)"
"(172, 2170)","(940, 540)"
"(373, 2100)","(1040, 460)"
"(229, 1810)","(860, 630)"
"(238, 1560)","(750, 750)"
"(136, 1660)","(750, 750)"
"(190, 2480)","(1020, 460)"
"(310, 2400)","(1070, 420)"
"(40, 1630)","(690, 810)"
"(22, 2400)","(940, 550)"
"(274, 1930)","(920, 560)"
"(52, 2410)","(960, 540)"
"(205, 2040)","(930, 570)"
"(388, 1870)","(980, 520)"
"(271, 1940)","(930, 560)"
"(151, 1430)","(620, 880)"
"(70, 2020)","(860, 640)"
"(367, 2480)","(1100, 370)"
"(358, 1850)","(950, 540)"
"(217, 2240)","(980, 500)"
"(232, 2430)","(1030, 450)"
"(124, 2250)","(940, 540)"
"(328, 2180)","(1030, 460)"
"(364, 1880)","(970, 530)"
"(334, 1530)","(790, 710)"
"(16, 1660)","(690, 800)"
"(364, 1770)","(930, 570)"
"(388, 1570)","(850, 650)"
"(28, 2340)","(930, 560)"
"(154, 1660)","(750, 740)"
"(358, 1410)","(730, 770)"
"(226, 2000)","(930, 570)"
"(295, 2090)","(980, 500)"
"(289, 1940)","(940, 550)"
"(64, 1630)","(700, 800)"
"(82, 2430)","(970, 520)"
"(25, 2150)","(870, 610)"
"(157, 2590)","(1040, 460)"
"(139, 1610)","(720, 770)"
"(313, 1770)","(890, 600)"
"(130, 1740)","(780, 720)"
"(34, 2080)","(860, 630)"
"(118, 2250)","(950, 550)"
"(76, 2040)","(870, 630)"
"(244, 2200)","(990, 500)"
"(91, 1900)","(830, 670)"
"(127, 2350)","(980, 520)"
"(232, 1570)","(750, 750)"
"(361, 1900)","(970, 520)"
"(295, 1790)","(890, 610)"
"(46, 2070)","(860, 630)"
"(49, 2430)","(950, 530)"
"(1, 2050)","(840, 660)"
"(274, 1560)","(770, 730)"
"(331, 1530)","(790, 710)"
"(46, 1790)","(760, 730)"
"(229, 1410)","(650, 850)"
"(103, 2590)","(1020, 480)"
"(229, 1600)","(760, 730)"
"(286, 2400)","(1060, 440)"
"(58, 2590)","(1000, 500)"
"(97, 2420)","(980, 520)"
"(187, 1680)","(780, 710)"
"(196, 2060)","(920, 560)"
"(10, 2070)","(850, 650)"
"(319, 1520)","(770, 720)"
"(295, 2020)","(960, 520)"
"(16, 2430)","(950, 550)"
"(58, 2060)","(870, 630)"
"(247, 1690)","(820, 680)"
"(250, 2090)","(970, 530)"
"(289, 1590)","(790, 700)"
"(67, 1690)","(730, 770)"
"(256, 2390)","(1040, 450)"
"(43, 1890)","(800, 690)"
"(175, 2560)","(1030, 450)"
"(67, 2220)","(920, 580)"
"(19, 2520)","(970, 530)"
"(385, 1660)","(890, 600)"
"(172, 2570)","(1030, 450)"
"(349, 2560)","(1110, 370)"
"(145, 1760)","(800, 700)"
"(349, 1860)","(940, 540)"
"(28, 2480)","(960, 530)"
"(190, 2100)","(930, 550)"
"(334, 2590)","(1130, 370)"
"(97, 2060)","(880, 610)"
"(388, 1790)","(950, 550)"
"(250, 1850)","(890, 610)"
"(301, 2290)","(1050, 450)"
"(259, 2220)","(1010, 490)"
"(163, 1640)","(750, 750)"
"(295, 2440)","(1070, 420)"
"(25, 2030)","(840, 650)"
"(58, 2170)","(890, 590)"
"(67, 1970)","(840, 650)"
"(253, 1510)","(730, 770)"
"(7, 2510)","(960, 530)"
"(1, 1570)","(640, 860)"
"(130, 1450)","(620, 870)"
"(337, 1520)","(780, 710)"
"(199, 1590)","(740, 750)"
"(91, 1520)","(650, 850)"
"(187, 2220)","(960, 520)"
"(361, 2590)","(1140, 360)"
"(238, 1880)","(890, 600)"
"(55, 2020)","(850, 640)"
"(1, 1950)","(810, 690)"
"(25, 2040)","(850, 650)"
"(37, 2520)","(980, 520)"
"(142, 1440)","(620, 870)"
"(310, 2340)","(1050, 430)"
"(379, 1640)","(880, 620)"
"(163, 1550)","(700, 790)"
"(190, 1770)","(820, 670)"
"(169, 2450)","(1020, 480)"
"(100, 2450)","(990, 510)"
"(94, 2140)","(910, 590)"
"(220, 1510)","(710, 790)"
"(388, 1860)","(980, 520)"
"(211, 1410)","(640, 860)"
"(118, 1520)","(660, 830)"
"(214, 2570)","(1050, 430)"
"(370, 2590)","(1140, 360)"
"(385, 2130)","(1050, 440)"
"(127, 1730)","(770, 720)"
"(199, 1680)","(790, 710)"
"(94, 2530)","(990, 490)"
"(352, 1960)","(990, 510)"
"(328, 2590)","(1120, 380)"
"(268, 1700)","(840, 660)"
"(154, 1550)","(700, 800)"
"(181, 1470)","(660, 830)"
"(142, 2560)","(1030, 470)"
"(103, 2570)","(1010, 480)"
"(190, 1690)","(790, 710)"
"(154, 2510)","(1020, 470)"
"(100, 2550)","(1010, 490)"
"(112, 2540)","(1000, 480)"
"(79, 1820)","(790, 710)"
"(301, 2570)","(1080, 390)"
"(265, 1490)","(720, 780)"
"(400, 2330)","(1110, 390)"
"(349, 1880)","(960, 540)"
"(142, 2290)","(970, 530)"
"(16, 1520)","(620, 880)"
"(271, 2360)","(1050, 450)"
"(16, 1640)","(680, 810)"
"(394, 2580)","(1130, 340)"
"(331, 1930)","(960, 530)"
"(322, 2140)","(1010, 470)"
"(85, 2400)","(970, 530)"
"(136, 1640)","(740, 760)"
"(280, 1690)","(840, 660)"
"(202, 2120)","(940, 540)"
"(298, 1690)","(850, 650)"
"(202, 2140)","(960, 540)"
"(196, 1830)","(850, 640)"
"(334, 1650)","(850, 640)"
"(385, 1700)","(910, 590)"
"(121, 2420)","(990, 510)"
"(340, 2040)","(1000, 490)"
"(388, 1650)","(890, 610)"
"(391, 1860)","(980, 520)"
"(142, 1480)","(650, 850)"
"(226, 1700)","(810, 680)"
"(337, 1610)","(830, 660)"
"(46, 1640)","(690, 800)"
"(121, 2280)","(960, 540)"
"(82, 1780)","(780, 720)"
"(289, 2200)","(1020, 480)"
"(133, 2060)","(890, 590)"
"(169, 2590)","(1040, 450)"
"(322, 2430)","(1090, 410)"
"(241, 2480)","(1060, 440)"
"(307, 1880)","(930, 560)"
"(94, 1400)","(570, 920)"
"(19, 1810)","(760, 740)"
"(166, 2070)","(920, 580)"
"(103, 1450)","(610, 890)"
"(301, 2530)","(1090, 400)"
"(10, 2460)","(950, 540)"
"(37, 2140)","(880, 610)"
"(388, 2270)","(1100, 400)"
"(214, 1780)","(840, 660)"
"(367, 2440)","(1100, 380)"
"(40, 2170)","(890, 600)"
"(82, 1520)","(650, 850)"
"(190, 2020)","(920, 580)"
"(172, 1440)","(640, 860)"
"(121, 1920)","(850, 650)"
"(370, 1710)","(900, 590)"
"(373, 1720)","(910, 590)"
"(295, 1730)","(870, 630)"
"(91, 2170)","(910, 580)"
"(148, 1560)","(700, 800)"
"(214, 2190)","(980, 520)"
"(202, 2410)","(1020, 470)"
"(145, 2390)","(990, 500)"
"(373, 1590)","(850, 650)"
"(115, 2410)","(980, 510)"
"(7, 2560)","(970, 520)"
"(67, 1800)","(780, 720)"
"(397, 1820)","(970, 530)"
"(115, 2210)","(940, 560)"
"(214, 1860)","(870, 620)"
"(85, 2300)","(950, 550)"
"(280, 1730)","(860, 640)"
"(223, 1600)","(760, 740)"
"(355, 2020)","(1010, 490)"
"(127, 1950)","(860, 630)"
"(397, 1550)","(840, 650)"
"(85, 1690)","(740, 760)"
"(391, 2540)","(1150, 350)"
"(271, 2100)","(970, 510)"
"(343, 2300)","(1060, 420)"
"(136, 2220)","(950, 550)"
"(196, 2190)","(970, 530)"
"(181, 1890)","(870, 630)"
"(241, 1800)","(860, 630)"
"(295, 1430)","(700, 800)"
"(352, 1420)","(730, 770)"
"(97, 2200)","(920, 570)"
"(262, 1590)","(780, 720)"
"(76, 2370)","(960, 540)"
"(76, 2230)","(920, 570)"
"(28, 1810)","(760, 730)"
"(19, 2350)","(920, 560)"
"(1, 1980)","(820, 680)"
"(259, 1630)","(800, 700)"
"(277, 2270)","(1010, 460)"
"(1, 1940)","(800, 690)"
"(97, 1430)","(590, 900)"
"(370, 2490)","(1120, 380)"
"(34, 2030)","(850, 650)"
"(244, 1610)","(780, 720)"
"(319, 2150)","(1010, 470)"
"(220, 1480)","(690, 810)"
"(82, 1590)","(680, 810)"
"(82, 2290)","(940, 550)"
"(274, 2180)","(1000, 490)"
"(280, 2540)","(1090, 410)"
"(259, 2420)","(1040, 440)"
"(346, 1820)","(930, 560)"
"(40, 2160)","(890, 610)"
"(145, 2000)","(890, 610)"
"(277, 2290)","(1030, 460)"
"(304, 2390)","(1070, 430)"
"(307, 1970)","(960, 530)"
"(253, 2040)","(950, 540)"
"(277, 2250)","(1020, 470)"
"(154, 2110)","(930, 570)"
"(286, 1620)","(810, 690)"
"(316, 2480)","(1060, 390)"
"(139, 1980)","(880, 620)"
"(358, 2090)","(1030, 470)"
"(256, 2410)","(1030, 440)"
"(349, 2270)","(1060, 430)"
"(172, 1620)","(740, 750)"
"(64, 2290)","(930, 560)"
"(250, 2210)","(990, 490)"
"(10, 1770)","(740, 760)"
"(358, 1870)","(960, 540)"
"(280, 2450)","(1070, 430)"
"(133, 1460)","(630, 860)"
"(235, 2120)","(970, 530)"
"(31, 2060)","(860, 640)"
"(16, 1650)","(690, 810)"
"(28, 1650)","(690, 800)"
"(301, 1420)","(700, 800)"
"(253, 2020)","(950, 550)"
"(181, 2110)","(940, 560)"
"(253, 2270)","(1020, 480)"
"(199, 2300)","(1000, 500)"
"(247, 1880)","(900, 600)"
"(16, 2190)","(890, 610)"
"(22, 2560)","(980, 520)"
"(184, 1660)","(770, 730)"
"(286, 2370)","(1050, 440)"
"(289, 2550)","(1080, 400)"
"(67, 2350)","(940, 540)"
"(163, 2480)","(1010, 470)"
"(100, 1820)","(800, 700)"
"(82, 2360)","(960, 540)"
"(130, 2220)","(940, 550)"
"(367, 1400)","(720, 770)"
"(349, 2430)","(1100, 390)"
"(43, 2490)","(970, 520)"
"(67, 1810)","(780, 710)"
"(70, 2390)","(950, 530)"
"(358, 2570)","(1110, 360)"
"(268, 2170)","(1000, 500)"
"(310, 2540)","(1080, 390)"
"(322, 2090)","(1010, 490)"
"(319, 1870)","(940, 560)"
"(109, 1500)","(650, 850)"
"(61, 1530)","(640, 850)"
"(67, 2250)","(920, 570)"
"(232, 1950)","(910, 580)"
"(175, 2380)","(1000, 490)"
"(184, 2440)","(1010, 470)"
"(286, 2560)","(1080, 400)"
"(394, 2330)","(1110, 390)"
"(385, 1870)","(980, 520)"
"(265, 2500)","(1070, 430)"
"(169, 2150)","(940, 550)"
"(346, 1670)","(870, 630)"
"(370, 2200)","(1030, 420)"
"(373, 2200)","(1060, 430)"
"(226, 2230)","(990, 500)"
"(217, 2560)","(1050, 430)"
"(16, 1680)","(700, 790)"
"(313, 2480)","(1080, 400)"
"(367, 2240)","(1060, 420)"
"(55, 1500)","(620, 870)"
"(211, 2190)","(970, 520)"
"(397, 1940)","(1010, 490)"
"(229, 2410)","(1040, 460)"
"(64, 1990)","(850, 650)"
"(4, 2490)","(960, 540)"
"(160, 2220)","(960, 540)"
"(37, 1940)","(820, 680)"
"(64, 2250)","(920, 570)"
"(37, 1890)","(800, 700)"
"(22, 1490)","(600, 890)"
"(64, 1520)","(640, 860)"
"(361, 2190)","(1050, 440)"
"(172, 2520)","(1020, 460)"
"(328, 2130)","(1010, 470)"
"(388, 2200)","(1070, 420)"
"(58, 1590)","(670, 820)"
"(184, 1450)","(650, 850)"
"(298, 2360)","(1050, 430)"
"(382, 2200)","(1050, 420)"
"(223, 1590)","(760, 740)"
"(346, 1930)","(970, 520)"
"(250, 1640)","(800, 700)"
"(178, 1740)","(800, 690)"
"(112, 1840)","(810, 680)"
"(283, 2590)","(1070, 390)"
"(319, 2020)","(980, 510)"
"(10, 1490)","(600, 900)"
"(298, 1660)","(830, 660)"
"(319, 2220)","(1020, 450)"
"(124, 1890)","(840, 660)"
"(70, 2210)","(920, 580)"
"(319, 1650)","(840, 650)"
"(367, 1770)","(930, 570)"
"(181, 2530)","(1020, 450)"
"(208, 2250)","(990, 510)"
"(385, 2430)","(1110, 370)"
"(268, 2530)","(1080, 420)"
"(241, 1700)","(820, 680)"
"(70, 2460)","(980, 520)"
"(46, 1970)","(830, 660)"
"(91, 1990)","(860, 640)"
"(367, 2220)","(1040, 420)"
"(334, 1810)","(920, 570)"
"(172, 2280)","(980, 520)"
"(97, 2470)","(980, 500)"
"(334, 1760)","(900, 590)"
"(289, 2000)","(960, 530)"
"(304, 1900)","(940, 560)"
"(382, 1860)","(970, 520)"
"(166, 1640)","(750, 740)"
"(385, 2360)","(1080, 380)"
"(268, 2390)","(1040, 440)"
"(343, 2270)","(1060, 430)"
"(46, 1630)","(690, 810)"
"(373, 2110)","(1030, 450)"
"(286, 1740)","(860, 630)"
"(283, 2530)","(1080, 410)"
"(145, 2090)","(920, 580)"
"(232, 2300)","(990, 470)"
"(175, 1450)","(650, 850)"
"(361, 1560)","(820, 670)"
"(256, 1790)","(870, 630)"
"(64, 2340)","(950, 550)"
"(193, 2000)","(900, 580)"
"(250, 2120)","(980, 520)"
"(199, 2560)","(1040, 440)"
"(292, 1870)","(920, 580)"
"(304, 1570)","(790, 700)"
"(316, 2590)","(1070, 370)"
"(37, 1420)","(560, 930)"
"(106, 2230)","(940, 560)"
"(181, 1970)","(890, 600)"
"(226, 2040)","(930, 550)"
"(67, 2230)","(910, 570)"
"(190, 1800)","(840, 660)"
"(277, 1460)","(710, 790)"
"(94, 1530)","(660, 840)"
"(376, 2540)","(1070, 340)"
"(214, 2400)","(1030, 470)"
"(253, 1950)","(930, 570)"
"(100, 2080)","(890, 600)"
"(58, 2460)","(960, 520)"
"(97, 1830)","(800, 690)"
"(205, 2000)","(920, 580)"
"(388, 2550)","(1130, 350)"
"(37, 2200)","(900, 600)"
"(121, 2390)","(980, 510)"
"(103, 2370)","(960, 520)"
"(70, 1580)","(670, 820)"
"(346, 1410)","(720, 780)"
"(250, 2550)","(1070, 420)"
"(49, 2400)","(950, 540)"
"(58, 2320)","(940, 560)"
"(334, 1660)","(860, 640)"
"(16, 1590)","(660, 840)"
"(376, 2210)","(1070, 430)"
"(31, 1980)","(830, 670)"
"(340, 1950)","(980, 520)"
"(208, 2500)","(1040, 450)"
"(328, 2420)","(1090, 410)"
"(307, 1470)","(730, 760)"
"(226, 2010)","(920, 560)"
"(331, 2080)","(1010, 490)"
"(343, 2600)","(1100, 360)"
"(349, 1560)","(820, 680)"
"(250, 2110)","(970, 520)"
"(199, 2420)","(1020, 470)"
"(313, 2460)","(1080, 410)"
"(28, 1630)","(680, 810)"
"(271, 1650)","(810, 680)"
"(118, 2530)","(1000, 480)"
"(274, 2190)","(1010, 490)"
"(49, 2560)","(990, 510)"
"(106, 2400)","(980, 520)"
"(205, 1810)","(850, 650)"
"(193, 1780)","(830, 670)"
"(385, 2180)","(1060, 430)"
"(64, 2080)","(880, 620)"
"(289, 2310)","(1040, 450)"
"(103, 1820)","(800, 690)"
"(382, 1880)","(980, 520)"
"(16, 2500)","(960, 530)"
"(148, 1550)","(690, 800)"
"(361, 1720)","(900, 590)"
"(391, 1510)","(820, 680)"
"(385, 2160)","(1060, 430)"
"(316, 1600)","(820, 680)"
"(184, 1680)","(780, 720)"
"(106, 2560)","(1000, 480)"
"(373, 1490)","(790, 710)"
"(271, 1530)","(750, 750)"
"(217, 1570)","(740, 760)"
"(220, 2550)","(1060, 440)"
"(118, 1730)","(770, 730)"
"(352, 2450)","(1110, 390)"
"(397, 1430)","(770, 730)"
"(151, 2560)","(1020, 460)"
"(331, 1840)","(930, 560)"
"(58, 1800)","(770, 720)"
"(367, 2550)","(1120, 360)"
"(223, 1760)","(840, 660)"
"(127, 2180)","(930, 560)"
"(4, 1470)","(580, 910)"
"(181, 1870)","(860, 640)"
"(163, 2060)","(910, 580)"
"(190, 2450)","(1030, 470)"
"(313, 1510)","(760, 730)"
"(253, 1410)","(660, 840)"
"(145, 2520)","(1010, 470)"
"(31, 1490)","(610, 890)"
"(1, 1410)","(540, 950)"
"(373, 1930)","(990, 510)"
"(391, 1650)","(890, 610)"
"(151, 1660)","(750, 740)"
"(82, 2030)","(870, 630)"
"(310, 2220)","(1010, 450)"
"(1, 2500)","(960, 540)"
"(217, 2050)","(940, 560)"
"(229, 2270)","(1000, 490)"
"(133, 2430)","(1000, 500)"
"(394, 2290)","(1080, 390)"
"(316, 1400)","(690, 810)"
"(352, 2390)","(1090, 400)"
"(169, 1500)","(670, 820)"
"(397, 2380)","(1120, 380)"
"(13, 1840)","(770, 730)"
"(268, 1890)","(910, 580)"
"(220, 1940)","(900, 590)"
"(283, 1590)","(790, 710)"
"(148, 2200)","(950, 550)"
"(238, 2500)","(1060, 440)"
"(115, 2310)","(950, 530)"
"(346, 1500)","(780, 720)"
"(157, 1990)","(880, 600)"
"(283, 2570)","(1060, 390)"
"(16, 2200)","(880, 600)"
"(316, 1650)","(840, 660)"
"(223, 2290)","(1010, 490)"
"(109, 2580)","(1020, 480)"
"(109, 1570)","(690, 810)"
"(16, 1760)","(740, 760)"
"(385, 1920)","(990, 500)"
"(271, 2140)","(990, 500)"
"(157, 2110)","(930, 570)"
"(253, 2070)","(960, 530)"
"(223, 2330)","(1020, 480)"
"(349, 1650)","(860, 630)"
"(94, 2510)","(1000, 500)"
"(73, 1520)","(640, 850)"
"(190, 2410)","(1020, 480)"
"(130, 1550)","(680, 810)"
"(397, 1850)","(980, 520)"
"(154, 1650)","(750, 750)"
"(370, 2540)","(1130, 360)"
"(73, 2570)","(990, 490)"
"(229, 2430)","(1030, 450)"
"(184, 2390)","(1000, 480)"
"(310, 1930)","(940, 540)"
"(22, 1950)","(810, 680)"
"(148, 1780)","(810, 690)"
"(208, 1920)","(890, 600)"
"(247, 2230)","(1000, 490)"
"(310, 2070)","(990, 500)"
"(349, 1720)","(890, 600)"
"(25, 1520)","(620, 880)"
"(31, 2300)","(920, 570)"
"(55, 1400)","(560, 940)"
"(283, 1440)","(700, 800)"
"(226, 2140)","(970, 530)"
"(115, 1750)","(780, 720)"
"(1, 1830)","(760, 740)"
"(70, 2370)","(960, 540)"
"(298, 1800)","(900, 600)"
"(109, 2030)","(870, 610)"
"(307, 2580)","(1110, 390)"
"(301, 1900)","(940, 560)"
"(241, 2540)","(1070, 430)"
"(244, 2320)","(1020, 470)"
"(373, 2430)","(1100, 380)"
"(214, 2560)","(1060, 440)"
"(259, 1950)","(930, 570)"
"(145, 1710)","(770, 720)"
"(238, 2250)","(1000, 490)"
"(61, 2270)","(930, 570)"
"(220, 1830)","(860, 630)"
"(142, 1600)","(720, 780)"
"(25, 1960)","(820, 680)"
"(391, 2180)","(1060, 420)"
"(55, 1600)","(680, 820)"
"(148, 2420)","(990, 490)"
"(130, 1950)","(860, 630)"
"(157, 1950)","(880, 620)"
"(313, 1540)","(780, 720)"
"(109, 1450)","(610, 880)"
"(277, 1780)","(880, 620)"
"(367, 1530)","(810, 690)"
"(259, 1680)","(820, 670)"
"(379, 2300)","(1080, 400)"
"(166, 2200)","(960, 540)"
"(34, 2170)","(880, 600)"
"(13, 1710)","(710, 780)"
"(295, 1950)","(950, 550)"
"(391, 1820)","(960, 530)"
"(337, 1600)","(830, 670)"
"(379, 2140)","(1000, 420)"
"(109, 2400)","(980, 520)"
"(166, 1570)","(710, 780)"
"(91, 2030)","(870, 620)"
"(367, 1800)","(940, 560)"
"(379, 1580)","(850, 650)"
"(358, 1400)","(720, 780)"
"(277, 1560)","(770, 730)"
"(343, 1460)","(750, 750)"
"(235, 1750)","(840, 660)"
"(1, 2440)","(940, 550)"
"(163, 2320)","(980, 510)"
"(52, 2330)","(940, 560)"
"(139, 2310)","(960, 520)"
"(7, 2490)","(960, 540)"
"(118, 2460)","(1000, 500)"
"(34, 1990)","(830, 660)"
"(217, 1960)","(900, 580)"
"(193, 1910)","(870, 610)"
"(208, 2600)","(1050, 430)"
"(163, 1760)","(810, 690)"
"(268, 2160)","(1000, 500)"
"(4, 2160)","(870, 620)"
"(28, 2200)","(900, 600)"
"(175, 2170)","(950, 540)"
"(106, 1760)","(780, 720)"
"(295, 1720)","(860, 640)"
"(217, 1840)","(870, 630)"
"(31, 2230)","(900, 590)"
"(337, 2140)","(990, 450)"
"(109, 1910)","(840, 660)"
"(367, 2250)","(1070, 420)"
"(49, 1450)","(590, 910)"
"(385, 1640)","(880, 610)"
"(100, 1630)","(710, 780)"
"(19, 1480)","(590, 900)"
"(331, 1440)","(730, 770)"
"(160, 1710)","(780, 710)"
"(91, 1790)","(780, 710)"
"(46, 1920)","(810, 680)"
"(64, 1830)","(790, 710)"
"(346, 2490)","(1090, 380)"
"(271, 2050)","(970, 530)"
"(85, 2060)","(880, 620)"
"(271, 2460)","(1070, 430)"
"(316, 2370)","(1060, 420)"
"(145, 1980)","(870, 610)"
"(73, 2170)","(910, 590)"
"(67, 1980)","(840, 650)"
"(259, 2470)","(1050, 430)"
"(94, 1420)","(590, 910)"
"(286, 2590)","(1100, 400)"
"(88, 2100)","(890, 600)"
"(91, 2190)","(910, 570)"
"(145, 2490)","(1010, 480)"
"(385, 1850)","(960, 520)"
"(55, 1950)","(830, 670)"
"(52, 2520)","(980, 510)"
"(103, 1580)","(690, 810)"
"(379, 2090)","(1030, 450)"
"(301, 1440)","(710, 790)"
"(37, 2460)","(960, 530)"
"(121, 1820)","(810, 690)"
"(25, 2540)","(980, 520)"
"(337, 2560)","(1080, 370)"
"(241, 2050)","(940, 540)"
"(310, 1560)","(790, 710)"
"(316, 1920)","(940, 540)"
"(127, 2240)","(950, 550)"
"(85, 1410)","(570, 910)"
"(67, 1990)","(850, 650)"
"(223, 1640)","(780, 710)"
"(130, 1470)","(640, 860)"
"(217, 2490)","(1050, 450)"
"(46, 1540)","(640, 860)"
"(31, 1500)","(610, 880)"
"(55, 1960)","(830, 660)"
"(319, 2030)","(990, 510)"
"(109, 1720)","(760, 730)"
"(214, 1750)","(830, 670)"
"(259, 1910)","(920, 580)"
"(223, 2200)","(980, 510)"
"(40, 2200)","(890, 590)"
"(265, 1920)","(920, 570)"
"(142, 1450)","(630, 870)"
"(169, 1530)","(690, 800)"
"(163, 2440)","(1000, 480)"
"(64, 1700)","(730, 760)"
"(343, 1520)","(790, 710)"
"(223, 1540)","(730, 770)"
"(361, 1500)","(790, 710)"
"(220, 1460)","(680, 820)"
"(37, 1430)","(570, 930)"
"(310, 2580)","(1080, 380)"
"(151, 2530)","(1020, 470)"
"(115, 2020)","(870, 610)"
"(37, 2580)","(990, 510)"
"(286, 2520)","(1080, 410)"
"(136, 2040)","(900, 600)"
"(352, 2110)","(1010, 460)"
"(4, 1820)","(760, 740)"
"(361, 2510)","(1080, 360)"
"(238, 2520)","(1050, 430)"
"(373, 2270)","(1070, 410)"
"(100, 2130)","(910, 590)"
"(121, 1630)","(720, 770)"
"(112, 2510)","(1000, 490)"
"(52, 1660)","(710, 790)"
"(118, 1910)","(840, 650)"
"(319, 2420)","(1070, 410)"
"(310, 2570)","(1050, 370)"
"(187, 2590)","(1020, 430)"
"(358, 2320)","(1070, 410)"
"(91, 2070)","(880, 610)"
"(346, 1860)","(950, 550)"
"(232, 1440)","(670, 830)"
"(76, 2170)","(910, 590)"
"(154, 2500)","(1010, 470)"
"(361, 1910)","(980, 520)"
"(400, 2050)","(1040, 450)"
"(340, 2580)","(1110, 370)"
"(88, 1860)","(810, 690)"
"(121, 2430)","(980, 500)"
"(289, 1780)","(880, 610)"
"(307, 1430)","(710, 790)"
"(166, 2170)","(950, 550)"
"(304, 1510)","(760, 740)"
"(100, 2520)","(990, 490)"
"(352, 2340)","(1080, 410)"
"(307, 2410)","(1070, 420)"
"(265, 1700)","(830, 660)"
"(55, 1790)","(770, 730)"
"(10, 2270)","(910, 590)"
"(49, 2350)","(940, 550)"
"(235, 2030)","(940, 550)"
"(274, 1410)","(670, 820)"
"(94, 1880)","(820, 680)"
"(43, 2180)","(900, 600)"
"(160, 1660)","(760, 740)"
"(160, 2420)","(1010, 490)"
"(319, 2230)","(1030, 450)"
"(175, 1990)","(900, 600)"
"(49, 2380)","(940, 540)"
"(151, 2260)","(960, 530)"
"(328, 1590)","(820, 680)"
"(286, 1870)","(920, 580)"
"(133, 2120)","(920, 580)"
"(262, 2490)","(1070, 430)"
"(370, 1630)","(870, 630)"
"(187, 2480)","(1020, 460)"
"(142, 1400)","(590, 900)"
"(379, 1630)","(870, 620)"
"(85, 2330)","(950, 540)"
"(205, 1980)","(900, 580)"
"(376, 1870)","(960, 520)"
"(256, 1810)","(880, 620)"
"(151, 2170)","(930, 550)"
"(271, 1790)","(880, 620)"
"(100, 2540)","(1010, 490)"
"(97, 2390)","(970, 520)"
"(49, 1570)","(660, 840)"
"(376, 2000)","(1010, 480)"
"(61, 2120)","(890, 610)"
"(169, 2180)","(950, 540)"
"(211, 2200)","(980, 520)"
"(310, 1470)","(740, 760)"
"(88, 2550)","(1000, 490)"
"(121, 2070)","(900, 600)"
"(202, 1790)","(840, 660)"
"(310, 2320)","(1060, 440)"
"(292, 2400)","(1040, 420)"
"(166, 2120)","(930, 560)"
"(232, 2080)","(960, 540)"
"(391, 2300)","(1100, 400)"
"(130, 1830)","(820, 680)"
"(250, 1590)","(770, 730)"
"(250, 2050)","(960, 540)"
"(25, 2450)","(960, 540)"
"(109, 2270)","(950, 550)"
"(199, 1780)","(830, 660)"
"(268, 1400)","(660, 840)"
"(325, 1440)","(720, 770)"
"(136, 1650)","(740, 750)"
"(268, 2190)","(1000, 490)"
"(76, 1940)","(830, 660)"
"(127, 2590)","(1030, 470)"
"(373, 2420)","(1110, 380)"
"(100, 1430)","(600, 900)"
"(148, 1880)","(850, 650)"
"(322, 2480)","(1090, 400)"
"(10, 2230)","(900, 600)"
"(10, 1810)","(760, 740)"
"(139, 1960)","(870, 630)"
"(103, 1670)","(740, 760)"
"(304, 2550)","(1100, 400)"
"(217, 1920)","(900, 600)"
"(67, 2270)","(920, 560)"
"(379, 2000)","(1020, 480)"
"(238, 1830)","(870, 620)"
"(208, 2400)","(1020, 470)"
"(358, 2380)","(1060, 380)"
"(94, 2600)","(1010, 480)"
"(148, 1620)","(730, 760)"
"(280, 2400)","(1060, 440)"
"(184, 1730)","(800, 690)"
"(154, 1890)","(850, 640)"
"(391, 1970)","(1010, 480)"
"(241, 2340)","(1030, 470)"
"(373, 2260)","(1060, 410)"
"(304, 1630)","(820, 670)"
"(184, 2050)","(920, 570)"
"(211, 2560)","(1040, 430)"
"(49, 2030)","(850, 640)"
"(196, 2500)","(1040, 460)"
"(169, 1470)","(660, 840)"
"(175, 1860)","(850, 640)"
"(385, 1580)","(850, 640)"
"(97, 2350)","(960, 530)"
"(301, 1540)","(770, 720)"
"(82, 2040)","(850, 610)"
"(10, 1830)","(760, 730)"
"(373, 1520)","(810, 690)"
"(271, 2470)","(1070, 430)"
"(148, 2280)","(970, 530)"
"(214, 1550)","(730, 770)"
"(268, 1470)","(710, 790)"
"(79, 2110)","(890, 600)"
"(103, 2200)","(930, 570)"
"(367, 2320)","(1070, 400)"
"(103, 2540)","(1010, 490)"
"(373, 1990)","(1010, 490)"
"(376, 1800)","(950, 550)"
"(106, 1530)","(660, 830)"
"(151, 1750)","(800, 700)"
"(262, 2080)","(960, 520)"
"(25, 1840)","(770, 720)"
"(217, 1790)","(850, 650)"
"(349, 2280)","(1060, 420)"
"(40, 2440)","(950, 530)"
"(160, 2530)","(1030, 470)"
"(106, 1780)","(790, 710)"
"(397, 1890)","(990, 500)"
"(337, 1940)","(960, 520)"
"(223, 1770)","(840, 650)"
"(67, 2600)","(1000, 490)"
"(16, 2420)","(950, 550)"
"(259, 2040)","(960, 540)"
"(121, 1760)","(780, 710)"
"(277, 1440)","(690, 800)"
"(88, 1610)","(700, 800)"
"(394, 2280)","(1080, 400)"
"(247, 1660)","(800, 690)"
"(76, 2070)","(880, 620)"
"(130, 1780)","(800, 700)"
"(139, 1440)","(620, 880)"
"(163, 1750)","(800, 690)"
"(352, 1660)","(870, 630)"
"(334, 1610)","(830, 660)"
"(34, 1510)","(620, 880)"
"(334, 2070)","(1010, 490)"
"(184, 2510)","(1040, 460)"
"(229, 2110)","(960, 530)"
"(13, 2310)","(920, 580)"
"(64, 1610)","(690, 810)"
"(4, 2150)","(870, 620)"
"(52, 2220)","(900, 580)"
"(133, 2050)","(900, 600)"
"(19, 2330)","(930, 570)"
"(304, 1550)","(780, 720)"
"(31, 2580)","(990, 510)"
"(64, 1460)","(600, 900)"
"(172, 2470)","(1010, 470)"
"(205, 1730)","(810, 680)"
"(160, 1850)","(840, 660)"
"(289, 2560)","(1060, 390)"
"(286, 1650)","(820, 670)"
"(232, 2000)","(920, 560)"
"(208, 2460)","(1040, 460)"
"(358, 2440)","(1110, 390)"
"(376, 1760)","(930, 570)"
"(28, 1830)","(770, 720)"
"(136, 2600)","(1020, 460)"
"(133, 1700)","(760, 730)"
"(97, 1820)","(800, 700)"
"(28, 2580)","(980, 510)"
"(364, 1570)","(830, 670)"
"(190, 2400)","(1020, 480)"
"(388, 1800)","(950, 540)"
"(295, 2080)","(990, 510)"
"(238, 2330)","(1020, 470)"
"(400, 2120)","(1050, 430)"
"(154, 1580)","(710, 780)"
"(274, 1780)","(870, 620)"
"(367, 1750)","(920, 580)"
"(184, 2170)","(960, 540)"
"(217, 2320)","(1000, 480)"
"(34, 2430)","(950, 540)"
"(328, 1910)","(950, 540)"
"(355, 1720)","(900, 600)"
"(289, 2330)","(1030, 440)"
"(394, 1530)","(830, 670)"
"(223, 2150)","(960, 520)"
"(298, 2170)","(1010, 480)"
"(214, 2370)","(1010, 470)"
"(214, 1660)","(790, 710)"
"(331, 2460)","(1090, 400)"
"(322, 2200)","(1040, 460)"
"(241, 1490)","(710, 790)"
"(244, 1910)","(910, 590)"
"(163, 2560)","(1030, 460)"
"(58, 2210)","(900, 580)"
"(52, 2380)","(940, 540)"
"(97, 2220)","(920, 560)"
"(130, 2170)","(920, 560)"
"(139, 2480)","(1010, 490)"
"(250, 1610)","(780, 720)"
"(118, 1490)","(640, 850)"
"(367, 2410)","(1080, 380)"
"(202, 2490)","(1040, 460)"
"(85, 2500)","(980, 500)"
"(22, 1610)","(670, 830)"
"(10, 2580)","(980, 520)"
"(4, 2290)","(900, 580)"
"(262, 2590)","(1090, 410)"
"(394, 1580)","(860, 640)"
"(373, 1740)","(920, 580)"
"(337, 1440)","(730, 760)"
"(370, 1730)","(910, 580)"
"(334, 1630)","(840, 650)"
"(331, 2600)","(1110, 370)"
"(382, 2390)","(1110, 390)"
"(145, 1870)","(840, 650)"
"(115, 2130)","(910, 580)"
"(376, 1920)","(990, 510)"
"(211, 2270)","(1000, 500)"
"(352, 1870)","(960, 540)"
"(391, 2080)","(1040, 450)"
"(379, 1690)","(900, 590)"
"(121, 2410)","(990, 510)"
"(121, 2020)","(880, 610)"
"(208, 1610)","(760, 740)"
"(73, 2470)","(970, 510)"
"(280, 2440)","(1060, 430)"
"(145, 2070)","(910, 590)"
"(136, 1750)","(790, 710)"
"(13, 1990)","(820, 670)"
"(397, 2550)","(1140, 350)"
"(274, 1680)","(830, 670)"
"(307, 1560)","(790, 710)"
"(370, 1550)","(820, 670)"
"(109, 1540)","(670, 830)"
"(28, 1540)","(630, 860)"
"(43, 1710)","(730, 770)"
"(1, 2390)","(930, 560)"
"(58, 2500)","(970, 510)"
"(109, 1620)","(710, 780)"
"(277, 1850)","(900, 590)"
"(313, 2260)","(1040, 450)"
"(70, 1600)","(680, 810)"
"(106, 2590)","(1020, 480)"
"(400, 1910)","(990, 490)"
"(124, 1530)","(670, 830)"
"(172, 1880)","(860, 640)"
"(43, 1480)","(600, 890)"
"(298, 1760)","(880, 620)"
"(109, 2490)","(1000, 500)"
"(199, 2590)","(1060, 440)"
"(67, 2460)","(970, 520)"
"(184, 1590)","(730, 760)"
"(397, 2490)","(1140, 360)"
"(394, 1510)","(820, 680)"
"(28, 2040)","(850, 650)"
"(67, 2100)","(880, 610)"
"(88, 2440)","(980, 520)"
"(262, 1940)","(930, 570)"
"(265, 1760)","(860, 640)"
"(175, 1740)","(800, 690)"
"(283, 2270)","(1020, 460)"
"(400, 1750)","(940, 550)"
"(265, 2460)","(1060, 430)"
"(97, 1700)","(750, 750)"
"(292, 1440)","(700, 790)"
"(301, 1570)","(790, 710)"
"(274, 1890)","(920, 580)"
"(22, 1400)","(540, 950)"
"(136, 1560)","(690, 800)"
"(388, 1660)","(890, 600)"
"(133, 2340)","(980, 520)"
"(22, 1680)","(700, 790)"
"(205, 1940)","(900, 600)"
"(355, 2060)","(1020, 480)"
"(250, 1670)","(810, 680)"
"(220, 1710)","(810, 680)"
"(313, 2390)","(1070, 420)"
"(28, 1700)","(720, 780)"
"(205, 2130)","(960, 540)"
"(349, 1850)","(950, 550)"
"(94, 1850)","(810, 690)"
"(199, 1970)","(900, 590)"
"(145, 1650)","(750, 750)"
"(97, 1630)","(710, 780)"
"(220, 2400)","(1030, 470)"
"(7, 1440)","(560, 930)"
"(397, 2260)","(1100, 400)"
"(241, 2250)","(1000, 490)"
"(43, 1640)","(690, 800)"
"(289, 1460)","(720, 780)"
"(34, 2540)","(980, 520)"
"(313, 2090)","(990, 490)"
"(283, 1580)","(780, 710)"
"(85, 1640)","(710, 780)"
"(52, 2000)","(840, 650)"
"(103, 2520)","(1000, 490)"
"(70, 1490)","(620, 870)"
"(85, 1860)","(810, 690)"
"(370, 2160)","(1050, 440)"
"(16, 1990)","(830, 670)"
"(94, 2540)","(1000, 490)"
"(340, 1940)","(970, 520)"
"(250, 1920)","(910, 580)"
"(193, 2340)","(1000, 490)"
"(181, 1500)","(680, 820)"
"(19, 2140)","(870, 620)"
"(160, 1460)","(640, 850)"
"(364, 2330)","(1070, 400)"
"(199, 2030)","(920, 570)"
"(115, 2010)","(880, 620)"
"(262, 2120)","(980, 510)"
"(46, 2580)","(980, 500)"
"(40, 1840)","(780, 710)"
"(340, 1790)","(920, 580)"
"(103, 2070)","(880, 600)"
"(151, 1810)","(820, 680)"
"(79, 2500)","(990, 510)"
"(370, 1720)","(910, 590)"
"(394, 1560)","(850, 650)"
"(127, 1940)","(860, 640)"
"(154, 2450)","(1000, 480)"
"(265, 2070)","(970, 530)"
"(142, 2230)","(950, 540)"
"(307, 1930)","(950, 550)"
"(385, 2550)","(1090, 340)"
"(82, 2330)","(940, 540)"
"(385, 2210)","(1060, 420)"
"(268, 2550)","(1070, 410)"
"(154, 1840)","(830, 660)"
"(67, 1740)","(750, 740)"
"(91, 1590)","(690, 810)"
"(7, 2330)","(910, 570)"
"(25, 1760)","(740, 750)"
"(295, 1550)","(770, 720)"
"(373, 1400)","(730, 770)"
"(280, 1530)","(750, 740)"
"(241, 1610)","(780, 720)"
"(49, 2250)","(920, 580)"
"(289, 1480)","(730, 770)"
"(175, 2600)","(1050, 450)"
"(391, 1720)","(920, 570)"
"(286, 2340)","(1050, 450)"
"(307, 1890)","(940, 560)"
"(235, 1880)","(890, 600)"
"(7, 2410)","(930, 550)"
"(214, 1840)","(860, 630)"
"(43, 1920)","(810, 680)"
"(373, 2380)","(1090, 390)"
"(115, 1890)","(830, 660)"
"(169, 1740)","(800, 700)"
"(265, 1900)","(910, 580)"
"(322, 1570)","(800, 690)"
"(19, 2540)","(970, 520)"
"(190, 2270)","(990, 510)"
"(256, 2030)","(950, 540)"
"(226, 1960)","(910, 580)"
"(79, 2310)","(950, 550)"
"(265, 2190)","(1000, 490)"
"(163, 2310)","(980, 510)"
"(340, 1460)","(750, 750)"
"(226, 1910)","(900, 600)"
"(322, 2020)","(990, 510)"
"(1, 2110)","(860, 640)"
"(208, 1850)","(870, 630)"
"(16, 2170)","(880, 610)"
"(46, 2440)","(960, 530)"
"(52, 2570)","(990, 500)"
"(10, 2190)","(870, 600)"
"(73, 2090)","(880, 610)"
"(58, 2270)","(930, 570)"
"(139, 1510)","(670, 830)"
"(73, 2320)","(950, 550)"
"(79, 2020)","(860, 630)"
"(43, 1630)","(690, 810)"
"(340, 2370)","(1080, 410)"
"(250, 1580)","(760, 730)"
"(310, 1750)","(880, 610)"
"(256, 2290)","(1020, 470)"
"(370, 2510)","(1090, 360)"
"(40, 2420)","(960, 540)"
"(379, 2470)","(1080, 360)"
"(109, 2360)","(960, 520)"
"(76, 2210)","(920, 580)"
"(379, 1940)","(1000, 500)"
"(259, 1760)","(860, 640)"
"(214, 2550)","(1060, 440)"
"(298, 2130)","(1000, 490)"
"(106, 2100)","(890, 590)"
"(385, 2460)","(1120, 370)"
"(67, 2210)","(910, 580)"
"(7, 2120)","(860, 630)"
"(55, 1560)","(660, 840)"
"(187, 2210)","(970, 530)"
"(73, 1960)","(840, 660)"
"(43, 1720)","(730, 760)"
"(250, 1880)","(900, 600)"
"(223, 2230)","(980, 500)"
"(64, 2580)","(1000, 500)"
"(205, 1500)","(690, 800)"
"(271, 2580)","(1090, 410)"
"(37, 1530)","(630, 860)"
"(169, 1800)","(830, 670)"
"(298, 2570)","(1060, 380)"
"(220, 2560)","(1050, 430)"
"(43, 1650)","(700, 800)"
"(289, 2050)","(980, 520)"
"(361, 1950)","(990, 510)"
"(373, 1780)","(940, 560)"
"(229, 2400)","(1030, 460)"
"(373, 2040)","(1020, 470)"
"(70, 2090)","(880, 610)"
"(166, 2280)","(980, 520)"
"(310, 2460)","(1090, 410)"
"(322, 2360)","(1060, 420)"
"(127, 2550)","(1020, 480)"
"(28, 1480)","(600, 900)"
"(226, 1860)","(880, 620)"
"(43, 2600)","(990, 500)"
"(46, 2100)","(870, 620)"
"(244, 2250)","(1010, 490)"
"(373, 1470)","(780, 720)"
"(271, 1420)","(680, 820)"
"(40, 2580)","(990, 510)"
"(247, 1930)","(920, 580)"
"(148, 2360)","(990, 510)"
"(145, 1560)","(700, 800)"
"(133, 1430)","(610, 880)"
"(271, 2430)","(1040, 430)"
"(226, 2020)","(930, 560)"
"(52, 2580)","(990, 500)"
"(79, 1680)","(730, 770)"
"(148, 1990)","(890, 610)"
"(205, 1670)","(790, 710)"
"(103, 1730)","(760, 730)"
"(55, 2540)","(990, 510)"
"(160, 1670)","(760, 730)"
"(142, 1750)","(790, 710)"
"(169, 1690)","(780, 720)"
"(43, 1830)","(780, 720)"
"(373, 1920)","(990, 510)"
"(334, 1800)","(920, 580)"
"(370, 2260)","(1080, 420)"
"(124, 1710)","(760, 730)"
"(7, 2100)","(860, 640)"
"(235, 1900)","(900, 600)"
"(166, 2420)","(1010, 490)"
"(331, 2300)","(1060, 430)"
"(244, 1660)","(800, 690)"
"(331, 1960)","(970, 520)"
"(283, 2290)","(1040, 460)"
"(391, 1810)","(960, 540)"
"(154, 1760)","(800, 690)"
"(37, 1740)","(740, 760)"
"(91, 2020)","(870, 630)"
"(22, 2040)","(840, 650)"
"(358, 1570)","(830, 670)"
"(166, 2160)","(950, 550)"
"(112, 2290)","(950, 540)"
"(25, 1900)","(800, 700)"
"(232, 2280)","(1010, 490)"
"(298, 1960)","(950, 540)"
"(241, 2040)","(950, 550)"
"(271, 1470)","(710, 780)"
"(46, 2450)","(960, 530)"
"(112, 2450)","(980, 500)"
"(328, 1660)","(850, 640)"
"(169, 1760)","(810, 690)"
"(4, 2320)","(920, 580)"
"(355, 1820)","(940, 560)"
"(85, 2130)","(890, 590)"
"(250, 2490)","(1050, 430)"
"(400, 2420)","(1100, 360)"
"(109, 1700)","(750, 740)"
"(256, 2250)","(1010, 480)"
"(190, 1730)","(810, 690)"
"(28, 1530)","(630, 870)"
"(400, 2010)","(1020, 460)"
"(337, 1580)","(820, 680)"
"(292, 2120)","(1000, 500)"
"(115, 2330)","(970, 530)"
"(118, 2520)","(1010, 490)"
"(298, 1890)","(920, 560)"
"(118, 2330)","(970, 530)"
"(202, 2390)","(1000, 470)"
"(217, 1830)","(860, 630)"
"(130, 1520)","(670, 830)"
"(205, 2370)","(1020, 480)"
"(121, 2130)","(920, 580)"
"(334, 2120)","(1010, 470)"
"(298, 1460)","(720, 780)"
"(286, 1690)","(840, 650)"
"(325, 2000)","(980, 510)"
"(205, 1770)","(830, 660)"
"(190, 1420)","(630, 860)"
"(337, 1630)","(840, 650)"
"(298, 2020)","(970, 520)"
"(178, 1650)","(760, 730)"
"(109, 1920)","(840, 650)"
"(367, 2130)","(1040, 450)"
"(190, 1900)","(870, 620)"
"(274, 2580)","(1070, 400)"
"(1, 1460)","(570, 920)"
"(229, 2000)","(930, 570)"
"(349, 1500)","(780, 720)"
"(118, 1920)","(850, 650)"
"(109, 2080)","(900, 600)"
"(301, 1560)","(780, 710)"
"(157, 1910)","(860, 630)"
"(139, 1580)","(710, 790)"
"(19, 1730)","(730, 770)"
"(94, 2250)","(940, 560)"
"(238, 1440)","(670, 820)"
"(250, 2010)","(940, 550)"
"(367, 1540)","(820, 680)"
"(154, 2440)","(1010, 490)"
"(112, 2090)","(890, 590)"
"(349, 2250)","(1050, 430)"
"(106, 1950)","(850, 640)"
"(229, 1610)","(770, 730)"
"(7, 2010)","(830, 670)"
"(244, 2600)","(1050, 410)"
"(127, 1600)","(710, 790)"
"(94, 2160)","(910, 580)"
"(295, 1480)","(730, 760)"
"(331, 1940)","(970, 530)"
"(178, 2230)","(960, 520)"
"(241, 1400)","(650, 850)"
"(46, 1450)","(580, 900)"
"(145, 2450)","(1000, 490)"
"(187, 1530)","(700, 790)"
"(151, 1980)","(880, 610)"
"(76, 1630)","(700, 790)"
"(346, 2530)","(1110, 380)"
"(160, 1870)","(850, 650)"
"(382, 2020)","(1020, 470)"
"(328, 1880)","(940, 550)"
"(61, 2310)","(940, 560)"
"(16, 2080)","(860, 640)"
"(388, 2410)","(1080, 370)"
"(91, 1540)","(660, 840)"
"(133, 2040)","(890, 600)"
"(391, 2020)","(1030, 470)"
"(193, 1810)","(840, 650)"
"(352, 2330)","(1090, 410)"
"(34, 1900)","(800, 690)"
"(256, 2050)","(960, 540)"
"(289, 1870)","(920, 580)"
"(136, 1570)","(700, 800)"
"(151, 2020)","(900, 600)"
"(214, 2460)","(1040, 460)"
"(370, 1590)","(850, 650)"
"(4, 2110)","(850, 630)"
"(358, 2580)","(1120, 360)"
"(124, 1430)","(610, 890)"
"(169, 2410)","(1010, 490)"
"(244, 2490)","(1060, 440)"
"(217, 1540)","(720, 770)"
"(172, 1400)","(610, 890)"
"(400, 1810)","(970, 530)"
"(397, 2230)","(1080, 410)"
"(88, 2230)","(930, 570)"
"(136, 2570)","(1030, 470)"
"(70, 1690)","(730, 770)"
"(358, 1820)","(930, 550)"
"(295, 1560)","(780, 720)"
"(253, 1890)","(900, 590)"
"(232, 1590)","(760, 740)"
"(229, 2500)","(1050, 440)"
"(376, 2230)","(1070, 420)"
"(85, 2030)","(870, 630)"
"(136, 1860)","(830, 660)"
"(172, 2540)","(1040, 460)"
"(394, 2240)","(1080, 410)"
"(400, 2390)","(1110, 370)"
"(178, 1410)","(620, 880)"
"(280, 2600)","(1040, 380)"
"(328, 2170)","(1020, 460)"
"(238, 2590)","(1080, 420)"
"(58, 2510)","(980, 510)"
"(292, 1520)","(760, 740)"
"(205, 1630)","(770, 730)"
"(52, 1830)","(780, 710)"
"(31, 2010)","(840, 660)"
"(232, 2180)","(980, 510)"
"(247, 1990)","(940, 560)"
"(88, 2070)","(880, 610)"
"(160, 1560)","(710, 790)"
"(115, 2300)","(960, 540)"
"(280, 1420)","(680, 810)"
"(103, 2080)","(890, 600)"
"(226, 1790)","(850, 640)"
"(208, 1420)","(640, 850)"
"(322, 2130)","(1020, 480)"
"(262, 1480)","(710, 780)"
"(88, 1800)","(790, 710)"
"(190, 2250)","(970, 510)"
"(394, 1940)","(1010, 490)"
"(94, 2060)","(880, 610)"
"(217, 1650)","(780, 710)"
"(262, 1550)","(760, 740)"
"(379, 2340)","(1100, 400)"
"(325, 1530)","(780, 710)"
"(61, 1450)","(590, 900)"
"(313, 2590)","(1090, 380)"
"(238, 2420)","(1030, 450)"
"(364, 2040)","(1020, 480)"
"(139, 1650)","(740, 750)"
"(10, 1890)","(790, 710)"
"(121, 2480)","(990, 490)"
"(199, 2480)","(1040, 460)"
"(25, 1910)","(800, 690)"
"(31, 1450)","(580, 920)"
"(4, 1960)","(810, 690)"
"(355, 2110)","(1020, 460)"
"(241, 1440)","(670, 820)"
"(400, 2290)","(1060, 380)"
"(376, 1590)","(850, 650)"
"(310, 1730)","(870, 620)"
"(331, 1420)","(710, 780)"
"(274, 2120)","(990, 510)"
"(97, 1970)","(850, 640)"
"(163, 1570)","(710, 780)"
"(154, 1540)","(690, 810)"
"(193, 1760)","(820, 680)"
"(391, 1410)","(750, 750)"
"(223, 2420)","(1030, 460)"
"(127, 1740)","(780, 720)"
"(265, 2560)","(1080, 410)"
"(85, 2120)","(900, 600)"
"(379, 2460)","(1120, 370)"
"(163, 1690)","(770, 720)"
"(349, 2350)","(1080, 410)"
"(76, 2060)","(870, 620)"
"(316, 2360)","(1050, 420)"
"(253, 2510)","(1050, 420)"
"(133, 2310)","(970, 530)"
"(265, 1850)","(900, 600)"
"(19, 2430)","(950, 550)"
"(307, 1550)","(780, 710)"
"(94, 1540)","(660, 830)"
"(280, 1510)","(740, 750)"
"(49, 1410)","(560, 940)"
"(319, 1410)","(700, 800)"
"(34, 1520)","(620, 870)"
"(253, 2080)","(970, 530)"
"(295, 2200)","(1010, 470)"
"(61, 2330)","(940, 550)"
"(298, 1560)","(780, 710)"
"(13, 1960)","(810, 680)"
"(106, 1840)","(810, 690)"
"(304, 1940)","(940, 540)"
"(265, 1540)","(750, 750)"
"(331, 1830)","(930, 570)"
"(94, 1990)","(860, 640)"
"(196, 1660)","(780, 720)"
"(82, 1920)","(830, 670)"
"(178, 1400)","(610, 880)"
"(364, 1510)","(800, 700)"
"(181, 1620)","(750, 750)"
"(289, 2580)","(1070, 390)"
"(391, 1610)","(870, 620)"
"(247, 1410)","(660, 840)"
"(211, 1660)","(780, 710)"
"(217, 1690)","(800, 690)"
"(136, 2100)","(910, 580)"
"(106, 1590)","(700, 800)"
"(307, 2420)","(1070, 420)"
"(97, 1640)","(720, 780)"
"(187, 1780)","(830, 670)"
"(277, 2170)","(1000, 490)"
"(226, 2070)","(950, 550)"
"(13, 2400)","(930, 550)"
"(223, 1670)","(800, 700)"
"(52, 1510)","(630, 870)"
"(295, 2170)","(1010, 480)"
"(244, 2180)","(990, 510)"
"(250, 2320)","(1020, 470)"
"(190, 1510)","(690, 800)"
"(34, 2310)","(930, 570)"
"(67, 2370)","(950, 540)"
"(208, 2390)","(1010, 470)"
"(133, 1930)","(860, 640)"
"(115, 2490)","(990, 490)"
"(97, 1610)","(700, 790)"
"(124, 2330)","(960, 520)"
"(370, 1600)","(850, 640)"
"(121, 1500)","(650, 850)"
"(268, 2310)","(1030, 460)"
"(16, 2240)","(900, 590)"
"(16, 2280)","(910, 580)"
"(361, 1440)","(750, 750)"
"(106, 2010)","(870, 620)"
"(46, 1960)","(830, 670)"
"(262, 2500)","(1070, 430)"
"(148, 1890)","(850, 650)"
"(139, 2420)","(1000, 500)"
"(262, 2250)","(1020, 480)"
"(331, 2230)","(1050, 450)"
"(94, 2520)","(1000, 500)"
"(325, 1600)","(820, 670)"
"(118, 1640)","(730, 770)"
"(49, 2210)","(910, 590)"
"(265, 1590)","(780, 720)"
"(292, 2540)","(1080, 400)"
"(181, 1660)","(770, 730)"
"(283, 2390)","(1060, 440)"
"(130, 2530)","(1020, 480)"
"(34, 2460)","(960, 530)"
"(40, 2600)","(990, 500)"
"(211, 2600)","(1070, 430)"
"(400, 1610)","(880, 620)"
"(298, 1490)","(740, 760)"
"(22, 2070)","(850, 640)"
"(121, 1740)","(780, 720)"
"(271, 2560)","(1080, 410)"
"(301, 2230)","(1020, 460)"
"(220, 2060)","(940, 550)"
"(313, 1630)","(830, 670)"
"(241, 2030)","(940, 550)"
"(277, 2600)","(1090, 400)"
"(295, 1810)","(900, 600)"
"(103, 2120)","(900, 590)"
"(79, 2460)","(970, 510)"
"(76, 1900)","(820, 680)"
"(310, 2390)","(1030, 410)"
"(304, 2280)","(1020, 440)"
"(322, 1920)","(950, 540)"
"(73, 2400)","(960, 530)"
"(319, 2080)","(1000, 490)"
"(112, 1650)","(730, 770)"
"(124, 2010)","(870, 610)"
"(76, 1710)","(740, 750)"
"(376, 1820)","(950, 540)"
"(355, 1530)","(800, 690)"
"(238, 2600)","(1070, 420)"
"(184, 2140)","(950, 550)"
"(4, 1720)","(710, 780)"
"(256, 1530)","(740, 760)"
"(220, 2040)","(940, 560)"
"(292, 1570)","(780, 710)"
"(340, 2560)","(1120, 370)"
"(235, 2490)","(1030, 430)"
"(157, 1770)","(810, 690)"
"(4, 1580)","(650, 850)"
"(208, 2160)","(970, 530)"
"(31, 2450)","(960, 540)"
"(37, 2060)","(860, 640)"
"(208, 1590)","(750, 750)"
"(271, 2320)","(1030, 460)"
"(61, 1570)","(660, 830)"
"(58, 2260)","(920, 570)"
"(181, 1650)","(760, 730)"
"(181, 1940)","(880, 610)"
"(58, 1410)","(560, 930)"
"(136, 2260)","(960, 540)"
"(196, 1520)","(700, 800)"
"(298, 2150)","(1010, 490)"
"(202, 2320)","(1000, 490)"
"(178, 1760)","(810, 680)"
"(10, 1720)","(720, 780)"
"(13, 1430)","(560, 940)"
"(4, 2210)","(890, 610)"
"(295, 1850)","(910, 580)"
"(310, 1860)","(930, 570)"
"(292, 2200)","(1020, 480)"
"(166, 1700)","(780, 720)"
"(64, 2120)","(890, 610)"
"(109, 1410)","(590, 910)"
"(52, 1890)","(810, 690)"
"(178, 1950)","(890, 610)"
"(94, 1430)","(590, 900)"
"(139, 2400)","(990, 500)"
"(229, 2170)","(980, 520)"
"(271, 1670)","(820, 670)"
"(292, 1860)","(920, 580)"
"(241, 1920)","(910, 590)"
"(331, 1450)","(740, 760)"
"(85, 2160)","(910, 590)"
"(310, 2310)","(1030, 430)"
"(370, 1580)","(840, 660)"
"(187, 1880)","(870, 630)"
"(151, 1470)","(650, 850)"
"(139, 2320)","(970, 520)"
"(343, 2550)","(1110, 380)"
"(319, 1880)","(940, 560)"
"(58, 1560)","(660, 840)"
"(262, 2460)","(1050, 430)"
"(397, 1920)","(1000, 490)"
"(277, 2000)","(950, 540)"
"(40, 2520)","(980, 520)"
"(166, 2310)","(980, 510)"
"(4, 2580)","(980, 520)"
"(241, 1640)","(790, 700)"
"(304, 2130)","(1010, 490)"
"(268, 2120)","(990, 510)"
"(184, 2240)","(970, 520)"
"(271, 2350)","(1040, 450)"
"(118, 1900)","(840, 660)"
"(148, 1630)","(740, 760)"
"(202, 1730)","(810, 680)"
"(316, 1890)","(930, 550)"
"(352, 1920)","(970, 520)"
"(247, 2550)","(1070, 420)"
"(400, 1620)","(880, 610)"
"(202, 2150)","(950, 530)"
"(340, 1930)","(970, 530)"
"(91, 1800)","(790, 710)"
"(373, 2410)","(1090, 380)"
"(7, 1730)","(720, 780)"
"(73, 2190)","(910, 580)"
"(46, 1890)","(800, 690)"
"(178, 1840)","(850, 650)"
"(172, 1560)","(710, 780)"
"(160, 2580)","(1040, 460)"
"(52, 2440)","(960, 530)"
"(343, 1450)","(740, 750)"
"(235, 1910)","(900, 590)"
"(226, 1420)","(650, 840)"
"(10, 1940)","(810, 690)"
"(100, 1580)","(690, 810)"
"(379, 1760)","(930, 560)"
"(358, 1840)","(950, 550)"
"(373, 1530)","(810, 680)"
"(115, 1520)","(660, 840)"
"(205, 2320)","(1000, 490)"
"(88, 1810)","(790, 710)"
"(208, 1900)","(880, 610)"
"(313, 1720)","(870, 620)"
"(349, 1940)","(980, 520)"
"(328, 2310)","(1040, 420)"
"(235, 1720)","(830, 670)"
"(115, 1610)","(710, 790)"
"(220, 1810)","(860, 640)"
"(145, 1660)","(750, 750)"
"(118, 2260)","(940, 540)"
"(241, 1520)","(730, 770)"
"(391, 2520)","(1140, 360)"
"(298, 2040)","(980, 520)"
"(160, 1910)","(860, 630)"
"(364, 1660)","(880, 620)"
"(205, 2360)","(1010, 480)"
"(151, 1920)","(860, 630)"
"(145, 1520)","(670, 820)"
"(184, 2020)","(910, 580)"
"(370, 1890)","(970, 520)"
"(400, 2550)","(1150, 350)"
"(256, 1950)","(930, 570)"
"(70, 1930)","(830, 670)"
"(382, 2420)","(1100, 370)"
"(400, 2200)","(1040, 400)"
"(139, 1880)","(840, 650)"
"(190, 1650)","(770, 730)"
"(73, 1760)","(760, 730)"
"(13, 2540)","(960, 520)"
"(262, 1760)","(860, 640)"
"(256, 1420)","(670, 830)"
"(28, 1460)","(580, 900)"
"(34, 2220)","(900, 590)"
"(220, 1800)","(850, 640)"
"(280, 2580)","(1060, 390)"
"(277, 2210)","(1010, 480)"
"(97, 2080)","(880, 600)"
"(199, 2490)","(1040, 460)"
"(94, 2240)","(930, 560)"
"(136, 1670)","(750, 750)"
"(136, 2280)","(960, 530)"
"(325, 1780)","(900, 590)"
"(400, 1700)","(920, 580)"
"(355, 1550)","(810, 680)"
"(58, 2130)","(890, 610)"
"(205, 2390)","(1010, 470)"
"(265, 1720)","(840, 650)"
"(358, 1560)","(820, 670)"
"(376, 2390)","(1080, 380)"
"(55, 1520)","(630, 860)"
"(181, 2120)","(930, 550)"
"(400, 2440)","(1130, 370)"
"(178, 1610)","(740, 750)"
"(28, 1520)","(620, 870)"
"(364, 2500)","(1070, 360)"
"(133, 1730)","(780, 720)"
"(103, 1910)","(840, 660)"
"(265, 1630)","(800, 700)"
"(292, 1500)","(740, 750)"
"(115, 2180)","(930, 570)"
"(250, 2350)","(1030, 460)"
"(244, 2030)","(950, 550)"
"(166, 1490)","(670, 830)"
"(7, 1610)","(660, 830)"
"(226, 1470)","(690, 810)"
"(172, 2440)","(1020, 480)"
"(274, 2050)","(970, 530)"
"(310, 1910)","(940, 550)"
"(226, 2310)","(1010, 480)"
"(343, 1670)","(870, 630)"
"(37, 1670)","(710, 790)"
"(382, 1990)","(1010, 480)"
"(343, 2560)","(1070, 360)"
"(256, 1690)","(820, 670)"
"(10, 1740)","(730, 770)"
"(7, 2220)","(890, 600)"
"(277, 1700)","(840, 660)"
"(316, 1570)","(800, 700)"
"(238, 2210)","(990, 500)"
"(208, 2430)","(1020, 460)"
"(40, 1550)","(640, 850)"
"(181, 1540)","(700, 790)"
"(139, 2380)","(990, 510)"
"(25, 2510)","(970, 530)"
"(103, 2460)","(980, 500)"
"(106, 1650)","(730, 770)"
"(157, 1710)","(780, 720)"
"(175, 2160)","(940, 540)"
"(94, 1600)","(700, 800)"
"(208, 2510)","(1050, 450)"
"(394, 2090)","(1050, 450)"
"(355, 2310)","(1080, 420)"
"(133, 1520)","(670, 830)"
"(208, 1400)","(630, 870)"
"(379, 2370)","(1070, 380)"
"(118, 1570)","(690, 810)"
"(202, 1540)","(720, 780)"
"(154, 1490)","(660, 840)"
"(397, 1410)","(750, 740)"
"(244, 2020)","(940, 550)"
"(49, 1640)","(700, 800)"
"(196, 1460)","(660, 830)"
"(127, 1670)","(750, 750)"
"(142, 2200)","(940, 550)"
"(25, 1620)","(680, 820)"
"(250, 2420)","(1050, 450)"
"(49, 1490)","(610, 880)"
"(151, 1990)","(890, 610)"
"(238, 1650)","(790, 700)"
"(16, 2480)","(960, 540)"
"(37, 1450)","(580, 910)"
"(301, 1630)","(820, 670)"
"(79, 1530)","(650, 850)"
"(304, 2150)","(1010, 480)"
"(7, 1820)","(760, 740)"
"(241, 2570)","(1070, 420)"
"(373, 1580)","(840, 650)"
"(400, 2470)","(1140, 360)"
"(217, 2460)","(1030, 450)"
"(316, 2440)","(1080, 410)"
"(373, 1790)","(940, 560)"
"(283, 2090)","(980, 510)"
"(127, 1980)","(870, 620)"
"(229, 2440)","(1030, 450)"
"(238, 2200)","(980, 500)"
"(298, 2270)","(1040, 460)"
"(304, 1620)","(820, 680)"
"(232, 1500)","(710, 790)"
"(388, 2540)","(1140, 360)"
"(10, 1660)","(690, 810)"
"(262, 2580)","(1090, 410)"
"(4, 1900)","(790, 710)"
"(190, 1740)","(810, 690)"
"(187, 1580)","(730, 770)"
"(268, 2100)","(970, 510)"
"(385, 2470)","(1090, 360)"
"(274, 1950)","(940, 560)"
"(235, 1460)","(680, 810)"
"(322, 1790)","(910, 590)"
"(256, 2330)","(1020, 460)"
"(49, 2420)","(960, 540)"
"(97, 1910)","(830, 660)"
"(367, 2160)","(1040, 440)"
"(178, 2460)","(1020, 470)"
"(103, 2430)","(980, 510)"
"(211, 2390)","(1020, 470)"
"(241, 1980)","(930, 570)"
"(244, 1480)","(700, 790)"
"(289, 2570)","(1090, 400)"
"(136, 2330)","(970, 520)"
"(172, 2070)","(920, 570)"
"(328, 1430)","(720, 780)"
"(268, 2300)","(1020, 460)"
"(154, 2560)","(1000, 450)"
"(118, 2180)","(930, 570)"
"(331, 2150)","(1030, 470)"
"(10, 2030)","(840, 660)"
"(334, 1400)","(700, 790)"
"(121, 1510)","(660, 840)"
"(37, 1490)","(610, 890)"
"(397, 2150)","(1050, 420)"
"(316, 2470)","(1040, 390)"
"(67, 2140)","(890, 600)"
"(310, 1590)","(810, 690)"
"(232, 2330)","(1020, 480)"
"(286, 2460)","(1040, 410)"
"(100, 1480)","(630, 870)"
"(352, 2540)","(1080, 360)"
"(145, 1740)","(790, 710)"
"(271, 2250)","(1010, 470)"
"(172, 2200)","(960, 540)"
"(196, 1500)","(690, 810)"
"(88, 2260)","(940, 560)"
"(22, 1880)","(790, 710)"
"(115, 2200)","(930, 560)"
"(241, 1910)","(910, 590)"
"(262, 2180)","(1000, 500)"
"(253, 2350)","(1030, 460)"
"(343, 2530)","(1100, 380)"
"(13, 1910)","(800, 700)"
"(136, 2210)","(940, 550)"
"(202, 1400)","(620, 870)"
"(124, 2310)","(960, 530)"
"(337, 2490)","(1070, 380)"
"(79, 1930)","(830, 660)"
"(199, 2390)","(1020, 480)"
"(163, 2230)","(960, 530)"
"(106, 2190)","(930, 570)"
"(88, 1500)","(640, 860)"
"(85, 2140)","(900, 590)"
"(232, 1710)","(820, 680)"
"(124, 1870)","(830, 660)"
"(37, 1520)","(630, 870)"
"(136, 2290)","(970, 530)"
"(280, 2280)","(1030, 460)"
"(256, 1650)","(800, 690)"
"(25, 2390)","(940, 550)"
"(304, 1430)","(700, 790)"
"(376, 2270)","(1090, 410)"
"(274, 2130)","(980, 500)"
"(79, 2490)","(990, 510)"
"(349, 2500)","(1110, 380)"
"(49, 2480)","(970, 520)"
"(223, 1990)","(920, 570)"
"(145, 2060)","(910, 590)"
"(346, 2290)","(1060, 420)"
"(397, 1480)","(800, 700)"
"(271, 2300)","(1030, 460)"
"(217, 1460)","(670, 820)"
"(34, 1630)","(680, 810)"
"(10, 2040)","(840, 660)"
"(46, 1950)","(820, 670)"
"(334, 1840)","(930, 560)"
"(229, 2220)","(980, 500)"
"(283, 2030)","(970, 530)"
"(205, 1540)","(720, 780)"
"(367, 1810)","(940, 550)"
"(97, 1620)","(710, 790)"
"(82, 1690)","(730, 760)"
"(157, 2260)","(970, 530)"
"(4, 1400)","(530, 950)"
"(394, 1860)","(980, 520)"
"(115, 1770)","(790, 710)"
"(202, 1810)","(850, 650)"
"(157, 1530)","(690, 810)"
"(328, 1480)","(750, 740)"
"(283, 1840)","(900, 590)"
"(271, 2040)","(960, 530)"
"(202, 2030)","(920, 570)"
"(142, 2010)","(890, 610)"
"(1, 2420)","(930, 550)"
"(52, 1620)","(690, 810)"
"(28, 2170)","(890, 610)"
"(283, 1910)","(930, 570)"
"(223, 2510)","(1050, 440)"
"(118, 1510)","(660, 840)"
"(400, 1510)","(820, 670)"
"(331, 2050)","(990, 490)"
"(22, 1460)","(580, 910)"
"(49, 2080)","(870, 630)"
"(286, 1570)","(780, 720)"
"(376, 2040)","(1020, 470)"
"(289, 2340)","(1040, 440)"
"(40, 2590)","(980, 500)"
"(187, 1890)","(870, 630)"
"(211, 2230)","(990, 510)"
"(253, 2200)","(1000, 500)"
"(322, 1830)","(920, 570)"
"(70, 1460)","(600, 890)"
"(262, 1420)","(670, 820)"
"(325, 1630)","(840, 660)"
"(136, 1590)","(710, 790)"
"(217, 2040)","(940, 560)"
"(400, 1720)","(930, 570)"
"(223, 2560)","(1060, 430)"
"(94, 1680)","(740, 760)"
"(1, 1920)","(800, 700)"
"(4, 2380)","(930, 560)"
"(100, 2360)","(970, 530)"
"(226, 2370)","(1000, 460)"
"(13, 2490)","(950, 530)"
"(151, 2190)","(950, 550)"
"(43, 1600)","(670, 820)"
"(7, 1940)","(800, 690)"
"(202, 2090)","(940, 550)"
"(391, 2430)","(1110, 370)"
"(268, 2410)","(1030, 430)"
"(211, 1600)","(750, 740)"
"(127, 1540)","(680, 820)"
"(310, 2060)","(980, 500)"
"(19, 2340)","(930, 570)"
"(262, 1820)","(880, 610)"
"(187, 1510)","(690, 810)"
"(295, 1500)","(750, 750)"
"(70, 2030)","(860, 630)"
"(46, 2420)","(960, 540)"
"(133, 1760)","(790, 710)"
"(397, 2330)","(1080, 380)"
"(16, 2220)","(900, 600)"
"(295, 2490)","(1080, 410)"
"(253, 1700)","(830, 670)"
"(100, 2380)","(960, 520)"
"(136, 1530)","(680, 820)"
"(226, 1760)","(840, 660)"
"(313, 2010)","(980, 520)"
"(43, 2320)","(930, 560)"
"(376, 2420)","(1110, 390)"
"(373, 1860)","(970, 530)"
"(277, 1570)","(780, 720)"
"(4, 1790)","(750, 750)"
"(100, 1900)","(830, 660)"
"(109, 1790)","(790, 700)"
"(211, 1900)","(890, 610)"
"(31, 1730)","(730, 770)"
"(109, 2380)","(970, 520)"
"(235, 2340)","(1020, 470)"
"(121, 1640)","(730, 770)"
"(37, 1560)","(650, 850)"
"(385, 2290)","(1080, 400)"
"(40, 2330)","(930, 560)"
"(124, 2400)","(990, 510)"
"(367, 1710)","(900, 590)"
"(358, 1770)","(920, 570)"
"(400, 1440)","(780, 720)"
"(19, 2270)","(900, 580)"
"(307, 1530)","(770, 730)"
"(364, 1470)","(770, 730)"
"(190, 1750)","(820, 680)"
"(148, 1850)","(830, 660)"
"(49, 1960)","(830, 670)"
"(229, 2030)","(940, 560)"
"(10, 2430)","(950, 550)"
"(259, 2600)","(1090, 410)"
"(382, 2110)","(1050, 450)"
"(331, 2590)","(1090, 370)"
"(175, 2590)","(1050, 450)"
"(280, 1880)","(920, 580)"
"(265, 1680)","(820, 670)"
"(202, 2400)","(990, 460)"
"(142, 2270)","(960, 530)"
"(322, 2220)","(1030, 450)"
"(208, 2470)","(1040, 460)"
"(10, 1690)","(700, 790)"
"(151, 1570)","(710, 790)"
"(265, 1500)","(730, 770)"
"(304, 2500)","(1080, 400)"
"(52, 2240)","(920, 580)"
"(145, 2130)","(930, 570)"
"(88, 2390)","(970, 530)"
"(100, 1860)","(820, 680)"
"(187, 1450)","(650, 840)"
"(115, 2240)","(940, 550)"
"(196, 1750)","(820, 680)"
"(37, 2490)","(960, 520)"
"(238, 2010)","(940, 560)"
"(292, 2480)","(1070, 410)"
"(292, 1510)","(750, 750)"
"(121, 1600)","(710, 790)"
"(304, 2120)","(1000, 490)"
"(391, 2560)","(1110, 340)"
"(178, 1830)","(840, 650)"
"(274, 1790)","(880, 620)"
"(214, 1450)","(670, 830)"
"(70, 1780)","(770, 730)"
"(259, 2480)","(1060, 430)"
"(193, 2370)","(1000, 480)"
"(40, 2460)","(960, 530)"
"(379, 2190)","(1070, 430)"
"(169, 2550)","(1030, 460)"
"(286, 1530)","(760, 740)"
"(334, 1620)","(840, 660)"
"(4, 1540)","(620, 870)"
"(400, 1560)","(850, 650)"
"(250, 2020)","(950, 550)"
"(49, 1470)","(600, 900)"
"(169, 1410)","(610, 880)"
"(352, 1910)","(970, 530)"
"(169, 2010)","(900, 590)"
"(337, 2210)","(1050, 450)"
"(118, 1950)","(860, 640)"
"(34, 2060)","(860, 640)"
"(130, 1610)","(720, 780)"
"(121, 2220)","(930, 550)"
"(133, 1480)","(640, 850)"
"(307, 1480)","(740, 760)"
"(274, 2250)","(1010, 470)"
"(226, 1560)","(740, 760)"
"(28, 1750)","(740, 760)"
"(295, 1840)","(900, 580)"
"(310, 1460)","(730, 770)"
"(124, 1830)","(820, 680)"
"(400, 2320)","(1100, 390)"
"(202, 2180)","(970, 530)"
"(283, 1480)","(730, 770)"
"(394, 2350)","(1110, 390)"
"(151, 2440)","(1010, 490)"
"(1, 1490)","(590, 900)"
"(322, 1620)","(830, 670)"
"(361, 1810)","(940, 560)"
"(232, 1740)","(830, 660)"
"(193, 2190)","(970, 530)"
"(289, 2440)","(1030, 410)"
"(25, 2000)","(830, 660)"
"(214, 2590)","(1060, 430)"
"(130, 2350)","(980, 520)"
"(163, 2020)","(900, 590)"
"(235, 2450)","(1050, 450)"
"(145, 1620)","(730, 770)"
"(46, 2120)","(870, 610)"
"(121, 2550)","(1020, 480)"
"(88, 1970)","(850, 650)"
"(400, 2580)","(1140, 340)"
"(22, 2150)","(880, 620)"
"(178, 2280)","(980, 510)"
"(229, 1710)","(820, 680)"
"(274, 1970)","(940, 550)"
"(178, 2450)","(1010, 470)"
"(127, 2280)","(960, 540)"
"(4, 2460)","(940, 540)"
"(226, 1800)","(860, 640)"
"(49, 1440)","(580, 920)"
"(286, 2380)","(1060, 440)"
"(154, 2050)","(910, 590)"
"(157, 2560)","(1030, 460)"
"(64, 1740)","(750, 750)"
"(109, 2450)","(980, 500)"
"(37, 1650)","(700, 800)"
"(256, 1770)","(860, 640)"
"(400, 2080)","(1040, 440)"
"(196, 1430)","(640, 850)"
"(112, 2490)","(990, 490)"
"(169, 1790)","(820, 670)"
"(166, 2050)","(910, 580)"
"(103, 1760)","(780, 720)"
"(385, 2440)","(1100, 370)"
"(100, 1610)","(700, 790)"
"(52, 1400)","(550, 930)"
"(397, 2010)","(1030, 470)"
"(226, 2420)","(1040, 460)"
"(262, 2070)","(970, 530)"
"(214, 2300)","(1000, 490)"
"(85, 2080)","(880, 610)"
"(154, 1830)","(830, 670)"
"(208, 2590)","(1050, 430)"
"(262, 2480)","(1060, 430)"
"(211, 2370)","(1000, 470)"
"(169, 1440)","(640, 860)"
"(328, 2250)","(1040, 440)"
"(154, 1820)","(830, 670)"
"(157, 2290)","(970, 520)"
"(121, 1530)","(670, 830)"
"(7, 1750)","(730, 770)"
"(274, 2080)","(980, 520)"
"(292, 1540)","(770, 730)"
"(388, 2170)","(1070, 430)"
"(97, 1650)","(720, 770)"
"(340, 1480)","(760, 740)"
"(343, 1590)","(830, 670)"
"(151, 2160)","(940, 560)"
"(328, 2030)","(990, 500)"
"(277, 1830)","(900, 600)"
"(301, 1480)","(740, 760)"
"(193, 2350)","(1010, 490)"
"(208, 2420)","(1030, 470)"
"(379, 2580)","(1120, 350)"
"(28, 2520)","(970, 520)"
"(265, 2410)","(1050, 440)"
"(220, 2440)","(1040, 460)"
"(40, 2540)","(970, 510)"
"(160, 2600)","(1030, 450)"
"(172, 2510)","(1020, 460)"
"(367, 2020)","(1010, 480)"
"(241, 2150)","(980, 520)"
"(364, 2070)","(1030, 470)"
"(97, 2110)","(900, 600)"
"(52, 1640)","(700, 800)"
"(46, 2200)","(900, 590)"
"(325, 1540)","(790, 710)"
"(73, 1720)","(740, 750)"
"(211, 2210)","(970, 510)"
"(91, 2210)","(920, 570)"
"(232, 1770)","(850, 650)"
"(145, 1530)","(680, 820)"
"(238, 2350)","(1010, 460)"
"(172, 1520)","(690, 810)"
"(55, 1550)","(650, 850)"
"(166, 2330)","(990, 510)"
"(1, 2600)","(980, 520)"
"(4, 1480)","(590, 910)"
"(10, 1840)","(770, 730)"
"(133, 2400)","(980, 500)"
"(187, 1900)","(870, 620)"
"(154, 2210)","(950, 540)"
"(7, 1990)","(820, 670)"
"(205, 2170)","(970, 530)"
"(7, 1880)","(780, 710)"
"(142, 1630)","(730, 760)"
"(196, 2420)","(1020, 470)"
"(58, 1540)","(650, 850)"
"(169, 2190)","(950, 540)"
"(169, 1990)","(900, 600)"
"(70, 1510)","(630, 860)"
"(337, 2170)","(1040, 460)"
"(337, 1400)","(700, 790)"
"(85, 1940)","(840, 660)"
"(274, 2490)","(1070, 420)"
"(313, 1590)","(810, 690)"
"(133, 1870)","(840, 660)"
"(277, 1820)","(890, 600)"
"(376, 2600)","(1110, 340)"
"(286, 1550)","(770, 730)"
"(193, 2200)","(970, 530)"
"(208, 1510)","(700, 800)"
"(70, 2470)","(980, 520)"
"(187, 1440)","(640, 850)"
"(76, 2480)","(980, 510)"
"(331, 2000)","(990, 510)"
"(85, 2090)","(890, 610)"
"(130, 2460)","(990, 490)"
"(124, 1470)","(630, 860)"
"(295, 1540)","(770, 730)"
"(1, 1750)","(730, 770)"
"(142, 2500)","(1010, 480)"
"(397, 1680)","(910, 590)"
"(208, 2110)","(950, 540)"
"(163, 1960)","(880, 610)"
"(67, 2480)","(970, 510)"
"(166, 1830)","(840, 660)"
"(160, 2520)","(1030, 470)"
"(190, 2160)","(960, 540)"
"(277, 2510)","(1080, 420)"
"(256, 2200)","(990, 490)"
"(37, 2120)","(880, 620)"
"(22, 1720)","(720, 770)"
"(175, 1610)","(740, 760)"
"(382, 1940)","(1000, 500)"
"(346, 2430)","(1080, 390)"
"(184, 1800)","(830, 660)"
"(100, 1490)","(640, 860)"
"(184, 2410)","(1010, 480)"
"(259, 2090)","(970, 520)"
"(274, 1650)","(820, 680)"
"(346, 2570)","(1120, 370)"
"(19, 2200)","(890, 600)"
"(343, 2370)","(1080, 410)"
"(1, 1500)","(600, 900)"
"(109, 1880)","(830, 670)"
"(307, 2310)","(1050, 440)"
"(286, 1560)","(780, 720)"
"(43, 1660)","(700, 790)"
"(280, 2350)","(1020, 440)"
"(220, 1890)","(890, 610)"
"(391, 2170)","(1050, 420)"
"(322, 2420)","(1090, 410)"
"(139, 2120)","(910, 570)"
"(163, 2430)","(1010, 490)"
"(133, 2290)","(960, 530)"
"(181, 2390)","(1010, 490)"
"(103, 2170)","(920, 580)"
"(136, 1460)","(630, 860)"
"(94, 2090)","(890, 600)"
"(304, 2470)","(1070, 410)"
"(151, 2290)","(970, 520)"
"(55, 2070)","(870, 630)"
"(79, 1870)","(810, 690)"
"(154, 2350)","(990, 510)"
"(70, 1970)","(840, 650)"
"(220, 2090)","(950, 540)"
"(61, 1990)","(850, 650)"
"(31, 2320)","(930, 570)"
"(256, 1900)","(900, 580)"
"(232, 1420)","(660, 840)"
"(346, 1750)","(910, 590)"
"(268, 1500)","(730, 770)"
"(139, 1780)","(800, 690)"
"(211, 2540)","(1040, 440)"
"(97, 1590)","(690, 800)"
"(85, 2390)","(970, 530)"
"(28, 2550)","(980, 520)"
"(76, 1810)","(790, 710)"
"(301, 2210)","(1030, 470)"
"(268, 1490)","(720, 770)"
"(118, 1560)","(680, 810)"
"(82, 1440)","(600, 900)"
"(328, 2340)","(1060, 420)"
"(253, 1840)","(890, 610)"
"(28, 2570)","(980, 510)"
"(229, 1580)","(750, 740)"
"(268, 1710)","(840, 660)"
"(1, 2470)","(940, 540)"
"(364, 2170)","(1020, 430)"
"(319, 1810)","(910, 580)"
"(274, 1430)","(690, 810)"
"(109, 1980)","(860, 630)"
"(289, 1430)","(700, 800)"
"(268, 1630)","(800, 690)"
"(88, 2080)","(890, 610)"
"(28, 2300)","(920, 570)"
"(4, 2350)","(920, 570)"
"(355, 2450)","(1090, 380)"
"(175, 2030)","(910, 580)"
"(352, 1940)","(980, 520)"
"(256, 1890)","(910, 590)"
"(400, 1900)","(1000, 500)"
"(175, 1710)","(790, 710)"
"(37, 1850)","(780, 710)"
"(358, 1740)","(910, 590)"
"(76, 2020)","(860, 630)"
"(73, 1710)","(740, 760)"
"(82, 1960)","(840, 650)"
"(283, 1700)","(840, 650)"
"(151, 1960)","(880, 620)"
"(259, 1920)","(920, 580)"
"(121, 1570)","(690, 800)"
"(343, 1780)","(920, 580)"
"(73, 2360)","(950, 540)"
"(211, 1860)","(870, 630)"
"(55, 2580)","(990, 500)"
"(244, 2340)","(1030, 470)"
"(256, 2280)","(1010, 470)"
"(142, 1810)","(820, 680)"
"(13, 1830)","(770, 730)"
"(262, 1510)","(730, 760)"
"(130, 1600)","(710, 780)"
"(52, 1800)","(770, 730)"
"(376, 2220)","(1070, 420)"
"(136, 1620)","(730, 770)"
"(328, 2400)","(1080, 410)"
"(58, 1870)","(800, 700)"
"(328, 2380)","(1060, 410)"
"(196, 2220)","(980, 520)"
"(379, 2250)","(1080, 420)"
"(286, 1460)","(710, 780)"
"(100, 1750)","(770, 730)"
"(61, 1490)","(620, 880)"
"(391, 2580)","(1090, 330)"
"(115, 1560)","(680, 810)"
"(19, 1490)","(600, 900)"
"(22, 1750)","(740, 760)"
"(130, 2250)","(950, 540)"
"(10, 1620)","(670, 830)"
"(205, 1920)","(880, 600)"
"(91, 1870)","(820, 680)"
"(235, 2580)","(1060, 420)"
"(397, 1620)","(880, 620)"
"(79, 2430)","(970, 520)"
"(109, 2280)","(940, 540)"
"(220, 1980)","(920, 580)"
"(127, 1640)","(730, 760)"
"(310, 1830)","(920, 580)"
"(109, 1520)","(660, 840)"
"(145, 2230)","(950, 540)"
"(85, 1930)","(840, 660)"
"(157, 2300)","(980, 520)"
"(322, 2210)","(1040, 460)"
"(1, 2340)","(910, 570)"
"(193, 1500)","(690, 810)"
"(133, 2210)","(940, 550)"
"(304, 1540)","(770, 720)"
"(310, 1420)","(700, 800)"
"(349, 1410)","(720, 780)"
"(211, 1760)","(830, 670)"
"(97, 2370)","(970, 530)"
"(331, 1750)","(900, 600)"
"(340, 1720)","(890, 610)"
"(85, 2220)","(920, 570)"
"(313, 1780)","(900, 600)"
"(322, 1610)","(820, 670)"
"(61, 2400)","(960, 540)"
"(52, 2540)","(990, 510)"
"(235, 2140)","(970, 520)"
"(247, 1980)","(930, 560)"
"(106, 2240)","(940, 560)"
"(313, 2100)","(1000, 490)"
"(85, 1990)","(860, 640)"
"(196, 2330)","(1000, 490)"
"(307, 2550)","(1090, 390)"
"(205, 1590)","(750, 750)"
"(250, 2530)","(1070, 430)"
"(28, 2130)","(880, 620)"
"(220, 2020)","(920, 560)"
"(253, 2600)","(1080, 410)"
"(325, 2040)","(990, 500)"
"(331, 2290)","(1050, 430)"
"(151, 2500)","(1020, 480)"
"(307, 2360)","(1050, 430)"
"(232, 1460)","(680, 810)"
"(352, 2440)","(1070, 380)"
"(193, 1560)","(720, 770)"
"(115, 2580)","(1020, 480)"
"(187, 1910)","(880, 620)"
"(238, 2040)","(950, 550)"
"(175, 2350)","(1000, 500)"
"(361, 1770)","(920, 570)"
"(400, 1450)","(780, 710)"
"(352, 1440)","(740, 750)"
"(112, 2210)","(930, 560)"
"(205, 1740)","(820, 680)"
"(199, 2170)","(960, 530)"
"(31, 1780)","(750, 740)"
"(337, 2500)","(1090, 380)"
"(220, 1780)","(840, 650)"
"(1, 2150)","(860, 620)"
"(316, 2530)","(1060, 380)"
"(175, 1600)","(730, 760)"
"(31, 2240)","(910, 590)"
"(319, 2530)","(1100, 390)"
"(367, 1910)","(980, 520)"
"(193, 1730)","(810, 690)"
"(229, 2100)","(960, 540)"
"(79, 1850)","(800, 690)"
"(106, 2420)","(980, 510)"
"(178, 2100)","(930, 560)"
"(34, 1880)","(790, 700)"
"(373, 2210)","(1050, 420)"
"(304, 2580)","(1080, 380)"
"(280, 2520)","(1050, 400)"
"(133, 1600)","(710, 780)"
"(241, 2080)","(950, 530)"
"(304, 1560)","(790, 710)"
"(307, 2220)","(1030, 460)"
"(76, 1580)","(680, 820)"
"(319, 2180)","(1030, 470)"
"(124, 1820)","(810, 680)"
"(97, 2210)","(930, 570)"
"(397, 1590)","(870, 630)"
"(91, 2370)","(960, 530)"
"(376, 2170)","(1060, 440)"
"(325, 1840)","(930, 570)"
"(178, 1780)","(820, 670)"
"(91, 2550)","(1000, 490)"
"(364, 2200)","(1040, 430)"
"(139, 2580)","(1030, 470)"
"(148, 1600)","(720, 770)"
"(67, 2440)","(960, 520)"
"(82, 2120)","(900, 600)"
"(283, 2340)","(1050, 450)"
"(91, 1880)","(820, 680)"
"(184, 2160)","(950, 540)"
"(67, 2050)","(870, 630)"
"(337, 2590)","(1080, 360)"
"(337, 2440)","(1100, 400)"
"(217, 2330)","(1010, 480)"
"(226, 1930)","(900, 590)"
"(223, 1500)","(700, 790)"
"(103, 2560)","(1000, 480)"
"(196, 2350)","(1010, 490)"
"(178, 2260)","(980, 520)"
"(280, 1620)","(800, 690)"
"(337, 2060)","(1010, 490)"
"(214, 1920)","(890, 600)"
"(295, 1460)","(720, 780)"
"(331, 1480)","(760, 740)"
"(199, 1410)","(630, 870)"
"(361, 1930)","(980, 510)"
"(40, 2480)","(970, 530)"
"(217, 2130)","(960, 530)"
"(328, 2240)","(1050, 450)"
"(319, 1950)","(960, 530)"
"(286, 2430)","(1070, 430)"
"(46, 1440)","(580, 920)"
"(139, 1870)","(840, 660)"
"(217, 1800)","(850, 650)"
"(328, 1490)","(760, 740)"
"(55, 2430)","(960, 530)"
"(145, 1420)","(610, 890)"
"(292, 1830)","(900, 590)"
"(70, 2510)","(990, 510)"
"(31, 1680)","(710, 790)"
"(208, 1720)","(810, 680)"
"(256, 1780)","(860, 630)"
"(118, 1480)","(640, 860)"
"(238, 2150)","(980, 520)"
"(22, 2510)","(970, 530)"
"(367, 2070)","(1030, 470)"
"(331, 2210)","(1030, 450)"
"(382, 1950)","(990, 490)"
"(253, 2560)","(1080, 420)"
"(205, 1520)","(710, 790)"
"(238, 1740)","(840, 660)"
"(379, 1620)","(870, 630)"
"(331, 1550)","(800, 700)"
"(310, 1890)","(940, 560)"
"(70, 1760)","(760, 730)"
"(25, 2490)","(960, 530)"
"(61, 1870)","(800, 690)"
"(7, 1740)","(730, 770)"
"(109, 1640)","(720, 770)"
"(169, 2000)","(900, 600)"
"(391, 2350)","(1100, 390)"
"(151, 1500)","(670, 830)"
"(214, 2390)","(1020, 470)"
"(232, 2450)","(1020, 440)"
"(271, 1980)","(950, 550)"
"(181, 1810)","(840, 660)"
"(142, 2250)","(960, 540)"
"(358, 1530)","(800, 690)"
"(52, 1560)","(650, 840)"
"(226, 2110)","(950, 530)"
"(58, 1740)","(750, 750)"
"(334, 2130)","(1020, 470)"
"(400, 1770)","(940, 540)"
"(100, 2220)","(920, 560)"
"(97, 1510)","(650, 850)"
"(328, 2580)","(1060, 360)"
"(331, 2360)","(1070, 420)"
"(208, 2280)","(1000, 500)"
"(187, 2450)","(1020, 470)"
"(385, 1540)","(830, 670)"
"(352, 1750)","(910, 590)"
"(277, 2310)","(1040, 460)"
"(256, 1920)","(920, 580)"
"(379, 1480)","(790, 710)"
"(208, 2000)","(920, 580)"
"(262, 2440)","(1060, 440)"
"(130, 2470)","(1000, 490)"
"(352, 1670)","(870, 620)"
"(85, 2560)","(1000, 490)"
"(112, 1680)","(740, 750)"
"(358, 1910)","(970, 520)"
"(34, 1980)","(830, 670)"
"(379, 1590)","(850, 640)"
"(151, 2070)","(910, 580)"
"(214, 2380)","(1020, 470)"
"(223, 2170)","(980, 520)"
"(118, 2580)","(1010, 470)"
"(85, 2370)","(960, 530)"
"(346, 2230)","(1030, 430)"
"(334, 2260)","(1050, 440)"
"(310, 1780)","(900, 600)"
"(184, 2430)","(1020, 480)"
"(187, 1820)","(840, 650)"
"(211, 1750)","(830, 670)"
"(274, 2570)","(1070, 400)"
"(256, 1870)","(900, 600)"
"(280, 1430)","(690, 810)"
"(304, 1980)","(960, 530)"
"(4, 2270)","(900, 590)"
"(289, 2220)","(1020, 470)"
"(235, 2000)","(930, 560)"
"(55, 2410)","(960, 540)"
"(187, 1730)","(800, 690)"
"(148, 2040)","(900, 590)"
"(340, 1400)","(710, 790)"
"(301, 1520)","(760, 740)"
"(202, 1820)","(850, 650)"
"(121, 2100)","(910, 590)"
"(97, 2570)","(1000, 480)"
"(52, 2310)","(930, 560)"
"(349, 2130)","(1030, 460)"
"(139, 1900)","(850, 650)"
"(19, 1450)","(570, 910)"
"(70, 1990)","(850, 650)"
"(7, 2600)","(970, 510)"
"(394, 1830)","(970, 530)"
"(205, 1840)","(860, 640)"
"(286, 1830)","(890, 590)"
"(331, 1760)","(900, 600)"
"(235, 1860)","(880, 610)"
"(31, 2260)","(910, 580)"
"(181, 2570)","(1050, 450)"
"(325, 2270)","(1050, 440)"
"(139, 1810)","(810, 680)"
"(340, 2380)","(1080, 410)"
"(145, 1700)","(770, 730)"
"(190, 2550)","(1050, 450)"
"(223, 2120)","(960, 530)"
"(307, 2400)","(1060, 420)"
"(97, 1850)","(810, 690)"
"(244, 2120)","(970, 520)"
"(199, 2580)","(1050, 440)"
"(163, 2500)","(1020, 470)"
"(397, 2460)","(1130, 370)"
"(166, 2230)","(960, 530)"
"(340, 2080)","(1010, 480)"
"(115, 2430)","(990, 510)"
"(7, 2480)","(960, 540)"
"(223, 2340)","(1020, 480)"
"(25, 1850)","(780, 720)"
"(175, 1700)","(780, 710)"
"(13, 1660)","(690, 810)"
"(313, 1750)","(880, 610)"
"(214, 2440)","(1030, 460)"
"(301, 2260)","(1040, 460)"
"(112, 1720)","(760, 730)"
"(376, 1690)","(900, 600)"
"(277, 1960)","(940, 550)"
"(337, 1800)","(910, 570)"
"(85, 1500)","(630, 860)"
"(241, 2110)","(970, 530)"
"(208, 1790)","(840, 650)"
"(49, 1480)","(610, 890)"
"(193, 1940)","(880, 600)"
"(70, 2180)","(910, 590)"
"(271, 1700)","(840, 660)"
"(58, 2150)","(890, 600)"
"(187, 1610)","(750, 750)"
"(391, 2150)","(1060, 430)"
"(160, 1840)","(840, 660)"
"(244, 2040)","(950, 550)"
"(310, 2160)","(1020, 480)"
"(142, 2050)","(900, 590)"
"(145, 2270)","(960, 530)"
"(7, 2580)","(980, 520)"
"(292, 1630)","(820, 680)"
"(232, 1940)","(900, 580)"
"(316, 2160)","(1020, 470)"
"(34, 1830)","(770, 720)"
"(295, 1520)","(760, 740)"
"(349, 2170)","(1040, 450)"
"(346, 2170)","(1030, 450)"
"(211, 2490)","(1040, 450)"
"(58, 2330)","(930, 550)"
"(109, 2370)","(970, 520)"
"(112, 1490)","(640, 860)"
"(304, 1650)","(830, 660)"
"(223, 1490)","(700, 800)"
"(148, 2600)","(1040, 460)"
"(388, 1560)","(840, 650)"
"(334, 1510)","(780, 720)"
"(256, 2370)","(1030, 450)"
"(166, 2430)","(1000, 480)"
"(37, 2350)","(940, 560)"
"(187, 2580)","(1040, 440)"
"(25, 2430)","(950, 540)"
"(16, 2180)","(880, 610)"
"(196, 2490)","(1040, 460)"
"(328, 1870)","(930, 550)"
"(289, 1730)","(860, 630)"
"(250, 1550)","(750, 750)"
"(373, 1480)","(780, 710)"
"(319, 2290)","(1050, 440)"
"(49, 2520)","(970, 510)"
"(19, 2410)","(940, 550)"
"(292, 1550)","(770, 720)"
"(340, 2190)","(1040, 450)"
"(172, 2450)","(1020, 480)"
"(169, 2250)","(960, 520)"
"(13, 2000)","(830, 670)"
"(142, 2180)","(930, 550)"
"(385, 2570)","(1120, 350)"
"(253, 1490)","(710, 780)"
"(253, 1960)","(930, 570)"
"(214, 1670)","(790, 700)"
"(367, 1950)","(990, 500)"
"(22, 1820)","(770, 730)"
"(325, 2510)","(1100, 390)"
"(385, 1490)","(800, 700)"
"(289, 1960)","(950, 550)"
"(46, 1830)","(780, 720)"
"(151, 2250)","(960, 530)"
"(244, 1760)","(850, 650)"
"(253, 1850)","(880, 600)"
"(367, 2390)","(1100, 400)"
"(310, 1450)","(720, 770)"
"(115, 2110)","(910, 590)"
"(295, 2010)","(970, 530)"
"(373, 2560)","(1100, 350)"
"(4, 2470)","(950, 540)"
"(28, 1640)","(690, 810)"
"(127, 1460)","(630, 870)"
"(52, 1580)","(670, 830)"
"(316, 2050)","(990, 500)"
"(211, 2550)","(1050, 440)"
"(229, 2080)","(950, 540)"
"(28, 2110)","(860, 620)"
"(232, 2110)","(960, 530)"
"(103, 1650)","(730, 770)"
"(334, 1920)","(960, 530)"
"(133, 1890)","(840, 650)"
"(388, 1880)","(980, 510)"
"(130, 1860)","(830, 670)"
"(73, 1400)","(560, 930)"
"(301, 2430)","(1070, 420)"
"(34, 1400)","(550, 950)"
"(142, 2580)","(1020, 460)"
"(13, 1940)","(810, 690)"
"(202, 2380)","(1020, 480)"
"(385, 2540)","(1130, 360)"
"(25, 2550)","(980, 520)"
"(124, 2530)","(1010, 480)"
"(394, 1600)","(870, 630)"
"(160, 1820)","(830, 670)"
"(223, 1980)","(910, 570)"
"(349, 1970)","(990, 510)"
"(328, 1780)","(910, 590)"
"(364, 2590)","(1120, 360)"
"(52, 1540)","(640, 850)"
"(217, 1750)","(830, 670)"
"(361, 2490)","(1120, 380)"
"(172, 1540)","(700, 800)"
"(223, 2580)","(1040, 420)"
"(220, 1840)","(870, 630)"
"(73, 1870)","(810, 690)"
"(286, 2170)","(1010, 490)"
"(130, 2190)","(940, 560)"
"(31, 1610)","(670, 820)"
"(115, 2070)","(900, 600)"
"(355, 2000)","(990, 490)"
"(292, 1620)","(810, 690)"
"(253, 2480)","(1050, 430)"
"(184, 1520)","(690, 800)"
"(367, 2530)","(1100, 360)"
"(49, 2150)","(880, 600)"
"(397, 1990)","(1020, 470)"
"(187, 2070)","(920, 560)"
"(127, 1420)","(600, 890)"
"(253, 2130)","(970, 510)"
"(28, 2100)","(870, 630)"
"(388, 2230)","(1080, 420)"
"(358, 1620)","(850, 640)"
"(76, 2440)","(970, 520)"
"(166, 1920)","(870, 630)"
"(367, 1640)","(870, 630)"
"(295, 1740)","(870, 630)"
"(160, 2130)","(930, 560)"
"(202, 2310)","(990, 490)"
"(52, 2060)","(860, 630)"
"(49, 1430)","(570, 920)"
"(163, 2180)","(950, 550)"
"(241, 1500)","(710, 780)"
"(199, 2040)","(930, 570)"
"(214, 1680)","(800, 700)"
"(256, 2270)","(1020, 480)"
"(73, 2180)","(910, 590)"
"(244, 1890)","(890, 590)"
"(94, 1570)","(680, 820)"
"(103, 1400)","(580, 920)"
"(349, 2510)","(1090, 370)"
"(268, 2200)","(1010, 490)"
"(268, 2350)","(1030, 450)"
"(31, 1770)","(750, 750)"
"(79, 1700)","(740, 760)"
"(94, 2380)","(970, 530)"
"(139, 2230)","(940, 540)"
"(193, 2240)","(980, 520)"
"(106, 1470)","(630, 870)"
"(397, 1880)","(990, 510)"
"(136, 2150)","(930, 570)"
"(325, 1430)","(720, 780)"
"(370, 2050)","(1020, 470)"
"(184, 2250)","(980, 520)"
"(103, 2390)","(970, 520)"
"(379, 1750)","(930, 570)"
"(262, 2600)","(1070, 400)"
"(229, 1830)","(870, 630)"
"(382, 1870)","(980, 520)"
"(217, 1480)","(690, 810)"
"(10, 1950)","(810, 690)"
"(178, 1630)","(750, 740)"
"(76, 2520)","(980, 500)"
"(28, 1770)","(750, 750)"
"(94, 1960)","(850, 650)"
"(121, 1800)","(800, 690)"
"(334, 1790)","(910, 580)"
"(154, 1530)","(690, 810)"
"(163, 2190)","(950, 540)"
"(313, 1810)","(910, 590)"
"(145, 1810)","(820, 680)"
"(322, 2400)","(1070, 410)"
"(235, 2300)","(1010, 480)"
"(82, 2530)","(1000, 500)"
"(130, 2070)","(900, 590)"
"(1, 2220)","(880, 600)"
"(52, 2270)","(920, 570)"
"(256, 1450)","(690, 810)"
"(337, 1590)","(820, 670)"
"(262, 2340)","(1040, 460)"
"(382, 1410)","(740, 750)"
"(157, 1500)","(670, 830)"
"(181, 1410)","(620, 880)"
"(25, 1790)","(750, 740)"
"(136, 2370)","(980, 510)"
"(220, 1550)","(730, 760)"
"(97, 1550)","(670, 830)"
"(238, 2100)","(960, 530)"
"(49, 1590)","(670, 830)"
"(181, 1630)","(750, 740)"
"(127, 1910)","(850, 650)"
"(109, 1460)","(620, 880)"
"(256, 2480)","(1060, 430)"
"(229, 2140)","(960, 520)"
"(13, 2370)","(930, 560)"
"(157, 2360)","(980, 500)"
"(4, 1750)","(730, 770)"
"(76, 1460)","(610, 890)"
"(352, 2250)","(1060, 430)"
"(295, 2360)","(1050, 430)"
"(214, 2420)","(1020, 460)"
"(181, 1760)","(810, 680)"
"(274, 2500)","(1070, 420)"
"(64, 1510)","(630, 860)"
"(187, 2440)","(1020, 470)"
"(322, 2590)","(1110, 380)"
"(172, 1980)","(890, 600)"
"(25, 2230)","(900, 590)"
"(148, 1510)","(670, 830)"
"(190, 2120)","(950, 550)"
"(76, 1860)","(800, 690)"
"(271, 1730)","(850, 650)"
"(97, 1750)","(770, 730)"
"(16, 2090)","(860, 640)"
"(184, 2150)","(940, 540)"
"(112, 1690)","(750, 750)"
"(28, 2560)","(970, 510)"
"(286, 2220)","(1010, 470)"
"(127, 1570)","(690, 800)"
"(82, 1670)","(730, 770)"
"(301, 2550)","(1050, 380)"
"(283, 2600)","(1070, 390)"
"(364, 1520)","(800, 690)"
"(148, 1920)","(860, 630)"
"(118, 2470)","(1000, 500)"
"(298, 1950)","(940, 540)"
"(367, 1880)","(970, 530)"
"(94, 1560)","(670, 820)"
"(208, 1470)","(680, 820)"
"(229, 1860)","(880, 620)"
"(97, 2160)","(910, 580)"
"(307, 1410)","(690, 800)"
"(64, 2260)","(930, 570)"
"(235, 1590)","(760, 730)"
"(301, 2590)","(1110, 390)"
"(31, 2070)","(860, 640)"
"(229, 1820)","(860, 630)"
"(67, 2150)","(900, 600)"
"(262, 2170)","(1000, 500)"
"(214, 1400)","(630, 870)"
"(235, 2500)","(1060, 440)"
"(322, 2550)","(1090, 380)"
"(265, 2470)","(1060, 430)"
"(82, 1800)","(780, 710)"
"(190, 2130)","(950, 550)"
"(7, 1700)","(710, 790)"
"(139, 2340)","(980, 520)"
"(121, 2500)","(1010, 490)"
"(106, 2110)","(900, 590)"
"(379, 2410)","(1100, 380)"
"(94, 1900)","(830, 670)"
"(28, 1400)","(540, 940)"
"(4, 2480)","(950, 540)"
"(112, 2120)","(910, 590)"
"(7, 2080)","(850, 640)"
"(172, 1570)","(720, 780)"
"(268, 1730)","(850, 650)"
"(58, 1440)","(580, 910)"
"(217, 2350)","(1020, 480)"
"(316, 1960)","(960, 530)"
"(394, 1750)","(940, 560)"
"(268, 2080)","(970, 520)"
"(1, 1550)","(630, 870)"
"(106, 2260)","(940, 550)"
"(40, 1410)","(560, 940)"
"(40, 2270)","(920, 580)"
"(253, 1920)","(920, 580)"
"(70, 1570)","(670, 830)"
"(262, 2270)","(1010, 470)"
"(187, 2140)","(940, 540)"
"(196, 2320)","(990, 490)"
"(364, 1670)","(880, 610)"
"(97, 1420)","(590, 910)"
"(145, 1850)","(830, 660)"
"(175, 1680)","(780, 720)"
"(187, 2430)","(1010, 470)"
"(226, 1870)","(880, 610)"
"(202, 2040)","(930, 570)"
"(178, 2410)","(1000, 480)"
"(4, 2080)","(850, 650)"
"(175, 1530)","(700, 800)"
"(196, 1670)","(780, 710)"
"(124, 1740)","(780, 720)"
"(370, 2300)","(1080, 410)"
"(76, 2030)","(850, 620)"
"(121, 1400)","(590, 910)"
"(265, 1580)","(770, 720)"
"(109, 2460)","(990, 500)"
"(187, 1720)","(800, 700)"
"(322, 2010)","(980, 510)"
"(85, 2100)","(880, 600)"
"(295, 1860)","(920, 580)"
"(175, 1840)","(840, 650)"
"(310, 2230)","(1040, 460)"
"(25, 2010)","(840, 660)"
"(49, 2450)","(970, 530)"
"(349, 2110)","(1030, 470)"
"(262, 2040)","(960, 540)"
"(334, 1590)","(820, 670)"
"(28, 2140)","(880, 620)"
"(289, 1530)","(760, 740)"
"(130, 1960)","(870, 630)"
"(103, 2220)","(930, 560)"
"(163, 2090)","(920, 570)"
"(214, 1410)","(640, 860)"
"(295, 1700)","(850, 640)"
"(169, 1880)","(860, 640)"
"(199, 1430)","(640, 850)"
"(43, 1550)","(650, 850)"
"(22, 1870)","(790, 710)"
"(145, 1510)","(670, 830)"
"(211, 1830)","(860, 640)"
"(184, 2360)","(1000, 490)"
"(142, 1580)","(710, 790)"
"(223, 2090)","(950, 540)"
"(10, 2440)","(950, 550)"
"(382, 2330)","(1100, 400)"
"(1, 2000)","(820, 670)"
"(346, 1960)","(980, 510)"
"(349, 1770)","(920, 580)"
"(121, 1830)","(810, 680)"
"(31, 1880)","(790, 700)"
"(55, 1850)","(790, 700)"
"(247, 2460)","(1030, 430)"
"(190, 2470)","(1020, 460)"
"(91, 2000)","(860, 630)"
"(334, 1470)","(750, 750)"
"(238, 2190)","(990, 510)"
"(397, 1520)","(830, 670)"
"(337, 2580)","(1090, 370)"
"(160, 2570)","(1040, 460)"
"(265, 1890)","(910, 580)"
"(100, 2000)","(870, 630)"
"(166, 1980)","(880, 600)"
"(76, 1570)","(670, 830)"
"(274, 1990)","(940, 540)"
"(169, 1550)","(700, 790)"
"(136, 2270)","(950, 530)"
"(340, 2490)","(1110, 390)"
"(175, 2400)","(1010, 490)"
"(28, 1950)","(820, 680)"
"(367, 1510)","(800, 700)"
"(208, 2120)","(950, 540)"
"(55, 2320)","(940, 560)"
"(118, 1710)","(760, 730)"
"(205, 1510)","(700, 800)"
"(55, 1640)","(700, 800)"
"(199, 1520)","(700, 790)"
"(217, 1660)","(790, 710)"
"(172, 1420)","(620, 870)"
"(343, 1660)","(860, 630)"
"(355, 1840)","(950, 550)"
"(250, 1760)","(850, 640)"
"(124, 1880)","(830, 660)"
"(28, 1470)","(590, 900)"
"(178, 1710)","(790, 710)"
"(367, 2370)","(1100, 400)"
"(202, 2130)","(950, 540)"
"(298, 1480)","(730, 760)"
"(19, 2390)","(930, 550)"
"(346, 2220)","(1040, 440)"
"(46, 2190)","(890, 590)"
"(355, 2240)","(1060, 430)"
"(301, 1860)","(910, 570)"
"(328, 2480)","(1090, 400)"
"(217, 2270)","(1000, 500)"
"(163, 2380)","(1000, 500)"
"(361, 2440)","(1090, 380)"
"(250, 1840)","(880, 610)"
"(301, 2120)","(1000, 490)"
"(355, 2210)","(1060, 440)"
"(262, 2240)","(1010, 480)"
"(124, 2490)","(1000, 490)"
"(154, 1470)","(650, 850)"
"(49, 1540)","(640, 850)"
"(373, 1440)","(760, 740)"
"(157, 1560)","(700, 790)"
"(391, 2460)","(1100, 360)"
"(148, 1740)","(790, 710)"
"(190, 1890)","(870, 620)"
"(106, 1910)","(840, 660)"
"(256, 2440)","(1050, 440)"
"(91, 1930)","(840, 660)"
"(19, 1910)","(800, 700)"
"(7, 2190)","(880, 610)"
"(175, 1850)","(850, 650)"
"(94, 2350)","(950, 530)"
"(37, 2590)","(980, 500)"
"(229, 2550)","(1060, 430)"
"(211, 2590)","(1060, 430)"
"(265, 2100)","(980, 520)"
"(388, 1990)","(1020, 480)"
"(376, 1410)","(740, 760)"
"(346, 2080)","(1020, 480)"
"(220, 1570)","(740, 750)"
"(271, 1990)","(950, 550)"
"(163, 1710)","(780, 710)"
"(124, 1990)","(870, 620)"
"(163, 2280)","(970, 520)"
"(157, 2020)","(900, 600)"
"(301, 1990)","(970, 530)"
"(55, 2330)","(930, 550)"
"(358, 2500)","(1120, 370)"
"(223, 2140)","(970, 530)"
"(13, 2560)","(970, 520)"
"(169, 2430)","(1010, 480)"
"(238, 1950)","(920, 580)"
"(10, 2220)","(890, 600)"
"(52, 2020)","(850, 640)"
"(250, 1460)","(690, 800)"
"(166, 1950)","(870, 610)"
"(370, 2240)","(1060, 420)"
"(355, 1690)","(890, 610)"
"(289, 2260)","(1030, 460)"
"(181, 1550)","(710, 790)"
"(13, 1700)","(710, 790)"
"(187, 1710)","(800, 700)"
"(151, 2010)","(890, 600)"
"(256, 1560)","(760, 740)"
"(292, 2300)","(1040, 450)"
"(319, 1910)","(950, 550)"
"(163, 2450)","(1010, 480)"
"(76, 2090)","(880, 610)"
"(124, 2140)","(910, 570)"
"(313, 2380)","(1050, 420)"
"(286, 1510)","(750, 750)"
"(4, 1410)","(540, 950)"
"(385, 1460)","(780, 720)"
"(376, 2200)","(1060, 430)"
"(115, 1530)","(670, 830)"
"(97, 2510)","(1000, 500)"
"(382, 2180)","(1040, 420)"
"(271, 2060)","(960, 520)"
"(391, 2200)","(1050, 410)"
"(145, 1840)","(830, 670)"
"(193, 1430)","(640, 860)"
"(289, 2290)","(1020, 450)"
"(331, 1460)","(740, 750)"
"(61, 2480)","(980, 520)"
"(271, 2540)","(1060, 410)"
"(220, 2260)","(1000, 500)"
"(313, 2180)","(1030, 470)"
"(244, 1600)","(770, 720)"
"(376, 1660)","(890, 610)"
"(250, 2390)","(1030, 450)"
"(172, 1840)","(840, 650)"
"(133, 2570)","(1020, 470)"
"(244, 2110)","(960, 520)"
"(205, 1850)","(860, 630)"
"(160, 1480)","(660, 840)"
"(346, 1970)","(990, 510)"
"(88, 2130)","(890, 590)"
"(247, 2570)","(1040, 410)"
"(280, 1570)","(780, 720)"
"(316, 2290)","(1000, 420)"
"(19, 1860)","(780, 720)"
"(211, 2090)","(950, 550)"
"(25, 1880)","(790, 710)"
"(223, 2220)","(990, 510)"
"(82, 2350)","(960, 540)"
"(154, 1480)","(650, 840)"
"(13, 2110)","(860, 630)"
"(169, 2210)","(950, 530)"
"(286, 2350)","(1040, 440)"
"(97, 2520)","(990, 490)"
"(193, 1980)","(900, 590)"
"(247, 1520)","(730, 770)"
"(286, 2450)","(1040, 410)"
"(301, 1580)","(800, 700)"
"(82, 1420)","(580, 910)"
"(265, 1550)","(760, 740)"
"(43, 1880)","(800, 700)"
"(7, 2520)","(960, 530)"
"(181, 2140)","(950, 550)"
"(76, 1930)","(830, 660)"
"(25, 1570)","(650, 850)"
"(277, 2580)","(1070, 400)"
"(67, 1560)","(660, 830)"
"(373, 1970)","(1000, 490)"
"(337, 2530)","(1110, 380)"
"(82, 1790)","(780, 720)"
"(331, 2110)","(1020, 480)"
"(292, 2070)","(980, 510)"
"(118, 2130)","(910, 580)"
"(355, 1910)","(970, 520)"
"(211, 1920)","(890, 600)"
"(229, 1740)","(830, 660)"
"(82, 2440)","(980, 520)"
"(364, 2150)","(1050, 450)"
"(229, 2600)","(1070, 420)"
"(349, 1890)","(950, 530)"
"(250, 1440)","(680, 820)"
"(322, 2050)","(1000, 500)"
"(82, 2540)","(1000, 500)"
"(247, 2220)","(990, 490)"
"(241, 2410)","(1030, 450)"
"(397, 2500)","(1110, 350)"
"(22, 2190)","(880, 600)"
"(298, 1740)","(870, 620)"
"(211, 1630)","(770, 730)"
"(331, 2100)","(1010, 480)"
"(136, 2550)","(1020, 470)"
"(232, 2170)","(980, 520)"
"(262, 1920)","(910, 570)"
"(388, 2500)","(1130, 360)"
"(325, 2060)","(990, 490)"
"(268, 1870)","(910, 590)"
"(349, 1920)","(960, 520)"
"(337, 2070)","(1000, 480)"
"(121, 1940)","(860, 640)"
"(106, 1860)","(820, 680)"
"(238, 1480)","(700, 800)"
"(295, 2210)","(1020, 470)"
"(199, 2000)","(910, 580)"
"(40, 1780)","(760, 740)"
"(163, 1450)","(640, 860)"
"(292, 1970)","(950, 540)"
"(400, 2520)","(1130, 350)"
"(43, 2330)","(940, 560)"
"(313, 2530)","(1080, 390)"
"(64, 2330)","(940, 550)"
"(343, 2280)","(1070, 430)"
"(67, 1450)","(600, 900)"
"(181, 1520)","(690, 800)"
"(343, 2180)","(1040, 450)"
"(220, 1640)","(780, 720)"
"(325, 2580)","(1100, 380)"
"(310, 2250)","(1030, 450)"
"(196, 1780)","(830, 660)"
"(265, 1800)","(880, 620)"
"(217, 1820)","(860, 640)"
"(124, 1460)","(630, 870)"
"(385, 1510)","(810, 690)"
"(220, 1900)","(880, 600)"
"(289, 2100)","(980, 500)"
"(100, 1730)","(760, 730)"
"(253, 1760)","(850, 640)"
"(256, 1400)","(650, 840)"
"(187, 1640)","(760, 730)"
"(250, 1420)","(670, 830)"
"(19, 2160)","(870, 610)"
"(145, 1490)","(660, 840)"
"(163, 1630)","(740, 750)"
"(160, 2290)","(980, 520)"
"(73, 1740)","(750, 740)"
"(244, 1530)","(730, 760)"
"(283, 2260)","(1030, 470)"
"(178, 1880)","(860, 630)"
"(34, 1680)","(710, 790)"
"(256, 2510)","(1050, 420)"
"(268, 2150)","(990, 500)"
"(307, 2450)","(1070, 410)"
"(322, 1400)","(690, 800)"
"(376, 1490)","(790, 700)"
"(337, 2190)","(1030, 450)"
"(10, 1750)","(730, 770)"
"(232, 2600)","(1070, 420)"
"(367, 1700)","(900, 600)"
"(43, 1940)","(820, 680)"
"(49, 1550)","(650, 850)"
"(163, 1950)","(880, 620)"
"(295, 2590)","(1090, 390)"
"(241, 1960)","(920, 570)"
"(16, 2330)","(920, 570)"
"(190, 1960)","(900, 600)"
"(64, 1620)","(690, 800)"
"(25, 1630)","(680, 820)"
"(43, 2370)","(940, 550)"
"(352, 1990)","(1000, 500)"
"(301, 2250)","(1040, 460)"
"(139, 1620)","(730, 770)"
"(289, 1740)","(870, 630)"
"(370, 1420)","(740, 760)"
"(139, 1840)","(830, 670)"
"(112, 2250)","(940, 550)"
"(232, 2190)","(990, 510)"
"(361, 1890)","(970, 530)"
"(154, 2020)","(900, 600)"
"(358, 1940)","(980, 510)"
"(91, 2100)","(890, 600)"
"(34, 1910)","(810, 690)"
"(190, 1850)","(860, 640)"
"(124, 1980)","(860, 620)"
"(319, 1890)","(940, 550)"
"(241, 2260)","(1010, 490)"
"(169, 2470)","(1010, 470)"
"(199, 2380)","(1010, 480)"
"(235, 1430)","(660, 830)"
"(16, 2560)","(980, 520)"
"(55, 1780)","(760, 730)"
"(223, 1580)","(750, 750)"
"(166, 2480)","(1010, 470)"
"(64, 2030)","(860, 640)"
"(376, 1790)","(940, 550)"
"(298, 2510)","(1070, 400)"
"(181, 2220)","(970, 530)"
"(13, 1850)","(770, 720)"
"(172, 1810)","(830, 660)"
"(205, 2110)","(940, 540)"
"(166, 2520)","(1020, 460)"
"(4, 1520)","(610, 880)"
"(370, 1690)","(900, 600)"
"(157, 2550)","(1020, 460)"
"(160, 1920)","(870, 630)"
"(172, 2210)","(950, 530)"
"(214, 1760)","(830, 660)"
"(370, 2560)","(1140, 360)"
"(13, 1730)","(720, 770)"
"(133, 2090)","(900, 580)"
"(115, 1940)","(850, 640)"
"(400, 2480)","(1140, 360)"
"(79, 2250)","(920, 560)"
"(319, 1590)","(810, 680)"
"(289, 1950)","(950, 550)"
"(211, 1960)","(910, 590)"
"(136, 1700)","(770, 730)"
"(211, 2180)","(970, 520)"
"(100, 2500)","(1000, 500)"
"(91, 1640)","(710, 780)"
"(73, 1780)","(770, 720)"
"(46, 2130)","(880, 610)"
"(43, 1990)","(840, 660)"
"(277, 2560)","(1090, 410)"
"(334, 1550)","(800, 700)"
"(193, 2070)","(930, 560)"
"(214, 1940)","(900, 590)"
"(265, 2270)","(1020, 470)"
"(301, 1840)","(910, 580)"
"(10, 2390)","(940, 560)"
"(52, 2360)","(950, 550)"
"(19, 1680)","(700, 790)"
"(361, 2410)","(1070, 380)"
"(127, 1440)","(620, 880)"
"(319, 2450)","(1070, 400)"
"(16, 1720)","(720, 780)"
"(391, 2590)","(1130, 340)"
"(280, 1990)","(950, 540)"
"(196, 2260)","(990, 510)"
"(334, 2390)","(1090, 410)"
"(379, 2180)","(1050, 430)"
"(37, 2480)","(970, 530)"
"(118, 2440)","(990, 500)"
"(373, 2220)","(1030, 410)"
"(187, 2520)","(1040, 460)"
"(106, 2040)","(880, 610)"
"(88, 1850)","(810, 690)"
"(82, 1970)","(850, 650)"
"(397, 1540)","(840, 660)"
"(7, 1760)","(730, 760)"
"(355, 2580)","(1130, 370)"
"(379, 1680)","(900, 600)"
"(376, 2090)","(1040, 460)"
"(283, 2300)","(1040, 460)"
"(400, 2130)","(1060, 430)"
"(58, 2490)","(980, 520)"
"(109, 1780)","(790, 710)"
"(268, 2320)","(1030, 460)"
"(400, 1670)","(910, 590)"
"(388, 1940)","(990, 490)"
"(364, 1680)","(890, 610)"
"(142, 2510)","(1020, 480)"
"(319, 2010)","(980, 510)"
"(346, 2590)","(1100, 360)"
"(358, 1670)","(880, 620)"
"(73, 2080)","(870, 610)"
"(331, 1890)","(940, 540)"
"(397, 1790)","(960, 540)"
"(385, 1740)","(930, 570)"
"(157, 1860)","(840, 650)"
"(235, 2430)","(1030, 450)"
"(271, 1550)","(760, 740)"
"(202, 1530)","(710, 790)"
"(172, 2350)","(1000, 500)"
"(382, 2320)","(1070, 390)"
"(121, 1470)","(630, 860)"
"(361, 2210)","(1060, 440)"
"(67, 2520)","(990, 510)"
"(307, 1790)","(900, 600)"
"(292, 1920)","(940, 560)"
"(310, 1600)","(810, 680)"
"(106, 1900)","(830, 660)"
"(313, 1470)","(740, 760)"
"(256, 1930)","(910, 570)"
"(184, 2460)","(1030, 470)"
"(4, 1870)","(780, 720)"
"(100, 2510)","(1000, 500)"
"(115, 1440)","(610, 890)"
"(94, 2440)","(980, 510)"
"(283, 2130)","(1000, 500)"
"(157, 2270)","(960, 520)"
"(244, 2280)","(1010, 480)"
"(223, 1820)","(860, 630)"
"(19, 1500)","(610, 890)"
"(235, 1990)","(930, 570)"
"(355, 2600)","(1120, 360)"
"(175, 2230)","(970, 530)"
"(289, 1930)","(940, 560)"
"(265, 1520)","(740, 760)"
"(223, 1470)","(680, 810)"
"(94, 1870)","(820, 680)"
"(310, 1800)","(900, 590)"
"(85, 1760)","(770, 730)"
"(385, 1880)","(970, 510)"
"(172, 2240)","(970, 530)"
"(184, 1820)","(840, 650)"
"(256, 2500)","(1070, 430)"
"(301, 2420)","(1060, 420)"
"(160, 1830)","(830, 660)"
"(274, 1630)","(810, 690)"
"(13, 2190)","(890, 610)"
"(13, 2440)","(950, 550)"
"(22, 2490)","(960, 530)"
"(88, 1400)","(570, 930)"
"(10, 1780)","(740, 750)"
"(337, 2400)","(1070, 400)"
"(67, 1410)","(570, 930)"
"(124, 1730)","(770, 720)"
"(175, 2050)","(920, 580)"
"(73, 2540)","(990, 500)"
"(235, 1710)","(820, 670)"
"(298, 2410)","(1070, 430)"
"(10, 1610)","(660, 830)"
"(259, 2260)","(1020, 480)"
"(373, 2390)","(1080, 380)"
"(250, 2560)","(1070, 420)"
"(238, 2380)","(1030, 460)"
"(337, 2150)","(1020, 460)"
"(55, 2090)","(870, 620)"
"(214, 2290)","(990, 490)"
"(385, 2380)","(1100, 390)"
"(292, 1760)","(880, 620)"
"(166, 1460)","(650, 850)"
"(145, 2530)","(1020, 470)"
"(364, 2260)","(1070, 420)"
"(7, 1540)","(620, 870)"
"(364, 1560)","(830, 670)"
"(196, 2210)","(970, 520)"
"(352, 2560)","(1090, 360)"
"(226, 1720)","(820, 670)"
"(226, 2440)","(1030, 450)"
"(331, 2170)","(1020, 460)"
"(10, 1920)","(800, 700)"
"(19, 1740)","(730, 770)"
"(385, 1960)","(1010, 490)"
"(343, 1840)","(940, 560)"
"(67, 1660)","(710, 780)"
"(100, 2150)","(910, 580)"
"(241, 2500)","(1050, 430)"
"(67, 2010)","(850, 640)"
"(88, 1580)","(680, 810)"
"(193, 2110)","(940, 550)"
"(217, 1760)","(830, 660)"
"(13, 2380)","(940, 560)"
"(64, 2170)","(900, 590)"
"(169, 1820)","(830, 660)"
"(358, 2020)","(1010, 490)"
"(370, 1520)","(810, 690)"
"(145, 1540)","(690, 810)"
"(172, 2140)","(940, 550)"
"(172, 2590)","(1050, 450)"
"(313, 2600)","(1040, 360)"
"(172, 2260)","(970, 520)"
"(193, 2300)","(990, 500)"
"(64, 1930)","(830, 670)"
"(292, 1780)","(880, 610)"
"(145, 1960)","(870, 620)"
"(364, 2270)","(1020, 400)"
"(361, 2050)","(1000, 470)"
"(148, 1570)","(700, 790)"
"(43, 1900)","(810, 690)"
"(304, 1760)","(880, 610)"
"(370, 2210)","(1060, 430)"
"(145, 1880)","(840, 650)"
"(385, 2260)","(1090, 410)"
"(52, 2090)","(870, 620)"
"(280, 1550)","(770, 730)"
"(154, 2270)","(970, 530)"
"(127, 2250)","(940, 540)"
"(67, 1650)","(710, 790)"
"(31, 2560)","(980, 510)"
"(316, 1780)","(900, 600)"
"(232, 1780)","(850, 650)"
"(328, 1440)","(730, 770)"
"(298, 2400)","(1050, 420)"
"(289, 2240)","(1030, 470)"
"(82, 2500)","(980, 500)"
"(208, 1940)","(900, 600)"
"(190, 2030)","(920, 580)"
"(61, 1760)","(760, 740)"
"(46, 2310)","(930, 560)"
"(253, 1980)","(940, 560)"
"(175, 2120)","(940, 560)"
"(388, 2570)","(1150, 350)"
"(325, 1790)","(910, 590)"
"(271, 1830)","(890, 600)"
"(400, 1940)","(1000, 480)"
"(136, 2440)","(990, 490)"
"(157, 2310)","(970, 510)"
"(226, 2290)","(1010, 490)"
"(79, 1450)","(600, 900)"
"(58, 2080)","(870, 620)"
"(193, 2210)","(960, 520)"
"(247, 1870)","(890, 600)"
"(322, 1980)","(970, 520)"
"(319, 1550)","(790, 710)"
"(70, 1420)","(580, 920)"
"(7, 1830)","(760, 730)"
"(85, 1610)","(700, 800)"
"(94, 2170)","(910, 580)"
"(76, 2010)","(860, 640)"
"(106, 1670)","(740, 760)"
"(106, 2360)","(970, 530)"
"(169, 1510)","(680, 820)"
"(277, 1940)","(940, 560)"
"(172, 1720)","(790, 700)"
"(64, 1950)","(830, 660)"
"(373, 2050)","(1030, 470)"
"(13, 1890)","(790, 710)"
"(298, 1620)","(810, 680)"
"(262, 1800)","(880, 620)"
"(337, 2390)","(1070, 400)"
"(157, 1800)","(820, 680)"
"(115, 2140)","(920, 580)"
"(316, 2510)","(1100, 400)"
"(379, 2280)","(1070, 400)"
"(223, 2550)","(1050, 430)"
"(202, 2230)","(970, 510)"
"(214, 2480)","(1040, 450)"
"(22, 1850)","(780, 720)"
"(280, 2290)","(1010, 450)"
"(313, 2190)","(1030, 470)"
"(22, 2440)","(950, 540)"
"(217, 2220)","(990, 510)"
"(358, 2480)","(1080, 370)"
"(109, 2250)","(940, 550)"
"(61, 2040)","(860, 630)"
"(166, 1880)","(860, 640)"
"(370, 2340)","(1090, 410)"
"(250, 1800)","(870, 630)"
"(163, 2490)","(1010, 470)"
"(76, 2100)","(890, 610)"
"(127, 1870)","(830, 660)"
"(100, 2460)","(990, 510)"
"(31, 1760)","(740, 750)"
"(184, 1780)","(820, 670)"
"(88, 2540)","(990, 490)"
"(346, 1430)","(730, 760)"
"(247, 2590)","(1080, 420)"
"(10, 1700)","(710, 790)"
"(193, 1970)","(890, 590)"
"(274, 1730)","(850, 640)"
"(259, 1820)","(880, 610)"
"(235, 2570)","(1070, 430)"
"(106, 1940)","(850, 650)"
"(16, 1970)","(820, 680)"
"(271, 1720)","(850, 650)"
"(82, 2220)","(920, 570)"
"(346, 2200)","(1050, 450)"
"(193, 1690)","(790, 710)"
"(250, 1740)","(840, 650)"
"(265, 2530)","(1050, 410)"
"(364, 2540)","(1070, 350)"
"(214, 2200)","(980, 520)"
"(70, 1550)","(660, 840)"
"(160, 1740)","(800, 700)"
"(265, 2120)","(980, 510)"
"(376, 2100)","(1010, 440)"
"(193, 1920)","(880, 610)"
"(181, 2540)","(1030, 450)"
"(154, 1570)","(710, 790)"
"(379, 2050)","(1030, 470)"
"(13, 2330)","(920, 570)"
"(397, 2100)","(1040, 440)"
"(19, 2280)","(910, 580)"
"(331, 1640)","(850, 650)"
"(199, 2270)","(990, 510)"
"(283, 1800)","(890, 610)"
"(193, 1650)","(770, 730)"
"(130, 2010)","(880, 610)"
"(97, 2380)","(960, 520)"
"(37, 2600)","(990, 500)"
"(187, 1670)","(780, 720)"
"(145, 2410)","(1000, 500)"
"(142, 2350)","(980, 510)"
"(172, 1830)","(840, 660)"
"(157, 1810)","(820, 670)"
"(316, 1550)","(790, 710)"
"(46, 2530)","(970, 510)"
"(247, 2280)","(1020, 480)"
"(22, 1910)","(800, 700)"
"(274, 1760)","(870, 630)"
"(199, 2050)","(930, 570)"
"(394, 2180)","(1060, 420)"
"(142, 1710)","(770, 720)"
"(115, 2120)","(900, 580)"
"(172, 1800)","(830, 670)"
"(100, 2260)","(940, 550)"
"(286, 2580)","(1080, 400)"
"(103, 1600)","(700, 800)"
"(64, 2410)","(960, 530)"
"(217, 1520)","(710, 780)"
"(286, 2100)","(990, 510)"
"(361, 1880)","(970, 530)"
"(127, 2310)","(970, 530)"
"(34, 1530)","(630, 870)"
"(322, 2150)","(1020, 470)"
"(184, 1440)","(640, 850)"
"(166, 1470)","(650, 840)"
"(127, 1890)","(840, 660)"
"(79, 1630)","(700, 790)"
"(160, 2140)","(940, 560)"
"(331, 2020)","(990, 500)"
"(307, 1570)","(790, 700)"
"(172, 1660)","(760, 730)"
"(208, 1440)","(660, 840)"
"(61, 1790)","(770, 730)"
"(274, 2440)","(1060, 430)"
"(313, 2320)","(1060, 440)"
"(370, 1920)","(980, 510)"
"(301, 2540)","(1090, 400)"
"(280, 2590)","(1090, 400)"
"(61, 1400)","(560, 940)"
"(286, 2230)","(1020, 470)"
"(82, 1760)","(770, 730)"
"(352, 2050)","(1010, 480)"
"(226, 2510)","(1050, 440)"
"(73, 2450)","(980, 520)"
"(361, 2470)","(1110, 380)"
"(319, 1460)","(730, 760)"
"(148, 2550)","(1030, 470)"
"(244, 2050)","(950, 540)"
"(136, 2340)","(980, 520)"
"(241, 1790)","(860, 640)"
"(55, 1990)","(840, 650)"
"(121, 1700)","(760, 740)"
"(100, 2310)","(950, 540)"
"(289, 1500)","(740, 750)"
"(352, 1510)","(790, 710)"
"(148, 1440)","(630, 870)"
"(262, 2530)","(1070, 420)"
"(292, 2440)","(1070, 420)"
"(160, 1580)","(720, 780)"
"(379, 2490)","(1130, 370)"
"(193, 1680)","(780, 710)"
"(187, 1980)","(890, 590)"
"(232, 1730)","(830, 670)"
"(187, 2390)","(1000, 480)"
"(277, 1800)","(880, 610)"
"(217, 2470)","(1040, 450)"
"(340, 2400)","(1090, 410)"
"(172, 2090)","(930, 570)"
"(289, 1980)","(960, 540)"
"(235, 2020)","(940, 560)"
"(148, 2410)","(1000, 500)"
"(388, 1410)","(750, 750)"
"(109, 2160)","(920, 580)"
"(64, 2150)","(900, 600)"
"(274, 1750)","(860, 630)"
"(262, 1490)","(720, 780)"
"(295, 1760)","(880, 620)"
"(250, 2310)","(1020, 470)"
"(232, 2150)","(970, 520)"
"(370, 1980)","(1000, 490)"
"(280, 1900)","(920, 570)"
"(64, 2400)","(950, 530)"
"(43, 1850)","(790, 710)"
"(301, 1930)","(950, 550)"
"(91, 2140)","(910, 590)"
"(316, 1470)","(740, 760)"
"(214, 2240)","(990, 510)"
"(334, 2520)","(1080, 380)"
"(334, 2220)","(1050, 450)"
"(151, 2340)","(980, 510)"
"(310, 2590)","(1060, 370)"
"(241, 1580)","(760, 740)"
"(223, 1480)","(690, 810)"
"(181, 2230)","(960, 520)"
"(205, 1950)","(890, 590)"
"(37, 1700)","(720, 780)"
"(373, 2600)","(1100, 340)"
"(331, 1430)","(720, 770)"
"(13, 2300)","(920, 580)"
"(238, 2390)","(1040, 460)"
"(199, 1630)","(760, 730)"
"(241, 1780)","(860, 640)"
"(46, 1670)","(710, 790)"
"(310, 2020)","(970, 510)"
"(7, 2390)","(940, 560)"
"(157, 2600)","(1030, 450)"
"(343, 1400)","(710, 790)"
"(229, 1590)","(760, 740)"
"(19, 1900)","(800, 700)"
"(40, 2500)","(970, 520)"
"(280, 2260)","(1030, 470)"
"(343, 2440)","(1100, 400)"
"(148, 2160)","(940, 560)"
"(199, 2320)","(990, 490)"
"(94, 2030)","(870, 620)"
"(184, 2220)","(960, 520)"
"(289, 2300)","(1030, 450)"
"(193, 1520)","(700, 800)"
"(16, 1920)","(800, 690)"
"(358, 1660)","(870, 620)"
"(289, 2270)","(1010, 450)"
"(88, 1590)","(690, 810)"
"(199, 2360)","(1000, 480)"
"(361, 2420)","(1110, 390)"
"(118, 2320)","(960, 530)"
"(157, 1630)","(740, 750)"
"(193, 1930)","(890, 610)"
"(379, 2520)","(1130, 360)"
"(286, 2310)","(1030, 450)"
"(247, 1920)","(910, 580)"
"(166, 2040)","(900, 580)"
"(244, 1540)","(740, 760)"
"(139, 1950)","(870, 630)"
"(40, 2370)","(940, 550)"
"(208, 1880)","(880, 620)"
"(220, 2170)","(970, 520)"
"(16, 2010)","(830, 660)"
"(394, 2080)","(1050, 450)"
"(10, 1970)","(820, 680)"
"(250, 1650)","(800, 690)"
"(49, 2540)","(980, 510)"
"(346, 1640)","(860, 640)"
"(316, 2500)","(1070, 390)"
"(73, 2120)","(890, 600)"
"(79, 1650)","(710, 780)"
"(19, 2470)","(960, 540)"
"(100, 2430)","(980, 510)"
"(286, 1490)","(730, 760)"
"(388, 2000)","(1010, 470)"
"(247, 1510)","(720, 770)"
"(340, 1980)","(980, 510)"
"(349, 2020)","(1000, 490)"
"(298, 1420)","(690, 800)"
"(325, 1660)","(850, 640)"
"(46, 2010)","(850, 650)"
"(79, 1580)","(680, 820)"
"(268, 1920)","(920, 570)"
"(97, 2480)","(980, 500)"
"(235, 1530)","(730, 770)"
"(235, 2060)","(940, 540)"
"(166, 1450)","(640, 860)"
"(304, 1640)","(830, 670)"
"(370, 2110)","(1030, 450)"
"(133, 2600)","(1020, 460)"
"(241, 1410)","(650, 840)"
"(49, 1600)","(680, 820)"
"(307, 2440)","(1040, 400)"
"(112, 1760)","(780, 720)"
"(283, 2210)","(1020, 480)"
"(205, 2440)","(1020, 460)"
"(397, 2340)","(1100, 380)"
"(199, 1930)","(880, 600)"
"(322, 2380)","(1070, 420)"
"(52, 2470)","(960, 520)"
"(43, 2480)","(960, 520)"
"(124, 2300)","(960, 530)"
"(67, 2000)","(850, 640)"
"(265, 2170)","(1000, 500)"
"(301, 1910)","(940, 560)"
"(103, 2090)","(900, 600)"
"(10, 1400)","(540, 960)"
"(289, 2520)","(1060, 400)"
"(283, 1980)","(950, 540)"
"(271, 2030)","(950, 530)"
"(109, 2500)","(990, 490)"
"(199, 2150)","(960, 540)"
"(358, 2180)","(1040, 440)"
"(385, 1440)","(770, 730)"
"(331, 1700)","(870, 620)"
"(220, 1990)","(910, 570)"
"(19, 1760)","(740, 760)"
"(28, 1790)","(760, 740)"
"(223, 1570)","(740, 750)"
"(247, 1720)","(830, 660)"
"(106, 1480)","(630, 860)"
"(268, 1670)","(820, 670)"
"(127, 2220)","(940, 550)"
"(163, 2460)","(1020, 480)"
"(376, 1470)","(780, 720)"
"(169, 2280)","(980, 520)"
"(94, 2590)","(1010, 480)"
"(235, 2410)","(1040, 460)"
"(397, 2390)","(1120, 380)"
"(157, 1980)","(890, 610)"
"(358, 2490)","(1120, 380)"
"(235, 1510)","(720, 780)"
"(130, 1400)","(590, 910)"
"(298, 1520)","(760, 740)"
"(232, 1910)","(890, 590)"
"(157, 2580)","(1020, 450)"
"(82, 1680)","(730, 770)"
"(124, 1780)","(790, 700)"
"(181, 1780)","(820, 670)"
"(109, 2260)","(950, 550)"
"(376, 1430)","(750, 740)"
"(256, 2090)","(960, 520)"
"(274, 2280)","(1030, 470)"
"(331, 1510)","(770, 720)"
"(136, 1710)","(770, 730)"
"(214, 1810)","(850, 640)"
"(211, 2320)","(1010, 490)"
"(82, 1410)","(570, 920)"
"(154, 2260)","(970, 530)"
"(13, 1740)","(730, 770)"
"(22, 2010)","(840, 660)"
"(151, 1800)","(820, 680)"
"(205, 1710)","(810, 690)"
"(31, 1870)","(790, 710)"
"(190, 1930)","(890, 610)"
"(196, 1540)","(710, 780)"
"(358, 2240)","(1060, 430)"
"(397, 2350)","(1070, 370)"
"(10, 1670)","(690, 800)"
"(109, 1770)","(780, 710)"
"(31, 2460)","(950, 530)"
"(40, 2390)","(950, 550)"
"(391, 1400)","(740, 750)"
"(238, 1590)","(760, 730)"
"(391, 2510)","(1130, 360)"
"(376, 1640)","(880, 620)"
"(166, 1990)","(890, 600)"
"(370, 2230)","(1030, 410)"
"(235, 2530)","(1060, 430)"
"(394, 2490)","(1130, 360)"
"(166, 1520)","(690, 810)"
"(394, 2410)","(1100, 370)"
"(133, 1840)","(820, 670)"
"(271, 1640)","(810, 690)"
"(286, 2260)","(1020, 460)"
"(28, 1710)","(720, 780)"
"(97, 1840)","(810, 690)"
"(55, 2360)","(950, 550)"
"(52, 2190)","(900, 590)"
"(250, 2070)","(960, 530)"
"(373, 1560)","(830, 660)"
"(256, 2080)","(970, 530)"
"(346, 2500)","(1100, 380)"
"(310, 1510)","(760, 740)"
"(382, 2450)","(1100, 370)"
"(55, 1750)","(750, 750)"
"(325, 1610)","(830, 670)"
"(235, 2510)","(1040, 430)"
"(202, 2250)","(990, 510)"
"(25, 1640)","(690, 810)"
"(283, 1670)","(830, 670)"
"(52, 2430)","(960, 530)"
"(220, 2330)","(1010, 480)"
"(1, 2060)","(840, 650)"
"(139, 2060)","(900, 590)"
"(55, 1410)","(560, 930)"
"(112, 1610)","(710, 790)"
"(91, 1890)","(820, 670)"
"(277, 2090)","(980, 510)"
"(307, 2350)","(1050, 430)"
"(193, 2100)","(930, 550)"
"(250, 2300)","(1010, 470)"
"(316, 2000)","(980, 520)"
"(64, 1680)","(720, 770)"
"(202, 2240)","(980, 510)"
"(214, 2020)","(930, 570)"
"(223, 1960)","(910, 580)"
"(331, 1630)","(840, 660)"
"(400, 2140)","(1040, 420)"
"(379, 2240)","(1080, 420)"
"(139, 2560)","(1030, 470)"
"(202, 1460)","(670, 830)"
"(199, 1740)","(820, 680)"
"(235, 1420)","(660, 840)"
"(331, 2280)","(1060, 440)"
"(184, 2550)","(1040, 450)"
"(142, 1960)","(870, 620)"
"(388, 2050)","(1030, 460)"
"(385, 1780)","(940, 550)"
"(301, 1820)","(910, 590)"
"(13, 1980)","(820, 670)"
"(202, 1890)","(880, 620)"
"(82, 2400)","(970, 530)"
"(349, 1490)","(770, 720)"
"(208, 1690)","(800, 700)"
"(334, 1870)","(940, 550)"
"(379, 2390)","(1110, 390)"
"(151, 1700)","(770, 720)"
"(331, 2040)","(1000, 500)"
"(10, 2140)","(850, 610)"
"(16, 1800)","(750, 740)"
"(88, 2250)","(930, 560)"
"(73, 2220)","(910, 570)"
"(118, 1660)","(740, 760)"
"(133, 1630)","(730, 770)"
"(22, 1960)","(820, 680)"
"(268, 1570)","(770, 730)"
"(289, 2320)","(1050, 450)"
"(160, 2350)","(980, 500)"
"(190, 1530)","(700, 790)"
"(61, 1560)","(660, 840)"
"(298, 1720)","(860, 630)"
"(103, 1940)","(850, 650)"
"(235, 1700)","(820, 680)"
"(370, 1570)","(840, 660)"
"(169, 1840)","(840, 650)"
"(184, 1460)","(660, 840)"
"(28, 1930)","(810, 690)"
"(124, 1750)","(780, 710)"
"(364, 1970)","(1000, 500)"
"(136, 2510)","(1010, 480)"
"(16, 1700)","(710, 790)"
"(226, 1890)","(880, 600)"
"(112, 2020)","(880, 620)"
"(367, 2580)","(1100, 350)"
"(4, 1830)","(760, 730)"
"(169, 2480)","(1020, 470)"
"(70, 2290)","(940, 560)"
"(85, 2480)","(990, 510)"
"(286, 1450)","(710, 790)"
"(328, 1860)","(940, 560)"
"(85, 1890)","(820, 680)"
"(49, 1400)","(550, 940)"
"(136, 2130)","(920, 570)"
"(274, 2040)","(970, 530)"
"(325, 1680)","(860, 630)"
"(76, 2430)","(970, 520)"
"(265, 1950)","(930, 560)"
"(13, 1780)","(740, 750)"
"(91, 2230)","(920, 560)"
"(142, 1690)","(760, 730)"
"(142, 2310)","(970, 520)"
"(148, 2340)","(980, 510)"
"(127, 2410)","(990, 510)"
"(364, 1890)","(960, 520)"
"(382, 1490)","(800, 700)"
"(250, 2200)","(980, 490)"
"(367, 1480)","(780, 720)"
"(106, 2410)","(970, 510)"
"(94, 2270)","(940, 550)"
"(97, 2010)","(870, 630)"
"(133, 2350)","(980, 520)"
"(169, 2240)","(970, 530)"
"(187, 2550)","(1050, 450)"
"(196, 2580)","(1040, 440)"
"(268, 1580)","(780, 720)"
"(121, 1890)","(840, 660)"
"(310, 1940)","(950, 540)"
"(220, 1620)","(770, 730)"
"(73, 1820)","(790, 710)"
"(253, 2060)","(950, 530)"
"(223, 2280)","(1000, 490)"
"(124, 1650)","(740, 760)"
"(238, 2410)","(1030, 450)"
"(88, 1510)","(640, 850)"
"(142, 1410)","(600, 890)"
"(283, 2220)","(1010, 470)"
"(295, 1660)","(830, 660)"
"(319, 1980)","(970, 520)"
"(157, 2150)","(940, 560)"
"(28, 2090)","(860, 630)"
"(310, 2530)","(1080, 390)"
"(304, 1770)","(890, 610)"
"(121, 1550)","(680, 820)"
"(22, 2350)","(930, 560)"
"(103, 1770)","(780, 720)"
"(301, 1710)","(860, 640)"
"(226, 2560)","(1060, 430)"
"(166, 1600)","(730, 770)"
"(124, 2360)","(980, 520)"
"(235, 1540)","(730, 760)"
"(316, 1410)","(700, 800)"
"(100, 1550)","(670, 830)"
"(1, 2180)","(880, 620)"
"(31, 1700)","(720, 780)"
"(154, 1940)","(870, 620)"
"(7, 1520)","(610, 880)"
"(103, 1590)","(690, 800)"
"(34, 1930)","(810, 680)"
"(358, 1440)","(750, 750)"
"(325, 2570)","(1100, 380)"
"(79, 1780)","(770, 720)"
"(127, 2470)","(1000, 490)"
"(298, 2070)","(990, 510)"
"(46, 2600)","(1000, 500)"
"(349, 1530)","(800, 700)"
"(325, 2530)","(1100, 390)"
"(64, 1600)","(680, 810)"
"(160, 1430)","(620, 870)"
"(25, 1410)","(550, 950)"
"(148, 1490)","(660, 840)"
"(52, 1700)","(730, 770)"
"(325, 2340)","(1070, 430)"
"(265, 2540)","(1060, 410)"
"(31, 1920)","(810, 690)"
"(397, 2530)","(1130, 350)"
"(253, 2540)","(1070, 420)"
"(25, 2190)","(870, 590)"
"(121, 1440)","(610, 880)"
"(370, 2520)","(1130, 370)"
"(157, 1960)","(870, 610)"
"(55, 2490)","(980, 520)"
"(109, 1660)","(730, 760)"
"(346, 1830)","(940, 560)"
"(40, 1520)","(630, 870)"
"(328, 1650)","(850, 650)"
"(355, 1400)","(720, 780)"
"(142, 2240)","(960, 540)"
"(28, 1420)","(560, 940)"
"(292, 2550)","(1080, 400)"
"(235, 2330)","(1010, 470)"
"(301, 2310)","(1050, 450)"
"(91, 2570)","(1010, 490)"
"(274, 1690)","(830, 660)"
"(268, 1860)","(900, 590)"
"(301, 2350)","(1060, 440)"
"(229, 2450)","(1040, 450)"
"(265, 1690)","(830, 670)"
"(241, 1870)","(880, 600)"
"(142, 1730)","(780, 710)"
"(91, 1940)","(840, 650)"
"(148, 1980)","(880, 610)"
"(202, 2220)","(980, 520)"
"(337, 2460)","(1090, 390)"
"(253, 2340)","(1000, 450)"
"(247, 2010)","(940, 550)"
"(115, 2090)","(900, 590)"
"(115, 2440)","(980, 500)"
"(295, 1970)","(960, 540)"
"(385, 1770)","(940, 560)"
"(289, 1800)","(890, 610)"
"(244, 1780)","(860, 640)"
"(133, 2520)","(1010, 480)"
"(295, 2290)","(1040, 450)"
"(229, 1640)","(780, 710)"
"(238, 1720)","(830, 670)"
"(133, 2170)","(930, 560)"
"(157, 1440)","(630, 870)"
"(253, 1500)","(720, 780)"
"(64, 2420)","(960, 530)"
"(382, 2510)","(1110, 360)"
"(103, 2550)","(1010, 490)"
"(376, 1720)","(910, 580)"
"(325, 1520)","(780, 720)"
"(157, 1750)","(800, 700)"
"(34, 1460)","(590, 910)"
"(37, 2340)","(940, 560)"
"(142, 1560)","(700, 800)"
"(385, 2340)","(1090, 390)"
"(175, 2540)","(1040, 460)"
"(349, 1830)","(940, 560)"
"(37, 2320)","(920, 560)"
"(337, 1450)","(740, 760)"
"(166, 1540)","(700, 800)"
"(172, 1820)","(840, 660)"
"(115, 2230)","(930, 550)"
"(346, 1900)","(960, 530)"
"(4, 2220)","(880, 600)"
"(193, 2550)","(1050, 450)"
"(46, 2350)","(930, 550)"
"(226, 1570)","(750, 750)"
"(373, 1980)","(1010, 490)"
"(259, 2410)","(1040, 440)"
"(364, 1620)","(860, 640)"
"(382, 1400)","(740, 760)"
"(190, 2090)","(940, 560)"
"(394, 1710)","(910, 570)"
"(232, 1410)","(650, 850)"
"(358, 1790)","(930, 570)"
"(211, 1420)","(640, 850)"
"(22, 1710)","(720, 780)"
"(361, 2310)","(1070, 410)"
"(22, 2470)","(960, 540)"
"(43, 2190)","(900, 600)"
"(322, 1520)","(770, 720)"
"(43, 1930)","(820, 680)"
"(247, 2200)","(1000, 500)"
"(151, 2320)","(980, 520)"
"(307, 2570)","(1070, 380)"
"(103, 1530)","(660, 840)"
"(391, 1840)","(960, 520)"
"(259, 2570)","(1050, 400)"
"(169, 1660)","(760, 730)"
"(280, 2570)","(1080, 400)"
"(391, 1420)","(760, 740)"
"(193, 1950)","(890, 600)"
"(187, 1560)","(720, 780)"
"(139, 1690)","(760, 730)"
"(91, 2160)","(900, 580)"
"(106, 2490)","(1000, 500)"
"(19, 1670)","(700, 800)"
"(391, 1930)","(990, 490)"
"(118, 1740)","(770, 720)"
"(325, 2160)","(1030, 470)"
"(10, 2420)","(940, 550)"
"(49, 2100)","(860, 610)"
"(331, 1400)","(700, 800)"
"(91, 1670)","(730, 770)"
"(328, 2200)","(1040, 460)"
"(373, 2530)","(1110, 360)"
"(127, 2130)","(920, 580)"
"(241, 2390)","(1040, 460)"
"(187, 1540)","(710, 790)"
"(103, 1990)","(860, 630)"
"(34, 1550)","(640, 850)"
"(340, 1740)","(900, 600)"
"(181, 2490)","(1020, 460)"
"(31, 2120)","(870, 620)"
"(319, 2490)","(1070, 390)"
"(91, 1480)","(620, 870)"
"(340, 2070)","(1000, 480)"
"(133, 2280)","(950, 530)"
"(196, 2110)","(950, 550)"
"(370, 2190)","(1050, 430)"
"(388, 1710)","(920, 580)"
"(121, 1580)","(700, 800)"
"(79, 2070)","(880, 620)"
"(181, 1400)","(610, 880)"
"(268, 1820)","(890, 610)"
"(1, 2370)","(930, 570)"
"(337, 1720)","(890, 610)"
"(361, 2140)","(1050, 450)"
"(175, 1790)","(820, 670)"
"(373, 2480)","(1080, 360)"
"(28, 1510)","(620, 880)"
"(346, 2030)","(1000, 490)"
"(76, 2330)","(950, 550)"
"(289, 1640)","(820, 680)"
"(391, 2490)","(1140, 360)"
"(367, 2050)","(1020, 470)"
"(361, 2530)","(1120, 370)"
"(277, 2570)","(1090, 410)"
"(145, 2420)","(1000, 500)"
"(196, 2380)","(1010, 480)"
"(250, 1820)","(880, 620)"
"(268, 1660)","(820, 680)"
"(58, 1980)","(840, 660)"
"(175, 2570)","(1040, 450)"
"(166, 2030)","(910, 590)"
"(307, 2260)","(1030, 450)"
"(304, 2260)","(1030, 450)"
"(274, 2090)","(970, 510)"
"(259, 1720)","(840, 660)"
"(31, 2040)","(850, 650)"
"(277, 1760)","(870, 630)"
"(229, 2090)","(960, 540)"
"(73, 1990)","(850, 650)"
"(361, 2500)","(1100, 370)"
"(289, 2160)","(1010, 490)"
"(217, 2170)","(970, 520)"
"(205, 1830)","(860, 640)"
"(328, 2100)","(1010, 480)"
"(112, 1870)","(830, 670)"
"(247, 2300)","(1010, 470)"
"(160, 1770)","(810, 690)"
"(211, 2130)","(960, 540)"
"(190, 1950)","(890, 600)"
"(82, 2090)","(890, 610)"
"(187, 1790)","(830, 670)"
"(265, 2180)","(990, 490)"
"(400, 2600)","(1160, 340)"
"(334, 2000)","(990, 510)"
"(370, 1560)","(830, 670)"
"(22, 2480)","(950, 530)"
"(133, 1410)","(600, 900)"
"(28, 2080)","(850, 630)"
"(103, 2410)","(980, 520)"
"(199, 1900)","(880, 620)"
"(376, 2180)","(1050, 430)"
"(16, 2570)","(980, 520)"
"(316, 2040)","(990, 510)"
"(280, 2500)","(1060, 410)"
"(265, 2350)","(1030, 450)"
"(235, 2220)","(990, 500)"
"(202, 1720)","(810, 690)"
"(340, 2450)","(1090, 400)"
"(73, 2350)","(950, 540)"
"(298, 2210)","(1020, 470)"
"(40, 1710)","(730, 770)"
"(133, 2560)","(1020, 470)"
"(175, 1880)","(860, 640)"
"(214, 2130)","(950, 530)"
"(106, 2130)","(910, 590)"
"(67, 2550)","(990, 500)"
"(55, 2550)","(990, 510)"
"(10, 1630)","(670, 820)"
"(220, 1790)","(850, 650)"
"(325, 2540)","(1090, 380)"
"(367, 2500)","(1080, 360)"
"(262, 2300)","(1030, 470)"
"(304, 2010)","(970, 520)"
"(322, 1580)","(810, 690)"
"(235, 1800)","(860, 640)"
"(133, 2330)","(970, 520)"
"(190, 1920)","(880, 610)"
"(244, 1700)","(820, 670)"
"(172, 2410)","(1010, 490)"
"(166, 1720)","(790, 710)"
"(247, 2320)","(1020, 470)"
"(94, 1630)","(710, 780)"
"(154, 2000)","(890, 600)"
"(280, 1940)","(940, 560)"
"(283, 2180)","(1010, 490)"
"(298, 2540)","(1060, 390)"
"(163, 2370)","(1000, 500)"
"(400, 2350)","(1110, 380)"
"(82, 1450)","(600, 890)"
"(373, 2230)","(1060, 420)"
"(112, 2170)","(920, 570)"
"(292, 2330)","(1050, 450)"
"(244, 1820)","(870, 620)"
"(379, 1440)","(760, 730)"
"(325, 2550)","(1090, 380)"
"(382, 2550)","(1130, 350)"
"(58, 1850)","(790, 700)"
"(88, 1430)","(590, 910)"
"(355, 1600)","(840, 660)"
"(142, 2210)","(950, 550)"
"(100, 2230)","(930, 560)"
"(61, 1520)","(640, 860)"
"(148, 1830)","(830, 670)"
"(112, 1500)","(650, 850)"
"(376, 1530)","(820, 680)"
"(232, 1670)","(800, 700)"
"(31, 2540)","(980, 520)"
"(331, 2160)","(1020, 460)"
"(157, 1410)","(610, 890)"
"(373, 1940)","(990, 500)"
"(91, 2090)","(880, 600)"
"(358, 2300)","(1050, 410)"
"(274, 1620)","(800, 700)"
"(253, 2410)","(1050, 450)"
"(190, 2060)","(930, 570)"
"(232, 1540)","(730, 760)"
"(130, 1920)","(850, 640)"
"(265, 2050)","(960, 530)"
"(301, 1830)","(900, 580)"
"(58, 2390)","(960, 540)"
"(187, 2040)","(910, 570)"
"(223, 1520)","(720, 780)"
"(352, 1860)","(950, 540)"
"(130, 2440)","(1000, 500)"
"(103, 2440)","(990, 510)"
"(226, 2580)","(1070, 430)"
"(172, 1640)","(750, 740)"
"(145, 1790)","(810, 690)"
"(40, 2340)","(940, 560)"
"(355, 2130)","(1040, 460)"
"(220, 1530)","(720, 780)"
"(310, 2560)","(1100, 390)"
"(259, 1650)","(810, 690)"
"(241, 1850)","(880, 610)"
"(145, 1770)","(800, 700)"
"(310, 2600)","(1100, 380)"
"(334, 1960)","(980, 520)"
"(136, 1920)","(860, 640)"
"(112, 1740)","(770, 720)"
"(70, 2590)","(1000, 490)"
"(310, 2440)","(1070, 410)"
"(358, 2330)","(1080, 410)"
"(265, 1660)","(820, 680)"
"(37, 1470)","(600, 900)"
"(133, 1980)","(870, 620)"
"(178, 2040)","(920, 580)"
"(97, 2320)","(960, 540)"
"(382, 1510)","(810, 690)"
"(388, 2590)","(1090, 330)"
"(139, 2570)","(1010, 460)"
"(58, 2120)","(880, 610)"
"(13, 2200)","(890, 610)"
"(139, 1470)","(640, 860)"
"(160, 1540)","(690, 800)"
"(376, 1550)","(830, 670)"
"(118, 2400)","(980, 510)"
"(322, 2180)","(1020, 460)"
"(190, 1670)","(780, 720)"
"(358, 1710)","(900, 600)"
"(376, 1740)","(920, 570)"
"(1, 1520)","(610, 890)"
"(22, 2140)","(880, 620)"
"(118, 1530)","(670, 830)"
"(220, 2380)","(1020, 470)"
"(370, 2380)","(1090, 390)"
"(292, 2590)","(1070, 390)"
"(34, 2410)","(940, 540)"
"(346, 2260)","(1010, 410)"
"(265, 1530)","(750, 750)"
"(58, 1750)","(750, 740)"
"(208, 2010)","(920, 570)"
"(100, 2060)","(890, 610)"
"(202, 1560)","(730, 770)"
"(295, 1530)","(760, 730)"
"(259, 1640)","(800, 690)"
"(25, 1510)","(610, 880)"
"(235, 2380)","(1020, 460)"
"(370, 1760)","(930, 570)"
"(160, 2320)","(980, 510)"
"(229, 2510)","(1010, 420)"
"(364, 1900)","(970, 520)"
"(400, 2560)","(1150, 350)"
"(265, 1780)","(870, 630)"
"(382, 2060)","(1030, 460)"
"(130, 2340)","(970, 520)"
"(175, 2210)","(960, 530)"
"(229, 2250)","(1000, 500)"
"(28, 2270)","(910, 580)"
"(352, 1410)","(720, 780)"
"(346, 1510)","(780, 710)"
"(286, 1910)","(920, 560)"
"(361, 1490)","(780, 710)"
"(79, 1430)","(590, 910)"
"(130, 1800)","(810, 690)"
"(328, 1410)","(710, 790)"
"(115, 2170)","(920, 570)"
"(181, 1730)","(800, 690)"
"(247, 1780)","(860, 640)"
"(172, 1940)","(870, 610)"
"(43, 2130)","(880, 610)"
"(91, 1860)","(810, 680)"
"(169, 1850)","(850, 650)"
"(136, 1690)","(760, 740)"
"(79, 2370)","(950, 530)"
"(268, 1540)","(750, 740)"
"(355, 1740)","(910, 590)"
"(121, 1610)","(710, 780)"
"(400, 2090)","(1050, 440)"
"(256, 1880)","(900, 590)"
"(13, 2130)","(870, 630)"
"(376, 1930)","(980, 500)"
"(379, 1460)","(780, 720)"
"(301, 2200)","(1020, 470)"
"(148, 2020)","(890, 600)"
"(100, 2420)","(970, 510)"
"(199, 2540)","(1030, 440)"
"(382, 1900)","(990, 510)"
"(115, 2000)","(870, 620)"
"(250, 2190)","(990, 500)"
"(184, 1790)","(830, 670)"
"(325, 2420)","(1080, 410)"
"(142, 1680)","(760, 740)"
"(1, 2400)","(940, 560)"
"(73, 1530)","(650, 850)"
"(121, 2080)","(890, 590)"
"(82, 1810)","(790, 710)"
"(289, 2020)","(970, 530)"
"(166, 1860)","(850, 650)"
"(22, 2230)","(890, 590)"
"(325, 2240)","(1050, 450)"
"(196, 2100)","(940, 550)"
"(226, 2490)","(1040, 440)"
"(340, 2310)","(1060, 420)"
"(349, 2070)","(1020, 480)"
"(343, 2080)","(1020, 480)"
"(79, 1440)","(590, 900)"
"(79, 2480)","(980, 510)"
"(205, 2060)","(940, 560)"
"(292, 2110)","(1000, 500)"
"(274, 2590)","(1080, 400)"
"(244, 1460)","(690, 810)"
"(316, 1500)","(760, 740)"
"(193, 1570)","(730, 770)"
"(88, 2590)","(1000, 480)"
"(178, 2560)","(1040, 450)"
"(361, 2060)","(1010, 470)"
"(85, 2000)","(860, 640)"
"(19, 1840)","(770, 720)"
"(145, 1940)","(870, 630)"
"(91, 1820)","(800, 700)"
"(367, 2510)","(1080, 360)"
"(391, 1880)","(980, 510)"
"(373, 2090)","(1040, 460)"
"(304, 2240)","(1040, 460)"
"(13, 1580)","(650, 850)"
"(310, 1900)","(930, 550)"
"(55, 1830)","(780, 710)"
"(175, 2420)","(1010, 480)"
"(40, 2570)","(990, 510)"
"(178, 1440)","(640, 860)"
"(217, 1430)","(650, 840)"
"(31, 2290)","(910, 570)"
"(175, 1720)","(790, 700)"
"(121, 1810)","(810, 690)"
"(46, 1400)","(550, 940)"
"(298, 1410)","(690, 810)"
"(1, 2330)","(920, 580)"
"(178, 2470)","(1020, 470)"
"(127, 2480)","(1000, 490)"
"(217, 1410)","(640, 860)"
"(328, 2500)","(1090, 390)"
"(229, 1840)","(870, 620)"
"(298, 1580)","(790, 700)"
"(49, 1930)","(820, 680)"
"(22, 2580)","(980, 510)"
"(166, 1760)","(810, 690)"
"(73, 2270)","(930, 560)"
"(178, 1920)","(880, 620)"
"(319, 1490)","(750, 740)"
"(283, 2170)","(1010, 490)"
"(232, 2040)","(940, 550)"
"(145, 1550)","(690, 800)"
"(94, 2010)","(870, 630)"
"(400, 1530)","(830, 660)"
"(316, 1790)","(900, 590)"
"(163, 1430)","(630, 870)"
"(4, 1550)","(630, 870)"
"(19, 1410)","(550, 950)"
"(25, 1490)","(600, 890)"
"(328, 1980)","(980, 520)"
"(379, 2360)","(1080, 390)"
"(331, 1600)","(830, 670)"
"(166, 1620)","(740, 760)"
"(100, 1660)","(730, 770)"
"(91, 2080)","(890, 610)"
"(286, 2020)","(970, 530)"
"(280, 1520)","(750, 750)"
"(367, 1570)","(830, 660)"
"(394, 2000)","(1020, 470)"
"(346, 2540)","(1090, 370)"
"(277, 2070)","(980, 520)"
"(358, 1690)","(890, 610)"
"(22, 2110)","(870, 630)"
"(154, 2320)","(970, 510)"
"(199, 1460)","(660, 830)"
"(124, 2320)","(970, 530)"
"(295, 2230)","(1030, 470)"
"(202, 2480)","(1040, 460)"
"(184, 2500)","(1030, 460)"
"(52, 2290)","(930, 570)"
"(85, 2540)","(1000, 500)"
"(325, 2020)","(990, 510)"
"(169, 2300)","(980, 510)"
"(283, 2000)","(960, 540)"
"(100, 1930)","(840, 650)"
"(175, 1670)","(770, 730)"
"(64, 1590)","(680, 820)"
"(22, 2180)","(890, 610)"
"(7, 1710)","(710, 780)"
"(274, 1550)","(760, 730)"
"(229, 2060)","(950, 550)"
"(112, 2110)","(910, 590)"
"(208, 1500)","(690, 800)"
"(334, 2320)","(1070, 430)"
"(37, 2470)","(970, 530)"
"(235, 2480)","(1050, 440)"
"(13, 1950)","(810, 680)"
"(382, 2290)","(1060, 400)"
"(304, 1410)","(690, 810)"
"(196, 2400)","(1020, 480)"
"(271, 1890)","(910, 580)"
"(217, 2080)","(950, 550)"
"(64, 1910)","(820, 680)"
"(277, 2420)","(1050, 430)"
"(283, 1500)","(740, 760)"
"(253, 2160)","(990, 510)"
"(49, 2230)","(910, 580)"
"(100, 1460)","(620, 880)"
"(226, 2430)","(1040, 460)"
"(265, 2370)","(1040, 450)"
"(247, 2370)","(1040, 460)"
"(280, 2080)","(970, 510)"
"(220, 1690)","(800, 690)"
"(85, 2290)","(940, 550)"
"(52, 2210)","(910, 590)"
"(397, 2420)","(1080, 360)"
"(217, 1470)","(680, 820)"
"(394, 2550)","(1140, 350)"
"(274, 2380)","(1050, 440)"
"(298, 2120)","(990, 490)"
"(349, 1520)","(790, 700)"
"(169, 2220)","(960, 530)"
"(139, 2050)","(890, 590)"
"(61, 2180)","(900, 590)"
"(259, 1810)","(880, 620)"
"(352, 1830)","(930, 550)"
"(250, 1510)","(720, 770)"
"(109, 1740)","(770, 730)"
"(259, 1850)","(890, 600)"
"(10, 1500)","(600, 890)"
"(37, 2280)","(910, 570)"
"(232, 1880)","(880, 600)"
"(382, 1810)","(950, 540)"
"(76, 1770)","(770, 730)"
"(298, 2100)","(1000, 500)"
"(286, 1930)","(940, 560)"
"(307, 2130)","(1010, 490)"
"(307, 2010)","(970, 520)"
"(352, 1520)","(790, 700)"
"(175, 2360)","(1000, 500)"
"(319, 2370)","(1060, 420)"
"(298, 2280)","(1030, 450)"
"(208, 1910)","(890, 610)"
"(37, 1500)","(610, 880)"
"(307, 1800)","(900, 590)"
"(49, 1900)","(810, 690)"
"(349, 1700)","(890, 610)"
"(106, 2310)","(960, 540)"
"(268, 1620)","(800, 700)"
"(370, 2140)","(1050, 450)"
"(373, 1460)","(770, 730)"
"(235, 1970)","(920, 570)"
"(286, 2360)","(1050, 440)"
"(46, 1930)","(820, 680)"
"(67, 2160)","(890, 590)"
"(97, 1540)","(660, 830)"
"(112, 2160)","(910, 570)"
"(295, 2180)","(1020, 480)"
"(52, 2420)","(950, 530)"
"(79, 2510)","(980, 500)"
"(358, 1540)","(810, 690)"
"(28, 1940)","(810, 680)"
"(253, 1800)","(870, 630)"
"(160, 1550)","(700, 800)"
"(226, 2470)","(1050, 450)"
"(178, 2420)","(1010, 480)"
"(226, 2050)","(940, 550)"
"(193, 1590)","(740, 760)"
"(283, 2010)","(950, 530)"
"(385, 1730)","(920, 570)"
"(13, 2210)","(890, 600)"
"(154, 1500)","(670, 830)"
"(241, 1710)","(820, 670)"
"(187, 1550)","(710, 780)"
"(349, 1820)","(940, 560)"
"(139, 1790)","(810, 690)"
"(7, 1720)","(720, 780)"
"(88, 1910)","(830, 670)"
"(127, 2390)","(980, 510)"
"(37, 2210)","(900, 590)"
"(136, 1760)","(790, 700)"
"(313, 2240)","(1030, 450)"
"(394, 2200)","(1080, 420)"
"(139, 1890)","(850, 650)"
"(61, 1610)","(690, 810)"
"(352, 1890)","(960, 530)"
"(130, 2360)","(980, 520)"
"(262, 2210)","(1010, 490)"
"(76, 2470)","(970, 510)"
"(178, 2050)","(920, 580)"
"(340, 2590)","(1080, 360)"
"(190, 1790)","(830, 660)"
"(202, 1750)","(820, 670)"
"(202, 2450)","(1020, 460)"
"(52, 2550)","(990, 510)"
"(184, 2210)","(970, 530)"
"(97, 1580)","(690, 810)"
"(334, 1740)","(890, 600)"
"(256, 2240)","(1000, 480)"
"(250, 2330)","(1030, 470)"
"(217, 1620)","(770, 730)"
"(286, 1630)","(810, 680)"
"(364, 1530)","(810, 690)"
"(109, 2480)","(1000, 500)"
"(151, 2380)","(990, 500)"
"(343, 2290)","(1070, 430)"
"(220, 1560)","(740, 760)"
"(181, 1790)","(830, 670)"
"(79, 2200)","(920, 580)"
"(391, 1620)","(880, 620)"
"(271, 2280)","(1030, 470)"
"(307, 1600)","(810, 690)"
"(10, 1900)","(790, 700)"
"(76, 1530)","(650, 850)"
"(355, 2510)","(1120, 380)"
"(19, 2420)","(950, 550)"
"(109, 1810)","(800, 700)"
"(313, 1840)","(910, 570)"
"(52, 1780)","(760, 730)"
"(139, 1970)","(870, 620)"
"(334, 1850)","(940, 560)"
"(151, 2100)","(910, 570)"
"(349, 1670)","(870, 620)"
"(232, 2160)","(980, 520)"
"(88, 1440)","(600, 900)"
"(265, 2220)","(1000, 480)"
"(202, 1990)","(910, 580)"
"(187, 1430)","(640, 860)"
"(223, 2460)","(1040, 450)"
"(316, 1660)","(850, 650)"
"(91, 1690)","(740, 760)"
"(40, 1620)","(680, 810)"
"(73, 2040)","(870, 630)"
"(397, 1580)","(860, 640)"
"(241, 2440)","(1050, 450)"
"(202, 1700)","(800, 700)"
"(256, 1800)","(870, 620)"
"(256, 2100)","(970, 520)"
"(28, 1560)","(640, 850)"
"(193, 1880)","(870, 630)"
"(340, 2320)","(1060, 420)"
"(259, 2520)","(1070, 420)"
"(85, 2180)","(910, 580)"
"(118, 1630)","(720, 770)"
"(52, 1850)","(790, 710)"
"(247, 2390)","(1030, 450)"
"(277, 1770)","(870, 620)"
"(313, 1530)","(770, 720)"
"(88, 2300)","(950, 550)"
"(76, 2150)","(900, 590)"
"(79, 2520)","(990, 500)"
"(154, 2410)","(990, 490)"
"(385, 2320)","(1080, 390)"
"(145, 1860)","(840, 660)"
"(121, 2540)","(1010, 480)"
"(205, 1570)","(730, 760)"
"(130, 1850)","(830, 670)"
"(367, 1590)","(840, 650)"
"(355, 1790)","(930, 570)"
"(292, 2380)","(1050, 430)"
"(109, 1530)","(660, 830)"
"(109, 2060)","(880, 600)"
"(214, 2320)","(1010, 490)"
"(181, 2080)","(920, 560)"
"(217, 1910)","(890, 600)"
"(343, 2030)","(1000, 490)"
"(199, 1910)","(880, 610)"
"(307, 1910)","(940, 550)"
"(148, 1810)","(820, 680)"
"(322, 1850)","(920, 560)"
"(154, 2060)","(900, 580)"
"(283, 1560)","(770, 720)"
"(259, 2270)","(1020, 480)"
"(37, 1690)","(710, 780)"
"(319, 2140)","(1020, 480)"
"(31, 2250)","(900, 580)"
"(4, 1890)","(790, 710)"
"(247, 2380)","(1040, 460)"
"(265, 1610)","(790, 710)"
"(55, 1470)","(600, 890)"
"(196, 1450)","(660, 840)"
"(355, 1830)","(940, 550)"
"(175, 1420)","(630, 870)"
"(127, 2380)","(980, 510)"
"(370, 2010)","(1010, 480)"
"(397, 2450)","(1120, 360)"
"(214, 2050)","(940, 560)"
"(34, 2530)","(980, 520)"
"(328, 1760)","(900, 600)"
"(253, 1600)","(780, 720)"
"(28, 2380)","(930, 550)"
"(244, 1770)","(850, 640)"
"(295, 2500)","(1080, 410)"
"(205, 1800)","(840, 650)"
"(271, 2150)","(990, 500)"
"(262, 2350)","(1040, 460)"
"(214, 2170)","(960, 520)"
"(253, 1810)","(870, 620)"
"(295, 2510)","(1070, 400)"
"(370, 2600)","(1120, 350)"
"(346, 2480)","(1060, 370)"
"(163, 1660)","(760, 740)"
"(178, 2130)","(940, 550)"
"(367, 2570)","(1130, 360)"
"(187, 2280)","(990, 510)"
"(289, 1840)","(910, 590)"
"(100, 1960)","(850, 640)"
"(154, 2550)","(1020, 460)"
"(73, 2550)","(1000, 500)"
"(19, 2260)","(910, 590)"
"(82, 1770)","(770, 720)"
"(199, 2090)","(930, 550)"
"(169, 1950)","(880, 610)"
"(136, 1500)","(660, 840)"
"(46, 1410)","(560, 940)"
"(367, 2180)","(1060, 440)"
"(265, 1570)","(770, 730)"
"(304, 2230)","(1030, 460)"
"(196, 2280)","(980, 500)"
"(205, 2560)","(1050, 440)"
"(253, 1910)","(910, 580)"
"(352, 1970)","(990, 510)"
"(199, 2530)","(1050, 450)"
"(10, 1520)","(610, 880)"
"(190, 2440)","(1020, 470)"
"(73, 2200)","(910, 580)"
"(193, 1620)","(750, 740)"
"(13, 2550)","(970, 520)"
"(373, 2190)","(1050, 430)"
"(316, 2300)","(1060, 440)"
"(145, 1600)","(720, 780)"
"(133, 1970)","(870, 620)"
"(148, 1400)","(600, 900)"
"(346, 1610)","(840, 660)"
"(250, 2030)","(940, 540)"
"(40, 2250)","(910, 580)"
"(142, 2160)","(930, 560)"
"(184, 1890)","(870, 630)"
"(223, 2270)","(990, 490)"
"(175, 1620)","(750, 750)"
"(328, 1930)","(960, 530)"
"(337, 2200)","(1040, 450)"
"(94, 1830)","(800, 690)"
"(349, 1480)","(770, 730)"
"(82, 2420)","(970, 520)"
"(268, 1800)","(880, 620)"
"(388, 2520)","(1130, 360)"
"(169, 2390)","(1000, 490)"
"(97, 2130)","(900, 590)"
"(52, 1940)","(820, 670)"
"(148, 2090)","(920, 580)"
"(301, 2220)","(1030, 470)"
"(79, 2130)","(900, 600)"
"(100, 2570)","(1000, 480)"
"(127, 2510)","(1000, 480)"
"(232, 2200)","(990, 510)"
"(370, 1620)","(860, 630)"
"(91, 1960)","(850, 650)"
"(82, 2560)","(1000, 490)"
"(43, 1740)","(740, 760)"
"(346, 1440)","(740, 760)"
"(58, 2430)","(960, 530)"
"(331, 2120)","(1010, 470)"
"(268, 1940)","(920, 560)"
"(97, 1410)","(580, 910)"
"(31, 2140)","(870, 610)"
"(109, 2590)","(1020, 480)"
"(370, 1460)","(770, 730)"
"(400, 1850)","(970, 510)"
"(88, 1880)","(820, 680)"
"(73, 1750)","(760, 740)"
"(241, 2060)","(950, 540)"
"(133, 1420)","(600, 890)"
"(22, 1700)","(710, 780)"
"(271, 1840)","(900, 600)"
"(22, 2020)","(840, 660)"
"(139, 1590)","(710, 780)"
"(262, 2380)","(1020, 440)"
"(43, 1680)","(710, 780)"
"(70, 1430)","(580, 910)"
"(130, 1500)","(660, 840)"
"(91, 1530)","(660, 840)"
"(298, 2470)","(1070, 410)"
"(376, 2480)","(1090, 360)"
"(31, 2490)","(970, 530)"
"(1, 2590)","(980, 520)"
"(256, 1590)","(770, 720)"
"(376, 1960)","(990, 490)"
"(226, 1950)","(900, 580)"
"(73, 2280)","(940, 560)"
"(10, 2290)","(910, 580)"
"(388, 2210)","(1050, 410)"
"(283, 2330)","(1040, 450)"
"(238, 2140)","(980, 520)"
"(367, 1680)","(890, 610)"
"(379, 1810)","(940, 540)"
"(277, 1970)","(950, 550)"
"(82, 1430)","(590, 910)"
"(22, 2420)","(950, 550)"
"(163, 1920)","(870, 630)"
"(232, 1900)","(900, 600)"
"(166, 2210)","(960, 540)"
"(127, 1400)","(590, 910)"
"(19, 2560)","(980, 520)"
"(163, 1560)","(710, 790)"
"(115, 2220)","(940, 560)"
"(181, 2150)","(940, 540)"
"(328, 1970)","(970, 520)"
"(151, 2450)","(1010, 490)"
"(220, 2220)","(990, 510)"
"(103, 2100)","(900, 600)"
"(103, 2300)","(950, 540)"
"(286, 1920)","(930, 560)"
"(130, 1760)","(790, 710)"
"(202, 2500)","(1030, 450)"
"(364, 1730)","(910, 590)"
"(40, 1930)","(820, 680)"
"(349, 2260)","(1060, 430)"
"(163, 2510)","(1030, 470)"
"(145, 1570)","(700, 790)"
"(334, 2050)","(1000, 490)"
"(223, 1800)","(850, 640)"
"(268, 1960)","(940, 560)"
"(25, 1780)","(750, 750)"
"(34, 2020)","(840, 650)"
"(43, 2070)","(860, 630)"
"(331, 1560)","(800, 690)"
"(97, 1980)","(860, 640)"
"(214, 2090)","(950, 550)"
"(34, 1610)","(670, 820)"
"(346, 2240)","(1060, 440)"
"(4, 1770)","(740, 760)"
"(184, 1900)","(870, 620)"
"(31, 1970)","(830, 670)"
"(298, 1750)","(880, 620)"
"(292, 2140)","(1000, 490)"
"(34, 2000)","(840, 660)"
"(253, 1620)","(790, 710)"
"(322, 1880)","(930, 550)"
"(313, 2130)","(1010, 480)"
"(322, 2160)","(1030, 470)"
"(49, 1520)","(630, 870)"
"(160, 2410)","(1000, 490)"
"(94, 2120)","(890, 590)"
"(274, 2540)","(1050, 400)"
"(340, 1830)","(930, 560)"
"(58, 2160)","(900, 600)"
"(112, 2440)","(980, 500)"
"(187, 2230)","(970, 520)"
"(364, 2050)","(1010, 470)"
"(55, 1980)","(840, 660)"
"(13, 1530)","(620, 870)"
"(136, 2180)","(940, 560)"
"(34, 2130)","(880, 620)"
"(64, 1760)","(760, 740)"
"(319, 1400)","(690, 800)"
"(67, 1960)","(840, 660)"
"(124, 2510)","(1010, 490)"
"(121, 2270)","(950, 540)"
"(352, 2490)","(1100, 380)"
"(352, 2220)","(1040, 430)"
"(358, 2040)","(1010, 480)"
"(319, 2130)","(1020, 480)"
"(388, 2440)","(1130, 370)"
"(232, 1430)","(660, 830)"
"(115, 1670)","(740, 760)"
"(340, 2470)","(1090, 390)"
"(205, 1560)","(730, 770)"
"(76, 1420)","(580, 920)"
"(70, 1700)","(730, 760)"
"(298, 2300)","(1050, 450)"
"(13, 1400)","(540, 960)"
"(31, 2360)","(940, 560)"
"(388, 2040)","(1030, 460)"
"(274, 2260)","(1020, 470)"
"(376, 2560)","(1110, 350)"
"(64, 1890)","(810, 680)"
"(106, 2380)","(970, 520)"
"(115, 1950)","(860, 640)"
"(166, 1660)","(760, 740)"
"(310, 1990)","(960, 520)"
"(7, 1650)","(680, 810)"
"(310, 2010)","(980, 520)"
"(322, 2510)","(1090, 390)"
"(244, 1710)","(830, 670)"
"(52, 1470)","(600, 890)"
"(355, 2590)","(1120, 360)"
"(283, 1410)","(680, 820)"
"(13, 1870)","(780, 710)"
"(346, 1980)","(990, 510)"
"(73, 2210)","(920, 580)"
"(364, 2470)","(1110, 380)"
"(280, 1460)","(710, 790)"
"(277, 2520)","(1070, 410)"
"(61, 1550)","(650, 840)"
"(295, 1510)","(750, 750)"
"(220, 2100)","(950, 540)"
"(373, 1960)","(1000, 500)"
"(40, 2110)","(870, 620)"
"(340, 2050)","(1010, 490)"
"(298, 2460)","(1070, 410)"
"(76, 1780)","(770, 720)"
"(103, 1880)","(820, 670)"
"(175, 1820)","(840, 660)"
"(130, 1540)","(680, 820)"
"(106, 1800)","(790, 700)"
"(340, 1650)","(860, 640)"
"(139, 2170)","(940, 560)"
"(58, 1840)","(790, 710)"
"(49, 2090)","(870, 620)"
"(259, 2010)","(950, 550)"
"(262, 2330)","(1030, 460)"
"(64, 2310)","(940, 560)"
"(208, 1780)","(840, 660)"
"(100, 2180)","(910, 570)"
"(70, 2520)","(990, 510)"
"(343, 2060)","(1000, 480)"
"(157, 2210)","(950, 540)"
"(13, 2290)","(910, 580)"
"(7, 2350)","(930, 570)"
"(130, 1790)","(800, 690)"
"(184, 1500)","(680, 810)"
"(193, 1960)","(900, 600)"
"(304, 1720)","(870, 630)"
"(76, 1650)","(710, 780)"
"(397, 1700)","(920, 580)"
"(226, 1770)","(840, 650)"
"(136, 2380)","(990, 510)"
"(187, 2050)","(920, 570)"
"(325, 1880)","(940, 550)"
"(361, 2400)","(1090, 390)"
"(382, 2100)","(1040, 450)"
"(334, 2160)","(1030, 460)"
"(136, 1600)","(720, 780)"
"(376, 1900)","(970, 510)"
"(376, 1620)","(870, 630)"
"(325, 1890)","(950, 550)"
"(10, 2500)","(950, 530)"
"(1, 2310)","(910, 580)"
"(394, 2110)","(1040, 440)"
"(13, 1570)","(640, 850)"
"(400, 2310)","(1100, 400)"
"(226, 1920)","(890, 590)"
"(289, 2500)","(1060, 410)"
"(349, 1780)","(910, 570)"
"(133, 2550)","(1010, 470)"
"(202, 1980)","(910, 590)"
"(70, 2540)","(990, 500)"
"(307, 2150)","(1010, 480)"
"(121, 2320)","(970, 530)"
"(340, 1680)","(870, 630)"
"(148, 1910)","(860, 640)"
"(226, 2280)","(1000, 490)"
"(364, 1950)","(980, 500)"
"(223, 1940)","(910, 590)"
"(79, 1720)","(750, 750)"
"(256, 2430)","(1050, 440)"
"(37, 2270)","(920, 580)"
"(328, 1850)","(930, 560)"
"(250, 1770)","(860, 640)"
"(244, 1640)","(790, 700)"
"(400, 2100)","(1050, 440)"
"(16, 2310)","(910, 570)"
"(316, 1740)","(880, 610)"
"(136, 1400)","(590, 900)"
"(94, 2000)","(860, 630)"
"(169, 1900)","(860, 630)"
"(217, 1510)","(710, 790)"
"(142, 2590)","(1030, 460)"
"(340, 2480)","(1070, 380)"
"(109, 2200)","(920, 560)"
"(199, 2370)","(1010, 480)"
"(118, 1400)","(580, 910)"
"(238, 1850)","(880, 610)"
"(1, 1710)","(710, 790)"
"(79, 1900)","(820, 670)"
"(337, 2100)","(1020, 480)"
"(292, 2060)","(970, 510)"
"(115, 2570)","(1020, 480)"
"(256, 2530)","(1070, 420)"
"(337, 2240)","(1050, 440)"
"(157, 2380)","(1000, 500)"
"(64, 2500)","(980, 510)"
"(241, 1820)","(870, 620)"
"(76, 2270)","(930, 560)"
"(136, 1770)","(800, 700)"
"(400, 2400)","(1110, 370)"
"(175, 2290)","(980, 510)"
"(220, 1850)","(870, 620)"
"(70, 1410)","(570, 930)"
"(196, 2440)","(1030, 470)"
"(178, 2590)","(1050, 450)"
"(22, 1730)","(730, 770)"
"(256, 2260)","(1010, 480)"
"(142, 1790)","(810, 690)"
"(25, 2120)","(870, 620)"
"(70, 1790)","(770, 720)"
"(259, 2210)","(1000, 490)"
"(193, 2390)","(1010, 480)"
"(166, 1560)","(710, 790)"
"(301, 2510)","(1080, 400)"
"(109, 2530)","(1010, 490)"
"(352, 2240)","(1050, 430)"
"(130, 2450)","(1000, 500)"
"(271, 1920)","(930, 570)"
"(343, 1990)","(980, 500)"
"(382, 2030)","(1030, 470)"
"(271, 2190)","(1010, 490)"
"(58, 2240)","(920, 580)"
"(157, 1510)","(670, 820)"
"(163, 2000)","(900, 600)"
"(250, 1560)","(750, 740)"
"(103, 1500)","(640, 850)"
"(364, 1740)","(910, 580)"
"(169, 1630)","(750, 750)"
"(199, 1890)","(880, 620)"
"(328, 1730)","(890, 610)"
"(286, 2320)","(1040, 450)"
"(232, 1510)","(710, 780)"
"(1, 1930)","(800, 700)"
"(58, 1660)","(710, 790)"
"(142, 2490)","(1010, 480)"
"(358, 1610)","(850, 650)"
"(385, 1750)","(930, 560)"
"(118, 2560)","(1020, 480)"
"(133, 1550)","(690, 810)"
"(67, 2530)","(980, 500)"
"(187, 1830)","(850, 650)"
"(112, 1570)","(690, 810)"
"(325, 2180)","(1030, 460)"
"(358, 1860)","(960, 540)"
"(376, 2550)","(1130, 360)"
"(328, 2440)","(1090, 410)"
"(145, 1630)","(740, 760)"
"(148, 2470)","(1000, 480)"
"(256, 1910)","(910, 580)"
"(64, 2070)","(870, 620)"
"(115, 1710)","(760, 740)"
"(169, 1520)","(690, 810)"
"(400, 2170)","(1060, 420)"
"(394, 1700)","(920, 580)"
"(130, 2310)","(970, 530)"
"(31, 1800)","(760, 730)"
"(106, 1620)","(710, 780)"
"(322, 2540)","(1050, 370)"
"(61, 2140)","(890, 600)"
"(7, 2130)","(870, 630)"
"(106, 2020)","(880, 620)"
"(352, 1480)","(770, 730)"
"(40, 1540)","(640, 860)"
"(394, 1520)","(820, 670)"
"(361, 1450)","(760, 740)"
"(190, 2370)","(1010, 490)"
"(97, 2340)","(950, 530)"
"(373, 2460)","(1120, 380)"
"(211, 2000)","(910, 570)"
"(226, 2480)","(1030, 440)"
"(232, 1980)","(920, 570)"
"(151, 2540)","(1030, 470)"
"(376, 2080)","(1040, 460)"
"(154, 2480)","(1020, 480)"
"(106, 1630)","(720, 780)"
"(301, 2410)","(1060, 420)"
"(289, 1970)","(950, 540)"
"(280, 1680)","(830, 660)"
"(160, 2460)","(1010, 480)"
"(100, 1790)","(790, 710)"
"(10, 2520)","(970, 530)"
"(328, 1640)","(840, 650)"
"(223, 1550)","(730, 760)"
"(181, 2550)","(1030, 450)"
"(223, 2530)","(1060, 440)"
"(358, 1450)","(750, 740)"
"(391, 1670)","(900, 600)"
"(16, 2490)","(950, 530)"
"(190, 2560)","(1050, 450)"
"(238, 2050)","(950, 550)"
"(130, 2270)","(960, 540)"
"(100, 1400)","(580, 920)"
"(115, 1660)","(740, 760)"
"(361, 2450)","(1110, 380)"
"(319, 2120)","(1010, 480)"
"(382, 1640)","(880, 620)"
"(43, 2550)","(980, 510)"
"(7, 2230)","(890, 600)"
"(88, 1480)","(620, 870)"
"(370, 2530)","(1100, 360)"
"(397, 1730)","(930, 560)"
"(355, 2070)","(1010, 470)"
"(232, 2020)","(940, 560)"
"(274, 2110)","(990, 510)"
"(73, 1460)","(600, 890)"
"(355, 2150)","(1030, 450)"
"(175, 1810)","(830, 660)"
"(70, 1810)","(780, 710)"
"(313, 1950)","(960, 540)"
"(394, 1840)","(970, 520)"
"(163, 2080)","(910, 570)"
"(136, 2540)","(1010, 470)"
"(295, 2240)","(1020, 460)"
"(82, 1940)","(840, 660)"
"(241, 1950)","(920, 580)"
"(85, 1520)","(650, 850)"
"(361, 2090)","(1030, 470)"
"(85, 1900)","(820, 670)"
"(361, 1470)","(770, 730)"
"(112, 2470)","(1000, 500)"
"(124, 1410)","(590, 900)"
"(292, 1560)","(780, 720)"
"(217, 1880)","(880, 610)"
"(205, 2240)","(970, 500)"
"(106, 2550)","(1000, 480)"
"(262, 1840)","(890, 600)"
"(373, 2440)","(1080, 370)"
"(268, 1930)","(930, 570)"
"(286, 1800)","(890, 610)"
"(100, 1450)","(610, 890)"
"(376, 1630)","(870, 630)"
"(256, 1620)","(790, 710)"
"(19, 2370)","(940, 560)"
"(76, 2450)","(980, 520)"
"(160, 2480)","(1020, 480)"
"(73, 2500)","(990, 510)"
"(181, 2440)","(1010, 470)"
"(316, 2020)","(980, 510)"
"(70, 1940)","(830, 660)"
"(250, 2580)","(1080, 420)"
"(319, 1510)","(770, 730)"
"(112, 2320)","(960, 530)"
"(73, 2010)","(860, 640)"
"(124, 2580)","(1020, 470)"
"(313, 2060)","(990, 500)"
"(82, 1610)","(700, 800)"
"(196, 2360)","(1010, 490)"
"(169, 2580)","(1040, 450)"
"(10, 2410)","(930, 550)"
"(103, 2290)","(940, 540)"
"(70, 1950)","(840, 660)"
"(124, 1520)","(660, 830)"
"(127, 1770)","(790, 700)"
"(364, 1490)","(780, 710)"
"(97, 1810)","(790, 700)"
"(157, 2460)","(1010, 480)"
"(172, 2430)","(1010, 480)"
"(22, 2120)","(860, 620)"
"(76, 2510)","(990, 510)"
"(334, 2040)","(1000, 500)"
"(178, 1670)","(770, 720)"
"(304, 1600)","(810, 690)"
"(280, 2240)","(1020, 470)"
"(271, 1630)","(800, 690)"
"(355, 2550)","(1100, 360)"
"(229, 2310)","(1010, 480)"
"(163, 1940)","(880, 620)"
"(94, 1620)","(710, 790)"
"(241, 1480)","(700, 800)"
"(97, 1560)","(670, 820)"
"(82, 2590)","(1010, 490)"
"(22, 2540)","(970, 520)"
"(349, 1470)","(760, 740)"
"(73, 2000)","(850, 640)"
"(166, 1910)","(870, 630)"
"(163, 1530)","(690, 810)"
"(37, 2190)","(900, 600)"
"(166, 1580)","(720, 780)"
"(112, 2460)","(990, 500)"
"(154, 2150)","(940, 560)"
"(115, 1540)","(670, 820)"
"(289, 2600)","(1090, 390)"
"(286, 1500)","(740, 760)"
"(220, 2420)","(1030, 460)"
"(190, 2190)","(960, 530)"
"(97, 1990)","(860, 630)"
"(52, 1460)","(600, 900)"
"(46, 1740)","(740, 750)"
"(82, 2510)","(990, 500)"
"(355, 2090)","(1030, 470)"
"(346, 2190)","(1040, 450)"
"(343, 1500)","(780, 720)"
"(1, 1860)","(770, 720)"
"(16, 2250)","(900, 590)"
"(280, 2560)","(1080, 410)"
"(271, 2260)","(1020, 470)"
"(34, 1860)","(790, 710)"
"(124, 1930)","(850, 640)"
"(100, 2290)","(940, 540)"
"(292, 1750)","(870, 620)"
"(238, 1860)","(890, 610)"
"(196, 1870)","(870, 630)"
"(205, 2020)","(920, 570)"
"(4, 2550)","(960, 520)"
"(94, 2390)","(960, 520)"
"(235, 2080)","(960, 540)"
"(148, 2180)","(940, 550)"
"(49, 1870)","(800, 700)"
"(28, 1730)","(730, 770)"
"(232, 2350)","(1020, 470)"
"(334, 2020)","(990, 500)"
"(397, 1810)","(960, 530)"
"(187, 2380)","(1010, 490)"
"(382, 2460)","(1130, 370)"
"(229, 1920)","(900, 590)"
"(379, 2310)","(1090, 400)"
"(280, 1820)","(890, 600)"
"(187, 2160)","(960, 540)"
"(79, 1970)","(850, 650)"
"(373, 1540)","(820, 680)"
"(289, 1720)","(860, 640)"
"(328, 1840)","(920, 560)"
"(4, 1430)","(550, 930)"
"(217, 2590)","(1070, 430)"
"(400, 2030)","(1040, 460)"
"(199, 2500)","(1030, 450)"
"(271, 2170)","(990, 490)"
"(295, 2570)","(1090, 390)"
"(55, 2480)","(970, 520)"
"(196, 2270)","(990, 510)"
"(85, 2430)","(980, 520)"
"(289, 2350)","(1040, 440)"
"(184, 1430)","(640, 860)"
"(265, 2520)","(1070, 420)"
"(91, 2010)","(870, 630)"
"(328, 2190)","(1040, 460)"
"(67, 2500)","(980, 510)"
"(16, 1810)","(760, 740)"
"(70, 1740)","(750, 740)"
"(40, 1940)","(820, 680)"
"(340, 2230)","(1050, 440)"
"(373, 1760)","(930, 570)"
"(10, 2360)","(920, 560)"
"(73, 1660)","(720, 780)"
"(139, 2500)","(1010, 480)"
"(220, 2340)","(1020, 480)"
"(244, 1500)","(710, 780)"
"(76, 2340)","(940, 540)"
"(139, 2030)","(890, 600)"
"(145, 2170)","(940, 560)"
"(283, 2470)","(1070, 420)"
"(154, 1440)","(630, 870)"
"(280, 2310)","(1040, 460)"
"(82, 2080)","(880, 610)"
"(25, 1540)","(630, 860)"
"(280, 2340)","(1050, 450)"
"(115, 1500)","(650, 850)"
"(34, 2420)","(950, 540)"
"(40, 1760)","(750, 750)"
"(337, 2410)","(1070, 400)"
"(142, 2080)","(900, 580)"
"(70, 1820)","(790, 710)"
"(331, 2030)","(990, 500)"
"(214, 1790)","(840, 650)"
"(247, 1620)","(780, 710)"
"(19, 2040)","(840, 650)"
"(46, 2480)","(960, 520)"
"(235, 2150)","(980, 520)"
"(226, 2570)","(1070, 430)"
"(34, 2340)","(930, 560)"
"(187, 1620)","(750, 740)"
"(40, 2050)","(860, 640)"
"(88, 2560)","(1000, 490)"
"(343, 2580)","(1080, 360)"
"(379, 1520)","(810, 680)"
"(256, 1540)","(750, 750)"
"(166, 2440)","(1010, 480)"
"(358, 2280)","(1080, 420)"
"(376, 2280)","(1080, 410)"
"(376, 2030)","(1010, 470)"
"(64, 1480)","(610, 880)"
"(319, 1630)","(830, 660)"
"(304, 1820)","(910, 590)"
"(163, 2330)","(990, 510)"
"(361, 1830)","(950, 550)"
"(148, 1430)","(620, 880)"
"(82, 2490)","(990, 510)"
"(58, 1610)","(680, 810)"
"(112, 1550)","(680, 820)"
"(247, 2530)","(1070, 430)"
"(283, 1710)","(850, 650)"
"(214, 2040)","(930, 560)"
"(103, 1710)","(750, 740)"
"(37, 2450)","(950, 530)"
"(253, 1550)","(750, 750)"
"(121, 2400)","(980, 510)"
"(229, 2290)","(1000, 480)"
"(106, 1500)","(640, 850)"
"(337, 1760)","(900, 590)"
"(340, 2060)","(1010, 490)"
"(286, 2470)","(1050, 410)"
"(292, 1890)","(930, 570)"
"(382, 1920)","(990, 500)"
"(109, 1670)","(740, 760)"
"(55, 1650)","(700, 790)"
"(151, 2230)","(960, 540)"
"(343, 2070)","(1010, 480)"
"(130, 1570)","(700, 800)"
"(379, 1890)","(970, 510)"
"(337, 2220)","(1030, 440)"
"(271, 2000)","(950, 540)"
"(322, 2370)","(1080, 420)"
"(211, 1710)","(810, 690)"
"(226, 1750)","(830, 660)"
"(22, 1570)","(650, 850)"
"(388, 1630)","(880, 620)"
"(397, 2580)","(1140, 340)"
"(316, 2320)","(1040, 430)"
"(382, 1530)","(820, 680)"
"(151, 2210)","(950, 540)"
"(277, 2410)","(1060, 440)"
"(199, 1730)","(810, 690)"
"(58, 1620)","(690, 810)"
"(4, 2590)","(980, 520)"
"(358, 2110)","(1030, 460)"
"(43, 1420)","(560, 920)"
"(76, 1890)","(820, 680)"
"(310, 2170)","(1010, 470)"
"(325, 1590)","(820, 680)"
"(271, 1620)","(800, 700)"
"(175, 2240)","(960, 520)"
"(265, 1730)","(850, 650)"
"(304, 2340)","(1040, 430)"
"(73, 1620)","(700, 800)"
"(214, 1990)","(920, 580)"
"(142, 2520)","(1020, 480)"
"(364, 2450)","(1110, 380)"
"(274, 2240)","(1020, 480)"
"(304, 2360)","(1050, 430)"
"(151, 2460)","(1000, 480)"
"(388, 2580)","(1110, 340)"
"(391, 1900)","(960, 490)"
"(340, 2030)","(990, 490)"
"(58, 1910)","(820, 680)"
"(364, 2550)","(1140, 360)"
"(289, 1630)","(810, 680)"
"(355, 1500)","(780, 710)"
"(85, 2570)","(1000, 490)"
"(85, 2250)","(930, 560)"
"(217, 2500)","(1050, 450)"
"(181, 2160)","(950, 540)"
"(175, 1640)","(760, 740)"
"(73, 2490)","(980, 510)"
"(373, 1550)","(830, 670)"
"(181, 2560)","(1040, 450)"
"(301, 2240)","(1030, 460)"
"(163, 1830)","(830, 660)"
"(373, 1730)","(910, 580)"
"(394, 1470)","(790, 700)"
"(199, 1600)","(750, 750)"
"(364, 2060)","(1020, 470)"
"(211, 2070)","(940, 550)"
"(319, 2510)","(1100, 400)"
"(367, 1990)","(1000, 490)"
"(244, 1920)","(900, 580)"
"(22, 1510)","(610, 880)"
"(88, 1450)","(600, 890)"
"(361, 2480)","(1110, 380)"
"(160, 1470)","(650, 850)"
"(88, 2000)","(860, 640)"
"(103, 1740)","(770, 730)"
"(292, 2160)","(1010, 490)"
"(313, 2070)","(1000, 500)"
"(193, 2480)","(1030, 460)"
"(313, 2310)","(1060, 440)"
"(40, 1570)","(660, 840)"
"(256, 2140)","(980, 510)"
"(346, 2090)","(1010, 470)"
"(4, 2370)","(920, 560)"
"(28, 2240)","(910, 590)"
"(208, 2340)","(1000, 480)"
"(46, 2500)","(980, 520)"
"(31, 2170)","(890, 610)"
"(55, 2340)","(940, 550)"
"(97, 2030)","(870, 620)"
"(106, 2340)","(960, 530)"
"(193, 1850)","(860, 640)"
"(64, 1790)","(770, 720)"
"(76, 1400)","(560, 920)"
"(76, 2410)","(970, 530)"
"(43, 1820)","(770, 720)"
"(46, 2410)","(960, 540)"
"(256, 1750)","(850, 640)"
"(58, 2230)","(920, 580)"
"(109, 2390)","(980, 520)"
"(355, 2200)","(1050, 440)"
"(124, 2210)","(940, 560)"
"(289, 1830)","(900, 590)"
"(316, 1940)","(960, 540)"
"(208, 2150)","(960, 530)"
"(268, 1840)","(890, 600)"
"(7, 1450)","(570, 930)"
"(163, 1500)","(670, 820)"
"(40, 1920)","(810, 680)"
"(247, 2290)","(1020, 480)"
"(175, 1950)","(880, 610)"
"(25, 2180)","(890, 610)"
"(22, 2260)","(910, 590)"
"(112, 1460)","(620, 870)"
"(208, 1710)","(810, 690)"
"(10, 1850)","(770, 720)"
"(289, 2150)","(1000, 490)"
"(337, 1850)","(940, 560)"
"(256, 1480)","(710, 790)"
"(352, 1540)","(810, 690)"
"(271, 2500)","(1060, 420)"
"(127, 1680)","(750, 740)"
"(346, 1470)","(760, 740)"
"(10, 2490)","(960, 540)"
"(247, 1560)","(750, 740)"
"(361, 2390)","(1100, 400)"
"(163, 2540)","(1020, 460)"
"(85, 1480)","(620, 870)"
"(109, 1750)","(770, 720)"
"(136, 1960)","(870, 630)"
"(148, 2430)","(1000, 490)"
"(283, 1830)","(900, 600)"
"(349, 2150)","(1040, 460)"
"(88, 1410)","(580, 920)"
"(274, 1580)","(780, 720)"
"(178, 2330)","(990, 500)"
"(97, 2460)","(990, 510)"
"(295, 2560)","(1100, 400)"
"(307, 1830)","(910, 580)"
"(241, 1510)","(720, 780)"
"(88, 1490)","(630, 870)"
"(175, 2520)","(1020, 460)"
"(22, 1810)","(760, 730)"
"(25, 2470)","(950, 530)"
"(178, 1910)","(870, 620)"
"(364, 1840)","(950, 540)"
"(331, 1980)","(980, 520)"
"(310, 1680)","(850, 640)"
"(238, 2580)","(1040, 410)"
"(289, 1470)","(720, 770)"
"(346, 1850)","(940, 550)"
"(304, 2290)","(1020, 440)"
"(118, 1610)","(710, 780)"
"(253, 2000)","(940, 550)"
"(184, 1670)","(780, 720)"
"(109, 1890)","(830, 660)"
"(115, 1600)","(710, 790)"
"(319, 1780)","(900, 600)"
"(244, 1810)","(870, 630)"
"(187, 2490)","(1030, 460)"
"(199, 1420)","(640, 860)"
"(385, 1930)","(1000, 500)"
"(397, 2280)","(1090, 400)"
"(94, 2360)","(960, 530)"
"(88, 1790)","(780, 710)"
"(61, 2440)","(970, 530)"
"(139, 2240)","(950, 540)"
"(106, 1420)","(590, 900)"
"(328, 1820)","(920, 570)"
"(166, 1940)","(880, 620)"
"(391, 2210)","(1080, 420)"
"(196, 1530)","(710, 790)"
"(139, 2260)","(960, 540)"
"(235, 2230)","(1000, 500)"
"(244, 1590)","(770, 730)"
"(91, 2530)","(990, 490)"
"(271, 2220)","(1010, 480)"
"(139, 1420)","(610, 890)"
"(235, 1870)","(890, 610)"
"(373, 2370)","(1060, 380)"
"(1, 2020)","(830, 670)"
"(211, 2150)","(960, 530)"
"(304, 1520)","(760, 730)"
"(148, 2140)","(920, 560)"
"(397, 2210)","(1040, 400)"
"(34, 1620)","(680, 820)"
"(325, 2560)","(1100, 380)"
"(295, 2120)","(990, 490)"
"(49, 2370)","(950, 550)"
"(379, 2020)","(1010, 470)"
"(40, 1440)","(580, 920)"
"(190, 2300)","(990, 500)"
"(169, 2490)","(1020, 470)"
"(388, 2420)","(1080, 360)"
"(256, 1850)","(890, 600)"
"(163, 1840)","(840, 660)"
"(319, 2460)","(1070, 400)"
"(10, 1710)","(710, 780)"
"(319, 2400)","(1080, 420)"
"(163, 2130)","(940, 560)"
"(46, 1780)","(760, 740)"
"(208, 2360)","(1010, 480)"
"(217, 2160)","(960, 520)"
"(43, 1460)","(590, 900)"
"(175, 1910)","(870, 630)"
"(217, 1400)","(630, 860)"
"(379, 1790)","(940, 550)"
"(169, 2350)","(990, 500)"
"(397, 1610)","(880, 620)"
"(31, 1520)","(620, 870)"
"(322, 1740)","(890, 610)"
"(217, 2110)","(960, 540)"
"(97, 1950)","(850, 650)"
"(43, 2500)","(970, 520)"
"(202, 1710)","(800, 690)"
"(304, 1880)","(920, 560)"
"(379, 2230)","(1070, 420)"
"(355, 2010)","(1000, 490)"
"(367, 2470)","(1120, 380)"
"(367, 2190)","(1060, 440)"
"(349, 2300)","(1070, 420)"
"(211, 2110)","(950, 540)"
"(232, 1490)","(700, 790)"
"(70, 2220)","(920, 580)"
"(118, 2350)","(970, 520)"
"(349, 2060)","(1010, 480)"
"(34, 2550)","(970, 510)"
"(325, 1510)","(770, 730)"
"(268, 2460)","(1060, 430)"
"(397, 1400)","(750, 750)"
"(328, 2490)","(1090, 390)"
"(214, 1590)","(750, 750)"
"(196, 2510)","(1010, 440)"
"(376, 2400)","(1100, 380)"
"(298, 2490)","(1080, 410)"
"(106, 2390)","(980, 520)"
"(49, 1670)","(710, 790)"
"(310, 2080)","(980, 490)"
"(223, 1860)","(880, 620)"
"(91, 2250)","(940, 560)"
"(19, 1980)","(820, 670)"
"(142, 1980)","(880, 620)"
"(244, 2310)","(1010, 470)"
"(382, 1470)","(780, 710)"
"(1, 2100)","(860, 640)"
"(76, 2360)","(960, 540)"
"(220, 2580)","(1040, 420)"
"(367, 2420)","(1090, 380)"
"(82, 1720)","(750, 750)"
"(223, 1420)","(650, 850)"
"(271, 1810)","(880, 610)"
"(49, 2510)","(980, 520)"
"(10, 2060)","(850, 650)"
"(121, 1620)","(720, 780)"
"(379, 2600)","(1140, 350)"
"(340, 2210)","(1050, 450)"
"(169, 1670)","(770, 730)"
"(136, 1890)","(840, 650)"
"(265, 2510)","(1070, 430)"
"(106, 2470)","(990, 500)"
"(79, 2600)","(1010, 490)"
"(286, 1680)","(840, 660)"
"(361, 2240)","(1070, 430)"
"(271, 2120)","(990, 510)"
"(64, 1500)","(630, 870)"
"(70, 2450)","(970, 520)"
"(109, 2350)","(970, 530)"
"(373, 1410)","(740, 760)"
"(49, 1980)","(840, 660)"
"(331, 2010)","(990, 510)"
"(103, 2270)","(950, 550)"
"(328, 1770)","(900, 590)"
"(97, 1900)","(830, 670)"
"(136, 1580)","(700, 790)"
"(214, 1820)","(860, 640)"
"(322, 1660)","(850, 650)"
"(322, 2490)","(1100, 400)"
"(298, 2450)","(1080, 420)"
"(178, 2220)","(970, 530)"
"(337, 1860)","(940, 550)"
"(304, 1690)","(850, 640)"
"(316, 1850)","(930, 570)"
"(163, 1410)","(610, 880)"
"(337, 1680)","(870, 630)"
"(286, 1900)","(930, 570)"
"(250, 1900)","(910, 590)"
"(70, 2350)","(940, 540)"
"(151, 1450)","(630, 860)"
"(10, 1510)","(610, 890)"
"(397, 1910)","(1000, 500)"
"(400, 1640)","(890, 600)"
"(160, 1530)","(690, 810)"
"(334, 2500)","(1090, 390)"
"(313, 1410)","(700, 800)"
"(4, 2330)","(910, 570)"
"(118, 2270)","(950, 540)"
"(118, 1970)","(860, 630)"
"(352, 1490)","(780, 720)"
"(355, 1900)","(970, 530)"
"(28, 2020)","(840, 650)"
"(97, 2310)","(950, 540)"
"(373, 2350)","(1090, 390)"
"(169, 1460)","(650, 850)"
"(259, 1670)","(820, 680)"
"(85, 2440)","(980, 520)"
"(256, 2310)","(1030, 470)"
"(85, 2210)","(920, 570)"
"(28, 2250)","(910, 590)"
"(22, 2270)","(910, 580)"
"(208, 2190)","(970, 520)"
"(388, 2080)","(1050, 450)"
"(310, 2140)","(1010, 480)"
"(154, 2240)","(950, 530)"
"(181, 2190)","(950, 530)"
"(157, 2400)","(990, 490)"
"(184, 2230)","(970, 520)"
"(262, 2430)","(1030, 430)"
"(67, 1820)","(790, 710)"
"(313, 1880)","(940, 560)"
"(352, 1700)","(890, 610)"
"(157, 1870)","(850, 650)"
"(286, 1820)","(900, 600)"
"(25, 2320)","(930, 570)"
"(70, 1400)","(560, 930)"
"(223, 1650)","(790, 710)"
"(25, 1420)","(560, 940)"
"(247, 2190)","(990, 500)"
"(7, 1640)","(680, 820)"
"(268, 1900)","(920, 580)"
"(397, 2360)","(1070, 370)"
"(217, 2190)","(980, 520)"
"(238, 1630)","(780, 710)"
"(367, 1550)","(820, 670)"
"(145, 2560)","(1030, 470)"
"(13, 2460)","(950, 540)"
"(379, 1450)","(770, 730)"
"(379, 2550)","(1110, 350)"
"(322, 2260)","(1050, 450)"
"(265, 2110)","(970, 510)"
"(97, 2550)","(1010, 490)"
"(127, 1780)","(800, 700)"
"(286, 2150)","(1000, 490)"
"(358, 2030)","(1000, 480)"
"(1, 1840)","(760, 730)"
"(229, 2540)","(1060, 430)"
"(316, 2280)","(1040, 440)"
"(217, 2380)","(1020, 470)"
"(184, 1550)","(710, 780)"
"(325, 1930)","(950, 530)"
"(289, 2280)","(1040, 460)"
"(226, 1820)","(860, 630)"
"(13, 2390)","(940, 560)"
"(115, 2340)","(970, 530)"
"(313, 2040)","(990, 510)"
"(208, 1970)","(910, 590)"
"(226, 1540)","(730, 770)"
"(400, 2300)","(1070, 380)"
"(13, 1790)","(750, 750)"
"(118, 1550)","(680, 820)"
"(58, 1920)","(820, 680)"
"(184, 2400)","(1010, 480)"
"(307, 1750)","(880, 610)"
"(109, 2130)","(900, 580)"
"(292, 1720)","(860, 640)"
"(7, 2280)","(910, 590)"
"(181, 1430)","(630, 860)"
"(109, 2110)","(900, 590)"
"(346, 2440)","(1100, 400)"
"(100, 1680)","(740, 760)"
"(280, 2420)","(1060, 430)"
"(151, 1400)","(600, 900)"
"(226, 2520)","(1050, 440)"
"(217, 2200)","(970, 510)"
"(46, 2490)","(970, 520)"
"(142, 2320)","(980, 520)"
"(49, 2600)","(1000, 500)"
"(91, 1550)","(670, 830)"
"(55, 2050)","(860, 630)"
"(61, 2210)","(910, 580)"
"(370, 2450)","(1120, 380)"
"(73, 2060)","(870, 620)"
"(13, 2600)","(980, 510)"
"(115, 1960)","(860, 640)"
"(214, 2010)","(920, 570)"
"(85, 1980)","(850, 640)"
"(163, 1600)","(730, 770)"
"(301, 1970)","(960, 540)"
"(394, 1790)","(950, 540)"
"(22, 1640)","(680, 810)"
"(94, 1660)","(730, 770)"
"(154, 1960)","(880, 620)"
"(241, 2560)","(1060, 420)"
"(343, 1750)","(900, 590)"
"(388, 2350)","(1110, 390)"
"(4, 1600)","(660, 840)"
"(385, 1610)","(870, 630)"
"(244, 1850)","(880, 610)"
"(49, 2580)","(990, 500)"
"(343, 1920)","(970, 530)"
"(292, 2340)","(1040, 440)"
"(364, 2510)","(1080, 360)"
"(376, 1700)","(900, 590)"
"(322, 1950)","(960, 530)"
"(25, 2240)","(900, 590)"
"(133, 1660)","(740, 750)"
"(322, 2080)","(1000, 490)"
"(286, 1600)","(800, 700)"
"(271, 1880)","(900, 580)"
"(343, 2120)","(1030, 470)"
"(52, 2280)","(930, 570)"
"(94, 2470)","(990, 510)"
"(10, 1910)","(800, 700)"
"(49, 2570)","(980, 500)"
"(307, 1610)","(820, 680)"
"(76, 2280)","(940, 560)"
"(61, 2420)","(960, 530)"
"(319, 1740)","(880, 610)"
"(175, 2100)","(930, 560)"
"(277, 2230)","(1020, 480)"
"(172, 1430)","(630, 870)"
"(253, 1970)","(930, 560)"
"(220, 1630)","(770, 720)"
"(394, 1730)","(930, 570)"
"(52, 2530)","(980, 510)"
"(43, 2290)","(930, 570)"
"(229, 2530)","(1060, 440)"
"(226, 2300)","(1000, 480)"
"(196, 1850)","(860, 640)"
"(202, 1500)","(690, 800)"
"(310, 1650)","(840, 660)"
"(4, 2440)","(950, 550)"
"(211, 2510)","(1050, 450)"
"(205, 1650)","(780, 720)"
"(127, 1710)","(770, 730)"
"(361, 2020)","(1010, 490)"
"(352, 2060)","(1020, 480)"
"(178, 2000)","(900, 590)"
"(334, 1560)","(810, 690)"
"(55, 2390)","(950, 540)"
"(70, 2400)","(960, 530)"
"(391, 1540)","(830, 660)"
"(268, 2440)","(1050, 430)"
"(202, 1830)","(850, 640)"
"(19, 2570)","(980, 520)"
"(130, 1930)","(860, 640)"
"(1, 1660)","(690, 810)"
"(4, 1660)","(690, 810)"
"(328, 1900)","(950, 540)"
"(280, 1930)","(930, 560)"
"(148, 2060)","(910, 590)"
"(271, 2180)","(1000, 490)"
"(148, 2240)","(960, 540)"
"(391, 2290)","(1090, 400)"
"(289, 2030)","(960, 520)"
"(217, 2090)","(940, 540)"
"(367, 1690)","(890, 600)"
"(40, 1510)","(620, 880)"
"(271, 2080)","(980, 520)"
"(208, 1570)","(740, 760)"
"(289, 1680)","(840, 660)"
"(328, 1990)","(970, 510)"
"(232, 2240)","(1000, 500)"
"(235, 1850)","(880, 620)"
"(52, 2510)","(970, 510)"
"(217, 1440)","(660, 840)"
"(274, 2320)","(1040, 460)"
"(157, 2340)","(990, 510)"
"(28, 1660)","(700, 800)"
"(94, 2340)","(960, 540)"
"(340, 1970)","(980, 510)"
"(100, 1810)","(800, 700)"
"(196, 1960)","(900, 600)"
"(235, 1960)","(920, 580)"
"(55, 2460)","(960, 520)"
"(220, 1520)","(710, 780)"
"(16, 1750)","(730, 760)"
"(349, 1730)","(900, 600)"
"(13, 1520)","(620, 880)"
"(382, 1570)","(840, 650)"
"(133, 2200)","(930, 550)"
"(25, 1860)","(780, 710)"
"(334, 2530)","(1110, 390)"
"(394, 1410)","(750, 750)"
"(364, 1580)","(840, 660)"
"(115, 1970)","(860, 630)"
"(1, 1780)","(740, 760)"
"(337, 2130)","(1030, 470)"
"(100, 1540)","(660, 830)"
"(241, 1450)","(680, 820)"
"(382, 1890)","(980, 510)"
"(205, 1550)","(720, 770)"
"(313, 2510)","(1070, 390)"
"(292, 2100)","(990, 500)"
"(73, 2030)","(860, 630)"
"(268, 2040)","(960, 530)"
"(184, 2290)","(990, 510)"
"(307, 1850)","(910, 570)"
"(241, 1430)","(670, 830)"
"(277, 1520)","(750, 750)"
"(397, 1980)","(1010, 470)"
"(199, 1860)","(860, 630)"
"(139, 1480)","(650, 850)"
"(394, 1900)","(990, 500)"
"(190, 2240)","(980, 520)"
"(397, 1560)","(850, 650)"
"(355, 1890)","(960, 530)"
"(388, 1890)","(990, 510)"
"(49, 1680)","(720, 780)"
"(133, 2240)","(940, 540)"
"(16, 1940)","(810, 690)"
"(82, 2600)","(1000, 480)"
"(7, 2240)","(900, 600)"
"(19, 2100)","(860, 630)"
"(22, 1600)","(660, 830)"
"(385, 2560)","(1110, 350)"
"(130, 2120)","(920, 580)"
"(13, 2470)","(960, 540)"
"(133, 1500)","(660, 840)"
"(58, 2380)","(950, 540)"
"(7, 2300)","(910, 580)"
"(70, 1830)","(790, 710)"
"(61, 2300)","(940, 560)"
"(187, 2110)","(930, 550)"
"(43, 1950)","(820, 670)"
"(163, 1800)","(820, 670)"
"(292, 2150)","(1010, 490)"
"(190, 2180)","(960, 530)"
"(205, 2350)","(1000, 480)"
"(319, 2240)","(1040, 450)"
"(175, 2150)","(950, 550)"
"(388, 1980)","(1010, 480)"
"(394, 1980)","(1020, 480)"
"(85, 2110)","(890, 600)"
"(217, 1810)","(850, 640)"
"(52, 1600)","(680, 820)"
"(328, 2430)","(1040, 390)"
"(238, 1820)","(870, 630)"
"(49, 1630)","(690, 810)"
"(145, 1920)","(860, 640)"
"(337, 2160)","(1030, 460)"
"(55, 2290)","(920, 560)"
"(244, 1670)","(810, 690)"
"(262, 1770)","(860, 630)"
"(226, 2340)","(980, 460)"
"(151, 1780)","(810, 690)"
"(265, 2250)","(1020, 480)"
"(262, 2100)","(980, 520)"
"(214, 1700)","(810, 690)"
"(196, 2050)","(930, 570)"
"(61, 2350)","(950, 550)"
"(46, 1800)","(770, 730)"
"(82, 1890)","(820, 680)"
"(211, 2350)","(1010, 480)"
"(397, 2130)","(1050, 430)"
"(325, 2200)","(1040, 460)"
"(70, 2600)","(1000, 490)"
"(196, 2090)","(930, 550)"
"(73, 2580)","(1000, 490)"
"(382, 2230)","(1030, 400)"
"(370, 2290)","(1060, 410)"
"(46, 1980)","(840, 660)"
"(298, 1770)","(880, 610)"
"(349, 2520)","(1110, 380)"
"(343, 1770)","(910, 580)"
"(400, 1960)","(1010, 480)"
"(79, 2170)","(910, 590)"
"(319, 2390)","(1050, 410)"
"(331, 1780)","(910, 590)"
"(235, 2040)","(940, 550)"
"(61, 1980)","(840, 650)"
"(226, 1490)","(700, 800)"
"(400, 2490)","(1130, 350)"
"(43, 2540)","(980, 510)"
"(214, 2000)","(920, 570)"
"(328, 2020)","(980, 500)"
"(7, 1980)","(820, 680)"
"(151, 2280)","(960, 520)"
"(388, 1640)","(880, 610)"
"(235, 1680)","(810, 690)"
"(307, 2530)","(1100, 400)"
"(352, 1980)","(990, 500)"
"(244, 2300)","(1020, 480)"
"(214, 1430)","(650, 840)"
"(46, 1940)","(820, 670)"
"(94, 2020)","(860, 620)"
"(325, 1560)","(800, 700)"
"(61, 1540)","(650, 850)"
"(187, 2100)","(940, 560)"
"(331, 2530)","(1060, 370)"
"(118, 1500)","(650, 850)"
"(1, 2120)","(860, 630)"
"(268, 2180)","(990, 490)"
"(115, 1930)","(850, 650)"
"(307, 2240)","(1020, 450)"
"(223, 1930)","(900, 590)"
"(397, 1570)","(850, 640)"
"(43, 1770)","(750, 740)"
"(391, 2120)","(1060, 440)"
"(178, 2150)","(950, 550)"
"(283, 1640)","(820, 680)"
"(175, 2430)","(1010, 480)"
"(118, 2120)","(910, 580)"
"(373, 1420)","(740, 750)"
"(202, 2560)","(1040, 440)"
"(343, 1470)","(760, 740)"
"(322, 2300)","(1040, 430)"
"(193, 1740)","(810, 680)"
"(262, 2060)","(960, 530)"
"(169, 1540)","(700, 800)"
"(298, 1430)","(700, 800)"
"(283, 2040)","(960, 520)"
"(97, 2120)","(900, 590)"
"(91, 2510)","(1000, 500)"
"(223, 2350)","(1010, 470)"
"(361, 2270)","(1040, 410)"
"(193, 2580)","(1050, 440)"
"(334, 1410)","(710, 790)"
"(49, 1750)","(750, 750)"
"(253, 2030)","(940, 540)"
"(139, 2450)","(1000, 490)"
"(343, 2200)","(1020, 440)"
"(1, 1820)","(760, 740)"
"(181, 1580)","(730, 770)"
"(37, 1790)","(760, 740)"
"(274, 2420)","(1040, 430)"
"(349, 2340)","(1070, 410)"
"(214, 2510)","(1050, 450)"
"(91, 2360)","(960, 530)"
"(388, 2360)","(1100, 380)"
"(235, 2400)","(1040, 460)"
"(364, 2400)","(1100, 390)"
"(4, 2600)","(970, 510)"
"(136, 1990)","(870, 610)"
"(220, 2290)","(1000, 490)"
"(106, 2090)","(900, 600)"
"(40, 2530)","(980, 520)"
"(346, 1630)","(850, 650)"
"(352, 2070)","(1020, 480)"
"(355, 1680)","(880, 620)"
"(253, 2440)","(1050, 440)"
"(34, 1870)","(790, 710)"
"(259, 2530)","(1050, 410)"
"(364, 2240)","(1070, 430)"
"(346, 2380)","(1090, 410)"
"(346, 2410)","(1080, 400)"
"(85, 1510)","(640, 860)"
"(280, 1790)","(880, 610)"
"(148, 2450)","(1010, 490)"
"(331, 1860)","(940, 560)"
"(361, 2550)","(1100, 360)"
"(115, 1630)","(720, 780)"
"(349, 2420)","(1080, 400)"
"(334, 1570)","(810, 690)"
"(298, 1510)","(750, 740)"
"(274, 1700)","(840, 660)"
"(352, 1430)","(740, 760)"
"(319, 1750)","(890, 610)"
"(331, 2350)","(1070, 420)"
"(238, 1700)","(820, 680)"
"(352, 2410)","(1090, 400)"
"(163, 1810)","(830, 670)"
"(145, 2120)","(920, 570)"
"(337, 2550)","(1120, 380)"
"(229, 1500)","(710, 790)"
"(274, 2220)","(1010, 480)"
"(79, 2280)","(940, 560)"
"(49, 2320)","(940, 560)"
"(97, 2560)","(1010, 490)"
"(232, 1610)","(770, 730)"
"(250, 1680)","(820, 680)"
"(388, 2280)","(1080, 400)"
"(295, 1880)","(920, 570)"
"(34, 1640)","(690, 810)"
"(1, 2570)","(970, 520)"
"(148, 2000)","(890, 610)"
"(226, 2270)","(1000, 490)"
"(88, 1940)","(840, 660)"
"(337, 2340)","(1080, 420)"
"(175, 2140)","(940, 550)"
"(181, 2210)","(970, 530)"
"(175, 1940)","(880, 610)"
"(1, 1400)","(530, 950)"
"(16, 1670)","(700, 800)"
"(22, 1630)","(680, 820)"
"(193, 2140)","(950, 540)"
"(76, 1590)","(680, 810)"
"(208, 2070)","(930, 550)"
"(184, 2040)","(920, 580)"
"(199, 1990)","(900, 580)"
"(229, 1420)","(650, 840)"
"(337, 2450)","(1070, 390)"
"(346, 1910)","(970, 530)"
"(229, 1720)","(820, 670)"
"(361, 2000)","(1000, 490)"
"(31, 1570)","(650, 840)"
"(178, 1800)","(830, 670)"
"(7, 1810)","(750, 740)"
"(28, 2430)","(950, 540)"
"(55, 2110)","(870, 610)"
"(325, 2330)","(1070, 430)"
"(274, 1940)","(930, 560)"
"(373, 2080)","(1030, 460)"
"(400, 1650)","(900, 600)"
"(298, 2380)","(1050, 430)"
"(139, 1770)","(800, 700)"
"(367, 2380)","(1090, 400)"
"(16, 1630)","(680, 820)"
"(193, 1490)","(680, 820)"
"(388, 1730)","(930, 570)"
"(118, 2480)","(990, 490)"
"(130, 1910)","(850, 650)"
"(313, 1790)","(900, 590)"
"(286, 1770)","(880, 620)"
"(46, 1850)","(790, 710)"
"(163, 1650)","(750, 740)"
"(355, 2520)","(1120, 380)"
"(379, 1400)","(730, 760)"
"(208, 2090)","(950, 550)"
"(247, 1650)","(800, 700)"
"(157, 1670)","(760, 730)"
"(313, 2360)","(1020, 410)"
"(382, 2150)","(1060, 440)"
"(361, 2170)","(1040, 440)"
"(280, 1580)","(780, 710)"
"(85, 1970)","(850, 650)"
"(160, 2510)","(1020, 470)"
"(55, 1870)","(800, 700)"
"(298, 2030)","(980, 520)"
"(313, 1970)","(970, 530)"
"(268, 2240)","(1020, 480)"
"(130, 1890)","(840, 650)"
"(49, 1420)","(570, 930)"
"(271, 1600)","(790, 710)"
"(157, 1840)","(840, 660)"
"(328, 2000)","(980, 510)"
"(70, 2430)","(960, 520)"
"(340, 2270)","(1050, 430)"
"(85, 2450)","(970, 510)"
"(103, 2000)","(870, 630)"
"(352, 1570)","(820, 670)"
"(103, 1840)","(810, 690)"
"(184, 1770)","(820, 680)"
"(223, 1780)","(850, 650)"
"(112, 1940)","(850, 640)"
"(373, 2300)","(1080, 410)"
"(25, 2500)","(970, 530)"
"(166, 1970)","(890, 610)"
"(400, 2340)","(1100, 380)"
"(97, 2170)","(920, 580)"
"(268, 2130)","(990, 510)"
"(250, 2160)","(990, 510)"
"(271, 2420)","(1060, 440)"
"(322, 2250)","(1050, 450)"
"(214, 1950)","(900, 590)"
"(52, 2450)","(970, 530)"
"(286, 1430)","(690, 800)"
"(250, 1540)","(740, 750)"
"(163, 1900)","(860, 630)"
"(334, 1520)","(780, 710)"
"(166, 2340)","(980, 500)"
"(280, 1660)","(820, 670)"
"(187, 1800)","(830, 660)"
"(145, 2020)","(890, 600)"
"(169, 2370)","(1000, 500)"
"(316, 1720)","(870, 620)"
"(280, 2250)","(1020, 470)"
"(322, 1780)","(900, 590)"
"(271, 2290)","(1000, 450)"
"(382, 1980)","(1000, 480)"
"(13, 2010)","(830, 660)"
"(340, 2260)","(1060, 440)"
"(334, 1820)","(930, 570)"
"(91, 2310)","(940, 540)"
"(76, 2290)","(940, 560)"
"(367, 1660)","(880, 620)"
"(310, 2480)","(1070, 400)"
"(46, 2360)","(940, 550)"
"(160, 1800)","(820, 680)"
"(199, 1700)","(800, 700)"
"(22, 2450)","(950, 540)"
"(184, 2580)","(1050, 450)"
"(187, 2570)","(1050, 450)"
"(373, 2330)","(1090, 400)"
"(73, 1830)","(790, 700)"
"(61, 1720)","(740, 760)"
"(367, 2030)","(1020, 480)"
"(190, 1460)","(660, 840)"
"(13, 2480)","(960, 540)"
"(289, 2070)","(980, 510)"
"(46, 1730)","(740, 760)"
"(352, 1760)","(910, 580)"
"(367, 2120)","(1030, 450)"
"(370, 2020)","(1020, 480)"
"(370, 2570)","(1140, 360)"
"(316, 2450)","(1060, 400)"
"(169, 2090)","(930, 570)"
"(352, 1810)","(930, 560)"
"(127, 2270)","(960, 540)"
"(124, 2500)","(1010, 490)"
"(145, 1780)","(810, 690)"
"(142, 2600)","(1030, 460)"
"(241, 1810)","(870, 630)"
"(115, 2370)","(970, 520)"
"(34, 1810)","(770, 730)"
"(295, 1910)","(940, 560)"
"(133, 1880)","(840, 660)"
"(187, 2250)","(980, 520)"
"(334, 2360)","(1050, 410)"
"(4, 1620)","(670, 830)"
"(349, 1980)","(980, 500)"
"(283, 1570)","(780, 720)"
"(238, 1900)","(890, 590)"
"(346, 1920)","(970, 530)"
"(346, 2120)","(1030, 470)"
"(316, 1610)","(820, 680)"
"(37, 1410)","(550, 930)"
"(400, 2220)","(1050, 400)"
"(175, 2190)","(960, 540)"
"(361, 1870)","(960, 530)"
"(367, 1620)","(860, 640)"
"(397, 1650)","(900, 600)"
"(43, 1910)","(810, 690)"
"(337, 2310)","(1070, 430)"
"(157, 1590)","(720, 780)"
"(55, 2420)","(950, 530)"
"(196, 2070)","(930, 560)"
"(88, 2490)","(980, 500)"
"(76, 1950)","(840, 660)"
"(127, 1500)","(650, 840)"
"(25, 1730)","(730, 770)"
"(130, 2160)","(930, 570)"
"(301, 2330)","(1050, 440)"
"(106, 1980)","(860, 630)"
"(352, 2120)","(1030, 460)"
"(94, 2100)","(890, 600)"
"(355, 1850)","(940, 540)"
"(382, 1500)","(800, 690)"
"(118, 1720)","(770, 730)"
"(91, 1850)","(810, 690)"
"(202, 1840)","(860, 640)"
"(16, 2350)","(920, 560)"
"(238, 1570)","(750, 740)"
"(202, 1610)","(750, 740)"
"(397, 2240)","(1080, 400)"
"(121, 1980)","(870, 630)"
"(97, 2260)","(930, 550)"
"(13, 2530)","(970, 530)"
"(157, 2070)","(910, 580)"
"(301, 1680)","(850, 650)"
"(43, 2270)","(910, 570)"
"(334, 2010)","(980, 500)"
"(124, 1720)","(770, 730)"
"(397, 1930)","(1000, 490)"
"(388, 1680)","(900, 590)"
"(232, 1990)","(930, 570)"
"(19, 2180)","(890, 610)"
"(73, 1770)","(770, 730)"
"(70, 1480)","(620, 880)"
"(190, 1990)","(910, 590)"
"(157, 1940)","(870, 620)"
"(343, 2020)","(1000, 500)"
"(73, 1980)","(850, 650)"
"(43, 2580)","(980, 500)"
"(292, 1400)","(680, 820)"
"(214, 1690)","(800, 700)"
"(46, 1750)","(750, 750)"
"(49, 2000)","(840, 650)"
"(211, 2010)","(920, 570)"
"(109, 2420)","(980, 510)"
"(127, 1690)","(760, 740)"
"(223, 2600)","(1070, 430)"
"(238, 2450)","(1030, 440)"
"(55, 2250)","(910, 570)"
"(82, 1850)","(800, 690)"
"(271, 1410)","(670, 830)"
"(259, 1970)","(940, 560)"
"(280, 1490)","(730, 770)"
"(316, 2270)","(1030, 440)"
"(187, 2180)","(950, 530)"
"(292, 2420)","(1050, 420)"
"(58, 1450)","(590, 900)"
"(190, 1860)","(860, 640)"
"(76, 2570)","(990, 490)"
"(46, 2380)","(950, 550)"
"(235, 2360)","(1010, 460)"
"(13, 2120)","(870, 630)"
"(313, 1940)","(960, 540)"
"(283, 2150)","(990, 490)"
"(214, 2180)","(970, 520)"
"(253, 2400)","(1050, 450)"
"(34, 1780)","(750, 740)"
"(106, 1930)","(840, 650)"
"(115, 2480)","(1000, 500)"
"(310, 1490)","(750, 750)"
"(388, 2060)","(1040, 460)"
"(316, 2460)","(1060, 400)"
"(325, 2400)","(1070, 410)"
"(64, 2440)","(960, 520)"
"(88, 2470)","(990, 510)"
"(334, 1900)","(960, 540)"
"(19, 1600)","(660, 830)"
"(229, 1950)","(910, 580)"
"(193, 1660)","(780, 720)"
"(325, 1410)","(700, 790)"
"(364, 1860)","(950, 530)"
"(22, 2000)","(830, 660)"
"(295, 2460)","(1060, 410)"
"(136, 2310)","(960, 520)"
"(277, 1490)","(730, 770)"
"(325, 2370)","(1080, 420)"
"(229, 1470)","(690, 810)"
"(262, 2450)","(1060, 440)"
"(364, 1590)","(840, 650)"
"(166, 1890)","(860, 640)"
"(64, 2010)","(850, 640)"
"(205, 1460)","(670, 830)"
"(193, 1890)","(870, 620)"
"(262, 1730)","(850, 650)"
"(55, 1610)","(680, 810)"
"(160, 1600)","(730, 770)"
"(307, 1540)","(780, 720)"
"(229, 2260)","(990, 490)"
"(394, 1420)","(760, 740)"
"(259, 2440)","(1060, 440)"
"(298, 1980)","(950, 530)"
"(181, 1960)","(890, 600)"
"(199, 1530)","(710, 790)"
"(298, 2370)","(1060, 440)"
"(22, 1930)","(810, 690)"
"(382, 2090)","(1040, 450)"
"(340, 1810)","(930, 570)"
"(244, 2270)","(1000, 480)"
"(205, 2280)","(990, 500)"
"(226, 2250)","(1000, 500)"
"(109, 1560)","(680, 820)"
"(355, 1710)","(890, 600)"
"(178, 2290)","(980, 510)"
"(190, 2360)","(1010, 490)"
"(283, 2580)","(1060, 390)"
"(52, 2560)","(980, 500)"
"(289, 1510)","(750, 750)"
"(301, 1720)","(860, 630)"
"(169, 1870)","(850, 640)"
"(52, 2320)","(940, 560)"
"(202, 2460)","(1030, 460)"
"(97, 1660)","(730, 770)"
"(211, 1990)","(920, 580)"
"(61, 1660)","(710, 780)"
"(178, 1730)","(800, 700)"
"(19, 1590)","(660, 840)"
"(349, 2080)","(1020, 480)"
"(175, 2320)","(980, 500)"
"(31, 1660)","(700, 800)"
"(49, 2460)","(970, 530)"
"(46, 2060)","(860, 630)"
"(298, 2440)","(1070, 420)"
"(4, 1490)","(590, 900)"
"(253, 2490)","(1050, 430)"
"(256, 2380)","(1040, 450)"
"(61, 1920)","(820, 680)"
"(34, 1720)","(730, 770)"
"(286, 2550)","(1090, 410)"
"(37, 1820)","(770, 720)"
"(370, 2310)","(1090, 410)"
"(328, 1720)","(880, 610)"
"(313, 2410)","(1080, 420)"
"(175, 1560)","(710, 780)"
"(283, 2350)","(1040, 440)"
"(145, 2540)","(1020, 470)"
"(124, 1490)","(650, 850)"
"(148, 2440)","(1000, 490)"
"(328, 2280)","(1060, 440)"
"(358, 1490)","(780, 720)"
"(364, 1600)","(850, 650)"
"(145, 1430)","(620, 880)"
"(1, 2170)","(880, 620)"
"(160, 2560)","(1040, 460)"
"(334, 1930)","(970, 530)"
"(166, 2010)","(890, 590)"
"(388, 2020)","(1020, 470)"
"(373, 2500)","(1120, 370)"
"(178, 2110)","(940, 560)"
"(265, 2030)","(960, 540)"
"(166, 2370)","(980, 490)"
"(145, 2380)","(980, 500)"
"(325, 2170)","(1020, 460)"
"(337, 1660)","(860, 640)"
"(364, 2300)","(1080, 420)"
"(397, 1750)","(940, 560)"
"(391, 1760)","(940, 560)"
"(253, 2260)","(1010, 480)"
"(196, 1410)","(630, 870)"
"(376, 2010)","(1020, 480)"
"(103, 2140)","(900, 580)"
"(73, 2430)","(960, 520)"
"(136, 1520)","(670, 830)"
"(70, 1880)","(810, 690)"
"(112, 1990)","(870, 630)"
"(343, 2420)","(1070, 400)"
"(298, 2290)","(1050, 450)"
"(283, 2140)","(1000, 500)"
"(172, 2060)","(920, 580)"
"(319, 1640)","(840, 660)"
"(202, 2190)","(960, 520)"
"(205, 2190)","(970, 520)"
"(334, 2430)","(1080, 400)"
"(268, 2030)","(960, 540)"
"(361, 2540)","(1120, 370)"
"(25, 1750)","(740, 760)"
"(181, 2170)","(950, 540)"
"(4, 1930)","(800, 700)"
"(259, 1980)","(940, 560)"
"(340, 2330)","(1070, 420)"
"(286, 2480)","(1080, 420)"
"(211, 2400)","(1020, 470)"
"(139, 2000)","(880, 610)"
"(346, 1810)","(920, 560)"
"(64, 2190)","(910, 590)"
"(154, 1780)","(810, 690)"
"(175, 2000)","(900, 590)"
"(19, 1790)","(750, 740)"
"(391, 1560)","(840, 650)"
"(121, 1960)","(860, 630)"
"(208, 1410)","(630, 860)"
"(172, 2190)","(960, 540)"
"(223, 1900)","(890, 600)"
"(277, 2100)","(980, 510)"
"(52, 1610)","(680, 810)"
"(358, 1510)","(790, 700)"
"(253, 1680)","(820, 680)"
"(22, 2460)","(960, 540)"
"(310, 1530)","(770, 720)"
"(382, 1830)","(950, 530)"
"(55, 1680)","(720, 780)"
"(121, 1480)","(640, 860)"
"(298, 1930)","(940, 550)"
"(49, 2160)","(890, 600)"
"(226, 1640)","(780, 710)"
"(22, 2330)","(930, 570)"
"(85, 2350)","(960, 540)"
"(304, 1490)","(740, 750)"
"(370, 2370)","(1090, 390)"
"(37, 1950)","(820, 670)"
"(133, 2500)","(1000, 480)"
"(331, 1620)","(840, 660)"
"(61, 2580)","(1000, 500)"
"(37, 1510)","(620, 880)"
"(205, 2570)","(1060, 440)"
"(196, 1820)","(850, 650)"
"(157, 1480)","(660, 840)"
"(130, 2130)","(910, 570)"
"(343, 2360)","(1050, 400)"
"(88, 2010)","(860, 630)"
"(376, 1850)","(960, 530)"
"(187, 1490)","(680, 820)"
"(202, 1650)","(770, 720)"
"(349, 2120)","(1020, 460)"
"(61, 1620)","(690, 810)"
"(313, 1890)","(940, 560)"
"(136, 2000)","(880, 610)"
"(226, 1580)","(750, 740)"
"(34, 2070)","(850, 630)"
"(181, 2180)","(960, 540)"
"(79, 1910)","(830, 670)"
"(280, 2230)","(1010, 470)"
"(133, 1830)","(820, 680)"
"(196, 1930)","(890, 610)"
"(115, 1410)","(590, 910)"
"(61, 2230)","(920, 580)"
"(361, 2380)","(1070, 390)"
"(91, 1420)","(590, 910)"
"(175, 1690)","(780, 720)"
"(325, 2320)","(1060, 430)"
"(304, 1790)","(900, 600)"
"(397, 2200)","(1060, 410)"
"(394, 2400)","(1100, 370)"
"(7, 2540)","(970, 530)"
"(94, 1770)","(780, 720)"
"(37, 2330)","(930, 560)"
"(400, 2360)","(1050, 360)"
"(271, 2200)","(1010, 490)"
"(301, 2000)","(970, 530)"
"(181, 2260)","(980, 520)"
"(58, 1970)","(840, 660)"
"(298, 2080)","(980, 500)"
"(394, 2480)","(1130, 360)"
"(211, 2500)","(1050, 450)"
"(97, 2050)","(870, 610)"
"(295, 2320)","(1030, 440)"
"(208, 2020)","(920, 570)"
"(211, 2050)","(940, 560)"
"(223, 2570)","(1060, 430)"
"(85, 2380)","(960, 530)"
"(148, 1410)","(600, 890)"
"(121, 1930)","(850, 640)"
"(322, 1450)","(730, 770)"
"(85, 1790)","(780, 720)"
"(367, 1520)","(800, 690)"
"(43, 1780)","(760, 740)"
"(289, 2480)","(1060, 410)"
"(280, 1920)","(920, 560)"
"(73, 2140)","(900, 600)"
"(223, 1750)","(830, 660)"
"(331, 1900)","(950, 540)"
"(199, 1570)","(730, 760)"
"(133, 2530)","(1020, 480)"
"(64, 1540)","(650, 850)"
"(334, 2270)","(1060, 440)"
"(259, 2400)","(1050, 450)"
"(382, 1930)","(1000, 500)"
"(349, 1550)","(810, 690)"
"(1, 2560)","(960, 520)"
"(391, 2360)","(1060, 370)"
"(316, 2490)","(1090, 400)"
"(172, 2220)","(960, 530)"
"(82, 1660)","(720, 780)"
"(361, 1570)","(830, 670)"
"(229, 2280)","(1010, 490)"
"(58, 1510)","(630, 870)"
"(142, 1570)","(700, 790)"
"(193, 2500)","(1040, 460)"
"(220, 1470)","(680, 810)"
"(196, 2240)","(970, 510)"
"(127, 2300)","(960, 530)"
"(91, 1810)","(790, 700)"
"(133, 1910)","(850, 650)"
"(283, 1620)","(810, 690)"
"(22, 1530)","(630, 870)"
"(361, 2520)","(1080, 360)"
"(391, 1800)","(960, 540)"
"(157, 1890)","(850, 640)"
"(184, 2100)","(940, 560)"
"(274, 1710)","(840, 650)"
"(391, 2040)","(1030, 460)"
"(370, 1800)","(940, 550)"
"(196, 2600)","(1060, 440)"
"(238, 1550)","(740, 750)"
"(61, 2100)","(870, 610)"
"(97, 2410)","(980, 520)"
"(340, 2460)","(1100, 400)"
"(64, 1470)","(610, 890)"
"(34, 1430)","(570, 930)"
"(277, 1810)","(890, 610)"
"(376, 2450)","(1090, 370)"
"(304, 2400)","(1060, 420)"
"(268, 1760)","(860, 630)"
"(286, 2250)","(1030, 470)"
"(370, 2330)","(1080, 400)"
"(151, 1850)","(840, 660)"
"(283, 2190)","(1000, 480)"
"(181, 2130)","(940, 550)"
"(259, 1610)","(790, 710)"
"(178, 2030)","(910, 580)"
"(130, 1870)","(830, 660)"
"(313, 1860)","(930, 570)"
"(70, 1440)","(590, 910)"
"(100, 1890)","(830, 670)"
"(385, 1970)","(1010, 490)"
"(13, 2050)","(840, 650)"
"(253, 1400)","(650, 840)"
"(385, 2310)","(1070, 390)"
"(37, 2250)","(910, 580)"
"(232, 2230)","(1000, 500)"
"(112, 2280)","(950, 540)"
"(379, 1700)","(910, 590)"
"(313, 1620)","(820, 670)"
"(10, 1980)","(820, 680)"
"(10, 1410)","(540, 940)"
"(250, 2290)","(1020, 480)"
"(202, 2060)","(930, 560)"
"(385, 2150)","(1060, 440)"
"(238, 2550)","(1050, 420)"
"(172, 2030)","(900, 580)"
"(238, 2370)","(1020, 460)"
"(115, 2270)","(940, 540)"
"(253, 2120)","(980, 520)"
"(67, 1620)","(690, 800)"
"(196, 2150)","(960, 540)"
"(310, 2090)","(990, 490)"
"(211, 2140)","(950, 530)"
"(118, 2310)","(960, 530)"
"(130, 2490)","(1010, 490)"
"(124, 1560)","(690, 810)"
"(241, 1530)","(730, 760)"
"(205, 2290)","(1000, 500)"
"(250, 1410)","(660, 840)"
"(343, 2100)","(1010, 470)"
"(307, 2200)","(1030, 470)"
"(49, 1800)","(770, 730)"
"(115, 1700)","(760, 740)"
"(82, 2180)","(910, 580)"
"(91, 2350)","(950, 530)"
"(187, 1700)","(790, 710)"
"(208, 1810)","(850, 650)"
"(364, 1870)","(960, 530)"
"(280, 2110)","(990, 510)"
"(145, 2040)","(890, 590)"
"(190, 1580)","(730, 760)"
"(280, 1650)","(820, 680)"
"(31, 2420)","(950, 540)"
"(298, 2010)","(960, 520)"
"(187, 1470)","(660, 830)"
"(100, 1650)","(720, 770)"
"(256, 2420)","(1040, 440)"
"(58, 1420)","(570, 920)"
"(223, 1440)","(660, 830)"
"(400, 1740)","(940, 560)"
"(46, 1600)","(670, 820)"
"(178, 2530)","(1040, 460)"
"(4, 1950)","(810, 690)"
"(103, 1410)","(580, 910)"
"(211, 2120)","(960, 540)"
"(274, 2450)","(1070, 430)"
"(355, 1620)","(850, 640)"
"(325, 1710)","(870, 620)"
"(118, 2200)","(930, 560)"
"(22, 1670)","(700, 800)"
"(181, 2020)","(900, 580)"
"(163, 2400)","(1000, 490)"
"(385, 2270)","(1080, 410)"
"(238, 2360)","(1030, 470)"
"(391, 1910)","(990, 500)"
"(397, 1490)","(810, 690)"
"(292, 2210)","(1010, 470)"
"(334, 1880)","(950, 550)"
"(103, 2600)","(1020, 480)"
"(124, 1510)","(660, 840)"
"(250, 2260)","(1010, 480)"
"(400, 2460)","(1120, 360)"
"(370, 1790)","(940, 560)"
"(358, 2200)","(1060, 440)"
"(97, 2330)","(960, 540)"
"(157, 1680)","(770, 730)"
"(316, 1930)","(950, 540)"
"(103, 2210)","(920, 560)"
"(364, 1980)","(1000, 500)"
"(274, 2370)","(1030, 440)"
"(88, 2380)","(970, 530)"
"(130, 1840)","(820, 670)"
"(154, 1510)","(670, 820)"
"(178, 2550)","(1030, 450)"
"(154, 1750)","(800, 700)"
"(331, 2440)","(1060, 390)"
"(217, 1590)","(750, 740)"
"(370, 1820)","(950, 550)"
"(16, 2230)","(900, 600)"
"(43, 2170)","(890, 600)"
"(187, 2530)","(1030, 450)"
"(256, 1730)","(840, 650)"
"(160, 2270)","(960, 520)"
"(184, 1610)","(740, 750)"
"(280, 1590)","(790, 710)"
"(166, 2410)","(1010, 490)"
"(394, 2010)","(1030, 470)"
"(358, 2430)","(1110, 390)"
"(94, 1890)","(820, 670)"
"(151, 2150)","(940, 560)"
"(364, 2410)","(1080, 380)"
"(217, 1450)","(670, 830)"
"(70, 2380)","(960, 540)"
"(106, 2210)","(920, 560)"
"(169, 2040)","(910, 580)"
"(52, 1720)","(740, 760)"
"(247, 1550)","(750, 750)"
"(205, 1470)","(670, 820)"
"(214, 1890)","(880, 610)"
"(217, 2020)","(930, 570)"
"(304, 2250)","(1040, 460)"
"(127, 1790)","(800, 700)"
"(61, 2540)","(980, 500)"
"(340, 2410)","(1070, 400)"
"(223, 2370)","(1020, 470)"
"(235, 2460)","(1050, 450)"
"(109, 2070)","(890, 600)"
"(313, 2280)","(1050, 450)"
"(391, 2160)","(1070, 430)"
"(340, 2440)","(1070, 390)"
"(337, 1670)","(860, 630)"
"(301, 1770)","(890, 610)"
"(217, 1600)","(760, 740)"
"(271, 1520)","(740, 750)"
"(205, 2030)","(930, 570)"
"(217, 1770)","(840, 660)"
"(370, 2360)","(1080, 390)"
"(91, 1570)","(680, 820)"
"(91, 1700)","(740, 750)"
"(355, 2160)","(1040, 450)"
"(55, 2400)","(960, 540)"
"(391, 2050)","(1040, 460)"
"(313, 1480)","(740, 750)"
"(160, 1520)","(680, 810)"
"(298, 1650)","(830, 670)"
"(220, 2210)","(980, 510)"
"(34, 2010)","(840, 660)"
"(148, 1790)","(810, 690)"
"(247, 1860)","(880, 600)"
"(172, 1790)","(820, 670)"
"(154, 2460)","(1000, 480)"
"(244, 2090)","(960, 530)"
"(232, 1480)","(700, 800)"
"(235, 2390)","(1030, 460)"
"(82, 2340)","(950, 540)"
"(184, 1960)","(890, 600)"
"(259, 2070)","(970, 530)"
"(1, 2260)","(890, 590)"
"(49, 2020)","(850, 650)"
"(286, 2420)","(1070, 430)"
"(124, 2020)","(880, 610)"
"(241, 2020)","(940, 550)"
"(154, 2330)","(980, 510)"
"(94, 2430)","(970, 510)"
"(40, 2220)","(910, 590)"
"(271, 2390)","(1040, 440)"
"(166, 1590)","(720, 770)"
"(352, 1580)","(830, 670)"
"(19, 2300)","(920, 580)"
"(7, 2430)","(940, 550)"
"(259, 1440)","(680, 810)"
"(208, 1660)","(780, 710)"
"(322, 2530)","(1070, 380)"
"(277, 1470)","(710, 780)"
"(376, 1460)","(770, 720)"
"(226, 1780)","(850, 650)"
"(166, 1770)","(810, 680)"
"(103, 2110)","(900, 590)"
"(220, 1950)","(910, 590)"
"(142, 2360)","(980, 510)"
"(97, 1520)","(650, 840)"
"(370, 1540)","(820, 680)"
"(88, 1730)","(760, 740)"
"(169, 1780)","(820, 680)"
"(217, 1530)","(720, 780)"
"(205, 2050)","(930, 560)"
"(400, 2250)","(1090, 410)"
"(46, 2150)","(890, 610)"
"(367, 2280)","(1080, 420)"
"(52, 2480)","(970, 520)"
"(328, 2160)","(1030, 470)"
"(160, 1680)","(770, 730)"
"(373, 2540)","(1130, 360)"
"(13, 1750)","(730, 760)"
"(1, 2290)","(910, 590)"
"(184, 2590)","(1040, 440)"
"(139, 1820)","(820, 680)"
"(109, 2330)","(960, 530)"
"(58, 2560)","(990, 500)"
"(232, 1450)","(680, 820)"
"(211, 1520)","(710, 790)"
"(16, 2450)","(950, 540)"
"(262, 2390)","(1050, 450)"
"(295, 1420)","(690, 800)"
"(148, 2050)","(900, 590)"
"(298, 1940)","(950, 550)"
"(343, 1420)","(720, 770)"
"(166, 2250)","(970, 530)"
"(277, 2320)","(1040, 460)"
"(13, 1650)","(690, 810)"
"(34, 2290)","(920, 570)"
"(157, 2440)","(1010, 490)"
"(169, 2130)","(940, 560)"
"(334, 2450)","(1080, 400)"
"(193, 1790)","(830, 660)"
"(94, 2130)","(900, 590)"
"(274, 1600)","(790, 710)"
"(322, 2350)","(1070, 430)"
"(16, 1870)","(780, 710)"
"(328, 1600)","(820, 670)"
"(97, 1530)","(660, 840)"
"(370, 2150)","(1040, 440)"
"(391, 1740)","(930, 560)"
"(139, 2410)","(990, 500)"
"(361, 1940)","(990, 510)"
"(334, 1640)","(850, 650)"
"(274, 1450)","(700, 800)"
"(259, 1550)","(750, 740)"
"(88, 2330)","(950, 540)"
"(193, 2460)","(1030, 470)"
"(397, 2370)","(1080, 370)"
"(373, 2030)","(1010, 470)"
"(28, 2410)","(950, 550)"
"(373, 2280)","(1090, 410)"
"(322, 2100)","(1010, 490)"
"(226, 1400)","(640, 860)"
"(151, 2140)","(930, 560)"
"(394, 2450)","(1100, 360)"
"(337, 2080)","(1010, 480)"
"(235, 1920)","(910, 590)"
"(46, 2240)","(910, 580)"
"(133, 1950)","(860, 630)"
"(25, 2310)","(920, 570)"
"(136, 1910)","(850, 640)"
"(214, 2540)","(1050, 440)"
"(283, 1860)","(900, 580)"
"(61, 2010)","(850, 640)"
"(394, 2300)","(1080, 390)"
"(22, 1580)","(650, 840)"
"(337, 1570)","(810, 680)"
"(94, 2480)","(980, 500)"
"(151, 1460)","(640, 860)"
"(337, 1960)","(980, 520)"
"(109, 2010)","(870, 620)"
"(319, 1800)","(910, 590)"
"(262, 2090)","(970, 520)"
"(295, 1570)","(790, 710)"
"(226, 1620)","(770, 720)"
"(103, 1930)","(840, 650)"
"(148, 2330)","(970, 510)"
"(4, 2420)","(930, 550)"
"(400, 2540)","(1120, 340)"
"(139, 1530)","(680, 820)"
"(388, 1520)","(820, 680)"
"(166, 1630)","(750, 750)"
"(31, 2100)","(870, 630)"
"(253, 1420)","(670, 830)"
"(352, 2030)","(1010, 490)"
"(337, 1900)","(960, 540)"
"(28, 1960)","(820, 680)"
"(268, 2340)","(1040, 460)"
"(334, 2550)","(1090, 370)"
"(76, 1800)","(780, 710)"
"(106, 2160)","(920, 580)"
"(70, 2070)","(860, 610)"
"(256, 2490)","(1070, 430)"
"(79, 2030)","(870, 630)"
"(364, 1700)","(900, 600)"
"(76, 1610)","(690, 800)"
"(196, 1590)","(740, 760)"
"(259, 1400)","(660, 840)"
"(52, 1990)","(840, 650)"
"(181, 1910)","(870, 620)"
"(241, 1570)","(750, 740)"
"(289, 1440)","(700, 790)"
"(55, 1940)","(830, 670)"
"(1, 2580)","(970, 520)"
"(202, 1960)","(900, 590)"
"(100, 1690)","(740, 750)"
"(340, 2220)","(1040, 440)"
"(343, 2500)","(1090, 380)"
"(160, 1990)","(880, 600)"
"(244, 2350)","(1010, 460)"
"(202, 2530)","(1050, 450)"
"(73, 1910)","(820, 670)"
"(202, 2350)","(1000, 480)"
"(172, 1460)","(650, 850)"
"(85, 1910)","(830, 670)"
"(151, 2220)","(950, 540)"
"(208, 1560)","(730, 770)"
"(379, 1910)","(990, 510)"
"(130, 2380)","(980, 510)"
"(142, 1650)","(740, 750)"
"(346, 1940)","(980, 520)"
"(175, 1920)","(870, 620)"
"(346, 2370)","(1060, 400)"
"(244, 2140)","(980, 520)"
"(187, 2310)","(990, 500)"
"(247, 1740)","(840, 650)"
"(217, 2570)","(1050, 430)"
"(31, 1810)","(770, 730)"
"(7, 2470)","(950, 540)"
"(202, 2110)","(950, 550)"
"(37, 1460)","(590, 910)"
"(304, 2310)","(1050, 440)"
"(25, 2370)","(940, 560)"
"(133, 1560)","(690, 800)"
"(250, 2100)","(960, 520)"
"(34, 2570)","(980, 510)"
"(7, 2170)","(880, 620)"
"(166, 2020)","(900, 590)"
"(298, 1970)","(960, 540)"
"(142, 1900)","(850, 650)"
"(238, 2510)","(1050, 430)"
"(238, 2180)","(990, 510)"
"(268, 2420)","(1060, 440)"
"(142, 2130)","(930, 570)"
"(337, 2430)","(1060, 390)"
"(202, 1580)","(740, 760)"
"(319, 1690)","(860, 630)"
"(229, 2350)","(1020, 470)"
"(70, 1900)","(820, 680)"
"(256, 1610)","(780, 710)"
"(343, 1640)","(850, 640)"
"(358, 2070)","(1020, 470)"
"(247, 1580)","(760, 730)"
"(88, 1820)","(790, 700)"
"(88, 2220)","(930, 570)"
"(169, 1770)","(810, 680)"
"(265, 1640)","(810, 690)"
"(88, 2600)","(1010, 480)"
"(268, 1750)","(860, 640)"
"(214, 2600)","(1070, 430)"
"(385, 2390)","(1110, 390)"
"(268, 1970)","(930, 550)"
"(295, 1410)","(680, 810)"
"(370, 2030)","(1020, 480)"
"(370, 1430)","(750, 750)"
"(229, 2420)","(1040, 460)"
"(25, 1480)","(600, 900)"
"(52, 2490)","(980, 520)"
"(334, 2310)","(1070, 430)"
"(148, 1800)","(810, 680)"
"(169, 2070)","(910, 570)"
"(109, 2600)","(1010, 470)"
"(286, 2130)","(1000, 500)"
"(388, 1810)","(960, 540)"
"(46, 2250)","(920, 580)"
"(175, 1970)","(890, 600)"
"(394, 2430)","(1120, 370)"
"(301, 1700)","(860, 640)"
"(4, 2260)","(900, 590)"
"(376, 1910)","(980, 510)"
"(136, 1830)","(820, 670)"
"(124, 1840)","(820, 680)"
"(160, 2060)","(910, 580)"
"(178, 2300)","(990, 510)"
"(280, 2300)","(990, 440)"
"(253, 1660)","(810, 690)"
"(292, 2580)","(1100, 400)"
"(31, 2130)","(880, 620)"
"(97, 2230)","(930, 560)"
"(19, 1920)","(800, 690)"
"(70, 2300)","(940, 560)"
"(88, 2500)","(990, 500)"
"(91, 1970)","(850, 640)"
"(238, 1500)","(710, 780)"
"(79, 2040)","(860, 620)"
"(142, 2440)","(1000, 490)"
"(157, 2160)","(930, 550)"
"(67, 2380)","(960, 540)"
"(100, 1940)","(850, 650)"
"(64, 1870)","(800, 690)"
"(154, 1620)","(730, 760)"
"(343, 2250)","(1060, 440)"
"(70, 2550)","(990, 500)"
"(292, 1690)","(850, 650)"
"(97, 1400)","(570, 920)"
"(43, 1570)","(660, 840)"
"(73, 1890)","(810, 680)"
"(193, 2060)","(930, 570)"
"(61, 1630)","(700, 800)"
"(304, 2210)","(1030, 470)"
"(328, 2410)","(1080, 410)"
"(178, 2240)","(970, 520)"
"(343, 1680)","(870, 620)"
"(352, 1640)","(860, 640)"
"(64, 1920)","(820, 670)"
"(190, 2490)","(1030, 460)"
"(385, 2450)","(1080, 360)"
"(31, 2050)","(850, 640)"
"(190, 2280)","(990, 510)"
"(91, 2470)","(990, 510)"
"(376, 1440)","(760, 740)"
"(34, 2520)","(970, 520)"
"(13, 2020)","(830, 660)"
"(298, 2190)","(1010, 470)"
"(244, 2580)","(1080, 420)"
"(193, 2510)","(1040, 460)"
"(73, 1570)","(670, 830)"
"(91, 1630)","(710, 790)"
"(370, 1640)","(870, 620)"
"(76, 1640)","(710, 790)"
"(289, 1810)","(890, 600)"
"(46, 2230)","(900, 580)"
"(238, 2400)","(1000, 440)"
"(199, 1800)","(840, 660)"
"(28, 2350)","(930, 560)"
"(130, 1490)","(650, 850)"
"(247, 1570)","(760, 740)"
"(118, 2360)","(970, 520)"
"(328, 1510)","(770, 720)"
"(364, 2530)","(1120, 370)"
"(112, 1910)","(840, 660)"
"(229, 2580)","(1050, 420)"
"(163, 2010)","(900, 600)"
"(364, 1800)","(940, 560)"
"(58, 2070)","(860, 620)"
"(316, 1420)","(700, 790)"
"(262, 1720)","(840, 650)"
"(4, 1560)","(630, 860)"
"(229, 2160)","(980, 520)"
"(61, 1510)","(630, 870)"
"(394, 2390)","(1110, 370)"
"(124, 2280)","(960, 540)"
"(241, 2070)","(960, 540)"
"(361, 2080)","(1030, 470)"
"(322, 2500)","(1100, 400)"
"(298, 1540)","(770, 730)"
"(19, 1640)","(680, 810)"
"(169, 1890)","(860, 640)"
"(229, 1430)","(660, 840)"
"(367, 1560)","(830, 670)"
"(22, 2280)","(910, 580)"
"(265, 1870)","(900, 590)"
"(163, 2120)","(930, 560)"
"(172, 2490)","(1030, 470)"
"(274, 2070)","(970, 520)"
"(196, 1580)","(740, 760)"
"(214, 1470)","(680, 820)"
"(121, 2160)","(920, 570)"
"(19, 1460)","(580, 910)"
"(280, 1980)","(940, 540)"
"(262, 2030)","(960, 540)"
"(253, 1740)","(850, 650)"
"(196, 2480)","(1030, 460)"
"(76, 2350)","(950, 540)"
"(328, 1960)","(960, 520)"
"(211, 1980)","(910, 580)"
"(325, 2150)","(1020, 470)"
"(64, 1820)","(780, 710)"
"(187, 2240)","(980, 520)"
"(166, 2140)","(930, 550)"
"(226, 2500)","(1050, 440)"
"(82, 2210)","(910, 570)"
"(316, 1800)","(910, 590)"
"(13, 1800)","(750, 740)"
"(379, 1850)","(970, 530)"
"(124, 2040)","(880, 600)"
"(385, 2510)","(1130, 360)"
"(145, 1950)","(870, 630)"
"(370, 2060)","(1030, 470)"
"(334, 1690)","(870, 620)"
"(19, 2310)","(910, 570)"
"(169, 2200)","(960, 540)"
"(199, 1830)","(850, 640)"
"(157, 1520)","(680, 820)"
"(280, 1470)","(720, 780)"
"(118, 1860)","(820, 670)"
"(211, 1880)","(880, 620)"
"(46, 1810)","(770, 720)"
"(169, 2600)","(1040, 450)"
"(313, 1450)","(720, 770)"
"(58, 1820)","(780, 710)"
"(85, 2360)","(950, 530)"
"(85, 2070)","(880, 610)"
"(253, 1780)","(860, 630)"
"(46, 2030)","(850, 640)"
"(4, 1680)","(700, 800)"
"(202, 2170)","(970, 530)"
"(100, 1600)","(700, 800)"
"(370, 1400)","(730, 770)"
"(109, 2190)","(930, 570)"
"(142, 2390)","(980, 500)"
"(79, 1420)","(580, 920)"
"(148, 2260)","(960, 530)"
"(175, 1590)","(730, 770)"
"(4, 2120)","(860, 630)"
"(88, 2370)","(960, 530)"
"(106, 1410)","(590, 910)"
"(367, 2300)","(1090, 410)"
"(115, 2250)","(950, 550)"
"(286, 1960)","(950, 550)"
"(178, 2520)","(1030, 460)"
"(346, 2100)","(1020, 470)"
"(316, 1730)","(880, 620)"
"(247, 2050)","(950, 540)"
"(67, 1830)","(790, 710)"
"(313, 2340)","(1060, 430)"
"(259, 1410)","(660, 830)"
"(160, 2210)","(960, 540)"
"(253, 1470)","(700, 800)"
"(154, 2600)","(1040, 460)"
"(391, 2410)","(1090, 370)"
"(358, 1630)","(860, 640)"
"(292, 1900)","(920, 560)"
"(265, 1560)","(760, 730)"
"(385, 2490)","(1120, 360)"
"(91, 2260)","(940, 560)"
"(313, 2160)","(1010, 470)"
"(361, 2430)","(1080, 380)"
"(157, 1550)","(700, 800)"
"(79, 2400)","(970, 530)"
"(226, 1830)","(870, 630)"
"(343, 2140)","(1030, 460)"
"(253, 1940)","(920, 570)"
"(244, 1650)","(800, 700)"
"(148, 1690)","(770, 730)"
"(19, 2460)","(960, 540)"
"(382, 1690)","(900, 590)"
"(49, 1690)","(720, 780)"
"(379, 1870)","(970, 520)"
"(295, 2070)","(990, 510)"
"(25, 1580)","(650, 840)"
"(340, 2170)","(1040, 460)"
"(337, 2300)","(1070, 430)"
"(187, 1860)","(860, 640)"
"(145, 2350)","(980, 510)"
"(337, 2010)","(990, 500)"
"(136, 2530)","(1020, 480)"
"(169, 2310)","(980, 510)"
"(307, 1810)","(910, 590)"
"(340, 2290)","(1070, 430)"
"(28, 1880)","(790, 700)"
"(253, 1830)","(880, 610)"
"(61, 1900)","(810, 680)"
"(10, 2280)","(900, 580)"
"(157, 1720)","(780, 710)"
"(223, 1610)","(770, 730)"
"(148, 1960)","(870, 620)"
"(352, 1470)","(760, 730)"
"(289, 2080)","(990, 510)"
"(259, 1990)","(940, 550)"
"(70, 2190)","(900, 580)"
"(142, 2040)","(900, 600)"
"(133, 1530)","(670, 820)"
"(253, 2430)","(1050, 450)"
"(82, 2230)","(930, 570)"
"(319, 2590)","(1070, 370)"
"(49, 1860)","(790, 700)"
"(175, 2500)","(1030, 470)"
"(295, 1470)","(730, 770)"
"(169, 1830)","(840, 660)"
"(397, 2290)","(1080, 390)"
"(301, 1660)","(840, 660)"
"(106, 1440)","(610, 890)"
"(31, 2330)","(920, 560)"
"(37, 1930)","(810, 680)"
"(136, 1420)","(610, 890)"
"(346, 1700)","(880, 610)"
"(325, 1690)","(870, 630)"
"(367, 1870)","(970, 530)"
"(22, 2370)","(940, 560)"
"(178, 2250)","(970, 520)"
"(106, 2500)","(990, 490)"
"(322, 1960)","(970, 530)"
"(250, 2040)","(950, 540)"
"(313, 1560)","(790, 700)"
"(103, 1510)","(650, 850)"
"(379, 1600)","(860, 640)"
"(133, 1690)","(760, 740)"
"(130, 1720)","(770, 720)"
"(223, 2180)","(980, 520)"
"(73, 1480)","(620, 880)"
"(226, 1530)","(720, 770)"
"(10, 1530)","(620, 880)"
"(373, 2360)","(1080, 390)"
"(259, 1560)","(760, 740)"
"(226, 2590)","(1070, 430)"
"(202, 1620)","(760, 740)"
"(16, 1480)","(590, 900)"
"(382, 1440)","(760, 730)"
"(289, 2210)","(1010, 470)"
"(229, 1970)","(920, 580)"
"(289, 2370)","(1040, 430)"
"(43, 2050)","(860, 640)"
"(16, 2340)","(930, 570)"
"(13, 2030)","(840, 660)"
"(22, 2210)","(900, 600)"
"(37, 2370)","(940, 550)"
"(13, 2060)","(850, 650)"
"(37, 2570)","(990, 510)"
"(304, 1660)","(840, 660)"
"(73, 2370)","(960, 540)"
"(208, 1430)","(650, 850)"
"(265, 2230)","(1010, 480)"
"(142, 1590)","(710, 780)"
"(49, 2130)","(880, 610)"
"(361, 2330)","(1090, 410)"
"(49, 2440)","(960, 530)"
"(190, 2420)","(1020, 480)"
"(145, 2580)","(1020, 460)"
"(250, 2480)","(1050, 430)"
"(34, 1600)","(670, 830)"
"(322, 1600)","(820, 680)"
"(388, 2260)","(1080, 410)"
"(40, 1980)","(830, 660)"
"(394, 1480)","(800, 700)"
"(307, 2190)","(1020, 470)"
"(67, 2540)","(990, 500)"
"(394, 2420)","(1120, 380)"
"(196, 1800)","(840, 660)"
"(94, 2220)","(930, 570)"
"(292, 2000)","(960, 530)"
"(37, 2150)","(880, 610)"
"(187, 2150)","(950, 540)"
"(244, 2010)","(930, 550)"
"(79, 1460)","(610, 890)"
"(355, 1490)","(780, 720)"
"(235, 2110)","(970, 530)"
"(55, 1910)","(810, 680)"
"(4, 1500)","(600, 900)"
"(181, 2200)","(960, 530)"
"(286, 2330)","(1040, 450)"
"(37, 1780)","(760, 740)"
"(193, 1990)","(910, 590)"
"(1, 1990)","(820, 680)"
"(247, 1680)","(810, 680)"
"(13, 1560)","(640, 860)"
"(166, 2560)","(1040, 460)"
"(202, 1680)","(790, 710)"
"(295, 2580)","(1090, 390)"
"(34, 1650)","(690, 800)"
"(253, 2570)","(1080, 420)"
"(118, 1680)","(750, 750)"
"(235, 1670)","(800, 690)"
"(115, 2600)","(1020, 470)"
"(271, 1950)","(940, 560)"
"(334, 2080)","(1000, 480)"
"(214, 1910)","(880, 600)"
"(220, 1910)","(890, 600)"
"(322, 2120)","(1010, 480)"
"(307, 2320)","(1050, 440)"
"(202, 2330)","(1000, 490)"
"(148, 1540)","(690, 810)"
"(382, 1560)","(840, 660)"
"(295, 2060)","(980, 510)"
"(100, 2010)","(860, 620)"
"(169, 1590)","(730, 770)"
"(265, 2600)","(1070, 400)"
"(196, 1650)","(770, 720)"
"(337, 2570)","(1120, 380)"
"(253, 1650)","(800, 690)"
"(289, 1670)","(830, 660)"
"(265, 1450)","(690, 800)"
"(58, 1580)","(670, 830)"
"(220, 2300)","(1010, 490)"
"(217, 2100)","(950, 540)"
"(316, 2350)","(1020, 410)"
"(274, 2310)","(1040, 460)"
"(313, 2420)","(1080, 420)"
"(223, 1830)","(870, 630)"
"(286, 2440)","(1070, 430)"
"(112, 2390)","(980, 520)"
"(253, 2580)","(1080, 420)"
"(280, 1950)","(930, 550)"
"(151, 2470)","(1010, 480)"
"(343, 2340)","(1050, 410)"
"(145, 1910)","(860, 640)"
"(58, 2370)","(940, 540)"
"(112, 2420)","(980, 510)"
"(223, 2400)","(1020, 460)"
"(340, 2570)","(1110, 370)"
"(250, 1780)","(860, 640)"
"(295, 1670)","(840, 660)"
"(142, 1940)","(870, 630)"
"(232, 1800)","(860, 640)"
"(109, 1840)","(810, 680)"
"(322, 2000)","(970, 510)"
"(352, 1690)","(880, 610)"
"(370, 1870)","(970, 530)"
"(133, 1860)","(830, 660)"
"(76, 1690)","(730, 760)"
"(55, 2130)","(890, 610)"
"(37, 1870)","(790, 700)"
"(382, 1520)","(820, 680)"
"(79, 2350)","(950, 540)"
"(253, 1930)","(920, 580)"
"(268, 2280)","(1030, 470)"
"(163, 2100)","(930, 570)"
"(244, 2400)","(1030, 450)"
"(208, 2350)","(1010, 480)"
"(91, 1910)","(830, 670)"
"(106, 1960)","(860, 640)"
"(280, 1630)","(810, 690)"
"(199, 2130)","(950, 540)"
"(397, 2030)","(1030, 460)"
"(259, 2080)","(970, 530)"
"(112, 1540)","(670, 830)"
"(34, 1450)","(580, 910)"
"(253, 1480)","(710, 790)"
"(385, 2600)","(1140, 350)"
"(178, 1960)","(880, 600)"
"(40, 2020)","(850, 650)"
"(100, 2190)","(920, 570)"
"(1, 2540)","(970, 530)"
"(232, 1630)","(780, 710)"
"(187, 1410)","(620, 870)"
"(349, 1460)","(750, 740)"
"(82, 1470)","(610, 880)"
"(298, 1550)","(780, 720)"
"(67, 2290)","(940, 560)"
"(391, 2220)","(1060, 410)"
"(208, 2040)","(920, 560)"
"(328, 1740)","(890, 610)"
"(196, 1510)","(690, 800)"
"(223, 2540)","(1060, 440)"
"(235, 2470)","(1040, 440)"
"(193, 2170)","(950, 530)"
"(199, 2470)","(1030, 460)"
"(220, 1860)","(880, 620)"
"(184, 2470)","(1030, 470)"
"(247, 2500)","(1050, 430)"
"(304, 1670)","(840, 650)"
"(115, 1860)","(820, 670)"
"(169, 1860)","(850, 650)"
"(271, 2450)","(1060, 430)"
"(358, 1650)","(870, 630)"
"(355, 2340)","(1080, 410)"
"(160, 1900)","(860, 640)"
"(340, 2130)","(1030, 470)"
"(151, 1860)","(840, 660)"
"(136, 1740)","(780, 710)"
"(304, 2040)","(980, 510)"
"(52, 2150)","(890, 600)"
"(136, 2160)","(920, 560)"
"(31, 1440)","(570, 920)"
"(79, 1640)","(710, 790)"
"(271, 1750)","(860, 640)"
"(130, 2030)","(880, 600)"
"(82, 1490)","(630, 870)"
"(4, 2040)","(840, 660)"
"(370, 1700)","(900, 600)"
"(7, 2040)","(840, 660)"
"(352, 1950)","(980, 510)"
"(55, 1420)","(570, 930)"
"(160, 1980)","(890, 610)"
"(271, 1480)","(720, 780)"
"(181, 2060)","(920, 570)"
"(4, 1940)","(800, 690)"
"(355, 1780)","(920, 570)"
"(22, 2360)","(930, 560)"
"(94, 2570)","(1010, 490)"
"(127, 2090)","(910, 590)"
"(43, 1430)","(570, 920)"
"(268, 2570)","(1080, 410)"
"(283, 1690)","(840, 660)"
"(313, 1440)","(720, 780)"
"(346, 1770)","(910, 580)"
"(277, 2080)","(980, 520)"
"(364, 1930)","(980, 510)"
"(25, 1690)","(710, 790)"
"(373, 2490)","(1120, 370)"
"(241, 1900)","(900, 590)"
"(373, 1450)","(760, 730)"
"(13, 1630)","(680, 820)"
"(313, 1830)","(920, 580)"
"(49, 2490)","(970, 520)"
"(397, 1500)","(810, 680)"
"(25, 2300)","(910, 570)"
"(301, 2400)","(1070, 430)"
"(106, 2120)","(910, 590)"
"(217, 2420)","(1020, 460)"
"(379, 1490)","(790, 700)"
"(25, 1430)","(560, 930)"
"(247, 2270)","(1010, 480)"
"(121, 2000)","(880, 620)"
"(16, 1690)","(710, 790)"
"(154, 2280)","(960, 520)"
"(328, 2510)","(1040, 370)"
"(229, 1460)","(680, 820)"
"(376, 2510)","(1110, 360)"
"(388, 1820)","(950, 530)"
"(253, 1640)","(800, 700)"
"(244, 2590)","(1060, 410)"
"(208, 1550)","(720, 770)"
"(319, 2410)","(1060, 410)"
"(4, 1860)","(770, 720)"
"(112, 2240)","(940, 550)"
"(103, 1640)","(720, 780)"
"(301, 1880)","(930, 570)"
"(127, 2200)","(940, 560)"
"(316, 1820)","(910, 580)"
"(187, 1590)","(740, 760)"
"(244, 1970)","(930, 570)"
"(340, 1540)","(800, 700)"
"(25, 1660)","(700, 800)"
"(106, 1400)","(580, 920)"
"(46, 1490)","(610, 880)"
"(178, 1770)","(820, 680)"
"(148, 2520)","(1010, 470)"
"(304, 2110)","(1000, 490)"
"(46, 1460)","(590, 900)"
"(1, 2460)","(950, 550)"
"(82, 2060)","(880, 620)"
"(196, 1480)","(680, 820)"
"(70, 2530)","(980, 500)"
"(235, 2350)","(1030, 470)"
"(271, 1800)","(880, 620)"
"(322, 1420)","(710, 790)"
"(133, 2490)","(1010, 490)"
"(382, 2250)","(1070, 410)"
"(46, 1620)","(680, 810)"
"(400, 1600)","(870, 620)"
"(283, 2200)","(1010, 480)"
"(343, 2390)","(1070, 400)"
"(400, 2430)","(1070, 350)"
"(280, 2430)","(1060, 430)"
"(346, 1790)","(920, 570)"
"(73, 2230)","(920, 570)"
"(34, 2560)","(980, 510)"
"(49, 1650)","(700, 800)"
"(352, 2300)","(1080, 420)"
"(220, 1400)","(630, 860)"
"(280, 1970)","(950, 550)"
"(259, 2320)","(1030, 470)"
"(364, 2310)","(1080, 410)"
"(364, 2000)","(1010, 490)"
"(295, 2040)","(980, 520)"
"(130, 2500)","(1000, 480)"
"(133, 2380)","(990, 510)"
"(181, 1420)","(630, 870)"
"(292, 2410)","(1070, 430)"
"(205, 2220)","(970, 510)"
"(19, 1580)","(650, 840)"
"(355, 1960)","(990, 510)"
"(46, 2320)","(930, 560)"
"(325, 1460)","(740, 760)"
"(217, 2480)","(1040, 450)"
"(52, 2080)","(860, 620)"
"(334, 1670)","(860, 630)"
"(19, 2490)","(960, 530)"
"(31, 1560)","(650, 850)"
"(352, 2170)","(1040, 450)"
"(247, 1840)","(880, 610)"
"(349, 1870)","(950, 540)"
"(58, 1460)","(600, 900)"
"(250, 1980)","(930, 560)"
"(256, 1980)","(940, 560)"
"(100, 2330)","(960, 540)"
"(235, 2260)","(1000, 490)"
"(223, 1460)","(680, 820)"
"(355, 2250)","(1040, 420)"
"(322, 1750)","(890, 610)"
"(190, 2260)","(980, 510)"
"(376, 1710)","(910, 590)"
"(22, 2320)","(920, 570)"
"(367, 2140)","(1020, 440)"
"(82, 2170)","(900, 580)"
"(205, 2540)","(1040, 440)"
"(136, 1440)","(620, 880)"
"(352, 2010)","(990, 490)"
"(28, 1780)","(750, 740)"
"(37, 2030)","(850, 650)"
"(145, 1500)","(660, 830)"
"(172, 1960)","(890, 610)"
"(61, 2390)","(960, 540)"
"(238, 2130)","(970, 520)"
"(301, 2280)","(1040, 450)"
"(190, 1870)","(860, 630)"
"(37, 2220)","(900, 590)"
"(94, 2410)","(980, 520)"
"(274, 2330)","(1030, 450)"
"(382, 1630)","(880, 620)"
"(46, 1820)","(780, 720)"
"(121, 1410)","(590, 900)"
"(94, 2460)","(990, 510)"
"(97, 1500)","(640, 860)"
"(7, 1570)","(640, 850)"
"(25, 2140)","(880, 620)"
"(322, 1910)","(940, 540)"
"(373, 1890)","(980, 520)"
"(280, 2000)","(960, 540)"
"(16, 1600)","(660, 830)"
"(199, 2440)","(1030, 470)"
"(19, 2290)","(920, 580)"
"(250, 2250)","(1010, 490)"
"(154, 1400)","(600, 900)"
"(55, 2140)","(880, 600)"
"(352, 1800)","(920, 560)"
"(274, 2020)","(960, 540)"
"(361, 1690)","(890, 610)"
"(28, 1720)","(720, 770)"
"(163, 1700)","(780, 720)"
"(331, 2370)","(1060, 410)"
"(301, 2500)","(1070, 400)"
"(397, 1870)","(990, 510)"
"(97, 1670)","(730, 760)"
"(313, 2050)","(980, 500)"
"(13, 1450)","(570, 920)"
"(397, 1640)","(890, 610)"
"(316, 1810)","(910, 580)"
"(148, 2270)","(970, 530)"
"(307, 1500)","(750, 740)"
"(373, 2010)","(1010, 480)"
"(16, 1780)","(750, 750)"
"(352, 2040)","(1000, 480)"
"(223, 2490)","(1050, 450)"
"(28, 1500)","(610, 890)"
"(139, 1730)","(780, 720)"
"(70, 2310)","(940, 550)"
"(193, 1580)","(730, 760)"
"(313, 2580)","(1070, 380)"
"(25, 1980)","(830, 670)"
"(205, 1750)","(820, 670)"
"(16, 2260)","(910, 590)"
"(259, 1450)","(690, 810)"
"(349, 2390)","(1060, 390)"
"(79, 1610)","(690, 800)"
"(112, 1790)","(790, 700)"
"(232, 1640)","(790, 710)"
"(292, 2600)","(1090, 390)"
"(58, 2420)","(960, 530)"
"(388, 1840)","(970, 530)"
"(157, 1690)","(770, 730)"
"(307, 1990)","(970, 530)"
"(394, 2030)","(1030, 460)"
"(67, 2280)","(930, 560)"
"(238, 1960)","(910, 570)"
"(142, 2030)","(900, 600)"
"(28, 2070)","(860, 640)"
"(100, 2280)","(950, 550)"
"(187, 2360)","(1000, 490)"
"(1, 1970)","(810, 680)"
"(142, 1990)","(880, 610)"
"(121, 1970)","(870, 630)"
"(289, 2590)","(1080, 390)"
"(181, 1930)","(870, 610)"
"(220, 2390)","(1030, 470)"
"(25, 2580)","(980, 510)"
"(58, 1990)","(840, 650)"
"(172, 2370)","(990, 490)"
"(31, 1940)","(810, 680)"
"(382, 1910)","(990, 510)"
"(34, 1540)","(640, 860)"
"(229, 2520)","(1060, 440)"
"(259, 2060)","(960, 530)"
"(1, 1640)","(680, 820)"
"(142, 2220)","(940, 540)"
"(337, 1710)","(880, 610)"
"(70, 2120)","(880, 600)"
"(235, 1980)","(930, 570)"
"(151, 2030)","(890, 590)"
"(34, 2450)","(950, 530)"
"(274, 2400)","(1040, 440)"
"(58, 2040)","(860, 640)"
"(97, 2360)","(960, 530)"
"(172, 2560)","(1030, 450)"
"(154, 1520)","(680, 820)"
"(223, 2470)","(1040, 450)"
"(391, 1630)","(880, 610)"
"(154, 1640)","(740, 750)"
"(40, 2350)","(940, 560)"
"(124, 2390)","(980, 510)"
"(46, 1760)","(750, 750)"
"(292, 1590)","(800, 700)"
"(58, 1490)","(620, 880)"
"(391, 1660)","(900, 600)"
"(394, 1780)","(950, 550)"
"(298, 1610)","(810, 690)"
"(34, 2580)","(990, 510)"
"(142, 2300)","(960, 520)"
"(280, 1890)","(910, 570)"
"(184, 2380)","(1010, 490)"
"(142, 1880)","(840, 650)"
"(160, 1960)","(870, 610)"
"(133, 1470)","(640, 860)"
"(229, 2320)","(1020, 480)"
"(346, 2130)","(1020, 460)"
"(205, 1910)","(890, 610)"
"(64, 1570)","(670, 830)"
"(16, 2130)","(860, 620)"
"(145, 1990)","(880, 610)"
"(181, 1750)","(810, 690)"
"(31, 1620)","(680, 820)"
"(346, 1660)","(870, 630)"
"(109, 1820)","(800, 690)"
"(166, 1820)","(830, 660)"
"(232, 1400)","(640, 860)"
"(154, 2530)","(1030, 470)"
"(73, 1450)","(600, 900)"
"(1, 2140)","(870, 630)"
"(208, 2140)","(950, 530)"
"(205, 2530)","(1050, 450)"
"(373, 1810)","(950, 550)"
"(34, 1940)","(820, 680)"
"(250, 2280)","(1000, 470)"
"(121, 1790)","(800, 700)"
"(214, 2260)","(990, 500)"
"(121, 2150)","(920, 570)"
"(88, 1670)","(730, 770)"
"(214, 1560)","(730, 760)"
"(67, 1920)","(820, 670)"
"(268, 2510)","(1060, 420)"
"(244, 1570)","(760, 740)"
"(283, 1770)","(880, 620)"
"(364, 2030)","(1010, 480)"
"(397, 2320)","(1100, 390)"
"(238, 1930)","(900, 580)"
"(229, 2130)","(970, 530)"
"(58, 1600)","(680, 820)"
"(307, 2160)","(1020, 480)"
"(1, 1560)","(630, 860)"
"(13, 1500)","(600, 890)"
"(172, 1970)","(880, 600)"
"(178, 1720)","(800, 700)"
"(193, 2150)","(960, 540)"
"(322, 1670)","(850, 640)"
"(250, 1810)","(870, 620)"
"(385, 1570)","(850, 650)"
"(343, 2460)","(1090, 390)"
"(244, 2560)","(1060, 420)"
"(184, 2600)","(1060, 440)"
"(76, 1480)","(620, 880)"
"(232, 2550)","(1060, 430)"
"(154, 2200)","(940, 540)"
"(133, 2110)","(920, 580)"
"(220, 1720)","(820, 680)"
"(370, 2440)","(1110, 380)"
"(55, 2160)","(900, 600)"
"(10, 1430)","(560, 940)"
"(40, 2450)","(960, 530)"
"(166, 1400)","(610, 890)"
"(61, 1470)","(610, 890)"
"(190, 1410)","(630, 870)"
"(166, 2270)","(970, 520)"
"(295, 2550)","(1100, 400)"
"(100, 1760)","(770, 720)"
"(148, 2510)","(1020, 480)"
"(7, 2090)","(850, 640)"
"(73, 2160)","(900, 590)"
"(382, 1550)","(830, 660)"
"(382, 2540)","(1130, 350)"
"(136, 2350)","(970, 510)"
"(31, 1430)","(570, 930)"
"(283, 2160)","(1000, 490)"
"(37, 2550)","(980, 510)"
"(280, 2030)","(970, 530)"
"(265, 2590)","(1090, 410)"
"(124, 2050)","(890, 600)"
"(385, 2030)","(1030, 470)"
"(133, 2590)","(1030, 470)"
"(241, 2510)","(1050, 430)"
"(286, 2140)","(990, 490)"
"(94, 1480)","(630, 870)"
"(130, 2410)","(980, 500)"
"(271, 1860)","(900, 590)"
"(178, 1850)","(850, 650)"
"(352, 2260)","(1040, 420)"
"(52, 1770)","(760, 740)"
"(130, 1900)","(850, 650)"
"(328, 2120)","(1020, 480)"
"(115, 1740)","(770, 720)"
"(16, 2530)","(960, 520)"
"(109, 2540)","(1010, 490)"
"(76, 2260)","(930, 560)"
"(103, 1490)","(640, 860)"
"(115, 2460)","(990, 500)"
"(142, 2170)","(940, 560)"
"(133, 1710)","(770, 730)"
"(217, 1640)","(780, 720)"
"(247, 1790)","(860, 630)"
"(328, 1800)","(910, 580)"
"(208, 2550)","(1050, 440)"
"(16, 1840)","(770, 720)"
"(118, 1800)","(800, 700)"
"(223, 2190)","(970, 510)"
"(238, 1890)","(900, 600)"
"(295, 2370)","(1060, 440)"
"(112, 2030)","(880, 610)"
"(211, 1790)","(840, 650)"
"(109, 1420)","(590, 900)"
"(316, 1830)","(920, 580)"
"(361, 2320)","(1090, 410)"
"(223, 1810)","(860, 640)"
"(130, 1420)","(600, 890)"
"(172, 1850)","(850, 650)"
"(151, 1910)","(860, 640)"
"(376, 2070)","(1030, 460)"
"(400, 1890)","(990, 500)"
"(352, 2180)","(1030, 440)"
"(361, 1640)","(870, 630)"
"(268, 2290)","(1030, 470)"
"(304, 2000)","(960, 520)"
"(109, 1590)","(700, 800)"
"(181, 2050)","(910, 570)"
"(295, 1990)","(960, 530)"
"(121, 2530)","(1010, 480)"
"(205, 1930)","(890, 600)"
"(292, 2360)","(1040, 430)"
"(292, 2370)","(1060, 440)"
"(292, 2010)","(970, 530)"
"(16, 2520)","(970, 530)"
"(385, 2200)","(1040, 410)"
"(313, 1910)","(950, 550)"
"(172, 1750)","(810, 690)"
"(199, 2120)","(940, 540)"
"(370, 1740)","(920, 580)"
"(1, 1880)","(780, 720)"
"(226, 1460)","(680, 820)"
"(148, 1680)","(760, 730)"
"(232, 1520)","(720, 780)"
"(277, 1530)","(750, 740)"
"(112, 1670)","(740, 760)"
"(202, 1910)","(880, 610)"
"(301, 1960)","(960, 540)"
"(226, 1980)","(910, 570)"
"(139, 2430)","(1000, 500)"
"(196, 1400)","(620, 870)"
"(1, 1850)","(770, 730)"
"(151, 2360)","(990, 510)"
"(10, 1540)","(630, 870)"
"(103, 2260)","(940, 550)"
"(67, 2390)","(950, 530)"
"(358, 1700)","(890, 600)"
"(304, 2570)","(1070, 380)"
"(31, 2200)","(900, 600)"
"(226, 1430)","(660, 840)"
"(52, 2120)","(880, 610)"
"(283, 2500)","(1060, 410)"
"(373, 2170)","(1060, 440)"
"(61, 2160)","(900, 600)"
"(382, 1600)","(860, 640)"
"(358, 1800)","(930, 560)"
"(319, 2260)","(1030, 440)"
"(34, 2270)","(920, 580)"
"(211, 2520)","(1050, 450)"
"(55, 2310)","(940, 560)"
"(394, 1720)","(930, 570)"
"(247, 1810)","(870, 630)"
"(190, 2040)","(920, 570)"
"(142, 2540)","(1020, 470)"
"(43, 1760)","(750, 750)"
"(292, 1670)","(840, 660)"
"(64, 2140)","(890, 600)"
"(190, 1630)","(760, 740)"
"(22, 1420)","(560, 940)"
"(139, 2390)","(980, 500)"
"(175, 1510)","(680, 810)"
"(136, 2120)","(910, 570)"
"(262, 2280)","(1020, 470)"
"(310, 1540)","(780, 720)"
"(76, 2300)","(940, 550)"
"(112, 1420)","(590, 900)"
"(385, 1520)","(820, 680)"
"(31, 1910)","(800, 690)"
"(400, 2510)","(1140, 360)"
"(241, 2230)","(990, 490)"
"(328, 1890)","(950, 550)"
"(10, 2540)","(960, 520)"
"(13, 2170)","(870, 610)"
"(256, 2340)","(1030, 460)"
"(271, 2240)","(1020, 480)"
"(394, 1590)","(860, 630)"
"(301, 2010)","(960, 520)"
"(286, 1980)","(950, 540)"
"(388, 2490)","(1110, 360)"
"(70, 1840)","(790, 700)"
"(58, 1400)","(560, 940)"
"(16, 1620)","(670, 820)"
"(364, 2090)","(1020, 460)"
"(352, 1840)","(940, 550)"
"(265, 1840)","(890, 600)"
"(370, 2480)","(1100, 370)"
"(61, 1480)","(610, 880)"
"(25, 2590)","(990, 510)"
"(379, 1650)","(880, 610)"
"(103, 1810)","(800, 700)"
"(25, 1440)","(570, 930)"
"(73, 1920)","(830, 670)"
"(73, 1420)","(580, 920)"
"(166, 2080)","(920, 570)"
"(130, 2510)","(1000, 480)"
"(307, 2480)","(1090, 410)"
"(361, 1960)","(980, 500)"
"(205, 1860)","(870, 630)"
"(100, 1910)","(830, 660)"
"(151, 1720)","(780, 710)"
"(385, 2590)","(1150, 350)"
"(280, 1750)","(860, 630)"
"(178, 2140)","(950, 550)"
"(331, 2130)","(1020, 470)"
"(334, 2240)","(1040, 440)"
"(115, 2150)","(920, 580)"
"(19, 2050)","(850, 650)"
"(58, 1630)","(690, 800)"
"(376, 2590)","(1120, 350)"
"(328, 2460)","(1060, 390)"
"(46, 2590)","(990, 500)"
"(100, 1560)","(680, 820)"
"(376, 2300)","(1070, 400)"
"(340, 1800)","(920, 570)"
"(316, 2390)","(1060, 420)"
"(40, 1500)","(610, 880)"
"(391, 1640)","(890, 610)"
"(331, 1470)","(750, 750)"
"(166, 1790)","(820, 680)"
"(241, 2270)","(1000, 480)"
"(136, 2050)","(900, 600)"
"(70, 1850)","(800, 700)"
"(148, 2230)","(960, 540)"
"(268, 2020)","(960, 540)"
"(112, 1960)","(860, 640)"
"(283, 2540)","(1060, 400)"
"(349, 2180)","(1050, 450)"
"(391, 2090)","(1050, 450)"
"(61, 2520)","(990, 510)"
"(211, 1450)","(660, 830)"
"(313, 1920)","(950, 550)"
"(19, 2530)","(960, 520)"
"(295, 2050)","(970, 510)"
"(187, 2300)","(980, 500)"
"(148, 2110)","(920, 570)"
"(337, 1770)","(910, 590)"
"(319, 1760)","(890, 600)"
"(247, 2450)","(1050, 440)"
"(115, 2590)","(1010, 470)"
"(40, 1810)","(770, 730)"
"(280, 1800)","(890, 610)"
"(262, 1960)","(930, 560)"
"(97, 1890)","(830, 670)"
"(280, 1710)","(850, 650)"
"(247, 2150)","(980, 510)"
"(250, 2170)","(990, 510)"
"(151, 1930)","(870, 630)"
"(361, 1680)","(880, 610)"
"(367, 2430)","(1090, 380)"
"(376, 1990)","(1000, 480)"
"(268, 2070)","(960, 520)"
"(40, 1740)","(740, 760)"
"(127, 1510)","(660, 840)"
"(271, 1590)","(780, 710)"
"(295, 2340)","(1040, 440)"
"(382, 2050)","(1020, 460)"
"(16, 2600)","(980, 510)"
"(223, 2210)","(990, 510)"
"(43, 2080)","(870, 630)"
"(103, 1630)","(720, 780)"
"(277, 2280)","(1030, 470)"
"(301, 1690)","(850, 650)"
"(241, 1600)","(770, 730)"
"(313, 1990)","(970, 520)"
"(286, 2290)","(1040, 460)"
"(364, 2460)","(1110, 380)"
"(262, 2160)","(990, 500)"
"(268, 2380)","(1030, 440)"
"(355, 2290)","(1070, 420)"
"(70, 1620)","(690, 800)"
"(364, 1960)","(990, 500)"
"(271, 2070)","(970, 520)"
"(124, 2350)","(970, 520)"
"(112, 2370)","(970, 520)"
"(178, 1510)","(690, 810)"
"(118, 1600)","(710, 790)"
"(46, 1840)","(780, 710)"
"(346, 2250)","(1050, 430)"
"(316, 2310)","(1040, 430)"
"(37, 1710)","(720, 770)"
"(109, 1480)","(630, 860)"
"(127, 2170)","(920, 560)"
"(136, 1430)","(610, 880)"
"(160, 1570)","(710, 790)"
"(337, 1990)","(990, 510)"
"(364, 1750)","(920, 580)"
"(190, 2580)","(1040, 440)"
"(301, 2270)","(1030, 450)"
"(58, 2010)","(850, 650)"
"(304, 2160)","(1020, 480)"
"(205, 2430)","(1030, 470)"
"(175, 1780)","(820, 680)"
"(196, 1790)","(840, 660)"
"(250, 1730)","(840, 660)"
"(19, 2500)","(960, 530)"
"(181, 2240)","(970, 520)"
"(202, 1420)","(640, 860)"
"(130, 2520)","(1010, 480)"
"(394, 1740)","(930, 560)"
"(55, 1580)","(670, 830)"
"(40, 2300)","(930, 570)"
"(310, 1570)","(800, 700)"
"(241, 1740)","(840, 660)"
"(10, 1440)","(560, 920)"
"(259, 2560)","(1080, 420)"
"(190, 1700)","(790, 700)"
"(16, 1740)","(730, 770)"
"(235, 2550)","(1060, 430)"
"(175, 1980)","(890, 600)"
"(1, 1580)","(640, 850)"
"(340, 2340)","(1050, 410)"
"(184, 1880)","(860, 630)"
"(46, 2400)","(950, 540)"
"(130, 1510)","(660, 830)"
"(394, 2170)","(1060, 420)"
"(244, 2470)","(1050, 440)"
"(112, 2350)","(970, 530)"
"(145, 1610)","(730, 770)"
"(133, 2390)","(990, 510)"
"(250, 2230)","(1000, 490)"
"(274, 2000)","(950, 540)"
"(253, 2470)","(1020, 420)"
"(106, 2510)","(990, 490)"
"(79, 1890)","(820, 680)"
"(202, 1740)","(820, 680)"
"(325, 1810)","(920, 580)"
"(355, 1800)","(930, 560)"
"(37, 1400)","(550, 950)"
"(373, 1430)","(750, 750)"
"(196, 2370)","(1000, 480)"
"(139, 2210)","(950, 550)"
"(112, 2600)","(1010, 470)"
"(388, 1460)","(780, 710)"
"(79, 1560)","(670, 830)"
"(10, 2010)","(830, 670)"
"(19, 1400)","(540, 950)"
"(394, 1970)","(1020, 480)"
"(139, 2440)","(990, 490)"
"(277, 1710)","(850, 650)"
"(340, 1730)","(890, 600)"
"(55, 2120)","(880, 610)"
"(118, 1880)","(830, 660)"
"(220, 1590)","(750, 740)"
"(151, 2200)","(950, 550)"
"(49, 1730)","(740, 760)"
"(238, 1920)","(910, 590)"
"(64, 2230)","(920, 580)"
"(112, 2430)","(990, 510)"
"(397, 2080)","(1050, 450)"
"(178, 2480)","(1010, 460)"
"(331, 1690)","(870, 630)"
"(199, 1620)","(760, 740)"
"(304, 1750)","(880, 620)"
"(43, 1410)","(560, 940)"
"(127, 1470)","(640, 860)"
"(394, 1570)","(850, 640)"
"(28, 1850)","(780, 720)"
"(217, 2150)","(970, 530)"
"(262, 1910)","(920, 580)"
"(115, 2470)","(1000, 500)"
"(10, 2210)","(880, 600)"
"(145, 2180)","(930, 550)"
"(34, 1710)","(720, 770)"
"(88, 2280)","(940, 550)"
"(7, 2160)","(880, 620)"
"(382, 1540)","(830, 670)"
"(358, 1500)","(790, 710)"
"(304, 2560)","(1080, 390)"
"(49, 2050)","(860, 640)"
"(37, 1860)","(790, 710)"
"(208, 1750)","(820, 670)"
"(250, 1600)","(780, 720)"
"(43, 2380)","(950, 550)"
"(283, 1680)","(840, 660)"
"(172, 2320)","(990, 510)"
"(298, 2110)","(1000, 500)"
"(271, 1900)","(920, 580)"
"(190, 1640)","(760, 730)"
"(376, 1420)","(750, 750)"
"(355, 2230)","(1050, 430)"
"(280, 2530)","(1050, 400)"
"(397, 2480)","(1140, 360)"
"(193, 2180)","(960, 530)"
"(112, 1860)","(820, 670)"
"(154, 1730)","(790, 710)"
"(226, 1670)","(800, 700)"
"(367, 2490)","(1100, 370)"
"(247, 2600)","(1070, 410)"
"(121, 2350)","(970, 520)"
"(91, 2280)","(940, 550)"
"(22, 2570)","(970, 510)"
"(244, 1420)","(660, 830)"
"(1, 2350)","(920, 570)"
"(166, 2260)","(960, 520)"
"(124, 2440)","(990, 500)"
"(28, 1990)","(830, 660)"
"(283, 1630)","(810, 690)"
"(382, 1720)","(920, 580)"
"(142, 2410)","(1000, 500)"
"(346, 2150)","(1040, 460)"
"(238, 1470)","(690, 800)"
"(178, 1620)","(750, 750)"
"(172, 2500)","(1030, 470)"
"(382, 2490)","(1130, 370)"
"(247, 2360)","(1030, 460)"
"(376, 1970)","(1000, 490)"
"(313, 1710)","(870, 630)"
"(292, 2390)","(1050, 430)"
"(91, 1620)","(700, 790)"
"(355, 2440)","(1110, 390)"
"(79, 2590)","(1010, 490)"
"(316, 1560)","(790, 700)"
"(334, 1860)","(930, 550)"
"(391, 1790)","(950, 540)"
"(43, 1450)","(580, 910)"
"(139, 2200)","(940, 550)"
"(382, 1970)","(1010, 490)"
"(241, 2470)","(1050, 440)"
"(310, 2130)","(1000, 480)"
"(322, 1860)","(930, 560)"
"(250, 1450)","(690, 810)"
"(277, 1930)","(930, 560)"
"(109, 2520)","(1000, 490)"
"(172, 2160)","(950, 550)"
"(358, 2080)","(1020, 470)"
"(76, 1510)","(640, 860)"
"(25, 2250)","(910, 590)"
"(295, 2270)","(1020, 450)"
"(115, 1870)","(830, 670)"
"(160, 1930)","(870, 630)"
"(160, 2240)","(960, 530)"
"(379, 2440)","(1100, 370)"
"(106, 2300)","(950, 540)"
"(145, 2050)","(900, 590)"
"(343, 2540)","(1120, 380)"
"(328, 1540)","(790, 710)"
"(13, 2350)","(930, 570)"
"(214, 2430)","(1030, 460)"
"(298, 1440)","(710, 790)"
"(232, 2290)","(1000, 480)"
"(115, 1990)","(860, 620)"
"(391, 2110)","(1050, 440)"
"(400, 1420)","(760, 730)"
"(328, 2140)","(1020, 470)"
"(247, 1440)","(680, 820)"
"(358, 2220)","(1040, 430)"
"(31, 1890)","(800, 700)"
"(325, 1450)","(730, 760)"
"(358, 1880)","(960, 530)"
"(376, 2140)","(1040, 440)"
"(391, 2330)","(1090, 390)"
"(259, 2150)","(990, 510)"
"(4, 2430)","(940, 550)"
"(346, 1540)","(800, 690)"
"(274, 1570)","(770, 720)"
"(394, 2150)","(1060, 430)"
"(247, 2560)","(1070, 420)"
"(223, 2310)","(1000, 480)"
"(376, 2120)","(1050, 450)"
"(73, 1690)","(730, 770)"
"(223, 2380)","(1030, 470)"
"(355, 2530)","(1110, 370)"
"(307, 2370)","(1060, 430)"
"(103, 1890)","(830, 670)"
"(286, 2190)","(1010, 480)"
"(22, 1890)","(790, 700)"
"(283, 1510)","(740, 750)"
"(58, 1780)","(760, 730)"
"(190, 1680)","(780, 710)"
"(49, 1530)","(640, 860)"
"(337, 2270)","(1050, 430)"
"(235, 2180)","(980, 510)"
"(334, 2300)","(1040, 420)"
"(70, 1860)","(800, 690)"
"(394, 2520)","(1120, 350)"
"(265, 2420)","(1050, 440)"
"(37, 1570)","(650, 840)"
"(190, 2150)","(950, 540)"
"(343, 1960)","(970, 510)"
"(73, 1700)","(740, 760)"
"(337, 1640)","(850, 650)"
"(109, 2560)","(1010, 480)"
"(166, 2580)","(1030, 450)"
"(271, 1570)","(770, 720)"
"(103, 1470)","(620, 870)"
"(283, 2430)","(1060, 430)"
"(43, 2210)","(900, 590)"
"(202, 1430)","(650, 850)"
"(361, 1970)","(990, 500)"
"(94, 1650)","(720, 770)"
"(79, 1740)","(760, 740)"
"(142, 2000)","(890, 610)"
"(400, 2240)","(1090, 410)"
"(40, 1990)","(840, 660)"
"(307, 2070)","(990, 500)"
"(103, 1830)","(810, 690)"
"(214, 1420)","(650, 850)"
"(358, 2130)","(1040, 460)"
"(25, 2350)","(930, 560)"
"(334, 2290)","(1060, 430)"
"(202, 2360)","(1010, 480)"
"(298, 2240)","(1020, 460)"
"(7, 2030)","(840, 660)"
"(94, 1730)","(760, 740)"
"(337, 2230)","(1040, 440)"
"(262, 1990)","(940, 550)"
"(208, 1990)","(910, 580)"
"(217, 1890)","(890, 610)"
"(388, 2390)","(1110, 380)"
"(346, 2520)","(1110, 380)"
"(73, 2590)","(1000, 490)"
"(301, 2140)","(1010, 490)"
"(259, 1860)","(900, 600)"
"(109, 2100)","(900, 590)"
"(304, 2600)","(1090, 390)"
"(214, 1510)","(700, 790)"
"(193, 2530)","(1040, 450)"
"(145, 1730)","(780, 710)"
"(184, 2330)","(1000, 500)"
"(82, 1700)","(740, 760)"
"(388, 1910)","(990, 500)"
"(37, 2400)","(940, 540)"
"(319, 1840)","(920, 570)"
"(61, 2560)","(990, 500)"
"(343, 1970)","(980, 510)"
"(352, 1740)","(910, 590)"
"(28, 1590)","(660, 840)"
"(400, 1680)","(910, 580)"
"(337, 2260)","(1040, 430)"
"(49, 1820)","(780, 720)"
"(28, 1740)","(730, 760)"
"(106, 2450)","(990, 510)"
"(310, 1920)","(950, 550)"
"(391, 1690)","(910, 590)"
"(397, 1660)","(900, 600)"
"(148, 1650)","(750, 750)"
"(196, 1990)","(910, 590)"
"(220, 1670)","(790, 700)"
"(70, 2440)","(970, 520)"
"(130, 2330)","(970, 520)"
"(400, 1540)","(840, 660)"
"(328, 2470)","(1090, 400)"
"(262, 2260)","(1020, 480)"
"(64, 1650)","(710, 790)"
"(310, 2350)","(1010, 410)"
"(238, 2570)","(1060, 420)"
"(178, 2080)","(930, 570)"
"(370, 1880)","(960, 520)"
"(79, 1730)","(750, 740)"
"(376, 1560)","(830, 660)"
"(127, 1840)","(820, 680)"
"(325, 2120)","(1020, 480)"
"(151, 2480)","(1010, 480)"
"(340, 1620)","(840, 650)"
"(46, 1650)","(700, 800)"
"(394, 2100)","(1040, 440)"
"(379, 2570)","(1140, 360)"
"(190, 1970)","(900, 600)"
"(118, 2070)","(900, 600)"
"(88, 2090)","(890, 610)"
"(130, 2150)","(930, 570)"
"(91, 2460)","(980, 510)"
"(316, 2080)","(990, 490)"
"(262, 2540)","(1080, 420)"
"(205, 1430)","(650, 850)"
"(55, 1540)","(640, 850)"
"(79, 1790)","(780, 720)"
"(361, 1630)","(860, 640)"
"(142, 2110)","(910, 570)"
"(256, 2060)","(960, 530)"
"(148, 1940)","(870, 630)"
"(316, 2030)","(990, 510)"
"(178, 1680)","(780, 720)"
"(313, 2270)","(1050, 450)"
"(172, 1920)","(870, 620)"
"(73, 1640)","(710, 790)"
"(112, 2190)","(930, 570)"
"(304, 2430)","(1080, 420)"
"(118, 2060)","(890, 600)"
"(19, 2010)","(830, 660)"
"(292, 1700)","(850, 650)"
"(184, 2320)","(990, 500)"
"(79, 2550)","(1000, 500)"
"(187, 2000)","(910, 590)"
"(103, 2490)","(1000, 500)"
"(52, 2040)","(860, 640)"
"(178, 2430)","(1020, 480)"
"(277, 2240)","(1010, 470)"
"(337, 1870)","(950, 550)"
"(163, 2070)","(920, 580)"
"(100, 1700)","(750, 750)"
"(394, 1990)","(1010, 470)"
"(61, 2490)","(980, 520)"
"(31, 1830)","(770, 720)"
"(334, 2370)","(1060, 410)"
"(112, 1470)","(630, 870)"
"(265, 2020)","(950, 540)"
"(367, 1650)","(870, 620)"
"(343, 1730)","(900, 600)"
"(145, 1690)","(760, 730)"
"(133, 1800)","(810, 690)"
"(160, 2500)","(1020, 470)"
"(145, 2300)","(970, 520)"
"(175, 1750)","(810, 690)"
"(382, 1790)","(950, 550)"
"(268, 2480)","(1060, 430)"
"(361, 1420)","(730, 760)"
"(343, 1580)","(820, 670)"
"(400, 1990)","(1030, 470)"
"(172, 1630)","(750, 750)"
"(376, 2430)","(1120, 380)"
"(298, 1590)","(800, 700)"
"(82, 2520)","(990, 500)"
"(115, 1460)","(620, 870)"
"(49, 2470)","(960, 520)"
"(391, 2070)","(1040, 450)"
"(172, 1410)","(620, 880)"
"(187, 1990)","(900, 590)"
"(175, 1410)","(620, 880)"
"(43, 2030)","(850, 650)"
"(109, 1830)","(810, 690)"
"(214, 2410)","(1030, 470)"
"(166, 2360)","(1000, 500)"
"(121, 2170)","(930, 570)"
"(154, 2340)","(990, 510)"
"(142, 1420)","(610, 890)"
"(19, 1930)","(810, 690)"
"(232, 2560)","(1070, 430)"
"(316, 1630)","(830, 670)"
"(22, 1900)","(800, 700)"
"(331, 2400)","(1080, 410)"
"(367, 2560)","(1110, 360)"
"(397, 2430)","(1100, 360)"
"(325, 2090)","(1010, 490)"
"(268, 2250)","(1020, 480)"
"(316, 2410)","(1080, 420)"
"(10, 2340)","(920, 570)"
"(394, 2340)","(1100, 390)"
"(25, 1590)","(660, 840)"
"(304, 1810)","(900, 590)"
"(37, 2530)","(980, 520)"
"(349, 2100)","(1020, 470)"
"(1, 1440)","(560, 930)"
"(40, 2140)","(880, 610)"
"(295, 1620)","(810, 680)"
"(46, 2280)","(920, 570)"
"(124, 1550)","(680, 810)"
"(181, 2090)","(930, 560)"
"(157, 2510)","(1020, 470)"
"(121, 2200)","(940, 560)"
"(43, 1810)","(770, 730)"
"(322, 2290)","(1050, 440)"
"(370, 1900)","(980, 520)"
"(256, 2350)","(1040, 460)"
"(19, 2240)","(900, 590)"
"(121, 1450)","(620, 880)"
"(394, 2510)","(1130, 360)"
"(331, 2580)","(1090, 370)"
"(310, 1430)","(710, 790)"
"(310, 1660)","(840, 650)"
"(349, 2480)","(1060, 370)"
"(274, 2600)","(1060, 390)"
"(322, 1870)","(940, 560)"
"(304, 2410)","(1060, 420)"
"(175, 1440)","(640, 860)"
"(127, 1860)","(830, 670)"
"(154, 1800)","(820, 680)"
"(307, 1760)","(890, 610)"
"(106, 1660)","(730, 760)"
"(385, 1980)","(1010, 480)"
"(124, 2100)","(910, 590)"
"(169, 1490)","(670, 830)"
"(370, 2120)","(1040, 460)"
"(310, 2450)","(1080, 410)"
"(343, 2240)","(1060, 440)"
"(232, 2460)","(1050, 450)"
"(256, 2180)","(990, 500)"
"(256, 1430)","(680, 820)"
"(328, 2220)","(1040, 450)"
"(145, 2140)","(920, 560)"
"(262, 1640)","(800, 690)"
"(331, 1770)","(900, 590)"
"(307, 2050)","(990, 510)"
"(190, 1610)","(750, 750)"
"(217, 1900)","(890, 610)"
"(79, 2330)","(940, 540)"
"(40, 2430)","(960, 540)"
"(10, 1860)","(780, 720)"
"(283, 2050)","(970, 520)"
"(4, 1990)","(820, 670)"
"(31, 2020)","(840, 650)"
"(391, 1550)","(840, 660)"
"(1, 1740)","(720, 770)"
"(322, 2520)","(1110, 390)"
"(316, 2200)","(1000, 450)"
"(7, 1530)","(620, 880)"
"(121, 2460)","(1000, 500)"
"(181, 2290)","(990, 510)"
"(76, 1920)","(830, 670)"
"(256, 1460)","(700, 800)"
"(385, 1830)","(960, 530)"
"(277, 1920)","(930, 570)"
"(151, 1740)","(790, 710)"
"(28, 2320)","(930, 570)"
"(124, 1810)","(810, 690)"
"(211, 2040)","(930, 560)"
"(307, 2170)","(1020, 480)"
"(160, 1410)","(610, 890)"
"(382, 2130)","(1040, 440)"
"(358, 1420)","(730, 760)"
"(241, 1730)","(830, 660)"
"(127, 2010)","(880, 610)"
"(214, 2030)","(920, 560)"
"(352, 2510)","(1100, 380)"
"(373, 1690)","(900, 600)"
"(397, 2250)","(1020, 380)"
"(124, 2220)","(940, 550)"
"(163, 2140)","(940, 560)"
"(250, 1570)","(760, 740)"
"(103, 2190)","(920, 570)"
"(67, 1750)","(760, 740)"
"(34, 1440)","(570, 920)"
"(22, 1540)","(630, 870)"
"(223, 1970)","(920, 580)"
"(370, 1850)","(950, 530)"
"(235, 1840)","(880, 620)"
"(124, 2470)","(990, 490)"
"(196, 1560)","(720, 770)"
"(262, 1790)","(870, 620)"
"(361, 1920)","(980, 520)"
"(64, 1560)","(660, 840)"
"(253, 2140)","(980, 510)"
"(73, 2290)","(940, 560)"
"(178, 1470)","(660, 840)"
"(226, 1480)","(690, 800)"
"(355, 1970)","(980, 500)"
"(379, 2040)","(1030, 470)"
"(4, 2190)","(880, 610)"
"(52, 1880)","(800, 690)"
"(217, 2010)","(930, 570)"
"(244, 2070)","(960, 540)"
"(385, 1720)","(920, 580)"
"(31, 2520)","(970, 520)"
"(385, 2110)","(1050, 450)"
"(61, 2250)","(920, 570)"
"(76, 1680)","(730, 770)"
"(310, 1880)","(930, 560)"
"(43, 1670)","(710, 790)"
"(178, 1700)","(790, 710)"
"(187, 1420)","(630, 870)"
"(304, 1960)","(960, 540)"
"(316, 2110)","(1010, 490)"
"(352, 1790)","(930, 570)"
"(268, 1420)","(680, 820)"
"(49, 1840)","(790, 710)"
"(121, 2290)","(960, 540)"
"(271, 1680)","(830, 670)"
"(124, 1660)","(740, 760)"
"(28, 1690)","(710, 780)"
"(256, 1680)","(820, 680)"
"(229, 1870)","(880, 610)"
"(253, 1610)","(780, 710)"
"(328, 2320)","(1070, 430)"
"(7, 1510)","(610, 890)"
"(124, 2540)","(1020, 480)"
"(67, 1860)","(800, 690)"
"(367, 1840)","(950, 540)"
"(277, 2030)","(960, 530)"
"(394, 2020)","(1020, 460)"
"(349, 2360)","(1090, 410)"
"(364, 2370)","(1100, 400)"
"(46, 2520)","(970, 510)"
"(142, 2460)","(1010, 490)"
"(106, 2430)","(980, 510)"
"(31, 1710)","(720, 770)"
"(25, 1890)","(790, 700)"
"(325, 1760)","(900, 600)"
"(43, 1590)","(670, 830)"
"(277, 2110)","(990, 510)"
"(232, 2090)","(960, 540)"
"(370, 2460)","(1120, 380)"
"(184, 1530)","(700, 800)"
"(217, 1630)","(770, 720)"
"(274, 1490)","(730, 770)"
"(367, 1440)","(750, 740)"
"(247, 2510)","(1060, 430)"
"(28, 2190)","(890, 600)"
"(352, 2200)","(1050, 440)"
"(82, 1560)","(670, 830)"
"(274, 2030)","(960, 530)"
"(13, 1640)","(680, 820)"
"(10, 1870)","(780, 720)"
"(94, 2400)","(970, 520)"
"(163, 2290)","(980, 520)"
"(94, 1590)","(690, 810)"
"(394, 1660)","(900, 600)"
"(91, 2120)","(890, 590)"
"(331, 2200)","(1030, 450)"
"(214, 2250)","(990, 500)"
"(343, 2520)","(1110, 380)"
"(82, 1860)","(810, 690)"
"(4, 2240)","(900, 600)"
"(379, 1860)","(970, 530)"
"(277, 2350)","(1030, 440)"
"(325, 1580)","(810, 690)"
"(67, 1700)","(730, 760)"
"(112, 1400)","(580, 920)"
"(319, 1500)","(760, 740)"
"(379, 1660)","(890, 610)"
"(274, 1740)","(860, 640)"
"(10, 1650)","(680, 810)"
"(160, 2280)","(970, 520)"
"(31, 1740)","(740, 760)"
"(157, 2010)","(900, 600)"
"(223, 2440)","(1040, 460)"
"(163, 1910)","(860, 630)"
"(301, 2110)","(990, 490)"
"(100, 2600)","(1020, 480)"
"(376, 2240)","(1080, 420)"
"(34, 2320)","(930, 570)"
"(19, 2090)","(850, 630)"
"(184, 2200)","(960, 530)"
"(136, 2070)","(900, 590)"
"(127, 2420)","(990, 500)"
"(313, 1670)","(850, 650)"
"(385, 2370)","(1110, 390)"
"(358, 1470)","(770, 730)"
"(187, 1960)","(890, 600)"
"(331, 1500)","(770, 730)"
"(43, 2140)","(880, 610)"
"(151, 2370)","(980, 500)"
"(385, 1860)","(970, 520)"
"(361, 2010)","(1010, 490)"
"(85, 2200)","(910, 570)"
"(301, 2050)","(980, 510)"
"(337, 1620)","(840, 660)"
"(82, 2010)","(860, 630)"
"(337, 1740)","(900, 600)"
"(337, 1910)","(950, 530)"
"(61, 1590)","(680, 820)"
"(400, 1860)","(980, 510)"
"(130, 2020)","(890, 610)"
"(235, 2070)","(950, 540)"
"(295, 2220)","(1030, 470)"
"(157, 2530)","(1030, 470)"
"(382, 1660)","(890, 610)"
"(124, 1910)","(850, 650)"
"(190, 2290)","(980, 500)"
"(157, 2080)","(920, 580)"
"(61, 2290)","(930, 560)"
"(274, 1770)","(870, 630)"
"(262, 1520)","(740, 760)"
"(142, 1920)","(860, 640)"
"(151, 1640)","(740, 750)"
"(16, 2440)","(940, 540)"
"(385, 1550)","(830, 660)"
"(196, 2290)","(990, 500)"
"(235, 2240)","(990, 490)"
"(70, 2050)","(870, 630)"
"(103, 2310)","(960, 540)"
"(175, 1430)","(630, 860)"
"(151, 1900)","(860, 640)"
"(379, 1610)","(860, 630)"
"(97, 2400)","(970, 520)"
"(52, 1840)","(790, 710)"
"(172, 2360)","(1000, 500)"
"(268, 1950)","(930, 560)"
"(307, 2290)","(1030, 440)"
"(130, 2040)","(890, 600)"
"(76, 2600)","(1010, 490)"
"(289, 1880)","(920, 570)"
"(289, 1910)","(930, 560)"
"(151, 1480)","(650, 840)"
"(340, 2000)","(980, 500)"
"(106, 1610)","(710, 790)"
"(220, 1680)","(800, 700)"
"(139, 2020)","(880, 600)"
"(331, 2140)","(1030, 470)"
"(43, 2340)","(940, 560)"
"(301, 2170)","(1020, 480)"
"(154, 2190)","(950, 550)"
"(343, 2000)","(990, 500)"
"(364, 2130)","(1030, 450)"
"(61, 1840)","(790, 710)"
"(286, 1700)","(850, 650)"
"(235, 2560)","(1070, 430)"
"(253, 2100)","(970, 520)"
"(79, 2260)","(930, 560)"
"(226, 1940)","(910, 590)"
"(310, 2380)","(1050, 420)"
"(49, 2530)","(980, 510)"
"(91, 2320)","(950, 540)"
"(310, 2330)","(1020, 420)"
"(244, 1580)","(760, 730)"
"(235, 2170)","(980, 510)"
"(355, 1450)","(750, 740)"
"(94, 1940)","(840, 650)"
"(133, 1510)","(660, 830)"
"(202, 2020)","(920, 570)"
"(274, 1900)","(910, 570)"
"(274, 2290)","(1020, 460)"
"(271, 2480)","(1050, 420)"
"(133, 2100)","(910, 580)"
"(85, 1590)","(690, 810)"
"(235, 1600)","(770, 730)"
"(211, 1460)","(670, 830)"
"(277, 1720)","(850, 650)"
"(142, 2550)","(1020, 470)"
"(244, 2160)","(980, 510)"
"(310, 1790)","(900, 600)"
"(145, 2210)","(950, 550)"
"(40, 1960)","(830, 670)"
"(220, 2070)","(950, 550)"
"(190, 2500)","(1040, 460)"
"(136, 1980)","(880, 620)"
"(70, 2200)","(910, 580)"
"(100, 2120)","(900, 590)"
"(400, 1830)","(970, 520)"
"(82, 2160)","(910, 590)"
"(22, 1550)","(640, 860)"
"(133, 1540)","(680, 820)"
"(220, 2190)","(980, 520)"
"(226, 2080)","(950, 540)"
"(244, 2190)","(980, 500)"
"(382, 1760)","(930, 560)"
"(211, 2470)","(1040, 460)"
"(295, 1900)","(930, 560)"
"(136, 2140)","(930, 570)"
"(169, 1810)","(830, 670)"
"(97, 2430)","(970, 510)"
"(94, 2150)","(900, 580)"
"(190, 2210)","(960, 520)"
"(193, 1510)","(690, 800)"
"(319, 2060)","(1000, 500)"
"(343, 2570)","(1120, 370)"
"(349, 1590)","(830, 660)"
"(391, 1590)","(860, 640)"
"(319, 1480)","(750, 750)"
"(244, 1960)","(920, 570)"
"(70, 1540)","(650, 840)"
"(373, 1620)","(860, 630)"
"(151, 2240)","(950, 530)"
"(79, 2560)","(990, 490)"
"(163, 1580)","(720, 780)"
"(28, 2160)","(880, 610)"
"(184, 1810)","(840, 660)"
"(61, 1700)","(730, 770)"
"(217, 2210)","(980, 510)"
"(139, 2070)","(910, 590)"
"(400, 1970)","(1010, 470)"
"(43, 2120)","(880, 620)"
"(211, 2440)","(1030, 460)"
"(211, 2410)","(1030, 470)"
"(283, 1740)","(860, 630)"
"(73, 1800)","(780, 720)"
"(241, 1680)","(810, 690)"
"(358, 1780)","(930, 570)"
"(82, 1990)","(850, 640)"
"(214, 1720)","(810, 680)"
"(97, 1920)","(840, 660)"
"(211, 2260)","(990, 500)"
"(169, 1700)","(780, 710)"
"(313, 2290)","(1040, 440)"
"(94, 2500)","(990, 500)"
"(400, 2280)","(1100, 400)"
"(388, 2340)","(1100, 390)"
"(229, 1760)","(840, 660)"
"(352, 1720)","(900, 600)"
"(319, 2040)","(980, 500)"
"(388, 1480)","(790, 700)"
"(10, 1930)","(800, 690)"
"(253, 2300)","(1020, 470)"
"(328, 1670)","(860, 640)"
"(361, 1850)","(950, 540)"
"(55, 2350)","(940, 550)"
"(13, 1810)","(760, 740)"
"(253, 2500)","(1060, 430)"
"(277, 1550)","(760, 730)"
"(124, 1480)","(640, 860)"
"(325, 1830)","(920, 570)"
"(79, 1670)","(720, 770)"
"(94, 2110)","(900, 600)"
"(301, 2460)","(1080, 420)"
"(7, 2550)","(960, 520)"
"(379, 2430)","(1110, 380)"
"(307, 1840)","(920, 580)"
"(37, 1550)","(640, 850)"
"(229, 1620)","(770, 720)"
"(184, 1650)","(770, 730)"
"(10, 2510)","(960, 530)"
"(283, 1970)","(950, 550)"
"(202, 1600)","(750, 750)"
"(58, 2110)","(880, 610)"
"(220, 1930)","(890, 590)"
"(283, 1490)","(730, 760)"
"(364, 2140)","(1040, 450)"
"(193, 2470)","(1020, 460)"
"(193, 1750)","(820, 680)"
"(103, 1460)","(620, 880)"
"(154, 2310)","(980, 520)"
"(148, 1900)","(850, 640)"
"(13, 2220)","(890, 600)"
"(112, 1410)","(590, 910)"
"(337, 1500)","(770, 720)"
"(157, 1490)","(660, 830)"
"(187, 2470)","(1030, 470)"
"(211, 1810)","(850, 640)"
"(205, 2310)","(1000, 490)"
"(13, 2570)","(980, 520)"
"(58, 1760)","(760, 740)"
"(355, 1950)","(980, 510)"
"(253, 1820)","(880, 620)"
"(250, 1830)","(880, 620)"
"(202, 2510)","(1010, 440)"
"(31, 2000)","(840, 660)"
"(160, 2450)","(1010, 480)"
"(94, 1760)","(770, 720)"
"(349, 1510)","(790, 710)"
"(343, 2170)","(1040, 460)"
"(298, 1920)","(930, 550)"
"(112, 1440)","(610, 890)"
"(76, 2400)","(970, 530)"
"(199, 2190)","(970, 530)"
"(265, 2300)","(1030, 470)"
"(274, 1960)","(930, 550)"
"(163, 2170)","(950, 550)"
"(355, 2430)","(1070, 380)"
"(283, 2560)","(1070, 400)"
"(262, 1610)","(790, 710)"
"(247, 1750)","(850, 650)"
"(112, 1620)","(710, 780)"
"(82, 2390)","(970, 530)"
"(289, 1760)","(870, 620)"
"(301, 2320)","(1040, 440)"
"(229, 1570)","(750, 750)"
"(322, 1640)","(840, 660)"
"(40, 1650)","(700, 800)"
"(175, 1830)","(840, 660)"
"(310, 1410)","(690, 800)"
"(76, 2540)","(1000, 500)"
"(118, 2220)","(940, 560)"
"(232, 1810)","(860, 630)"
"(85, 1880)","(820, 680)"
"(316, 1530)","(780, 720)"
"(367, 1970)","(1000, 500)"
"(343, 2490)","(1090, 380)"
"(214, 2160)","(970, 530)"
"(271, 2370)","(1030, 440)"
"(370, 1440)","(760, 740)"
"(349, 1840)","(940, 550)"
"(319, 2500)","(1080, 390)"
"(289, 1710)","(850, 640)"
"(268, 2400)","(1020, 430)"
"(76, 1670)","(720, 770)"
"(394, 2260)","(1080, 400)"
"(25, 2600)","(990, 510)"
"(247, 2340)","(1030, 470)"
"(1, 2320)","(920, 580)"
"(85, 2170)","(900, 580)"
"(88, 2480)","(990, 510)"
"(208, 2200)","(980, 520)"
"(94, 1910)","(830, 660)"
"(10, 1820)","(760, 740)"
"(280, 2070)","(980, 520)"
"(250, 1530)","(740, 760)"
"(277, 1400)","(670, 830)"
"(13, 2510)","(960, 530)"
"(322, 1710)","(870, 620)"
"(16, 1490)","(600, 900)"
"(190, 2320)","(1000, 500)"
"(352, 2550)","(1120, 370)"
"(67, 1610)","(690, 810)"
"(364, 2380)","(1100, 400)"
"(52, 2300)","(930, 560)"
"(226, 2220)","(980, 500)"
"(142, 2120)","(920, 570)"
"(118, 1580)","(700, 800)"
"(121, 1950)","(860, 640)"
"(337, 2110)","(1010, 470)"
"(397, 2110)","(1040, 430)"
"(214, 1440)","(660, 840)"
"(145, 2370)","(990, 510)"
"(343, 1720)","(890, 610)"
"(289, 1420)","(690, 810)"
"(247, 1530)","(730, 760)"
"(199, 2310)","(1000, 500)"
"(337, 1790)","(920, 580)"
"(58, 2400)","(960, 540)"
"(370, 1660)","(880, 610)"
"(319, 1560)","(800, 700)"
"(46, 1990)","(840, 660)"
"(259, 2200)","(990, 490)"
"(100, 1500)","(640, 850)"
"(40, 1720)","(730, 770)"
"(310, 2360)","(1040, 420)"
"(199, 2210)","(970, 520)"
"(247, 2000)","(940, 560)"
"(325, 2280)","(1060, 440)"
"(100, 2590)","(1010, 480)"
"(256, 2560)","(1080, 420)"
"(394, 2500)","(1140, 360)"
"(292, 1790)","(890, 610)"
"(139, 2520)","(1020, 480)"
"(262, 1890)","(900, 580)"
"(184, 2300)","(980, 500)"
"(55, 1820)","(780, 720)"
"(154, 1590)","(720, 780)"
"(31, 2590)","(990, 510)"
"(100, 1840)","(810, 690)"
"(274, 1480)","(720, 780)"
"(43, 2240)","(910, 580)"
"(151, 1600)","(720, 770)"
"(235, 1810)","(860, 630)"
"(109, 2120)","(910, 590)"
"(25, 2560)","(970, 510)"
"(10, 1570)","(640, 850)"
"(151, 1580)","(710, 780)"
"(271, 2340)","(1030, 450)"
"(352, 1600)","(840, 660)"
"(109, 2470)","(990, 500)"
"(229, 1790)","(850, 640)"
"(64, 1670)","(720, 780)"
"(298, 2160)","(1010, 480)"
"(256, 2520)","(1060, 420)"
"(67, 1940)","(830, 670)"
"(337, 1700)","(880, 620)"
"(115, 1620)","(720, 780)"
"(199, 2340)","(1010, 490)"
"(25, 2360)","(940, 560)"
"(268, 1460)","(700, 790)"
"(58, 1550)","(650, 840)"
"(241, 2350)","(1010, 460)"
"(7, 1560)","(640, 860)"
