State,Action
"(61, 1980)","(540, 210)"
"(322, 2370)","(640, 100)"
"(19, 2420)","(560, 180)"
"(166, 2170)","(580, 160)"
"(385, 1500)","(590, 140)"
"(196, 2410)","(580, 130)"
"(106, 2130)","(560, 180)"
"(364, 1890)","(600, 110)"
"(46, 2540)","(560, 160)"
"(34, 1910)","(510, 220)"
"(157, 2160)","(560, 160)"
"(361, 1540)","(590, 150)"
"(385, 1690)","(610, 120)"
"(313, 1530)","(550, 170)"
"(136, 2150)","(570, 170)"
"(340, 2190)","(610, 100)"
"(40, 2350)","(560, 180)"
"(190, 1930)","(550, 170)"
"(58, 2570)","(580, 160)"
"(388, 1950)","(640, 100)"
"(169, 2270)","(580, 150)"
"(400, 2560)","(680, 70)"
"(244, 1900)","(590, 160)"
"(190, 1990)","(580, 170)"
"(238, 2410)","(600, 120)"
"(214, 1820)","(570, 180)"
"(37, 2310)","(550, 180)"
"(256, 2110)","(610, 140)"
"(172, 2490)","(610, 140)"
"(166, 1700)","(530, 210)"
"(277, 1870)","(590, 150)"
"(226, 2530)","(620, 120)"
"(196, 2130)","(570, 150)"
"(331, 1620)","(570, 150)"
"(397, 2120)","(660, 90)"
"(202, 1660)","(530, 200)"
"(205, 2210)","(570, 140)"
"(364, 1990)","(640, 110)"
"(268, 1450)","(540, 210)"
"(64, 1990)","(540, 210)"
"(52, 2470)","(580, 170)"
"(4, 2560)","(560, 170)"
"(256, 1930)","(580, 150)"
"(355, 1870)","(620, 120)"
"(142, 2080)","(550, 170)"
"(103, 2100)","(540, 180)"
"(295, 2120)","(600, 120)"
"(79, 1760)","(510, 230)"
"(340, 2330)","(650, 100)"
"(262, 2120)","(590, 130)"
"(238, 1730)","(560, 180)"
"(52, 1850)","(520, 230)"
"(112, 2360)","(580, 160)"
"(385, 2240)","(610, 80)"
"(178, 1450)","(500, 250)"
"(331, 1480)","(560, 170)"
"(256, 2130)","(580, 130)"
"(268, 2400)","(600, 110)"
"(175, 1790)","(530, 190)"
"(352, 2070)","(640, 110)"
"(166, 1710)","(540, 210)"
"(100, 2070)","(560, 190)"
"(394, 2340)","(670, 80)"
"(181, 1410)","(480, 250)"
"(253, 1480)","(530, 210)"
"(232, 1600)","(540, 200)"
"(373, 1990)","(610, 100)"
"(277, 2030)","(610, 140)"
"(112, 2260)","(580, 170)"
"(244, 1970)","(580, 150)"
"(346, 1700)","(610, 140)"
"(88, 1510)","(480, 270)"
"(235, 1680)","(560, 190)"
"(109, 2200)","(550, 170)"
"(121, 1500)","(490, 260)"
"(244, 2580)","(610, 110)"
"(166, 2250)","(570, 150)"
"(361, 2400)","(660, 90)"
"(85, 2350)","(580, 170)"
"(184, 1400)","(480, 250)"
"(331, 1490)","(560, 170)"
"(370, 1470)","(570, 150)"
"(295, 2450)","(610, 100)"
"(256, 1880)","(590, 160)"
"(331, 1780)","(610, 140)"
"(145, 1870)","(530, 190)"
"(67, 1760)","(500, 230)"
"(139, 1750)","(520, 210)"
"(22, 2150)","(540, 200)"
"(190, 1650)","(540, 210)"
"(346, 2130)","(600, 100)"
"(115, 1710)","(520, 230)"
"(211, 1410)","(500, 240)"
"(325, 1540)","(580, 170)"
"(352, 2140)","(620, 100)"
"(100, 2000)","(530, 190)"
"(217, 2380)","(610, 130)"
"(172, 1550)","(510, 230)"
"(361, 2130)","(640, 100)"
"(298, 2590)","(650, 100)"
"(16, 1950)","(510, 220)"
"(346, 2280)","(650, 100)"
"(181, 2420)","(610, 140)"
"(361, 2380)","(660, 90)"
"(100, 2600)","(600, 150)"
"(148, 1770)","(540, 210)"
"(40, 2380)","(570, 180)"
"(301, 1500)","(540, 180)"
"(73, 1600)","(490, 260)"
"(277, 2350)","(600, 110)"
"(364, 1730)","(620, 130)"
"(289, 1520)","(560, 190)"
"(175, 1610)","(520, 220)"
"(10, 1700)","(490, 260)"
"(391, 1740)","(600, 110)"
"(7, 2100)","(530, 210)"
"(4, 2160)","(520, 200)"
"(163, 2250)","(570, 150)"
"(148, 2260)","(590, 160)"
"(337, 2540)","(660, 90)"
"(376, 1490)","(600, 150)"
"(286, 1690)","(580, 170)"
"(100, 1640)","(500, 240)"
"(388, 2340)","(660, 80)"
"(118, 1990)","(550, 190)"
"(229, 2160)","(590, 140)"
"(61, 2010)","(520, 200)"
"(1, 1820)","(490, 240)"
"(61, 1430)","(450, 290)"
"(28, 2490)","(560, 170)"
"(241, 2450)","(620, 120)"
"(382, 1800)","(610, 110)"
"(22, 1640)","(470, 260)"
"(199, 2060)","(580, 160)"
"(127, 2240)","(580, 170)"
"(211, 2420)","(610, 130)"
"(199, 2470)","(610, 130)"
"(220, 2490)","(600, 120)"
"(184, 1600)","(530, 220)"
"(262, 2390)","(630, 120)"
"(139, 2270)","(580, 160)"
"(1, 2490)","(570, 180)"
"(271, 2530)","(640, 110)"
"(244, 1610)","(540, 190)"
"(244, 2330)","(620, 130)"
"(61, 1580)","(470, 260)"
"(13, 1900)","(510, 230)"
"(157, 1700)","(520, 210)"
"(178, 1970)","(550, 170)"
"(136, 2470)","(600, 150)"
"(79, 2250)","(570, 180)"
"(43, 2090)","(540, 200)"
"(271, 2460)","(620, 110)"
"(373, 2580)","(610, 70)"
"(16, 1670)","(480, 260)"
"(28, 1450)","(450, 300)"
"(13, 1840)","(510, 240)"
"(334, 2140)","(640, 110)"
"(25, 2550)","(580, 170)"
"(34, 1470)","(450, 290)"
"(358, 2600)","(660, 80)"
"(16, 2450)","(570, 180)"
"(388, 1960)","(640, 100)"
"(262, 2130)","(590, 130)"
"(343, 2450)","(650, 90)"
"(145, 1400)","(480, 270)"
"(181, 2530)","(600, 130)"
"(163, 1510)","(500, 240)"
"(316, 1440)","(560, 190)"
"(211, 1720)","(550, 190)"
"(385, 1990)","(650, 100)"
"(346, 1820)","(620, 130)"
"(70, 2450)","(560, 160)"
"(310, 1870)","(610, 140)"
"(253, 2030)","(580, 140)"
"(292, 1440)","(550, 200)"
"(166, 1650)","(530, 220)"
"(271, 1670)","(550, 170)"
"(385, 1540)","(610, 140)"
"(331, 2340)","(650, 100)"
"(157, 2110)","(580, 170)"
"(130, 2470)","(600, 150)"
"(55, 1750)","(510, 240)"
"(25, 2200)","(530, 190)"
"(205, 1520)","(510, 220)"
"(388, 1560)","(590, 130)"
"(265, 2480)","(620, 110)"
"(181, 2470)","(580, 130)"
"(85, 1450)","(460, 280)"
"(373, 1520)","(600, 150)"
"(232, 1740)","(560, 180)"
"(256, 2200)","(610, 130)"
"(259, 1470)","(540, 210)"
"(28, 1720)","(490, 250)"
"(328, 2550)","(650, 90)"
"(358, 2230)","(610, 90)"
"(250, 2020)","(600, 150)"
"(322, 1520)","(560, 170)"
"(16, 1440)","(430, 300)"
"(373, 1750)","(610, 120)"
"(307, 2280)","(630, 110)"
"(136, 2010)","(550, 180)"
"(43, 2410)","(550, 170)"
"(79, 2100)","(550, 190)"
"(292, 1990)","(590, 130)"
"(67, 2010)","(530, 200)"
"(397, 2200)","(630, 80)"
"(283, 1470)","(550, 200)"
"(388, 1660)","(600, 120)"
"(334, 1790)","(580, 130)"
"(130, 1550)","(500, 250)"
"(346, 2270)","(650, 100)"
"(391, 2590)","(670, 70)"
"(106, 2210)","(550, 170)"
"(31, 1600)","(480, 270)"
"(370, 1580)","(600, 140)"
"(325, 2320)","(630, 100)"
"(253, 2180)","(590, 130)"
"(151, 2600)","(580, 130)"
"(37, 1800)","(510, 240)"
"(250, 1450)","(530, 220)"
"(292, 2280)","(600, 110)"
"(34, 1790)","(510, 240)"
"(226, 1920)","(570, 160)"
"(160, 1520)","(500, 240)"
"(115, 2490)","(590, 150)"
"(172, 1600)","(510, 220)"
"(10, 1750)","(490, 250)"
"(208, 2030)","(580, 160)"
"(253, 1630)","(560, 190)"
"(133, 2560)","(590, 140)"
"(157, 2360)","(600, 150)"
"(319, 1600)","(570, 160)"
"(88, 1770)","(520, 230)"
"(67, 1420)","(450, 290)"
"(217, 2340)","(590, 130)"
"(376, 1590)","(610, 140)"
"(55, 1990)","(540, 210)"
"(34, 2160)","(550, 200)"
"(226, 2290)","(590, 130)"
"(325, 1490)","(550, 170)"
"(154, 1590)","(510, 230)"
"(328, 2360)","(650, 100)"
"(31, 1770)","(490, 240)"
"(391, 1490)","(600, 140)"
"(196, 2170)","(580, 150)"
"(19, 1680)","(480, 260)"
"(214, 2380)","(600, 130)"
"(343, 2470)","(660, 90)"
"(166, 1630)","(520, 220)"
"(349, 1530)","(590, 160)"
"(178, 1480)","(500, 240)"
"(13, 2540)","(560, 170)"
"(49, 1970)","(520, 210)"
"(268, 1490)","(540, 200)"
"(370, 1840)","(630, 120)"
"(355, 1660)","(610, 140)"
"(211, 2270)","(600, 140)"
"(43, 2310)","(550, 180)"
"(313, 2130)","(630, 120)"
"(94, 2280)","(570, 170)"
"(175, 2010)","(560, 170)"
"(43, 2420)","(560, 170)"
"(280, 2320)","(590, 110)"
"(187, 1950)","(560, 170)"
"(22, 2510)","(560, 170)"
"(157, 1560)","(500, 230)"
"(82, 2170)","(550, 180)"
"(376, 2220)","(650, 90)"
"(52, 1500)","(460, 280)"
"(340, 1960)","(630, 120)"
"(79, 2120)","(560, 190)"
"(247, 1520)","(540, 210)"
"(208, 2170)","(600, 150)"
"(40, 1840)","(510, 230)"
"(331, 1420)","(550, 180)"
"(289, 2600)","(640, 100)"
"(370, 1520)","(600, 150)"
"(7, 2450)","(560, 180)"
"(373, 1410)","(570, 160)"
"(202, 2000)","(560, 160)"
"(175, 2310)","(600, 150)"
"(343, 2290)","(650, 100)"
"(379, 1460)","(590, 150)"
"(130, 2350)","(590, 160)"
"(7, 2230)","(550, 200)"
"(40, 1570)","(470, 270)"
"(7, 1790)","(500, 250)"
"(148, 1510)","(500, 250)"
"(289, 2250)","(630, 120)"
"(268, 2320)","(620, 120)"
"(175, 2130)","(580, 160)"
"(370, 2160)","(610, 90)"
"(331, 2130)","(630, 110)"
"(76, 1600)","(480, 250)"
"(331, 1400)","(560, 190)"
"(301, 2000)","(610, 130)"
"(379, 2430)","(660, 80)"
"(121, 1450)","(480, 270)"
"(133, 1730)","(530, 220)"
"(295, 2600)","(650, 100)"
"(175, 1460)","(500, 250)"
"(343, 2000)","(600, 110)"
"(46, 2590)","(580, 160)"
"(208, 1900)","(560, 170)"
"(376, 2420)","(650, 80)"
"(211, 1810)","(560, 180)"
"(328, 1550)","(560, 160)"
"(103, 1650)","(510, 240)"
"(250, 2320)","(590, 120)"
"(277, 1690)","(570, 170)"
"(58, 1460)","(460, 290)"
"(7, 2300)","(550, 190)"
"(295, 2330)","(630, 110)"
"(157, 2320)","(580, 150)"
"(103, 2380)","(570, 160)"
"(40, 1790)","(510, 240)"
"(196, 2040)","(570, 160)"
"(220, 1940)","(570, 160)"
"(217, 1520)","(530, 220)"
"(211, 2430)","(610, 130)"
"(58, 1950)","(520, 210)"
"(304, 1710)","(590, 160)"
"(331, 1940)","(600, 120)"
"(379, 1810)","(600, 110)"
"(73, 2120)","(550, 190)"
"(46, 1610)","(470, 260)"
"(268, 2280)","(610, 120)"
"(379, 2600)","(640, 70)"
"(166, 1900)","(540, 180)"
"(214, 2010)","(590, 160)"
"(163, 2570)","(590, 130)"
"(208, 2130)","(590, 150)"
"(166, 1850)","(550, 190)"
"(355, 1510)","(590, 160)"
"(61, 2200)","(560, 190)"
"(376, 2280)","(660, 90)"
"(268, 1890)","(580, 150)"
"(307, 1880)","(610, 140)"
"(223, 1910)","(560, 160)"
"(85, 1560)","(490, 260)"
"(112, 1540)","(480, 250)"
"(97, 1530)","(480, 260)"
"(217, 2070)","(580, 150)"
"(49, 2210)","(560, 190)"
"(178, 2470)","(610, 140)"
"(328, 2150)","(630, 110)"
"(7, 1680)","(470, 260)"
"(136, 1420)","(480, 270)"
"(253, 2250)","(620, 130)"
"(64, 2340)","(550, 170)"
"(280, 1640)","(550, 170)"
"(217, 1700)","(550, 190)"
"(328, 1900)","(620, 130)"
"(337, 2170)","(640, 110)"
"(217, 2580)","(620, 120)"
"(46, 2010)","(540, 210)"
"(82, 2430)","(570, 160)"
"(76, 2490)","(580, 160)"
"(151, 1540)","(500, 240)"
"(277, 2210)","(600, 120)"
"(58, 1570)","(480, 270)"
"(286, 1530)","(560, 190)"
"(94, 1550)","(490, 260)"
"(10, 1880)","(500, 230)"
"(397, 1930)","(650, 100)"
"(382, 1940)","(620, 100)"
"(325, 1720)","(600, 150)"
"(361, 1900)","(600, 110)"
"(352, 2120)","(610, 100)"
"(283, 2600)","(630, 100)"
"(274, 2210)","(590, 120)"
"(295, 1570)","(570, 180)"
"(313, 1520)","(570, 180)"
"(115, 1620)","(510, 240)"
"(334, 2500)","(640, 90)"
"(52, 2380)","(550, 170)"
"(316, 2430)","(650, 100)"
"(289, 1910)","(590, 140)"
"(325, 1550)","(580, 170)"
"(355, 1410)","(560, 170)"
"(235, 2230)","(580, 130)"
"(7, 1650)","(480, 270)"
"(343, 1890)","(600, 120)"
"(166, 2280)","(580, 150)"
"(316, 2490)","(650, 100)"
"(328, 2600)","(660, 90)"
"(154, 1780)","(530, 200)"
"(28, 1650)","(480, 260)"
"(376, 2550)","(610, 70)"
"(55, 1860)","(510, 220)"
"(274, 1860)","(580, 150)"
"(298, 2570)","(650, 100)"
"(112, 1920)","(540, 200)"
"(379, 2590)","(630, 70)"
"(352, 2430)","(660, 90)"
"(349, 1970)","(600, 110)"
"(61, 2140)","(540, 190)"
"(199, 2140)","(580, 150)"
"(346, 2040)","(630, 110)"
"(112, 2450)","(570, 150)"
"(277, 1730)","(560, 160)"
"(73, 2470)","(570, 160)"
"(64, 1760)","(500, 230)"
"(19, 2310)","(560, 190)"
"(385, 1960)","(630, 100)"
"(349, 1400)","(570, 180)"
"(289, 2590)","(640, 100)"
"(292, 1940)","(610, 140)"
"(394, 1790)","(640, 110)"
"(31, 1960)","(530, 220)"
"(49, 2100)","(550, 200)"
"(94, 1710)","(510, 230)"
"(91, 1450)","(470, 280)"
"(259, 2220)","(620, 130)"
"(208, 1680)","(550, 200)"
"(187, 2250)","(600, 150)"
"(319, 1420)","(560, 190)"
"(154, 2050)","(550, 170)"
"(136, 2540)","(590, 140)"
"(130, 1940)","(540, 190)"
"(103, 1470)","(470, 270)"
"(268, 1640)","(570, 180)"
"(364, 2490)","(640, 80)"
"(73, 2520)","(580, 160)"
"(130, 1950)","(550, 190)"
"(175, 1470)","(490, 240)"
"(166, 2530)","(580, 130)"
"(376, 2540)","(670, 80)"
"(154, 2160)","(560, 160)"
"(220, 1810)","(570, 180)"
"(43, 2450)","(570, 170)"
"(385, 1570)","(590, 130)"
"(346, 1910)","(620, 120)"
"(157, 2200)","(580, 160)"
"(397, 2310)","(670, 80)"
"(88, 1940)","(520, 200)"
"(340, 2110)","(640, 110)"
"(58, 2400)","(570, 170)"
"(292, 2100)","(620, 130)"
"(37, 2560)","(560, 160)"
"(13, 2310)","(550, 190)"
"(121, 2220)","(580, 170)"
"(79, 2570)","(570, 150)"
"(235, 1990)","(570, 150)"
"(364, 1710)","(610, 130)"
"(235, 2210)","(610, 140)"
"(358, 2210)","(650, 100)"
"(340, 1620)","(590, 150)"
"(187, 1840)","(540, 180)"
"(367, 1980)","(640, 110)"
"(208, 2060)","(590, 160)"
"(394, 2010)","(620, 90)"
"(391, 1430)","(600, 150)"
"(160, 2510)","(610, 140)"
"(46, 1800)","(500, 230)"
"(166, 1840)","(540, 190)"
"(343, 1720)","(610, 140)"
"(394, 1570)","(610, 130)"
"(310, 2120)","(630, 120)"
"(67, 1660)","(500, 250)"
"(178, 1880)","(550, 180)"
"(76, 2530)","(590, 160)"
"(313, 2420)","(640, 100)"
"(196, 1910)","(550, 170)"
"(121, 1480)","(480, 260)"
"(304, 1790)","(600, 150)"
"(271, 1880)","(580, 150)"
"(376, 1540)","(590, 140)"
"(241, 1550)","(530, 200)"
"(160, 1770)","(530, 200)"
"(322, 1850)","(590, 130)"
"(175, 1570)","(520, 230)"
"(109, 2040)","(560, 190)"
"(307, 1920)","(590, 130)"
"(232, 2220)","(610, 140)"
"(211, 1990)","(570, 160)"
"(355, 2430)","(660, 90)"
"(49, 1940)","(510, 210)"
"(253, 1580)","(540, 190)"
"(133, 2380)","(570, 150)"
"(40, 1970)","(510, 210)"
"(160, 2420)","(580, 140)"
"(169, 2420)","(590, 140)"
"(112, 1640)","(510, 240)"
"(373, 2000)","(620, 100)"
"(223, 1430)","(510, 230)"
"(199, 1660)","(530, 200)"
"(142, 1410)","(480, 270)"
"(214, 1840)","(570, 180)"
"(349, 1740)","(590, 130)"
"(169, 1520)","(510, 240)"
"(346, 2390)","(640, 90)"
"(19, 1790)","(490, 240)"
"(328, 2380)","(650, 100)"
"(256, 1420)","(530, 220)"
"(127, 1490)","(490, 260)"
"(313, 1780)","(580, 140)"
"(124, 1790)","(530, 210)"
"(106, 1870)","(540, 210)"
"(136, 2320)","(590, 160)"
"(55, 2340)","(570, 180)"
"(139, 1470)","(490, 260)"
"(127, 1510)","(480, 250)"
"(148, 1600)","(510, 230)"
"(211, 1450)","(500, 230)"
"(46, 1510)","(460, 280)"
"(352, 1550)","(580, 150)"
"(388, 1730)","(630, 120)"
"(25, 1550)","(460, 280)"
"(310, 2300)","(640, 110)"
"(16, 1420)","(440, 310)"
"(220, 2390)","(610, 130)"
"(127, 1540)","(500, 250)"
"(349, 1460)","(580, 170)"
"(4, 1690)","(480, 260)"
"(121, 1420)","(460, 270)"
"(49, 1620)","(480, 260)"
"(181, 2330)","(580, 140)"
"(115, 2230)","(570, 170)"
"(166, 1990)","(570, 180)"
"(223, 2070)","(590, 150)"
"(388, 2200)","(660, 90)"
"(250, 2300)","(620, 130)"
"(220, 1670)","(540, 190)"
"(142, 2190)","(560, 160)"
"(151, 2000)","(560, 180)"
"(184, 1890)","(560, 180)"
"(211, 2530)","(600, 120)"
"(394, 1960)","(650, 100)"
"(250, 2470)","(630, 120)"
"(289, 2220)","(630, 120)"
"(253, 2150)","(580, 130)"
"(184, 1820)","(560, 190)"
"(280, 1680)","(570, 170)"
"(361, 2260)","(630, 90)"
"(46, 1700)","(500, 250)"
"(163, 2000)","(570, 180)"
"(325, 1810)","(610, 140)"
"(328, 1490)","(560, 170)"
"(193, 2390)","(610, 140)"
"(58, 1440)","(450, 290)"
"(331, 2120)","(620, 110)"
"(370, 2190)","(620, 90)"
"(343, 2320)","(650, 100)"
"(358, 1400)","(560, 170)"
"(112, 2190)","(550, 170)"
"(127, 2270)","(570, 160)"
"(181, 1780)","(540, 190)"
"(151, 2400)","(600, 150)"
"(103, 2570)","(600, 150)"
"(142, 1790)","(520, 200)"
"(67, 1750)","(500, 230)"
"(202, 1700)","(550, 200)"
"(223, 2150)","(580, 140)"
"(229, 1700)","(560, 190)"
"(391, 2310)","(660, 80)"
"(292, 1670)","(580, 170)"
"(385, 2020)","(650, 100)"
"(82, 1520)","(480, 270)"
"(103, 2120)","(550, 180)"
"(136, 1610)","(500, 230)"
"(193, 1640)","(540, 210)"
"(229, 2240)","(610, 140)"
"(199, 1680)","(540, 200)"
"(220, 2200)","(590, 140)"
"(49, 2010)","(540, 210)"
"(43, 1480)","(460, 290)"
"(310, 1680)","(590, 160)"
"(97, 1460)","(460, 270)"
"(139, 1420)","(480, 270)"
"(277, 1860)","(590, 150)"
"(334, 2550)","(660, 90)"
"(394, 2420)","(620, 70)"
"(154, 1860)","(540, 190)"
"(316, 2240)","(640, 110)"
"(328, 2590)","(660, 90)"
"(349, 2420)","(650, 90)"
"(313, 1970)","(620, 130)"
"(16, 1790)","(490, 240)"
"(85, 1580)","(490, 260)"
"(25, 2320)","(540, 180)"
"(100, 1870)","(530, 210)"
"(25, 1930)","(510, 220)"
"(1, 2460)","(560, 180)"
"(184, 2050)","(560, 160)"
"(187, 2550)","(610, 130)"
"(358, 2480)","(620, 80)"
"(145, 2130)","(570, 170)"
"(97, 2050)","(550, 190)"
"(76, 2130)","(560, 190)"
"(367, 1410)","(580, 170)"
"(91, 2600)","(590, 150)"
"(229, 1940)","(580, 160)"
"(7, 1590)","(470, 280)"
"(211, 1430)","(510, 240)"
"(346, 2220)","(640, 100)"
"(10, 1910)","(510, 230)"
"(103, 2260)","(570, 170)"
"(31, 2010)","(520, 210)"
"(28, 1730)","(490, 250)"
"(52, 1660)","(480, 250)"
"(160, 2170)","(570, 160)"
"(346, 2300)","(650, 100)"
"(145, 2520)","(590, 140)"
"(262, 2550)","(640, 110)"
"(115, 2310)","(560, 160)"
"(112, 2440)","(570, 150)"
"(31, 2090)","(520, 200)"
"(106, 2320)","(560, 160)"
"(25, 1910)","(520, 230)"
"(190, 1870)","(560, 180)"
"(112, 2560)","(600, 150)"
"(103, 1540)","(490, 260)"
"(199, 2130)","(570, 150)"
"(196, 1670)","(530, 200)"
"(85, 2190)","(560, 180)"
"(196, 1560)","(520, 220)"
"(283, 2070)","(600, 130)"
"(79, 2590)","(570, 150)"
"(340, 1730)","(610, 140)"
"(280, 1760)","(580, 160)"
"(376, 1830)","(610, 110)"
"(382, 1430)","(570, 150)"
"(193, 2510)","(610, 130)"
"(388, 2520)","(640, 70)"
"(157, 2030)","(550, 170)"
"(286, 1510)","(550, 190)"
"(388, 1570)","(600, 130)"
"(172, 1620)","(530, 220)"
"(94, 1490)","(480, 270)"
"(343, 2410)","(640, 90)"
"(388, 1530)","(610, 140)"
"(202, 1760)","(550, 190)"
"(94, 1780)","(510, 220)"
"(148, 2530)","(600, 140)"
"(154, 1960)","(550, 180)"
"(214, 1620)","(530, 200)"
"(190, 1630)","(530, 210)"
"(43, 2160)","(530, 190)"
"(34, 1900)","(510, 220)"
"(340, 1740)","(610, 140)"
"(49, 1570)","(480, 270)"
"(238, 2230)","(590, 130)"
"(85, 2290)","(560, 170)"
"(4, 1730)","(490, 260)"
"(55, 1960)","(520, 210)"
"(106, 2580)","(600, 150)"
"(400, 2100)","(660, 90)"
"(76, 1520)","(470, 270)"
"(178, 1690)","(540, 210)"
"(319, 1560)","(580, 170)"
"(382, 2030)","(650, 100)"
"(148, 1700)","(530, 220)"
"(73, 1810)","(510, 220)"
"(355, 2320)","(630, 90)"
"(64, 2320)","(570, 180)"
"(388, 2230)","(620, 80)"
"(160, 2220)","(590, 160)"
"(274, 2310)","(630, 120)"
"(376, 1410)","(580, 160)"
"(358, 2150)","(640, 100)"
"(115, 2260)","(580, 170)"
"(259, 1740)","(570, 170)"
"(319, 1910)","(610, 130)"
"(70, 1960)","(540, 210)"
"(235, 2140)","(590, 140)"
"(373, 1650)","(600, 130)"
"(22, 2320)","(560, 190)"
"(73, 2280)","(570, 180)"
"(364, 1940)","(630, 110)"
"(37, 1710)","(490, 250)"
"(79, 1800)","(510, 220)"
"(76, 1450)","(450, 280)"
"(13, 2460)","(570, 180)"
"(94, 1760)","(520, 230)"
"(376, 1880)","(630, 110)"
"(313, 1870)","(610, 140)"
"(1, 2240)","(550, 200)"
"(70, 2300)","(570, 180)"
"(22, 1720)","(490, 250)"
"(10, 2490)","(570, 180)"
"(301, 1820)","(570, 140)"
"(337, 2590)","(660, 90)"
"(208, 2450)","(610, 130)"
"(319, 1510)","(550, 170)"
"(151, 2180)","(560, 160)"
"(169, 2110)","(560, 160)"
"(301, 2390)","(600, 100)"
"(97, 1900)","(540, 210)"
"(373, 2300)","(660, 90)"
"(286, 2000)","(580, 130)"
"(238, 2540)","(590, 110)"
"(310, 2480)","(650, 100)"
"(244, 2060)","(580, 140)"
"(133, 2210)","(580, 170)"
"(16, 1740)","(490, 250)"
"(301, 1880)","(600, 140)"
"(118, 1580)","(490, 240)"
"(25, 1940)","(510, 220)"
"(208, 1720)","(540, 190)"
"(58, 1670)","(490, 250)"
"(241, 1880)","(570, 160)"
"(82, 2340)","(570, 170)"
"(82, 2330)","(570, 170)"
"(43, 2560)","(560, 160)"
"(160, 1760)","(530, 200)"
"(181, 2030)","(580, 170)"
"(262, 1850)","(590, 160)"
"(370, 2530)","(670, 80)"
"(265, 2260)","(600, 120)"
"(292, 1520)","(560, 190)"
"(199, 1930)","(560, 170)"
"(187, 1940)","(550, 170)"
"(298, 1740)","(570, 150)"
"(373, 2130)","(610, 90)"
"(79, 2230)","(560, 180)"
"(205, 2340)","(610, 140)"
"(223, 2580)","(630, 120)"
"(199, 1960)","(580, 170)"
"(13, 2030)","(510, 210)"
"(178, 2380)","(590, 140)"
"(163, 1580)","(520, 230)"
"(7, 2440)","(560, 180)"
"(265, 2470)","(620, 110)"
"(67, 2270)","(560, 180)"
"(202, 1740)","(550, 190)"
"(310, 2360)","(610, 100)"
"(346, 2230)","(640, 100)"
"(136, 2520)","(580, 140)"
"(292, 2250)","(630, 120)"
"(346, 2530)","(610, 80)"
"(187, 2510)","(600, 130)"
"(280, 1510)","(540, 190)"
"(193, 1880)","(570, 180)"
"(100, 2560)","(590, 150)"
"(307, 1750)","(590, 150)"
"(307, 1900)","(610, 140)"
"(175, 2050)","(580, 170)"
"(205, 2240)","(580, 140)"
"(289, 2350)","(620, 110)"
"(190, 2320)","(590, 140)"
"(283, 2530)","(610, 100)"
"(133, 1760)","(520, 210)"
"(82, 1570)","(490, 260)"
"(28, 1440)","(440, 300)"
"(226, 2490)","(610, 120)"
"(100, 1980)","(550, 200)"
"(109, 1720)","(520, 230)"
"(313, 1630)","(580, 160)"
"(10, 2210)","(550, 200)"
"(214, 2080)","(580, 150)"
"(142, 2350)","(570, 150)"
"(139, 2580)","(600, 140)"
"(286, 2040)","(600, 130)"
"(121, 1600)","(500, 240)"
"(115, 1500)","(480, 260)"
"(223, 1880)","(580, 170)"
"(49, 2130)","(550, 200)"
"(10, 2170)","(530, 200)"
"(55, 1530)","(460, 270)"
"(145, 2110)","(570, 170)"
"(286, 1770)","(590, 160)"
"(28, 1710)","(490, 250)"
"(25, 2030)","(520, 210)"
"(235, 1830)","(570, 170)"
"(10, 1670)","(470, 260)"
"(289, 1500)","(550, 190)"
"(202, 1540)","(520, 220)"
"(379, 1450)","(580, 150)"
"(316, 1830)","(610, 140)"
"(400, 2590)","(680, 70)"
"(205, 2310)","(610, 140)"
"(106, 2190)","(550, 170)"
"(382, 1700)","(610, 120)"
"(226, 1680)","(550, 190)"
"(382, 2220)","(660, 90)"
"(388, 2090)","(630, 90)"
"(307, 2570)","(610, 90)"
"(250, 2270)","(620, 130)"
"(286, 2250)","(630, 120)"
"(340, 2070)","(620, 110)"
"(187, 2440)","(580, 130)"
"(205, 1740)","(550, 190)"
"(139, 1690)","(520, 220)"
"(298, 2290)","(620, 110)"
"(154, 1420)","(480, 260)"
"(31, 1990)","(510, 210)"
"(295, 2040)","(620, 130)"
"(181, 2300)","(600, 150)"
"(388, 2050)","(620, 90)"
"(154, 1880)","(550, 190)"
"(337, 2410)","(620, 90)"
"(7, 2000)","(520, 220)"
"(1, 2250)","(550, 200)"
"(265, 1850)","(590, 160)"
"(274, 1900)","(600, 150)"
"(244, 2320)","(620, 130)"
"(13, 2380)","(550, 180)"
"(55, 2330)","(570, 180)"
"(334, 1750)","(610, 140)"
"(97, 1600)","(500, 250)"
"(217, 1590)","(540, 210)"
"(163, 2480)","(600, 140)"
"(307, 2110)","(620, 120)"
"(274, 1490)","(550, 200)"
"(4, 2470)","(570, 180)"
"(316, 1410)","(540, 190)"
"(346, 1690)","(600, 140)"
"(94, 1620)","(500, 250)"
"(67, 1990)","(520, 200)"
"(331, 1630)","(580, 150)"
"(112, 1590)","(490, 240)"
"(133, 1430)","(480, 270)"
"(346, 1680)","(600, 140)"
"(31, 1930)","(510, 220)"
"(4, 2090)","(500, 200)"
"(193, 2070)","(580, 160)"
"(52, 2510)","(560, 160)"
"(232, 2300)","(600, 130)"
"(376, 1990)","(620, 100)"
"(25, 1730)","(490, 250)"
"(361, 2160)","(650, 100)"
"(55, 2310)","(570, 180)"
"(352, 2240)","(650, 100)"
"(205, 1760)","(560, 190)"
"(205, 2360)","(580, 130)"
"(364, 1610)","(600, 140)"
"(382, 2050)","(650, 100)"
"(241, 1640)","(550, 190)"
"(181, 1860)","(540, 180)"
"(340, 1680)","(580, 140)"
"(352, 2230)","(650, 100)"
"(223, 2200)","(600, 140)"
"(376, 1560)","(600, 140)"
"(277, 2190)","(590, 120)"
"(355, 1960)","(610, 110)"
"(331, 1900)","(620, 130)"
"(82, 2550)","(570, 150)"
"(115, 1440)","(470, 270)"
"(307, 2170)","(630, 120)"
"(292, 1490)","(550, 190)"
"(175, 1960)","(570, 180)"
"(94, 1510)","(470, 260)"
"(70, 2130)","(550, 190)"
"(235, 2520)","(630, 120)"
"(154, 2400)","(600, 150)"
"(253, 1990)","(600, 150)"
"(319, 1800)","(600, 140)"
"(367, 2450)","(640, 80)"
"(208, 1640)","(530, 200)"
"(316, 2090)","(630, 120)"
"(31, 2590)","(560, 160)"
"(232, 1730)","(550, 180)"
"(322, 1950)","(620, 130)"
"(388, 1940)","(630, 100)"
"(190, 1690)","(530, 200)"
"(97, 1580)","(490, 250)"
"(82, 1640)","(500, 250)"
"(211, 2010)","(580, 160)"
"(43, 1960)","(510, 210)"
"(298, 2460)","(620, 100)"
"(106, 2310)","(580, 170)"
"(364, 1880)","(600, 110)"
"(316, 1690)","(580, 150)"
"(202, 2360)","(610, 140)"
"(13, 1640)","(480, 270)"
"(118, 2550)","(600, 150)"
"(79, 2260)","(570, 180)"
"(379, 1440)","(570, 150)"
"(247, 2000)","(600, 150)"
"(211, 2040)","(590, 160)"
"(139, 1450)","(480, 260)"
"(175, 1880)","(540, 180)"
"(307, 2520)","(650, 100)"
"(220, 2040)","(570, 150)"
"(262, 2070)","(610, 140)"
"(70, 1480)","(470, 280)"
"(334, 2210)","(610, 100)"
"(319, 2390)","(640, 100)"
"(115, 2570)","(570, 140)"
"(196, 1750)","(540, 190)"
"(7, 1560)","(450, 280)"
"(256, 2540)","(620, 110)"
"(130, 2210)","(580, 170)"
"(313, 1700)","(580, 150)"
"(19, 2200)","(550, 200)"
"(202, 2210)","(600, 150)"
"(226, 2440)","(590, 120)"
"(205, 1640)","(530, 200)"
"(121, 1560)","(500, 250)"
"(238, 2190)","(610, 140)"
"(352, 1540)","(570, 150)"
"(181, 1740)","(550, 200)"
"(304, 1510)","(550, 180)"
"(325, 1650)","(570, 150)"
"(67, 2510)","(570, 160)"
"(52, 2360)","(570, 180)"
"(130, 1850)","(530, 200)"
"(268, 2390)","(590, 110)"
"(220, 1850)","(560, 170)"
"(376, 1680)","(620, 130)"
"(109, 1820)","(520, 210)"
"(121, 2550)","(570, 140)"
"(16, 2300)","(550, 190)"
"(178, 1780)","(530, 190)"
"(64, 1530)","(470, 270)"
"(49, 2580)","(580, 160)"
"(136, 2350)","(570, 150)"
"(259, 1400)","(520, 220)"
"(292, 2220)","(630, 120)"
"(274, 2450)","(630, 110)"
"(196, 1900)","(550, 170)"
"(346, 2510)","(660, 90)"
"(175, 2340)","(570, 140)"
"(289, 2270)","(590, 110)"
"(133, 1540)","(500, 250)"
"(34, 1720)","(500, 250)"
"(268, 1960)","(570, 140)"
"(142, 2250)","(580, 160)"
"(115, 1530)","(480, 250)"
"(118, 2000)","(550, 190)"
"(79, 2090)","(540, 190)"
"(34, 1950)","(530, 220)"
"(400, 2410)","(640, 70)"
"(100, 1440)","(470, 280)"
"(226, 1430)","(510, 230)"
"(322, 2230)","(640, 110)"
"(292, 1820)","(600, 150)"
"(340, 2260)","(640, 100)"
"(37, 1790)","(510, 240)"
"(379, 2130)","(620, 90)"
"(385, 1660)","(590, 120)"
"(319, 2180)","(620, 110)"
"(238, 2380)","(590, 120)"
"(22, 2120)","(530, 200)"
"(136, 1670)","(510, 220)"
"(55, 2440)","(570, 170)"
"(163, 2090)","(580, 170)"
"(178, 2210)","(570, 150)"
"(133, 1820)","(520, 200)"
"(130, 1480)","(490, 260)"
"(13, 2000)","(530, 220)"
"(223, 2060)","(580, 150)"
"(148, 1740)","(530, 210)"
"(190, 2480)","(600, 130)"
"(154, 1720)","(530, 210)"
"(352, 1780)","(620, 130)"
"(349, 2570)","(630, 80)"
"(307, 2460)","(640, 100)"
"(64, 2040)","(540, 200)"
"(118, 1880)","(530, 200)"
"(298, 2130)","(610, 120)"
"(226, 2380)","(620, 130)"
"(352, 1650)","(590, 140)"
"(1, 1480)","(440, 300)"
"(31, 1630)","(470, 260)"
"(265, 2400)","(590, 110)"
"(400, 2120)","(660, 90)"
"(133, 1630)","(510, 230)"
"(391, 2110)","(650, 90)"
"(22, 1660)","(480, 260)"
"(217, 2290)","(610, 140)"
"(358, 1840)","(620, 120)"
"(154, 2080)","(560, 170)"
"(133, 1890)","(550, 200)"
"(217, 2190)","(580, 140)"
"(376, 2530)","(670, 80)"
"(313, 2340)","(610, 100)"
"(292, 1780)","(580, 150)"
"(262, 2460)","(610, 110)"
"(100, 2370)","(570, 160)"
"(169, 1790)","(550, 200)"
"(379, 2260)","(660, 90)"
"(334, 1780)","(610, 140)"
"(175, 2530)","(590, 130)"
"(337, 1750)","(610, 140)"
"(58, 1810)","(510, 230)"
"(184, 2400)","(610, 140)"
"(238, 2200)","(610, 140)"
"(31, 1880)","(520, 230)"
"(31, 2300)","(540, 180)"
"(394, 1990)","(610, 90)"
"(364, 2200)","(610, 90)"
"(139, 1410)","(480, 270)"
"(1, 2140)","(540, 210)"
"(268, 1440)","(530, 210)"
"(361, 1570)","(600, 150)"
"(46, 2250)","(560, 190)"
"(208, 1990)","(570, 160)"
"(91, 1870)","(520, 210)"
"(373, 1870)","(620, 110)"
"(241, 2440)","(620, 120)"
"(280, 1790)","(590, 160)"
"(196, 2450)","(600, 130)"
"(160, 2180)","(580, 160)"
"(307, 2350)","(600, 100)"
"(166, 1470)","(500, 250)"
"(370, 1940)","(640, 110)"
"(373, 2090)","(650, 100)"
"(199, 1470)","(500, 230)"
"(109, 1460)","(470, 270)"
"(28, 1920)","(510, 220)"
"(34, 2490)","(570, 170)"
"(271, 1490)","(540, 200)"
"(271, 2520)","(640, 110)"
"(31, 2050)","(540, 210)"
"(235, 2420)","(600, 120)"
"(391, 2540)","(650, 70)"
"(334, 2110)","(630, 110)"
"(283, 1800)","(570, 150)"
"(73, 1660)","(500, 250)"
"(85, 1980)","(540, 200)"
"(343, 2010)","(600, 110)"
"(79, 1580)","(490, 260)"
"(394, 2360)","(670, 80)"
"(397, 2220)","(640, 80)"
"(259, 1720)","(560, 170)"
"(163, 2600)","(600, 130)"
"(217, 2480)","(590, 120)"
"(220, 1580)","(540, 210)"
"(202, 2020)","(570, 160)"
"(241, 1980)","(580, 150)"
"(79, 2020)","(550, 200)"
"(265, 2090)","(580, 130)"
"(205, 2410)","(600, 130)"
"(265, 1570)","(550, 190)"
"(145, 2410)","(600, 150)"
"(121, 1730)","(520, 220)"
"(181, 1420)","(490, 250)"
"(1, 1550)","(460, 290)"
"(250, 2100)","(600, 140)"
"(88, 2530)","(570, 150)"
"(106, 2540)","(590, 150)"
"(148, 2140)","(580, 170)"
"(169, 2360)","(570, 140)"
"(49, 1950)","(490, 200)"
"(343, 1740)","(610, 140)"
"(19, 1490)","(430, 280)"
"(367, 2150)","(650, 100)"
"(37, 2180)","(530, 190)"
"(79, 1650)","(500, 250)"
"(250, 2540)","(610, 110)"
"(334, 1430)","(560, 180)"
"(400, 2000)","(630, 90)"
"(46, 1850)","(520, 230)"
"(88, 2040)","(540, 190)"
"(199, 1690)","(540, 200)"
"(229, 2590)","(590, 110)"
"(214, 2500)","(590, 120)"
"(148, 2580)","(610, 140)"
"(97, 1770)","(510, 220)"
"(148, 1720)","(520, 210)"
"(292, 2190)","(620, 120)"
"(157, 1680)","(530, 220)"
"(286, 2210)","(620, 120)"
"(361, 2570)","(660, 80)"
"(220, 2280)","(610, 140)"
"(133, 2190)","(580, 170)"
"(289, 1950)","(610, 140)"
"(166, 2350)","(600, 150)"
"(70, 2570)","(590, 160)"
"(232, 2540)","(630, 120)"
"(232, 1990)","(570, 150)"
"(25, 1510)","(460, 290)"
"(97, 2510)","(570, 150)"
"(352, 2520)","(620, 80)"
"(13, 1420)","(430, 310)"
"(76, 1430)","(460, 290)"
"(304, 1910)","(610, 140)"
"(43, 2320)","(560, 180)"
"(328, 1660)","(590, 150)"
"(37, 1960)","(530, 220)"
"(109, 1810)","(520, 210)"
"(238, 2150)","(600, 140)"
"(28, 1410)","(440, 310)"
"(382, 1840)","(630, 110)"
"(349, 1750)","(600, 130)"
"(271, 1450)","(540, 210)"
"(61, 1530)","(470, 270)"
"(22, 2170)","(540, 200)"
"(16, 1840)","(510, 240)"
"(193, 2350)","(600, 140)"
"(310, 2590)","(620, 90)"
"(190, 2100)","(590, 160)"
"(127, 2560)","(580, 140)"
"(85, 2590)","(580, 150)"
"(241, 1780)","(560, 170)"
"(91, 1470)","(460, 270)"
"(259, 2210)","(610, 130)"
"(97, 2170)","(560, 180)"
"(187, 1710)","(540, 200)"
"(370, 2510)","(670, 80)"
"(247, 1690)","(560, 180)"
"(97, 2120)","(540, 180)"
"(322, 2560)","(640, 90)"
"(16, 2160)","(530, 200)"
"(19, 1510)","(440, 280)"
"(259, 2130)","(580, 130)"
"(151, 2540)","(610, 140)"
"(352, 2510)","(620, 80)"
"(181, 1800)","(550, 190)"
"(199, 1980)","(580, 170)"
"(388, 2180)","(660, 90)"
"(316, 2070)","(620, 120)"
"(190, 2280)","(570, 140)"
"(91, 1570)","(490, 260)"
"(163, 2170)","(580, 160)"
"(265, 2560)","(640, 110)"
"(259, 1680)","(570, 180)"
"(334, 2390)","(610, 90)"
"(58, 1830)","(520, 230)"
"(121, 1820)","(540, 210)"
"(100, 1760)","(510, 220)"
"(343, 1810)","(610, 130)"
"(205, 1410)","(490, 240)"
"(400, 2280)","(670, 80)"
"(46, 1420)","(430, 290)"
"(46, 1540)","(460, 270)"
"(307, 2440)","(630, 100)"
"(46, 2520)","(580, 170)"
"(235, 1650)","(550, 190)"
"(343, 1420)","(570, 180)"
"(220, 1690)","(550, 190)"
"(31, 1460)","(450, 300)"
"(235, 1910)","(580, 160)"
"(238, 2040)","(600, 150)"
"(37, 1420)","(440, 300)"
"(298, 1920)","(610, 140)"
"(361, 1410)","(580, 170)"
"(262, 1410)","(530, 220)"
"(337, 2570)","(660, 90)"
"(100, 1630)","(500, 240)"
"(157, 2550)","(610, 140)"
"(346, 1790)","(610, 130)"
"(166, 2370)","(570, 140)"
"(175, 2160)","(590, 160)"
"(283, 2320)","(600, 110)"
"(235, 1870)","(560, 160)"
"(271, 2350)","(630, 120)"
"(193, 1980)","(580, 170)"
"(115, 1410)","(470, 280)"
"(244, 1960)","(570, 150)"
"(163, 2440)","(590, 140)"
"(334, 2000)","(630, 120)"
"(10, 2260)","(540, 190)"
"(322, 2200)","(630, 110)"
"(16, 1920)","(520, 230)"
"(349, 1890)","(620, 120)"
"(139, 2440)","(600, 150)"
"(100, 2420)","(580, 160)"
"(343, 2110)","(640, 110)"
"(136, 1790)","(540, 210)"
"(400, 2160)","(630, 80)"
"(49, 2300)","(560, 180)"
"(295, 2390)","(640, 110)"
"(154, 1430)","(480, 260)"
"(181, 1640)","(520, 210)"
"(118, 1830)","(540, 210)"
"(175, 1730)","(530, 200)"
"(31, 1700)","(480, 250)"
"(169, 2570)","(600, 130)"
"(283, 1550)","(540, 180)"
"(58, 1630)","(490, 260)"
"(391, 2270)","(640, 80)"
"(337, 1800)","(590, 130)"
"(238, 1860)","(560, 160)"
"(1, 1420)","(410, 300)"
"(145, 2280)","(590, 160)"
"(31, 1610)","(480, 270)"
"(85, 1400)","(450, 290)"
"(394, 2120)","(660, 90)"
"(376, 1730)","(610, 120)"
"(169, 2350)","(570, 140)"
"(154, 1580)","(510, 230)"
"(370, 1700)","(620, 130)"
"(205, 1960)","(580, 170)"
"(256, 1530)","(540, 200)"
"(49, 2530)","(560, 160)"
"(181, 2250)","(590, 150)"
"(250, 2160)","(580, 130)"
"(355, 2270)","(610, 90)"
"(169, 1940)","(560, 180)"
"(151, 2150)","(580, 170)"
"(136, 2160)","(570, 170)"
"(280, 2550)","(610, 100)"
"(340, 2370)","(610, 90)"
"(106, 1680)","(500, 230)"
"(367, 1920)","(620, 110)"
"(127, 1420)","(470, 270)"
"(391, 1940)","(640, 100)"
"(22, 2090)","(540, 210)"
"(91, 1420)","(450, 280)"
"(265, 1740)","(580, 170)"
"(244, 2080)","(580, 140)"
"(196, 2060)","(580, 160)"
"(379, 2040)","(650, 100)"
"(139, 1710)","(530, 220)"
"(10, 1990)","(520, 220)"
"(58, 2380)","(560, 170)"
"(181, 2000)","(570, 170)"
"(133, 1710)","(520, 220)"
"(187, 1770)","(540, 190)"
"(94, 2030)","(540, 190)"
"(241, 2600)","(610, 110)"
"(22, 1700)","(490, 260)"
"(190, 1770)","(540, 190)"
"(268, 1430)","(530, 210)"
"(298, 1600)","(560, 170)"
"(214, 1450)","(510, 230)"
"(115, 2540)","(600, 150)"
"(358, 2120)","(630, 100)"
"(307, 2000)","(620, 130)"
"(142, 2200)","(560, 160)"
"(148, 1890)","(540, 190)"
"(34, 1460)","(440, 290)"
"(43, 1510)","(460, 280)"
"(67, 1590)","(480, 260)"
"(232, 1610)","(550, 200)"
"(121, 2470)","(590, 150)"
"(319, 2430)","(650, 100)"
"(187, 2500)","(600, 130)"
"(61, 2300)","(570, 180)"
"(127, 2600)","(590, 140)"
"(19, 1890)","(510, 230)"
"(214, 1510)","(520, 220)"
"(181, 1840)","(560, 190)"
"(355, 1920)","(630, 120)"
"(316, 1510)","(570, 180)"
"(376, 1750)","(620, 120)"
"(22, 2430)","(570, 180)"
"(247, 2310)","(620, 130)"
"(334, 2300)","(640, 100)"
"(214, 2340)","(590, 130)"
"(283, 2590)","(630, 100)"
"(280, 1500)","(540, 190)"
"(325, 1610)","(590, 160)"
"(145, 2200)","(560, 160)"
"(13, 1620)","(470, 270)"
"(115, 1680)","(510, 230)"
"(343, 2510)","(660, 90)"
"(358, 2320)","(640, 90)"
"(76, 1490)","(460, 270)"
"(229, 1670)","(550, 190)"
"(121, 1870)","(530, 200)"
"(154, 2550)","(610, 140)"
"(355, 1940)","(600, 110)"
"(40, 2260)","(560, 190)"
"(112, 1910)","(540, 200)"
"(40, 1750)","(490, 240)"
"(205, 2400)","(590, 130)"
"(70, 2230)","(550, 180)"
"(16, 2210)","(550, 200)"
"(265, 1870)","(570, 150)"
"(10, 1870)","(510, 240)"
"(319, 1650)","(590, 160)"
"(241, 1740)","(570, 180)"
"(379, 2420)","(660, 80)"
"(361, 1910)","(600, 110)"
"(328, 2320)","(630, 100)"
"(253, 1970)","(590, 150)"
"(349, 1760)","(600, 130)"
"(253, 2450)","(630, 120)"
"(13, 2390)","(550, 180)"
"(157, 2090)","(570, 170)"
"(322, 1580)","(570, 160)"
"(151, 2280)","(560, 150)"
"(130, 1500)","(480, 250)"
"(394, 2250)","(640, 80)"
"(385, 1910)","(610, 100)"
"(13, 1790)","(490, 240)"
"(52, 2170)","(550, 190)"
"(76, 2230)","(560, 180)"
"(82, 1600)","(480, 250)"
"(220, 2160)","(580, 140)"
"(367, 1890)","(610, 110)"
"(295, 2340)","(630, 110)"
"(55, 2200)","(560, 190)"
"(151, 1430)","(480, 260)"
"(31, 2500)","(570, 170)"
"(76, 2050)","(550, 200)"
"(31, 2180)","(550, 200)"
"(343, 2380)","(620, 90)"
"(337, 1440)","(570, 180)"
"(202, 1600)","(530, 210)"
"(271, 1760)","(570, 160)"
"(172, 2560)","(600, 130)"
"(340, 1640)","(600, 150)"
"(154, 2490)","(590, 140)"
"(88, 2490)","(590, 160)"
"(25, 2190)","(550, 200)"
"(340, 2460)","(650, 90)"
"(121, 2340)","(580, 160)"
"(109, 2600)","(570, 140)"
"(46, 1840)","(520, 230)"
"(145, 1630)","(520, 230)"
"(268, 2580)","(600, 100)"
"(238, 2450)","(610, 120)"
"(178, 1610)","(530, 220)"
"(304, 1720)","(570, 150)"
"(322, 2350)","(630, 100)"
"(55, 2270)","(550, 180)"
"(61, 2230)","(550, 180)"
"(7, 1700)","(480, 260)"
"(28, 1500)","(460, 290)"
"(196, 2220)","(600, 150)"
"(121, 1670)","(510, 230)"
"(169, 2530)","(580, 130)"
"(145, 2360)","(580, 150)"
"(370, 1480)","(580, 150)"
"(148, 1450)","(490, 260)"
"(28, 2390)","(560, 180)"
"(385, 2600)","(650, 70)"
"(247, 1580)","(550, 200)"
"(157, 2210)","(580, 160)"
"(319, 2480)","(600, 90)"
"(298, 2490)","(630, 100)"
"(112, 1960)","(530, 190)"
"(109, 2590)","(600, 150)"
"(193, 1760)","(540, 190)"
"(337, 1650)","(600, 150)"
"(202, 2420)","(600, 130)"
"(367, 2560)","(670, 80)"
"(40, 2560)","(560, 160)"
"(247, 1650)","(560, 190)"
"(229, 1920)","(570, 160)"
"(301, 2050)","(620, 130)"
"(52, 1570)","(480, 270)"
"(307, 2310)","(640, 110)"
"(40, 1530)","(470, 280)"
"(310, 2420)","(630, 100)"
"(373, 1420)","(580, 160)"
"(226, 2300)","(590, 130)"
"(31, 2330)","(550, 180)"
"(361, 1820)","(610, 120)"
"(46, 2530)","(560, 160)"
"(286, 2490)","(600, 100)"
"(88, 1920)","(540, 210)"
"(52, 2160)","(540, 190)"
"(235, 1770)","(570, 180)"
"(16, 2510)","(560, 170)"
"(61, 1680)","(500, 250)"
"(1, 2530)","(550, 170)"
"(286, 2290)","(590, 110)"
"(91, 2250)","(550, 170)"
"(160, 1490)","(500, 250)"
"(244, 1470)","(530, 220)"
"(112, 1480)","(470, 260)"
"(274, 2150)","(620, 130)"
"(130, 2240)","(560, 160)"
"(142, 1940)","(560, 190)"
"(247, 2530)","(600, 110)"
"(58, 2510)","(560, 160)"
"(136, 2560)","(590, 140)"
"(343, 2360)","(620, 90)"
"(25, 2580)","(580, 170)"
"(133, 1830)","(530, 200)"
"(286, 2560)","(630, 100)"
"(394, 2310)","(670, 80)"
"(388, 1970)","(650, 100)"
"(85, 2530)","(560, 150)"
"(307, 1970)","(610, 130)"
"(283, 2170)","(600, 120)"
"(220, 2450)","(620, 130)"
"(205, 1890)","(560, 170)"
"(100, 1520)","(480, 260)"
"(70, 2580)","(560, 150)"
"(301, 1640)","(560, 160)"
"(391, 1570)","(610, 130)"
"(28, 1520)","(450, 280)"
"(184, 1860)","(550, 180)"
"(256, 1760)","(570, 170)"
"(160, 1400)","(470, 260)"
"(127, 1650)","(510, 230)"
"(109, 2290)","(580, 170)"
"(169, 1510)","(510, 240)"
"(88, 1960)","(530, 200)"
"(85, 2540)","(570, 150)"
"(310, 2570)","(610, 90)"
"(277, 2010)","(610, 140)"
"(310, 2320)","(640, 110)"
"(10, 2140)","(520, 200)"
"(247, 1870)","(580, 160)"
"(280, 1540)","(560, 190)"
"(340, 1800)","(600, 130)"
"(127, 2450)","(590, 150)"
"(286, 2400)","(630, 110)"
"(304, 1650)","(570, 160)"
"(349, 2500)","(660, 90)"
"(124, 1720)","(520, 220)"
"(244, 2040)","(600, 150)"
"(355, 1980)","(620, 110)"
"(256, 1820)","(570, 160)"
"(193, 2240)","(600, 150)"
"(277, 2110)","(610, 130)"
"(43, 1680)","(490, 250)"
"(211, 1980)","(570, 160)"
"(61, 2020)","(530, 200)"
"(109, 2470)","(570, 150)"
"(301, 2160)","(630, 120)"
"(205, 2090)","(570, 150)"
"(118, 2350)","(580, 160)"
"(52, 2520)","(560, 160)"
"(178, 1440)","(500, 250)"
"(31, 2100)","(530, 200)"
"(295, 2220)","(630, 120)"
"(298, 1690)","(580, 160)"
"(343, 1910)","(610, 120)"
"(139, 2400)","(590, 150)"
"(382, 1460)","(590, 150)"
"(211, 1460)","(510, 230)"
"(85, 2160)","(550, 180)"
"(49, 2450)","(570, 170)"
"(391, 1630)","(590, 120)"
"(274, 1430)","(540, 210)"
"(124, 2280)","(570, 160)"
"(310, 1910)","(590, 130)"
"(103, 1730)","(520, 230)"
"(88, 2070)","(550, 190)"
"(373, 1760)","(610, 120)"
"(295, 1940)","(610, 140)"
"(190, 1760)","(540, 190)"
"(70, 2090)","(530, 190)"
"(4, 2200)","(540, 200)"
"(379, 1480)","(600, 150)"
"(100, 2480)","(560, 150)"
"(322, 1420)","(560, 190)"
"(145, 1660)","(510, 220)"
"(121, 2430)","(570, 150)"
"(208, 2000)","(570, 160)"
"(100, 2490)","(570, 150)"
"(196, 1600)","(520, 210)"
"(121, 2280)","(560, 160)"
"(124, 2220)","(580, 170)"
"(175, 2400)","(590, 140)"
"(400, 2540)","(680, 70)"
"(37, 1770)","(500, 240)"
"(49, 1490)","(450, 280)"
"(169, 1950)","(560, 180)"
"(343, 2120)","(640, 110)"
"(118, 2040)","(540, 180)"
"(37, 1850)","(510, 230)"
"(394, 1860)","(610, 100)"
"(289, 1770)","(590, 160)"
"(271, 1990)","(590, 140)"
"(322, 1620)","(590, 160)"
"(82, 2030)","(550, 200)"
"(187, 1730)","(550, 200)"
"(61, 1970)","(530, 210)"
"(391, 2260)","(640, 80)"
"(316, 1820)","(600, 140)"
"(310, 1700)","(570, 150)"
"(349, 2380)","(640, 90)"
"(172, 1470)","(490, 240)"
"(220, 1430)","(500, 230)"
"(64, 2230)","(550, 180)"
"(319, 2370)","(630, 100)"
"(112, 2290)","(580, 170)"
"(142, 2210)","(560, 160)"
"(127, 1820)","(540, 210)"
"(322, 1410)","(550, 190)"
"(367, 1580)","(590, 140)"
"(19, 2260)","(540, 190)"
"(373, 1720)","(590, 120)"
"(127, 2440)","(580, 150)"
"(106, 1900)","(530, 200)"
"(316, 2000)","(590, 120)"
"(31, 2150)","(550, 200)"
"(175, 1910)","(560, 180)"
"(223, 2010)","(590, 160)"
"(214, 1440)","(500, 230)"
"(82, 2070)","(540, 190)"
"(61, 2290)","(570, 180)"
"(211, 1560)","(520, 210)"
"(157, 2480)","(590, 140)"
"(103, 2070)","(560, 190)"
"(361, 2230)","(620, 90)"
"(118, 2490)","(590, 150)"
"(352, 1470)","(560, 160)"
"(49, 1630)","(490, 260)"
"(172, 2410)","(590, 140)"
"(382, 2330)","(640, 80)"
"(334, 2250)","(620, 100)"
"(322, 1460)","(560, 180)"
"(382, 2310)","(630, 80)"
"(121, 1680)","(520, 230)"
"(292, 1660)","(580, 170)"
"(124, 1610)","(510, 240)"
"(316, 1780)","(580, 140)"
"(19, 1760)","(500, 250)"
"(82, 2000)","(540, 200)"
"(316, 1490)","(570, 180)"
"(361, 1450)","(570, 160)"
"(133, 1670)","(520, 230)"
"(97, 2100)","(560, 190)"
"(229, 1990)","(590, 160)"
"(64, 2360)","(560, 170)"
"(286, 1950)","(600, 140)"
"(103, 1420)","(460, 280)"
"(10, 2200)","(540, 200)"
"(202, 1670)","(540, 200)"
"(106, 1740)","(510, 220)"
"(310, 2580)","(620, 90)"
"(187, 2210)","(590, 150)"
"(277, 1960)","(590, 140)"
"(79, 2130)","(560, 190)"
"(298, 2120)","(610, 120)"
"(202, 2380)","(580, 130)"
"(283, 2480)","(640, 110)"
"(190, 2440)","(580, 130)"
"(160, 2340)","(590, 150)"
"(166, 1560)","(510, 230)"
"(151, 2310)","(570, 150)"
"(142, 1440)","(480, 260)"
"(322, 1820)","(610, 140)"
"(205, 2530)","(590, 120)"
"(178, 2580)","(610, 130)"
"(148, 1440)","(480, 260)"
"(124, 2580)","(580, 140)"
"(265, 2430)","(600, 110)"
"(313, 1590)","(580, 170)"
"(373, 1610)","(610, 140)"
"(304, 1560)","(550, 170)"
"(175, 2500)","(580, 130)"
"(28, 1970)","(530, 220)"
"(136, 2050)","(560, 180)"
"(322, 1940)","(620, 130)"
"(355, 2370)","(650, 90)"
"(283, 2560)","(620, 100)"
"(241, 2260)","(600, 130)"
"(289, 2420)","(640, 110)"
"(268, 2170)","(620, 130)"
"(70, 2310)","(550, 170)"
"(397, 1630)","(610, 120)"
"(361, 2300)","(640, 90)"
"(121, 1520)","(480, 250)"
"(334, 2070)","(610, 110)"
"(67, 1940)","(530, 210)"
"(187, 1800)","(550, 190)"
"(298, 1420)","(540, 200)"
"(190, 2460)","(590, 130)"
"(79, 1590)","(490, 260)"
"(163, 1790)","(550, 200)"
"(337, 1870)","(620, 130)"
"(85, 2140)","(540, 180)"
"(349, 2000)","(620, 110)"
"(148, 2310)","(570, 150)"
"(358, 1990)","(630, 110)"
"(334, 1640)","(590, 150)"
"(250, 1530)","(530, 200)"
"(43, 2510)","(580, 170)"
"(157, 1580)","(510, 230)"
"(361, 1420)","(580, 170)"
"(94, 2580)","(590, 150)"
"(262, 1510)","(540, 200)"
"(124, 2310)","(580, 160)"
"(322, 2570)","(640, 90)"
"(91, 1900)","(540, 210)"
"(193, 1970)","(570, 170)"
"(250, 1830)","(560, 160)"
"(229, 1720)","(540, 180)"
"(373, 2060)","(640, 100)"
"(250, 2230)","(610, 130)"
"(64, 1420)","(440, 290)"
"(91, 1550)","(490, 260)"
"(337, 1450)","(550, 170)"
"(247, 1950)","(570, 150)"
"(313, 1960)","(620, 130)"
"(349, 2160)","(620, 100)"
"(16, 1650)","(470, 260)"
"(115, 1930)","(550, 200)"
"(85, 2330)","(570, 170)"
"(295, 2070)","(620, 130)"
"(304, 1750)","(580, 150)"
"(250, 1730)","(550, 170)"
"(286, 1410)","(540, 210)"
"(331, 1550)","(570, 160)"
"(178, 2100)","(570, 160)"
"(214, 2050)","(590, 160)"
"(322, 2190)","(630, 110)"
"(241, 2240)","(590, 130)"
"(373, 1460)","(570, 150)"
"(244, 1530)","(540, 210)"
"(58, 2390)","(560, 170)"
"(256, 2290)","(590, 120)"
"(319, 2490)","(610, 90)"
"(91, 1920)","(540, 210)"
"(313, 2410)","(630, 100)"
"(163, 2080)","(580, 170)"
"(1, 1950)","(520, 230)"
"(115, 1800)","(520, 210)"
"(139, 1540)","(490, 240)"
"(301, 1430)","(550, 200)"
"(28, 1760)","(490, 240)"
"(19, 1850)","(510, 240)"
"(391, 2120)","(660, 90)"
"(136, 1830)","(530, 200)"
"(145, 1830)","(540, 200)"
"(271, 2330)","(630, 120)"
"(112, 1940)","(550, 200)"
"(328, 2310)","(630, 100)"
"(295, 1750)","(570, 150)"
"(271, 2180)","(620, 130)"
"(13, 2260)","(540, 190)"
"(382, 2370)","(650, 80)"
"(382, 2000)","(640, 100)"
"(385, 1710)","(620, 120)"
"(286, 1450)","(540, 200)"
"(196, 2250)","(570, 140)"
"(370, 2240)","(640, 90)"
"(94, 1410)","(460, 290)"
"(310, 2260)","(630, 110)"
"(331, 1570)","(580, 160)"
"(103, 1580)","(490, 250)"
"(145, 1690)","(530, 220)"
"(217, 2490)","(590, 120)"
"(175, 2380)","(590, 140)"
"(130, 2180)","(570, 170)"
"(187, 1830)","(560, 190)"
"(274, 1560)","(560, 190)"
"(160, 1460)","(490, 250)"
"(13, 2160)","(530, 200)"
"(112, 1900)","(530, 200)"
"(271, 1920)","(600, 150)"
"(181, 2070)","(560, 160)"
"(148, 2320)","(570, 150)"
"(304, 1410)","(550, 200)"
"(376, 2560)","(610, 70)"
"(286, 2300)","(600, 110)"
"(133, 1610)","(500, 230)"
"(280, 1980)","(600, 140)"
"(211, 2220)","(580, 140)"
"(7, 2580)","(570, 170)"
"(370, 1810)","(630, 120)"
"(112, 1750)","(520, 220)"
"(223, 2320)","(590, 130)"
"(73, 2500)","(580, 160)"
"(352, 2050)","(640, 110)"
"(256, 2330)","(600, 120)"
"(43, 2210)","(550, 190)"
"(367, 1620)","(610, 140)"
"(256, 1540)","(550, 200)"
"(148, 1630)","(520, 230)"
"(277, 2340)","(590, 110)"
"(10, 1590)","(470, 280)"
"(46, 2420)","(560, 170)"
"(67, 2530)","(580, 160)"
"(376, 1760)","(620, 120)"
"(145, 1980)","(550, 180)"
"(151, 1730)","(530, 210)"
"(235, 1820)","(570, 170)"
"(109, 1940)","(550, 200)"
"(316, 1730)","(600, 150)"
"(121, 1880)","(540, 200)"
"(280, 2390)","(620, 110)"
"(397, 1550)","(610, 130)"
"(349, 2210)","(640, 100)"
"(103, 2280)","(580, 170)"
"(259, 2520)","(620, 110)"
"(151, 1840)","(550, 200)"
"(232, 1840)","(570, 170)"
"(100, 2160)","(560, 180)"
"(25, 2120)","(530, 200)"
"(388, 1590)","(610, 130)"
"(349, 1650)","(590, 140)"
"(67, 1480)","(460, 280)"
"(151, 2100)","(570, 170)"
"(292, 2540)","(630, 100)"
"(76, 1880)","(510, 210)"
"(52, 1520)","(470, 280)"
"(139, 1900)","(540, 190)"
"(382, 2210)","(660, 90)"
"(121, 2090)","(560, 180)"
"(244, 1520)","(540, 210)"
"(25, 1810)","(510, 240)"
"(55, 1660)","(490, 250)"
"(16, 1430)","(440, 310)"
"(202, 2060)","(590, 160)"
"(7, 1440)","(440, 310)"
"(223, 1890)","(580, 170)"
"(217, 2530)","(610, 120)"
"(226, 1470)","(510, 220)"
"(391, 2210)","(620, 80)"
"(208, 1960)","(580, 170)"
"(142, 2520)","(590, 140)"
"(199, 1520)","(520, 230)"
"(400, 1740)","(630, 110)"
"(370, 2430)","(640, 80)"
"(28, 2220)","(540, 190)"
"(43, 1750)","(500, 240)"
"(118, 2030)","(560, 190)"
"(292, 1900)","(590, 140)"
"(211, 1440)","(500, 230)"
"(391, 2200)","(610, 80)"
"(112, 2320)","(560, 160)"
"(13, 2600)","(580, 170)"
"(235, 1960)","(590, 160)"
"(256, 2560)","(630, 110)"
"(136, 2380)","(580, 150)"
"(400, 1520)","(600, 130)"
"(52, 2260)","(550, 180)"
"(184, 2020)","(580, 170)"
"(220, 1490)","(520, 220)"
"(163, 1470)","(500, 250)"
"(217, 1530)","(530, 220)"
"(379, 1490)","(600, 150)"
"(400, 1490)","(610, 140)"
"(250, 2480)","(590, 110)"
"(319, 1780)","(590, 140)"
"(103, 1830)","(520, 210)"
"(157, 1890)","(550, 190)"
"(238, 1400)","(510, 230)"
"(112, 1930)","(550, 200)"
"(142, 1850)","(550, 200)"
"(172, 2170)","(590, 160)"
"(55, 2110)","(550, 200)"
"(67, 1680)","(500, 250)"
"(121, 1930)","(550, 200)"
"(307, 1760)","(600, 150)"
"(355, 2210)","(650, 100)"
"(46, 2510)","(580, 170)"
"(199, 2250)","(580, 140)"
"(361, 1620)","(600, 140)"
"(127, 1460)","(470, 260)"
"(49, 1780)","(510, 240)"
"(352, 1610)","(600, 150)"
"(325, 2180)","(630, 110)"
"(337, 1410)","(560, 180)"
"(274, 2390)","(610, 110)"
"(367, 1500)","(580, 150)"
"(58, 2340)","(570, 180)"
"(241, 1570)","(540, 200)"
"(94, 1530)","(480, 260)"
"(316, 2120)","(630, 120)"
"(142, 2470)","(570, 140)"
"(91, 2270)","(560, 170)"
"(304, 1870)","(600, 140)"
"(79, 2050)","(530, 190)"
"(100, 1900)","(520, 200)"
"(292, 2180)","(620, 120)"
"(76, 2550)","(590, 160)"
"(184, 2100)","(580, 160)"
"(196, 1790)","(560, 190)"
"(274, 1460)","(530, 200)"
"(22, 1920)","(520, 230)"
"(85, 1820)","(520, 220)"
"(190, 2080)","(580, 160)"
"(241, 2210)","(580, 130)"
"(238, 2330)","(620, 130)"
"(313, 1730)","(590, 150)"
"(106, 1550)","(480, 250)"
"(298, 2050)","(620, 130)"
"(13, 1400)","(420, 310)"
"(301, 2420)","(610, 100)"
"(262, 1940)","(600, 150)"
"(331, 2020)","(630, 120)"
"(349, 1700)","(610, 140)"
"(235, 1780)","(550, 170)"
"(49, 1890)","(520, 220)"
"(220, 1740)","(540, 180)"
"(43, 1440)","(450, 300)"
"(34, 1560)","(460, 270)"
"(325, 1760)","(590, 140)"
"(259, 1790)","(560, 160)"
"(82, 2460)","(580, 160)"
"(316, 1450)","(560, 190)"
"(361, 1630)","(600, 140)"
"(184, 1830)","(560, 190)"
"(49, 2460)","(570, 170)"
"(43, 2050)","(520, 200)"
"(340, 2340)","(650, 100)"
"(157, 1450)","(480, 250)"
"(109, 1870)","(540, 210)"
"(322, 2260)","(600, 100)"
"(385, 2260)","(620, 80)"
"(118, 1450)","(480, 270)"
"(130, 1620)","(500, 230)"
"(346, 2050)","(630, 110)"
"(151, 1530)","(500, 240)"
"(85, 2210)","(560, 180)"
"(94, 1970)","(540, 200)"
"(394, 2590)","(680, 70)"
"(142, 2300)","(590, 160)"
"(124, 1870)","(530, 200)"
"(157, 2380)","(600, 150)"
"(58, 1490)","(460, 280)"
"(16, 2560)","(570, 170)"
"(130, 1570)","(500, 240)"
"(145, 2490)","(580, 140)"
"(301, 1970)","(600, 130)"
"(10, 1490)","(450, 300)"
"(277, 2130)","(620, 130)"
"(280, 2210)","(600, 120)"
"(325, 1850)","(590, 130)"
"(322, 1570)","(560, 160)"
"(145, 1620)","(520, 230)"
"(73, 1950)","(540, 210)"
"(394, 1980)","(650, 100)"
"(70, 2040)","(540, 200)"
"(388, 1840)","(640, 110)"
"(286, 2500)","(610, 100)"
"(22, 1590)","(460, 270)"
"(397, 2430)","(630, 70)"
"(280, 2260)","(620, 120)"
"(28, 1430)","(440, 300)"
"(229, 1610)","(550, 200)"
"(196, 2370)","(610, 140)"
"(364, 1500)","(570, 150)"
"(115, 2340)","(570, 160)"
"(373, 2540)","(670, 80)"
"(166, 1760)","(540, 200)"
"(172, 1860)","(560, 190)"
"(262, 2090)","(610, 140)"
"(253, 2060)","(590, 140)"
"(391, 2130)","(660, 90)"
"(190, 1750)","(530, 190)"
"(13, 1480)","(450, 300)"
"(295, 2370)","(640, 110)"
"(154, 2380)","(600, 150)"
"(349, 1910)","(630, 120)"
"(301, 1790)","(600, 150)"
"(187, 1810)","(560, 190)"
"(310, 2380)","(620, 100)"
"(310, 1500)","(560, 180)"
"(382, 1670)","(590, 120)"
"(196, 2390)","(610, 140)"
"(400, 1800)","(600, 100)"
"(367, 2550)","(670, 80)"
"(292, 1560)","(560, 180)"
"(67, 1930)","(520, 210)"
"(127, 1610)","(510, 240)"
"(115, 2150)","(570, 180)"
"(322, 2450)","(650, 100)"
"(400, 1930)","(650, 100)"
"(205, 2580)","(600, 120)"
"(400, 2210)","(650, 80)"
"(166, 1830)","(540, 190)"
"(7, 2350)","(560, 190)"
"(334, 2230)","(610, 100)"
"(34, 2320)","(550, 180)"
"(13, 2100)","(540, 210)"
"(268, 2370)","(630, 120)"
"(379, 2570)","(630, 70)"
"(397, 2330)","(670, 80)"
"(214, 1410)","(500, 240)"
"(25, 1820)","(510, 240)"
"(1, 2390)","(540, 180)"
"(94, 2070)","(550, 190)"
"(136, 2330)","(590, 160)"
"(271, 1410)","(520, 210)"
"(250, 1420)","(520, 220)"
"(16, 2060)","(530, 210)"
"(103, 1430)","(470, 280)"
"(343, 2300)","(650, 100)"
"(136, 1970)","(560, 190)"
"(367, 1960)","(640, 110)"
"(55, 2040)","(530, 200)"
"(43, 2240)","(560, 190)"
"(247, 2580)","(620, 110)"
"(400, 1620)","(610, 120)"
"(199, 1670)","(530, 200)"
"(79, 2310)","(560, 170)"
"(82, 1460)","(470, 280)"
"(250, 2040)","(580, 140)"
"(85, 2060)","(540, 190)"
"(364, 2360)","(660, 90)"
"(355, 1400)","(560, 170)"
"(97, 2450)","(590, 160)"
"(352, 1720)","(590, 130)"
"(301, 2140)","(620, 120)"
"(85, 1410)","(460, 290)"
"(388, 2000)","(650, 100)"
"(343, 1830)","(620, 130)"
"(331, 1910)","(620, 130)"
"(313, 2330)","(600, 100)"
"(277, 2500)","(640, 110)"
"(196, 1440)","(500, 240)"
"(91, 1820)","(530, 220)"
"(352, 2360)","(640, 90)"
"(124, 2150)","(550, 170)"
"(235, 2560)","(590, 110)"
"(337, 1710)","(590, 140)"
"(184, 2420)","(610, 140)"
"(244, 1800)","(570, 170)"
"(25, 1460)","(450, 300)"
"(214, 2450)","(620, 130)"
"(49, 2120)","(550, 200)"
"(259, 1440)","(520, 210)"
"(397, 1490)","(610, 140)"
"(202, 1900)","(560, 170)"
"(79, 1510)","(470, 270)"
"(139, 1830)","(530, 200)"
"(208, 1970)","(560, 160)"
"(106, 2520)","(580, 150)"
"(397, 2470)","(650, 70)"
"(265, 2310)","(610, 120)"
"(85, 2500)","(590, 160)"
"(268, 1900)","(590, 150)"
"(79, 2010)","(540, 200)"
"(295, 2270)","(600, 110)"
"(268, 2450)","(610, 110)"
"(157, 1520)","(500, 240)"
"(316, 1950)","(620, 130)"
"(343, 1760)","(590, 130)"
"(136, 1570)","(500, 240)"
"(226, 2220)","(610, 140)"
"(88, 1450)","(470, 280)"
"(385, 1420)","(570, 150)"
"(181, 2240)","(590, 150)"
"(64, 2220)","(540, 180)"
"(220, 1920)","(560, 160)"
"(286, 1470)","(550, 200)"
"(124, 2340)","(590, 160)"
"(340, 1570)","(590, 160)"
"(46, 1790)","(510, 240)"
"(16, 1960)","(510, 220)"
"(16, 2250)","(540, 190)"
"(280, 2250)","(620, 120)"
"(304, 2480)","(640, 100)"
"(400, 1640)","(630, 120)"
"(397, 2420)","(630, 70)"
"(208, 1830)","(570, 180)"
"(322, 2030)","(620, 120)"
"(172, 2090)","(560, 160)"
"(238, 1800)","(560, 170)"
"(4, 1760)","(490, 250)"
"(250, 2140)","(610, 140)"
"(73, 1590)","(490, 260)"
"(397, 2520)","(660, 70)"
"(241, 1960)","(570, 150)"
"(13, 2570)","(570, 170)"
"(226, 2020)","(570, 150)"
"(265, 2450)","(610, 110)"
"(25, 1780)","(490, 240)"
"(187, 2430)","(610, 140)"
"(181, 2140)","(590, 160)"
"(73, 2570)","(560, 150)"
"(373, 1490)","(590, 150)"
"(88, 1890)","(530, 210)"
"(337, 2340)","(650, 100)"
"(118, 1800)","(520, 210)"
"(46, 1820)","(510, 230)"
"(226, 2510)","(610, 120)"
"(73, 2210)","(550, 180)"
"(34, 1660)","(490, 260)"
"(25, 2430)","(570, 180)"
"(88, 1780)","(510, 220)"
"(166, 1640)","(530, 220)"
"(277, 2520)","(640, 110)"
"(61, 1550)","(480, 270)"
"(256, 2050)","(590, 140)"
"(223, 2440)","(590, 120)"
"(388, 1640)","(590, 120)"
"(130, 1960)","(550, 190)"
"(355, 2130)","(630, 100)"
"(349, 1900)","(620, 120)"
"(172, 1810)","(540, 190)"
"(229, 2150)","(590, 140)"
"(313, 1410)","(540, 190)"
"(151, 2530)","(600, 140)"
"(361, 2150)","(650, 100)"
"(169, 1640)","(530, 220)"
"(49, 2440)","(570, 170)"
"(301, 1590)","(560, 170)"
"(130, 2340)","(590, 160)"
"(307, 2180)","(590, 110)"
"(382, 2060)","(650, 100)"
"(397, 1740)","(620, 110)"
"(190, 1910)","(570, 180)"
"(67, 2470)","(560, 160)"
"(295, 2100)","(590, 120)"
"(154, 2330)","(580, 150)"
"(118, 1620)","(510, 240)"
"(358, 2510)","(630, 80)"
"(106, 2380)","(580, 160)"
"(373, 1920)","(640, 110)"
"(391, 1950)","(650, 100)"
"(70, 2080)","(530, 190)"
"(43, 1710)","(500, 250)"
"(307, 2160)","(630, 120)"
"(109, 2320)","(560, 160)"
"(181, 1510)","(500, 230)"
"(82, 1650)","(490, 240)"
"(4, 1930)","(510, 230)"
"(208, 1490)","(520, 230)"
"(250, 2150)","(610, 140)"
"(43, 1880)","(510, 220)"
"(160, 2210)","(590, 160)"
"(307, 2500)","(650, 100)"
"(376, 2500)","(670, 80)"
"(184, 1980)","(560, 170)"
"(169, 1570)","(520, 230)"
"(400, 2220)","(650, 80)"
"(52, 1550)","(470, 270)"
"(178, 2050)","(580, 170)"
"(25, 1860)","(500, 230)"
"(325, 1780)","(600, 140)"
"(232, 2290)","(600, 130)"
"(160, 1890)","(560, 190)"
"(196, 1460)","(510, 240)"
"(334, 2560)","(660, 90)"
"(76, 1950)","(540, 210)"
"(178, 2560)","(600, 130)"
"(358, 2450)","(610, 80)"
"(58, 2590)","(590, 160)"
"(367, 1470)","(590, 160)"
"(73, 1700)","(500, 240)"
"(373, 1740)","(600, 120)"
"(373, 2120)","(650, 100)"
"(181, 2260)","(600, 150)"
"(337, 2510)","(660, 90)"
"(10, 1980)","(520, 220)"
"(367, 2160)","(650, 100)"
"(226, 1850)","(570, 170)"
"(40, 1490)","(460, 290)"
"(358, 1630)","(600, 140)"
"(283, 1860)","(600, 150)"
"(286, 1760)","(590, 160)"
"(109, 2410)","(590, 160)"
"(304, 1730)","(570, 150)"
"(373, 2020)","(630, 100)"
"(55, 2490)","(560, 160)"
"(364, 1900)","(610, 110)"
"(283, 1970)","(610, 140)"
"(229, 1900)","(560, 160)"
"(109, 1410)","(460, 280)"
"(103, 2430)","(590, 160)"
"(22, 1430)","(430, 300)"
"(274, 1570)","(560, 190)"
"(292, 1480)","(540, 190)"
"(187, 2410)","(610, 140)"
"(115, 2420)","(560, 150)"
"(286, 2330)","(610, 110)"
"(400, 1940)","(650, 100)"
"(328, 1810)","(610, 140)"
"(88, 2310)","(570, 170)"
"(73, 1610)","(480, 250)"
"(172, 1590)","(510, 220)"
"(361, 2120)","(640, 100)"
"(4, 2240)","(550, 200)"
"(37, 2230)","(550, 190)"
"(340, 2570)","(610, 80)"
"(199, 1900)","(550, 170)"
"(157, 1610)","(520, 230)"
"(202, 1500)","(520, 230)"
"(133, 1550)","(490, 240)"
"(79, 2390)","(580, 170)"
"(358, 2380)","(660, 90)"
"(67, 1570)","(470, 260)"
"(370, 2050)","(630, 100)"
"(247, 1980)","(590, 150)"
"(391, 1840)","(640, 110)"
"(76, 2070)","(530, 190)"
"(4, 2390)","(540, 180)"
"(277, 2410)","(620, 110)"
"(130, 2530)","(580, 140)"
"(157, 2060)","(560, 170)"
"(280, 1410)","(530, 210)"
"(208, 2180)","(600, 150)"
"(7, 1580)","(460, 280)"
"(157, 2350)","(590, 150)"
"(232, 1710)","(540, 180)"
"(367, 2470)","(640, 80)"
"(301, 2310)","(630, 110)"
"(118, 2260)","(580, 170)"
"(376, 1870)","(630, 110)"
"(394, 2260)","(650, 80)"
"(283, 1560)","(550, 180)"
"(397, 2090)","(660, 90)"
"(211, 1910)","(570, 170)"
"(202, 1550)","(530, 220)"
"(46, 2380)","(550, 170)"
"(235, 1940)","(590, 160)"
"(277, 1540)","(550, 190)"
"(121, 2140)","(550, 170)"
"(319, 2050)","(620, 120)"
"(238, 2180)","(610, 140)"
"(220, 2260)","(610, 140)"
"(19, 1400)","(430, 310)"
"(94, 1740)","(520, 230)"
"(196, 2180)","(590, 150)"
"(226, 2370)","(620, 130)"
"(274, 1680)","(560, 170)"
"(85, 1830)","(530, 220)"
"(244, 2400)","(610, 120)"
"(1, 2180)","(530, 200)"
"(73, 1710)","(510, 240)"
"(379, 2330)","(630, 80)"
"(361, 1780)","(590, 120)"
"(7, 1600)","(470, 280)"
"(376, 1430)","(590, 160)"
"(367, 1800)","(620, 120)"
"(121, 1750)","(530, 220)"
"(115, 1750)","(520, 220)"
"(112, 2210)","(560, 170)"
"(364, 1720)","(620, 130)"
"(127, 1530)","(490, 250)"
"(46, 1530)","(470, 280)"
"(391, 1890)","(620, 100)"
"(112, 1990)","(540, 190)"
"(268, 2200)","(620, 130)"
"(43, 1650)","(490, 260)"
"(67, 1850)","(520, 220)"
"(325, 2290)","(620, 100)"
"(178, 1810)","(550, 190)"
"(19, 1660)","(480, 260)"
"(349, 2220)","(650, 100)"
"(112, 2330)","(570, 160)"
"(130, 1880)","(550, 200)"
"(292, 2070)","(620, 130)"
"(172, 1610)","(520, 220)"
"(127, 2460)","(590, 150)"
"(163, 2590)","(590, 130)"
"(298, 2020)","(610, 130)"
"(367, 2100)","(650, 100)"
"(229, 2270)","(590, 130)"
"(28, 1660)","(480, 260)"
"(100, 1830)","(520, 210)"
"(232, 2360)","(620, 130)"
"(76, 2590)","(570, 150)"
"(88, 1870)","(520, 210)"
"(340, 1870)","(620, 130)"
"(253, 2270)","(620, 130)"
"(262, 2240)","(620, 130)"
"(268, 2040)","(610, 140)"
"(214, 2140)","(600, 150)"
"(58, 1920)","(510, 210)"
"(88, 1550)","(480, 260)"
"(247, 2040)","(570, 140)"
"(217, 2550)","(610, 120)"
"(46, 2290)","(550, 180)"
"(52, 2070)","(540, 200)"
"(361, 1860)","(630, 120)"
"(235, 2340)","(620, 130)"
"(319, 1820)","(610, 140)"
"(394, 1680)","(630, 120)"
"(370, 2210)","(630, 90)"
"(277, 1490)","(550, 200)"
"(358, 1480)","(580, 160)"
"(391, 2480)","(630, 70)"
"(37, 1560)","(460, 270)"
"(70, 2390)","(570, 170)"
"(91, 2120)","(540, 180)"
"(274, 2300)","(630, 120)"
"(328, 1970)","(610, 120)"
"(241, 2280)","(610, 130)"
"(130, 1870)","(540, 200)"
"(142, 1720)","(530, 220)"
"(40, 2440)","(560, 170)"
"(217, 2560)","(620, 120)"
"(376, 2470)","(670, 80)"
"(295, 2250)","(600, 110)"
"(184, 2540)","(610, 130)"
"(124, 2350)","(590, 160)"
"(277, 1590)","(550, 180)"
"(241, 2500)","(630, 120)"
"(376, 2510)","(670, 80)"
"(358, 1660)","(610, 140)"
"(280, 1940)","(590, 140)"
"(64, 1770)","(500, 230)"
"(400, 1910)","(650, 100)"
"(373, 2150)","(620, 90)"
"(193, 2500)","(610, 130)"
"(103, 1440)","(470, 280)"
"(52, 1680)","(490, 250)"
"(268, 1470)","(540, 210)"
"(253, 1730)","(550, 170)"
"(256, 2080)","(600, 140)"
"(268, 2330)","(630, 120)"
"(385, 2070)","(620, 90)"
"(373, 1580)","(610, 140)"
"(25, 2260)","(550, 190)"
"(250, 2310)","(590, 120)"
"(55, 1850)","(520, 230)"
"(115, 2040)","(560, 190)"
"(223, 2180)","(590, 140)"
"(190, 2530)","(610, 130)"
"(175, 2570)","(600, 130)"
"(217, 1580)","(540, 210)"
"(46, 1710)","(500, 250)"
"(364, 2560)","(670, 80)"
"(22, 1940)","(510, 220)"
"(67, 1740)","(510, 240)"
"(28, 1880)","(520, 230)"
"(241, 1450)","(520, 220)"
"(313, 2260)","(640, 110)"
"(283, 2000)","(610, 140)"
"(328, 1650)","(580, 150)"
"(133, 1880)","(550, 200)"
"(106, 2150)","(570, 180)"
"(154, 2440)","(580, 140)"
"(145, 1780)","(540, 210)"
"(361, 2370)","(660, 90)"
"(25, 2170)","(550, 200)"
"(310, 2520)","(650, 100)"
"(211, 2190)","(570, 140)"
"(382, 1770)","(630, 120)"
"(154, 1740)","(540, 210)"
"(256, 2190)","(600, 130)"
"(343, 1670)","(580, 140)"
"(256, 2500)","(610, 110)"
"(16, 1870)","(500, 230)"
"(331, 1530)","(580, 170)"
"(13, 1490)","(440, 290)"
"(22, 2140)","(530, 200)"
"(187, 1650)","(530, 210)"
"(283, 1770)","(590, 160)"
"(397, 1560)","(620, 130)"
"(178, 2130)","(580, 160)"
"(283, 2250)","(630, 120)"
"(37, 1990)","(520, 210)"
"(118, 2240)","(580, 170)"
"(70, 1790)","(520, 230)"
"(151, 2090)","(560, 170)"
"(337, 1780)","(580, 130)"
"(64, 1690)","(490, 240)"
"(55, 2060)","(540, 200)"
"(235, 1660)","(550, 190)"
"(160, 1620)","(510, 220)"
"(193, 1710)","(550, 200)"
"(190, 2160)","(570, 150)"
"(43, 2540)","(560, 160)"
"(169, 2080)","(580, 170)"
"(334, 1700)","(580, 140)"
"(337, 2090)","(620, 110)"
"(394, 2160)","(660, 90)"
"(247, 1430)","(520, 220)"
"(292, 2040)","(610, 130)"
"(40, 2400)","(550, 170)"
"(115, 2470)","(580, 150)"
"(202, 1750)","(550, 190)"
"(247, 1750)","(550, 170)"
"(265, 1770)","(560, 160)"
"(331, 1980)","(620, 120)"
"(244, 1420)","(510, 220)"
"(139, 2210)","(560, 160)"
"(391, 1660)","(610, 120)"
"(130, 2590)","(590, 140)"
"(214, 2280)","(610, 140)"
"(385, 2180)","(660, 90)"
"(100, 1550)","(490, 260)"
"(247, 2600)","(620, 110)"
"(283, 1670)","(580, 170)"
"(34, 1580)","(470, 270)"
"(379, 1570)","(610, 140)"
"(289, 2550)","(630, 100)"
"(94, 2150)","(550, 180)"
"(127, 1700)","(510, 220)"
"(175, 1490)","(500, 240)"
"(370, 1880)","(610, 110)"
"(214, 2590)","(620, 120)"
"(40, 2480)","(570, 170)"
"(271, 2480)","(630, 110)"
"(280, 2510)","(600, 100)"
"(103, 1710)","(510, 230)"
"(379, 2270)","(660, 90)"
"(298, 2210)","(630, 120)"
"(208, 2070)","(590, 160)"
"(76, 1940)","(540, 210)"
"(85, 2420)","(570, 160)"
"(229, 1980)","(590, 160)"
"(133, 2080)","(570, 180)"
"(274, 1660)","(550, 170)"
"(148, 1590)","(500, 230)"
"(94, 2460)","(590, 160)"
"(10, 2040)","(510, 210)"
"(64, 1970)","(540, 210)"
"(382, 2270)","(610, 80)"
"(160, 1420)","(490, 260)"
"(217, 2500)","(600, 120)"
"(133, 2510)","(570, 140)"
"(16, 2130)","(520, 200)"
"(70, 1460)","(460, 280)"
"(217, 2360)","(600, 130)"
"(214, 2580)","(620, 120)"
"(25, 2390)","(560, 180)"
"(283, 2210)","(610, 120)"
"(295, 1520)","(540, 180)"
"(226, 1400)","(510, 240)"
"(106, 1480)","(480, 270)"
"(169, 2120)","(570, 160)"
"(160, 2140)","(560, 160)"
"(316, 2510)","(610, 90)"
"(220, 2460)","(590, 120)"
"(229, 2000)","(570, 150)"
"(280, 1660)","(560, 170)"
"(211, 1680)","(550, 200)"
"(262, 2220)","(620, 130)"
"(370, 2060)","(640, 100)"
"(259, 1960)","(600, 150)"
"(151, 1460)","(480, 250)"
"(181, 2340)","(580, 140)"
"(160, 2560)","(580, 130)"
"(346, 2060)","(630, 110)"
"(352, 1670)","(610, 140)"
"(133, 2020)","(550, 180)"
"(112, 2250)","(580, 170)"
"(214, 1580)","(530, 210)"
"(115, 2030)","(560, 190)"
"(310, 1590)","(580, 170)"
"(25, 1590)","(470, 270)"
"(217, 1820)","(570, 180)"
"(205, 1720)","(540, 190)"
"(1, 2500)","(570, 180)"
"(298, 1510)","(540, 180)"
"(307, 1480)","(540, 180)"
"(109, 1950)","(550, 200)"
"(22, 1400)","(430, 310)"
"(298, 2240)","(600, 110)"
"(127, 1750)","(530, 220)"
"(175, 1540)","(510, 230)"
"(286, 1550)","(550, 180)"
"(370, 1950)","(640, 110)"
"(250, 1960)","(580, 150)"
"(292, 2390)","(640, 110)"
"(232, 1850)","(580, 170)"
"(118, 2590)","(580, 140)"
"(310, 2490)","(650, 100)"
"(118, 1900)","(540, 200)"
"(13, 1470)","(430, 290)"
"(376, 2180)","(640, 90)"
"(40, 2360)","(570, 180)"
"(46, 2400)","(550, 170)"
"(109, 1560)","(490, 250)"
"(76, 2290)","(550, 170)"
"(85, 1710)","(510, 240)"
"(163, 1900)","(560, 190)"
"(349, 1450)","(580, 170)"
"(43, 2390)","(550, 170)"
"(25, 1990)","(530, 220)"
"(61, 1640)","(480, 250)"
"(229, 2540)","(630, 120)"
"(340, 1840)","(620, 130)"
"(163, 1990)","(570, 180)"
"(223, 2500)","(610, 120)"
"(217, 1670)","(530, 190)"
"(67, 2410)","(580, 170)"
"(259, 1550)","(550, 200)"
"(79, 2560)","(570, 150)"
"(76, 1640)","(500, 250)"
"(202, 2300)","(600, 140)"
"(73, 2580)","(560, 150)"
"(298, 2470)","(620, 100)"
"(271, 2420)","(610, 110)"
"(31, 1980)","(530, 220)"
"(289, 1420)","(530, 200)"
"(394, 1910)","(640, 100)"
"(145, 2380)","(590, 150)"
"(172, 2070)","(580, 170)"
"(154, 2570)","(610, 140)"
"(232, 2150)","(590, 140)"
"(70, 1550)","(480, 270)"
"(58, 1590)","(480, 260)"
"(190, 2330)","(590, 140)"
"(250, 1480)","(530, 210)"
"(376, 2110)","(610, 90)"
"(376, 1510)","(600, 150)"
"(100, 1850)","(530, 210)"
"(325, 1930)","(620, 130)"
"(295, 2050)","(620, 130)"
"(58, 2140)","(540, 190)"
"(304, 2530)","(650, 100)"
"(370, 1990)","(610, 100)"
"(373, 2330)","(610, 80)"
"(76, 1610)","(480, 250)"
"(247, 1530)","(530, 200)"
"(13, 2550)","(570, 170)"
"(259, 2350)","(620, 120)"
"(22, 2450)","(570, 180)"
"(112, 1780)","(530, 220)"
"(154, 2170)","(560, 160)"
"(49, 1980)","(530, 210)"
"(127, 2550)","(580, 140)"
"(94, 2360)","(560, 160)"
"(214, 1480)","(520, 230)"
"(259, 1510)","(530, 200)"
"(118, 1540)","(490, 250)"
"(358, 1570)","(600, 150)"
"(220, 1620)","(540, 200)"
"(322, 2080)","(630, 120)"
"(304, 2140)","(630, 120)"
"(304, 2060)","(590, 120)"
"(46, 2110)","(550, 200)"
"(271, 2490)","(630, 110)"
"(7, 1920)","(510, 230)"
"(376, 2310)","(610, 80)"
"(394, 1800)","(640, 110)"
"(136, 2290)","(580, 160)"
"(103, 2010)","(540, 190)"
"(379, 2360)","(640, 80)"
"(31, 2220)","(540, 190)"
"(295, 2010)","(600, 130)"
"(232, 1430)","(520, 230)"
"(58, 1860)","(510, 220)"
"(355, 1580)","(600, 150)"
"(400, 2080)","(660, 90)"
"(262, 1740)","(570, 170)"
"(55, 1690)","(500, 250)"
"(382, 2410)","(670, 80)"
"(337, 2530)","(660, 90)"
"(73, 2370)","(570, 170)"
"(364, 1520)","(590, 150)"
"(241, 2390)","(600, 120)"
"(49, 1530)","(470, 280)"
"(313, 2040)","(600, 120)"
"(181, 2590)","(620, 130)"
"(100, 2300)","(580, 170)"
"(298, 1950)","(580, 130)"
"(67, 2390)","(570, 170)"
"(91, 1440)","(460, 280)"
"(148, 1580)","(500, 230)"
"(286, 1600)","(570, 180)"
"(91, 1690)","(510, 240)"
"(226, 1480)","(520, 220)"
"(289, 1430)","(530, 200)"
"(232, 2480)","(610, 120)"
"(214, 2470)","(620, 130)"
"(184, 2470)","(590, 130)"
"(331, 1920)","(590, 120)"
"(109, 1640)","(510, 240)"
"(106, 1960)","(550, 200)"
"(235, 2100)","(580, 140)"
"(361, 2500)","(640, 80)"
"(109, 1840)","(530, 210)"
"(142, 2280)","(590, 160)"
"(34, 1640)","(480, 260)"
"(385, 2460)","(670, 80)"
"(139, 2050)","(570, 180)"
"(49, 1700)","(500, 250)"
"(262, 1840)","(590, 160)"
"(52, 2270)","(550, 180)"
"(46, 1830)","(510, 230)"
"(400, 2250)","(660, 80)"
"(253, 2580)","(630, 110)"
"(151, 1740)","(530, 210)"
"(367, 2420)","(630, 80)"
"(274, 1520)","(540, 190)"
"(196, 1410)","(500, 250)"
"(40, 1820)","(500, 230)"
"(301, 1940)","(580, 130)"
"(211, 1520)","(520, 220)"
"(400, 2350)","(610, 70)"
"(82, 2490)","(580, 160)"
"(64, 2310)","(570, 180)"
"(151, 2320)","(580, 150)"
"(262, 2290)","(600, 120)"
"(289, 1800)","(580, 150)"
"(40, 2530)","(580, 170)"
"(187, 2200)","(580, 150)"
"(16, 1830)","(510, 240)"
"(58, 2160)","(550, 190)"
"(64, 2290)","(570, 180)"
"(106, 1850)","(530, 210)"
"(178, 2520)","(590, 130)"
"(262, 2420)","(590, 110)"
"(352, 2090)","(600, 100)"
"(49, 2490)","(580, 170)"
"(118, 1770)","(530, 220)"
"(256, 2210)","(610, 130)"
"(94, 1690)","(510, 240)"
"(337, 1510)","(580, 170)"
"(286, 2220)","(620, 120)"
"(115, 2100)","(560, 180)"
"(262, 1710)","(560, 170)"
"(250, 1910)","(590, 160)"
"(79, 2290)","(550, 170)"
"(238, 2270)","(600, 130)"
"(367, 2080)","(640, 100)"
"(388, 2470)","(620, 70)"
"(181, 2010)","(570, 170)"
"(25, 1770)","(490, 240)"
"(37, 1440)","(450, 300)"
"(361, 2080)","(620, 100)"
"(160, 2060)","(560, 170)"
"(58, 1400)","(440, 300)"
"(34, 1760)","(490, 240)"
"(274, 2600)","(610, 100)"
"(34, 1490)","(460, 290)"
"(286, 2100)","(620, 130)"
"(37, 2440)","(560, 170)"
"(13, 2180)","(540, 200)"
"(121, 2600)","(590, 140)"
"(55, 1840)","(520, 230)"
"(355, 1830)","(600, 120)"
"(70, 2280)","(570, 180)"
"(160, 2530)","(610, 140)"
"(16, 1770)","(500, 250)"
"(85, 1930)","(540, 210)"
"(280, 1960)","(600, 140)"
"(43, 2550)","(560, 160)"
"(55, 1870)","(510, 220)"
"(151, 1750)","(540, 210)"
"(103, 2030)","(550, 190)"
"(325, 2330)","(630, 100)"
"(136, 2100)","(550, 170)"
"(382, 2580)","(640, 70)"
"(214, 1730)","(560, 190)"
"(133, 2070)","(570, 180)"
"(19, 2510)","(560, 170)"
"(40, 1550)","(460, 270)"
"(337, 1990)","(630, 120)"
"(205, 2370)","(580, 130)"
"(388, 2530)","(640, 70)"
"(178, 1940)","(570, 180)"
"(220, 1700)","(550, 190)"
"(256, 2380)","(620, 120)"
"(259, 2600)","(640, 110)"
"(262, 1890)","(570, 150)"
"(142, 1600)","(500, 230)"
"(286, 2540)","(620, 100)"
"(202, 2400)","(590, 130)"
"(130, 1510)","(480, 250)"
"(208, 2360)","(580, 130)"
"(286, 1400)","(540, 210)"
"(340, 1720)","(600, 140)"
"(280, 2340)","(600, 110)"
"(388, 1820)","(630, 110)"
"(40, 1950)","(530, 220)"
"(346, 2400)","(640, 90)"
"(112, 2370)","(580, 160)"
"(265, 2360)","(630, 120)"
"(109, 2210)","(560, 170)"
"(364, 2030)","(610, 100)"
"(79, 2180)","(550, 180)"
"(88, 2160)","(550, 180)"
"(121, 2040)","(540, 180)"
"(58, 2520)","(570, 160)"
"(370, 1860)","(600, 110)"
"(217, 1660)","(550, 200)"
"(145, 1810)","(530, 200)"
"(118, 1720)","(510, 220)"
"(58, 2500)","(560, 160)"
"(37, 1610)","(480, 270)"
"(313, 1460)","(540, 180)"
"(304, 1970)","(600, 130)"
"(142, 1530)","(490, 240)"
"(19, 2410)","(560, 180)"
"(370, 1750)","(600, 120)"
"(340, 1510)","(560, 160)"
"(10, 1620)","(470, 270)"
"(244, 2240)","(600, 130)"
"(10, 2410)","(550, 180)"
"(76, 1830)","(520, 220)"
"(109, 1860)","(540, 210)"
"(19, 1450)","(440, 300)"
"(193, 2280)","(580, 140)"
"(199, 1750)","(550, 190)"
"(361, 1880)","(630, 120)"
"(79, 2340)","(570, 170)"
"(13, 1580)","(470, 280)"
"(322, 1710)","(600, 150)"
"(256, 2340)","(610, 120)"
"(82, 2210)","(560, 180)"
"(106, 1630)","(500, 240)"
"(379, 1590)","(580, 130)"
"(370, 1420)","(570, 160)"
"(118, 1710)","(510, 220)"
"(205, 2500)","(620, 130)"
"(124, 1670)","(520, 230)"
"(271, 1770)","(570, 160)"
"(193, 1740)","(530, 190)"
"(7, 1970)","(510, 220)"
"(283, 2130)","(620, 130)"
"(157, 1660)","(530, 220)"
"(103, 1460)","(470, 270)"
"(46, 2460)","(570, 170)"
"(34, 1410)","(430, 300)"
"(4, 2180)","(530, 200)"
"(82, 1430)","(450, 280)"
"(202, 2040)","(580, 160)"
"(253, 2210)","(600, 130)"
"(1, 2080)","(520, 210)"
"(334, 2380)","(650, 100)"
"(64, 1750)","(510, 240)"
"(88, 1440)","(460, 280)"
"(82, 1960)","(530, 200)"
"(280, 2180)","(590, 120)"
"(58, 1700)","(490, 240)"
"(13, 1740)","(490, 250)"
"(82, 2360)","(580, 170)"
"(316, 2400)","(640, 100)"
"(283, 2440)","(640, 110)"
"(247, 1680)","(550, 180)"
"(169, 2590)","(600, 130)"
"(367, 2430)","(630, 80)"
"(127, 1600)","(510, 240)"
"(31, 1680)","(490, 260)"
"(388, 2510)","(630, 70)"
"(268, 1830)","(590, 160)"
"(265, 1470)","(540, 210)"
"(13, 2520)","(560, 170)"
"(70, 2460)","(560, 160)"
"(337, 2290)","(640, 100)"
"(358, 2090)","(620, 100)"
"(385, 1510)","(590, 140)"
"(388, 1610)","(620, 130)"
"(313, 2370)","(620, 100)"
"(217, 2440)","(620, 130)"
"(4, 2430)","(550, 180)"
"(184, 2520)","(600, 130)"
"(112, 1830)","(530, 210)"
"(397, 2570)","(680, 70)"
"(310, 1600)","(580, 170)"
"(58, 1650)","(490, 250)"
"(244, 2410)","(610, 120)"
"(250, 2260)","(620, 130)"
"(241, 1970)","(570, 150)"
"(169, 1490)","(500, 240)"
"(142, 2120)","(570, 170)"
"(55, 1710)","(490, 240)"
"(205, 1830)","(560, 180)"
"(214, 2480)","(620, 130)"
"(241, 2300)","(620, 130)"
"(304, 1570)","(560, 170)"
"(241, 2150)","(610, 140)"
"(172, 1540)","(510, 230)"
"(370, 2140)","(650, 100)"
"(64, 2520)","(570, 160)"
"(148, 1820)","(540, 200)"
"(13, 2480)","(570, 180)"
"(103, 1630)","(500, 240)"
"(373, 2560)","(670, 80)"
"(58, 1740)","(510, 240)"
"(133, 1570)","(500, 240)"
"(64, 2550)","(580, 160)"
"(145, 1700)","(530, 220)"
"(334, 2410)","(610, 90)"
"(16, 2070)","(530, 210)"
"(256, 1670)","(560, 180)"
"(67, 2180)","(560, 190)"
"(247, 2390)","(610, 120)"
"(49, 1600)","(470, 260)"
"(301, 2580)","(650, 100)"
"(256, 2160)","(590, 130)"
"(175, 1950)","(570, 180)"
"(235, 2550)","(630, 120)"
"(280, 1570)","(550, 180)"
"(106, 2570)","(600, 150)"
"(265, 2120)","(590, 130)"
"(358, 2100)","(620, 100)"
"(310, 2370)","(610, 100)"
"(118, 1780)","(530, 220)"
"(127, 2100)","(570, 180)"
"(163, 2020)","(550, 170)"
"(343, 2580)","(620, 80)"
"(64, 2210)","(540, 180)"
"(352, 2160)","(630, 100)"
"(265, 1670)","(570, 180)"
"(148, 2000)","(560, 180)"
"(40, 2410)","(550, 170)"
"(199, 2080)","(590, 160)"
"(379, 2190)","(650, 90)"
"(322, 1730)","(600, 150)"
"(292, 2140)","(600, 120)"
"(340, 2000)","(630, 120)"
"(313, 2440)","(640, 100)"
"(100, 1800)","(530, 220)"
"(1, 2360)","(560, 190)"
"(184, 1440)","(500, 250)"
"(199, 1880)","(570, 180)"
"(22, 1950)","(510, 220)"
"(325, 2510)","(630, 90)"
"(16, 1800)","(490, 240)"
"(364, 1590)","(590, 140)"
"(145, 1450)","(490, 260)"
"(46, 1930)","(530, 220)"
"(397, 2080)","(660, 90)"
"(268, 2600)","(600, 100)"
"(118, 1860)","(520, 200)"
"(151, 2160)","(560, 160)"
"(307, 1550)","(550, 170)"
"(166, 1740)","(530, 200)"
"(244, 2220)","(590, 130)"
"(121, 1910)","(550, 200)"
"(7, 1690)","(480, 260)"
"(115, 2460)","(580, 150)"
"(4, 2410)","(550, 180)"
"(316, 1980)","(620, 130)"
"(325, 2390)","(650, 100)"
"(124, 2390)","(560, 150)"
"(388, 1420)","(580, 150)"
"(199, 1570)","(530, 220)"
"(136, 1870)","(550, 200)"
"(364, 1850)","(630, 120)"
"(88, 2390)","(560, 160)"
"(67, 2360)","(560, 170)"
"(25, 2420)","(570, 180)"
"(298, 2510)","(630, 100)"
"(163, 1490)","(490, 240)"
"(100, 1400)","(460, 290)"
"(358, 1720)","(600, 130)"
"(160, 1810)","(550, 200)"
"(256, 1960)","(590, 150)"
"(229, 2080)","(600, 150)"
"(397, 1570)","(620, 130)"
"(316, 2140)","(600, 110)"
"(4, 2450)","(560, 180)"
"(253, 1550)","(550, 200)"
"(355, 1880)","(630, 120)"
"(253, 1600)","(550, 190)"
"(316, 2310)","(600, 100)"
"(349, 2050)","(640, 110)"
"(220, 1510)","(530, 220)"
"(58, 2320)","(570, 180)"
"(106, 2070)","(560, 190)"
"(10, 1430)","(440, 310)"
"(343, 1620)","(600, 150)"
"(241, 1440)","(520, 220)"
"(349, 2470)","(660, 90)"
"(124, 1850)","(530, 200)"
"(76, 1930)","(530, 210)"
"(154, 2520)","(600, 140)"
"(175, 2360)","(580, 140)"
"(61, 1720)","(500, 240)"
"(277, 1850)","(580, 150)"
"(25, 1630)","(480, 270)"
"(79, 2480)","(580, 160)"
"(334, 1510)","(580, 170)"
"(394, 2480)","(640, 70)"
"(28, 2460)","(550, 170)"
"(265, 2140)","(600, 130)"
"(187, 2290)","(570, 140)"
"(346, 2020)","(620, 110)"
"(313, 2080)","(620, 120)"
"(202, 2550)","(590, 120)"
"(211, 1760)","(560, 190)"
"(364, 2430)","(620, 80)"
"(79, 2200)","(550, 180)"
"(232, 1480)","(530, 220)"
"(280, 1850)","(590, 150)"
"(223, 2510)","(610, 120)"
"(352, 2220)","(650, 100)"
"(1, 1760)","(480, 250)"
"(22, 1960)","(520, 220)"
"(28, 1980)","(530, 220)"
"(115, 1990)","(550, 190)"
"(382, 1910)","(600, 100)"
"(85, 1760)","(520, 230)"
"(163, 2270)","(570, 150)"
"(226, 1580)","(530, 200)"
"(379, 2140)","(630, 90)"
"(121, 2490)","(590, 150)"
"(361, 1400)","(570, 170)"
"(4, 1980)","(510, 220)"
"(97, 2090)","(560, 190)"
"(28, 1680)","(490, 260)"
"(328, 1510)","(570, 170)"
"(214, 1930)","(580, 170)"
"(217, 2280)","(610, 140)"
"(166, 2070)","(580, 170)"
"(82, 1920)","(540, 210)"
"(253, 2110)","(610, 140)"
"(280, 2420)","(630, 110)"
"(136, 1440)","(470, 260)"
"(136, 1600)","(510, 240)"
"(64, 1700)","(490, 240)"
"(223, 2220)","(600, 140)"
"(199, 1770)","(560, 190)"
"(283, 1460)","(540, 200)"
"(343, 1590)","(580, 150)"
"(145, 1850)","(550, 200)"
"(322, 1930)","(620, 130)"
"(343, 1870)","(590, 120)"
"(16, 1710)","(490, 260)"
"(109, 1470)","(480, 270)"
"(265, 1800)","(570, 160)"
"(115, 1560)","(500, 250)"
"(31, 2410)","(570, 180)"
"(61, 2430)","(580, 170)"
"(346, 2190)","(630, 100)"
"(331, 1540)","(560, 160)"
"(190, 2490)","(600, 130)"
"(202, 1840)","(560, 180)"
"(97, 2000)","(530, 190)"
"(211, 2140)","(590, 150)"
"(280, 1720)","(560, 160)"
"(31, 1570)","(460, 270)"
"(82, 1980)","(530, 200)"
"(16, 1730)","(480, 250)"
"(253, 1400)","(510, 220)"
"(73, 1930)","(530, 210)"
"(25, 1520)","(460, 290)"
"(379, 1610)","(600, 130)"
"(157, 1530)","(500, 240)"
"(364, 2160)","(650, 100)"
"(295, 2420)","(600, 100)"
"(316, 2290)","(640, 110)"
"(253, 1460)","(520, 210)"
"(187, 1590)","(530, 220)"
"(85, 2000)","(540, 200)"
"(52, 2590)","(580, 160)"
"(154, 2390)","(600, 150)"
"(178, 1640)","(520, 210)"
"(322, 2210)","(640, 110)"
"(340, 1810)","(610, 130)"
"(187, 1960)","(560, 170)"
"(61, 1870)","(520, 220)"
"(31, 1900)","(520, 230)"
"(247, 2200)","(590, 130)"
"(187, 1880)","(560, 180)"
"(370, 2120)","(650, 100)"
"(28, 2320)","(540, 180)"
"(127, 2060)","(560, 180)"
"(256, 2070)","(600, 140)"
"(229, 2070)","(600, 150)"
"(37, 1890)","(520, 230)"
"(292, 1450)","(550, 200)"
"(70, 1420)","(450, 290)"
"(103, 2190)","(570, 180)"
"(223, 1670)","(540, 190)"
"(160, 1440)","(480, 250)"
"(13, 2370)","(540, 180)"
"(13, 2070)","(530, 210)"
"(280, 2380)","(610, 110)"
"(325, 2000)","(610, 120)"
"(391, 2460)","(620, 70)"
"(190, 1920)","(550, 170)"
"(151, 2080)","(560, 170)"
"(340, 1900)","(600, 120)"
"(391, 1510)","(610, 140)"
"(157, 1730)","(540, 210)"
"(385, 1980)","(640, 100)"
"(13, 2020)","(530, 220)"
"(76, 2110)","(550, 190)"
"(145, 1760)","(540, 210)"
"(331, 2440)","(620, 90)"
"(346, 2110)","(640, 110)"
"(370, 2350)","(610, 80)"
"(268, 1540)","(540, 190)"
"(79, 2550)","(560, 150)"
"(391, 1640)","(600, 120)"
"(274, 2040)","(610, 140)"
"(394, 2070)","(640, 90)"
"(22, 1860)","(500, 230)"
"(124, 2500)","(600, 150)"
"(22, 2000)","(530, 220)"
"(238, 2430)","(610, 120)"
"(400, 1970)","(620, 90)"
"(172, 2430)","(600, 140)"
"(136, 1710)","(530, 220)"
"(331, 1820)","(590, 130)"
"(211, 1890)","(560, 170)"
"(106, 2040)","(550, 190)"
"(25, 1890)","(520, 230)"
"(340, 2080)","(630, 110)"
"(79, 1420)","(460, 290)"
"(253, 2540)","(620, 110)"
"(346, 1990)","(600, 110)"
"(322, 1610)","(580, 160)"
"(280, 1780)","(590, 160)"
"(16, 1590)","(470, 280)"
"(232, 1660)","(550, 190)"
"(229, 2180)","(600, 140)"
"(292, 2400)","(640, 110)"
"(199, 2040)","(580, 160)"
"(280, 2400)","(620, 110)"
"(34, 1930)","(520, 220)"
"(376, 2490)","(670, 80)"
"(13, 1530)","(460, 290)"
"(151, 1900)","(550, 190)"
"(169, 1920)","(550, 180)"
"(166, 1520)","(510, 240)"
"(58, 1930)","(520, 210)"
"(337, 1420)","(560, 180)"
"(211, 1400)","(490, 240)"
"(379, 2010)","(640, 100)"
"(331, 2400)","(650, 100)"
"(316, 2170)","(610, 110)"
"(391, 2410)","(670, 80)"
"(331, 1460)","(570, 180)"
"(229, 1850)","(570, 170)"
"(325, 1480)","(570, 180)"
"(94, 2450)","(590, 160)"
"(355, 2440)","(660, 90)"
"(127, 1670)","(520, 230)"
"(127, 2030)","(540, 180)"
"(271, 2410)","(610, 110)"
"(169, 1720)","(520, 200)"
"(370, 2580)","(670, 80)"
"(73, 2060)","(550, 200)"
"(172, 1640)","(530, 220)"
"(259, 1860)","(590, 160)"
"(382, 1490)","(600, 150)"
"(283, 1450)","(540, 200)"
"(142, 2110)","(560, 170)"
"(217, 1920)","(580, 170)"
"(49, 2420)","(560, 170)"
"(346, 2460)","(660, 90)"
"(88, 1570)","(490, 260)"
"(124, 1990)","(560, 190)"
"(118, 1660)","(510, 230)"
"(394, 1500)","(610, 140)"
"(397, 1760)","(630, 110)"
"(202, 1490)","(520, 230)"
"(175, 1810)","(540, 190)"
"(64, 2380)","(570, 170)"
"(94, 2540)","(580, 150)"
"(49, 2000)","(530, 210)"
"(355, 2230)","(650, 100)"
"(112, 2520)","(590, 150)"
"(217, 1560)","(530, 210)"
"(382, 1930)","(610, 100)"
"(190, 2360)","(600, 140)"
"(40, 2110)","(540, 200)"
"(76, 1570)","(480, 260)"
"(166, 2220)","(560, 150)"
"(169, 2380)","(580, 140)"
"(142, 1930)","(550, 190)"
"(4, 1520)","(450, 290)"
"(157, 2050)","(560, 170)"
"(121, 2100)","(560, 180)"
"(85, 1510)","(480, 270)"
"(391, 2470)","(630, 70)"
"(196, 2520)","(620, 130)"
"(244, 2030)","(600, 150)"
"(250, 2410)","(620, 120)"
"(22, 1760)","(500, 250)"
"(334, 2280)","(630, 100)"
"(322, 2460)","(600, 90)"
"(61, 2150)","(550, 190)"
"(205, 2100)","(570, 150)"
"(160, 2200)","(580, 160)"
"(10, 1720)","(490, 260)"
"(106, 2340)","(560, 160)"
"(322, 2470)","(610, 90)"
"(337, 1400)","(550, 180)"
"(373, 1540)","(580, 140)"
"(256, 2370)","(620, 120)"
"(268, 1560)","(550, 190)"
"(298, 1820)","(600, 150)"
"(256, 1990)","(600, 150)"
"(142, 1650)","(520, 230)"
"(34, 2190)","(530, 190)"
"(358, 1510)","(590, 160)"
"(184, 2000)","(570, 170)"
"(28, 2010)","(520, 210)"
"(181, 2020)","(580, 170)"
"(337, 2010)","(630, 120)"
"(241, 1500)","(530, 210)"
"(298, 1670)","(570, 160)"
"(154, 1500)","(500, 250)"
"(163, 2200)","(590, 160)"
"(343, 1860)","(590, 120)"
"(322, 1480)","(570, 180)"
"(211, 1830)","(570, 180)"
"(205, 1920)","(570, 170)"
"(340, 2210)","(620, 100)"
"(124, 1580)","(490, 240)"
"(286, 2450)","(640, 110)"
"(145, 2390)","(590, 150)"
"(316, 2150)","(600, 110)"
"(115, 1900)","(540, 200)"
"(199, 1540)","(520, 220)"
"(28, 1940)","(520, 220)"
"(301, 1580)","(560, 170)"
"(250, 1770)","(570, 170)"
"(109, 1570)","(490, 250)"
"(55, 1550)","(470, 270)"
"(343, 1490)","(580, 170)"
"(208, 1600)","(540, 210)"
"(43, 2110)","(540, 200)"
"(166, 2160)","(580, 160)"
"(244, 2300)","(620, 130)"
"(388, 2150)","(660, 90)"
"(313, 2150)","(600, 110)"
"(151, 2370)","(590, 150)"
"(157, 2260)","(560, 150)"
"(241, 2590)","(610, 110)"
"(322, 1810)","(610, 140)"
"(310, 1790)","(580, 140)"
"(223, 1640)","(550, 200)"
"(91, 2130)","(540, 180)"
"(196, 1480)","(500, 230)"
"(97, 2470)","(590, 160)"
"(127, 1590)","(500, 240)"
"(55, 1650)","(480, 250)"
"(106, 2560)","(600, 150)"
"(289, 1460)","(550, 200)"
"(22, 1480)","(440, 290)"
"(214, 2000)","(580, 160)"
"(247, 1760)","(560, 170)"
"(190, 1430)","(500, 250)"
"(361, 1990)","(640, 110)"
"(358, 2540)","(640, 80)"
"(91, 2010)","(550, 200)"
"(166, 2300)","(590, 150)"
"(358, 1470)","(580, 160)"
"(124, 1680)","(520, 230)"
"(256, 1660)","(560, 180)"
"(124, 1960)","(540, 190)"
"(211, 1690)","(530, 190)"
"(370, 2340)","(660, 90)"
"(271, 1470)","(530, 200)"
"(64, 2100)","(530, 190)"
"(271, 2250)","(600, 120)"
"(7, 2410)","(550, 180)"
"(244, 1700)","(560, 180)"
"(124, 1600)","(510, 240)"
"(148, 2160)","(580, 170)"
"(106, 1770)","(520, 220)"
"(286, 1430)","(530, 200)"
"(25, 1840)","(500, 230)"
"(298, 1680)","(570, 160)"
"(214, 1760)","(540, 180)"
"(271, 1680)","(560, 170)"
"(316, 1920)","(610, 130)"
"(130, 2490)","(600, 150)"
"(79, 2060)","(530, 190)"
"(349, 2320)","(620, 90)"
"(100, 1910)","(520, 200)"
"(199, 2320)","(600, 140)"
"(136, 2210)","(580, 170)"
"(388, 1410)","(570, 150)"
"(70, 2110)","(540, 190)"
"(376, 1600)","(580, 130)"
"(82, 1700)","(510, 240)"
"(250, 2520)","(600, 110)"
"(385, 2250)","(620, 80)"
"(70, 1520)","(470, 270)"
"(370, 1540)","(600, 150)"
"(172, 1800)","(530, 190)"
"(43, 2580)","(570, 160)"
"(238, 1440)","(510, 220)"
"(310, 1400)","(550, 200)"
"(214, 1590)","(540, 210)"
"(271, 1740)","(580, 170)"
"(31, 2230)","(540, 190)"
"(4, 1860)","(510, 240)"
"(46, 2560)","(570, 160)"
"(94, 2430)","(580, 160)"
"(208, 2500)","(620, 130)"
"(271, 2230)","(600, 120)"
"(76, 1560)","(480, 260)"
"(127, 1620)","(500, 230)"
"(328, 1570)","(570, 160)"
"(355, 1490)","(580, 160)"
"(88, 2400)","(560, 160)"
"(343, 1920)","(620, 120)"
"(214, 2180)","(570, 140)"
"(325, 1990)","(610, 120)"
"(364, 1750)","(620, 130)"
"(271, 1900)","(590, 150)"
"(271, 2020)","(610, 140)"
"(202, 1970)","(580, 170)"
"(283, 1430)","(540, 210)"
"(292, 2480)","(610, 100)"
"(211, 1530)","(530, 220)"
"(124, 2520)","(600, 150)"
"(205, 2170)","(600, 150)"
"(1, 1460)","(430, 300)"
"(52, 1790)","(500, 230)"
"(325, 2490)","(620, 90)"
"(328, 1820)","(580, 130)"
"(331, 2070)","(600, 110)"
"(295, 2190)","(630, 120)"
"(382, 1890)","(640, 110)"
"(196, 2140)","(570, 150)"
"(310, 1960)","(610, 130)"
"(136, 1700)","(520, 220)"
"(349, 2360)","(630, 90)"
"(256, 1720)","(550, 170)"
"(136, 2180)","(580, 170)"
"(319, 1840)","(610, 140)"
"(286, 2440)","(640, 110)"
"(274, 1870)","(590, 150)"
"(346, 2030)","(620, 110)"
"(142, 2400)","(590, 150)"
"(286, 2390)","(630, 110)"
"(148, 2100)","(570, 170)"
"(256, 1730)","(560, 170)"
"(103, 2390)","(580, 160)"
"(79, 1750)","(510, 230)"
"(223, 1760)","(550, 180)"
"(73, 1780)","(520, 230)"
"(166, 1770)","(540, 200)"
"(13, 1980)","(520, 220)"
"(16, 2360)","(540, 180)"
"(340, 1660)","(600, 150)"
"(181, 2200)","(570, 150)"
"(373, 2340)","(610, 80)"
"(208, 2160)","(600, 150)"
"(253, 2260)","(620, 130)"
"(28, 2450)","(550, 170)"
"(328, 1590)","(580, 160)"
"(247, 2030)","(600, 150)"
"(7, 2400)","(550, 180)"
"(205, 1510)","(510, 220)"
"(394, 2150)","(660, 90)"
"(85, 1490)","(470, 270)"
"(154, 2580)","(580, 130)"
"(292, 2590)","(650, 100)"
"(274, 2500)","(640, 110)"
"(175, 2280)","(590, 150)"
"(79, 2540)","(590, 160)"
"(364, 1980)","(640, 110)"
"(157, 2280)","(570, 150)"
"(301, 1510)","(550, 180)"
"(343, 1930)","(620, 120)"
"(223, 2270)","(610, 140)"
"(94, 1820)","(530, 220)"
"(259, 1950)","(590, 150)"
"(199, 1820)","(550, 180)"
"(79, 1630)","(490, 250)"
"(307, 2120)","(620, 120)"
"(211, 2460)","(620, 130)"
"(85, 1630)","(500, 250)"
"(397, 2390)","(620, 70)"
"(379, 2500)","(670, 80)"
"(346, 1840)","(620, 130)"
"(55, 2360)","(550, 170)"
"(370, 1450)","(590, 160)"
"(310, 1610)","(560, 160)"
"(187, 2050)","(560, 160)"
"(358, 2500)","(630, 80)"
"(358, 1650)","(610, 140)"
"(106, 1450)","(470, 270)"
"(244, 1760)","(550, 170)"
"(286, 2380)","(620, 110)"
"(82, 2240)","(570, 180)"
"(229, 1820)","(560, 170)"
"(256, 2440)","(630, 120)"
"(1, 2510)","(570, 180)"
"(133, 2480)","(600, 150)"
"(58, 1910)","(530, 220)"
"(343, 1990)","(600, 110)"
"(385, 2170)","(660, 90)"
"(151, 1630)","(520, 230)"
"(115, 2130)","(570, 180)"
"(136, 1960)","(560, 190)"
"(100, 1960)","(540, 200)"
"(379, 1670)","(620, 130)"
"(190, 1440)","(490, 240)"
"(166, 1690)","(530, 210)"
"(43, 1540)","(470, 280)"
"(142, 1700)","(530, 220)"
"(244, 1490)","(530, 210)"
"(355, 2520)","(630, 80)"
"(88, 2120)","(560, 190)"
"(163, 1960)","(560, 180)"
"(139, 1760)","(530, 210)"
"(343, 1400)","(560, 180)"
"(394, 1840)","(600, 100)"
"(331, 1850)","(610, 130)"
"(154, 1830)","(550, 200)"
"(169, 1800)","(530, 190)"
"(79, 1890)","(520, 210)"
"(274, 1830)","(570, 150)"
"(304, 1770)","(590, 150)"
"(136, 1900)","(530, 190)"
"(256, 2430)","(630, 120)"
"(43, 1400)","(430, 300)"
"(136, 1840)","(540, 200)"
"(271, 1700)","(570, 170)"
"(142, 1810)","(530, 200)"
"(4, 1790)","(500, 250)"
"(118, 1670)","(510, 230)"
"(328, 1740)","(590, 140)"
"(217, 2110)","(590, 150)"
"(223, 2400)","(620, 130)"
"(346, 1730)","(610, 140)"
"(388, 1670)","(610, 120)"
"(253, 1870)","(590, 160)"
"(292, 2340)","(620, 110)"
"(244, 1940)","(570, 150)"
"(247, 1780)","(570, 170)"
"(142, 2060)","(570, 180)"
"(301, 1810)","(600, 150)"
"(400, 2360)","(620, 70)"
"(160, 1990)","(570, 180)"
"(172, 1510)","(510, 240)"
"(103, 1990)","(530, 190)"
"(133, 1770)","(530, 210)"
"(154, 1490)","(500, 250)"
"(43, 1740)","(490, 240)"
"(67, 2480)","(570, 160)"
"(358, 1580)","(600, 150)"
"(31, 1450)","(450, 300)"
"(388, 2030)","(610, 90)"
"(379, 2030)","(650, 100)"
"(91, 2310)","(570, 170)"
"(73, 1750)","(500, 230)"
"(154, 1570)","(500, 230)"
"(133, 2500)","(570, 140)"
"(298, 1730)","(590, 160)"
"(4, 2490)","(570, 180)"
"(148, 2080)","(560, 170)"
"(64, 2240)","(550, 180)"
"(154, 1730)","(530, 210)"
"(223, 2160)","(580, 140)"
"(58, 2360)","(550, 170)"
"(25, 1530)","(450, 280)"
"(226, 1500)","(530, 220)"
"(379, 2240)","(660, 90)"
"(205, 2260)","(590, 140)"
"(31, 1620)","(480, 270)"
"(49, 1400)","(440, 300)"
"(181, 2190)","(570, 150)"
"(256, 2260)","(620, 130)"
"(52, 2550)","(570, 160)"
"(337, 1500)","(580, 170)"
"(328, 2130)","(620, 110)"
"(91, 1960)","(540, 200)"
"(310, 2170)","(600, 110)"
"(208, 2010)","(580, 160)"
"(130, 1810)","(540, 210)"
"(115, 2050)","(540, 180)"
"(163, 1840)","(540, 190)"
"(22, 2230)","(540, 190)"
"(61, 1480)","(460, 280)"
"(82, 2140)","(560, 190)"
"(280, 2500)","(640, 110)"
"(337, 1700)","(590, 140)"
"(1, 2190)","(530, 200)"
"(4, 1900)","(500, 230)"
"(16, 1570)","(470, 280)"
"(328, 2110)","(610, 110)"
"(391, 1460)","(580, 140)"
"(214, 1810)","(570, 180)"
"(247, 2510)","(600, 110)"
"(28, 2070)","(540, 210)"
"(265, 1750)","(580, 170)"
"(73, 1560)","(470, 260)"
"(112, 2090)","(550, 180)"
"(325, 1510)","(560, 170)"
"(325, 2060)","(630, 120)"
"(91, 2470)","(590, 160)"
"(268, 1930)","(600, 150)"
"(379, 2170)","(640, 90)"
"(166, 1410)","(490, 260)"
"(190, 1820)","(560, 190)"
"(268, 1820)","(590, 160)"
"(43, 2130)","(550, 200)"
"(61, 1990)","(540, 210)"
"(109, 2420)","(590, 160)"
"(199, 2340)","(610, 140)"
"(127, 1550)","(500, 250)"
"(349, 1820)","(620, 130)"
"(274, 1630)","(570, 180)"
"(115, 2000)","(550, 190)"
"(40, 1510)","(460, 280)"
"(103, 1820)","(520, 210)"
"(67, 2440)","(580, 170)"
"(19, 1600)","(470, 270)"
"(31, 1430)","(440, 300)"
"(235, 1630)","(540, 190)"
"(355, 1970)","(620, 110)"
"(25, 2150)","(540, 200)"
"(289, 2090)","(620, 130)"
"(100, 2040)","(550, 190)"
"(271, 2190)","(620, 130)"
"(325, 2130)","(610, 110)"
"(220, 2270)","(610, 140)"
"(118, 1820)","(530, 210)"
"(274, 2490)","(640, 110)"
"(61, 1420)","(440, 290)"
"(265, 1410)","(530, 220)"
"(16, 2540)","(570, 170)"
"(292, 1920)","(600, 140)"
"(238, 1490)","(520, 210)"
"(199, 1710)","(550, 200)"
"(268, 2520)","(640, 110)"
"(61, 1960)","(530, 210)"
"(388, 1700)","(620, 120)"
"(370, 1710)","(620, 130)"
"(352, 1810)","(620, 130)"
"(310, 2410)","(630, 100)"
"(67, 1610)","(490, 260)"
"(160, 1800)","(550, 200)"
"(307, 2470)","(640, 100)"
"(247, 1660)","(540, 180)"
"(241, 1680)","(540, 180)"
"(142, 2330)","(570, 150)"
"(304, 2460)","(630, 100)"
"(358, 1700)","(590, 130)"
"(217, 1940)","(560, 160)"
"(226, 1800)","(570, 180)"
"(400, 2500)","(670, 70)"
"(34, 1400)","(440, 310)"
"(358, 2370)","(660, 90)"
"(133, 2040)","(560, 180)"
"(133, 2030)","(550, 180)"
"(169, 1480)","(490, 240)"
"(196, 1860)","(560, 180)"
"(208, 2380)","(590, 130)"
"(130, 2130)","(550, 170)"
"(157, 1780)","(530, 200)"
"(268, 2250)","(600, 120)"
"(331, 2190)","(640, 110)"
"(355, 2220)","(650, 100)"
"(34, 1530)","(460, 280)"
"(181, 2110)","(580, 160)"
"(184, 2410)","(610, 140)"
"(184, 1450)","(490, 240)"
"(343, 1970)","(630, 120)"
"(289, 2230)","(630, 120)"
"(268, 2550)","(640, 110)"
"(376, 1840)","(610, 110)"
"(100, 1770)","(520, 220)"
"(325, 1520)","(570, 170)"
"(67, 2230)","(550, 180)"
"(313, 2030)","(600, 120)"
"(253, 1500)","(540, 210)"
"(229, 2170)","(590, 140)"
"(196, 2100)","(590, 160)"
"(154, 1530)","(500, 240)"
"(325, 2600)","(660, 90)"
"(388, 2370)","(670, 80)"
"(256, 2030)","(580, 140)"
"(16, 1510)","(450, 290)"
"(349, 1990)","(610, 110)"
"(61, 1520)","(460, 270)"
"(97, 2570)","(590, 150)"
"(103, 2340)","(560, 160)"
"(184, 1920)","(570, 180)"
"(331, 2290)","(630, 100)"
"(214, 2360)","(590, 130)"
"(73, 2240)","(560, 180)"
"(346, 2080)","(640, 110)"
"(349, 2010)","(620, 110)"
"(388, 2250)","(620, 80)"
"(61, 1850)","(510, 220)"
"(358, 2190)","(650, 100)"
"(346, 1650)","(580, 140)"
"(148, 2440)","(570, 140)"
"(130, 1780)","(530, 210)"
"(124, 1440)","(480, 270)"
"(226, 2350)","(610, 130)"
"(343, 1640)","(600, 150)"
"(220, 1600)","(530, 200)"
"(274, 2250)","(610, 120)"
"(49, 1990)","(530, 210)"
"(244, 2540)","(600, 110)"
"(175, 2140)","(580, 160)"
"(286, 2120)","(620, 130)"
"(277, 1820)","(570, 150)"
"(334, 2510)","(650, 90)"
"(22, 2380)","(550, 180)"
"(337, 2080)","(620, 110)"
"(79, 2150)","(560, 190)"
"(127, 2470)","(590, 150)"
"(205, 2440)","(610, 130)"
"(247, 2290)","(620, 130)"
"(166, 2290)","(580, 150)"
"(268, 1570)","(560, 190)"
"(112, 2040)","(560, 190)"
"(355, 1720)","(600, 130)"
"(13, 1650)","(480, 270)"
"(193, 2110)","(590, 160)"
"(364, 2480)","(640, 80)"
"(91, 2570)","(580, 150)"
"(37, 1430)","(440, 300)"
"(10, 1780)","(500, 250)"
"(76, 2190)","(550, 180)"
"(379, 1850)","(620, 110)"
"(208, 1950)","(580, 170)"
"(82, 1760)","(520, 230)"
"(223, 1410)","(510, 240)"
"(289, 2330)","(610, 110)"
"(157, 2070)","(560, 170)"
"(217, 2310)","(580, 130)"
"(139, 1980)","(540, 180)"
"(46, 2190)","(550, 190)"
"(163, 1920)","(540, 180)"
"(172, 1630)","(530, 220)"
"(91, 1730)","(510, 230)"
"(151, 1520)","(490, 240)"
"(154, 2350)","(590, 150)"
"(307, 2150)","(630, 120)"
"(325, 1950)","(590, 120)"
"(103, 2350)","(560, 160)"
"(142, 1680)","(520, 220)"
"(274, 2170)","(620, 130)"
"(37, 1670)","(490, 260)"
"(127, 1720)","(520, 220)"
"(163, 1720)","(540, 210)"
"(193, 1820)","(540, 180)"
"(394, 1900)","(630, 100)"
"(223, 1810)","(570, 180)"
"(13, 1990)","(520, 220)"
"(277, 1630)","(570, 180)"
"(388, 1400)","(590, 160)"
"(115, 1590)","(490, 240)"
"(229, 2020)","(580, 150)"
"(217, 2230)","(600, 140)"
"(304, 1580)","(560, 170)"
"(349, 1560)","(580, 150)"
"(331, 2510)","(640, 90)"
"(100, 2110)","(540, 180)"
"(97, 2380)","(570, 160)"
"(304, 1500)","(550, 180)"
"(295, 2410)","(640, 110)"
"(85, 1420)","(460, 290)"
"(178, 2490)","(580, 130)"
"(109, 2540)","(590, 150)"
"(193, 2230)","(600, 150)"
"(1, 1440)","(420, 300)"
"(64, 2510)","(570, 160)"
"(97, 2530)","(580, 150)"
"(97, 2110)","(540, 180)"
"(379, 2160)","(640, 90)"
"(253, 2100)","(610, 140)"
"(94, 1430)","(460, 280)"
"(274, 1440)","(540, 210)"
"(121, 2160)","(550, 170)"
"(259, 1890)","(570, 150)"
"(400, 1890)","(650, 100)"
"(364, 2590)","(670, 80)"
"(265, 1710)","(560, 170)"
"(391, 1730)","(630, 120)"
"(304, 1990)","(610, 130)"
"(259, 2400)","(630, 120)"
"(244, 2510)","(590, 110)"
"(382, 2400)","(660, 80)"
"(241, 1930)","(590, 160)"
"(133, 1620)","(500, 230)"
"(238, 2360)","(620, 130)"
"(58, 1880)","(520, 220)"
"(175, 2300)","(600, 150)"
"(205, 2150)","(590, 150)"
"(151, 2130)","(580, 170)"
"(88, 2020)","(550, 200)"
"(115, 2360)","(580, 160)"
"(238, 2120)","(590, 140)"
"(367, 2010)","(610, 100)"
"(55, 2400)","(560, 170)"
"(205, 2180)","(600, 150)"
"(223, 1580)","(540, 210)"
"(70, 2510)","(580, 160)"
"(292, 2370)","(630, 110)"
"(91, 2550)","(580, 150)"
"(322, 2510)","(620, 90)"
"(103, 2310)","(580, 170)"
"(400, 2310)","(670, 80)"
"(199, 2440)","(600, 130)"
"(355, 2300)","(630, 90)"
"(64, 2190)","(560, 190)"
"(133, 2150)","(570, 170)"
"(124, 2360)","(590, 160)"
"(199, 2520)","(620, 130)"
"(28, 2410)","(570, 180)"
"(217, 1640)","(540, 200)"
"(397, 1710)","(600, 110)"
"(112, 2000)","(550, 190)"
"(217, 1630)","(540, 200)"
"(289, 1400)","(540, 210)"
"(349, 2350)","(630, 90)"
"(313, 2500)","(650, 100)"
"(190, 2390)","(610, 140)"
"(79, 1820)","(520, 220)"
"(373, 1810)","(630, 120)"
"(322, 2090)","(630, 120)"
"(79, 1470)","(470, 280)"
"(64, 2200)","(540, 180)"
"(361, 2460)","(620, 80)"
"(400, 1570)","(620, 130)"
"(175, 1530)","(500, 230)"
"(238, 2530)","(630, 120)"
"(322, 2250)","(640, 110)"
"(82, 1990)","(540, 200)"
"(64, 2440)","(580, 170)"
"(85, 1920)","(540, 210)"
"(292, 2580)","(640, 100)"
"(247, 1480)","(520, 210)"
"(79, 1520)","(480, 270)"
"(271, 1730)","(580, 170)"
"(157, 1900)","(560, 190)"
"(133, 2580)","(590, 140)"
"(337, 1490)","(580, 170)"
"(373, 1510)","(600, 150)"
"(166, 2510)","(610, 140)"
"(169, 1460)","(500, 250)"
"(139, 1970)","(560, 190)"
"(160, 2020)","(550, 170)"
"(283, 2090)","(610, 130)"
"(118, 2450)","(580, 150)"
"(208, 1530)","(520, 220)"
"(304, 1590)","(570, 170)"
"(250, 1400)","(520, 230)"
"(235, 2240)","(590, 130)"
"(322, 1770)","(590, 140)"
"(55, 1420)","(450, 300)"
"(325, 1580)","(570, 160)"
"(301, 2230)","(600, 110)"
"(214, 1610)","(520, 200)"
"(256, 1920)","(580, 150)"
"(46, 1640)","(490, 260)"
"(346, 2360)","(630, 90)"
"(109, 2090)","(550, 180)"
"(136, 2140)","(570, 170)"
"(31, 2120)","(530, 200)"
"(304, 1430)","(530, 190)"
"(394, 2460)","(630, 70)"
"(25, 1870)","(510, 230)"
"(109, 1520)","(490, 260)"
"(385, 1600)","(610, 130)"
"(352, 2370)","(640, 90)"
"(130, 1520)","(490, 250)"
"(193, 2560)","(620, 130)"
"(274, 1650)","(550, 170)"
"(190, 1890)","(570, 180)"
"(172, 1450)","(500, 250)"
"(130, 2150)","(560, 170)"
"(325, 1410)","(560, 190)"
"(136, 1820)","(530, 200)"
"(16, 2400)","(560, 180)"
"(364, 2500)","(650, 80)"
"(139, 2110)","(560, 170)"
"(22, 2160)","(540, 200)"
"(49, 1470)","(460, 290)"
"(133, 2160)","(570, 170)"
"(181, 2500)","(590, 130)"
"(283, 1760)","(590, 160)"
"(22, 2130)","(530, 200)"
"(13, 2340)","(560, 190)"
"(19, 2380)","(550, 180)"
"(250, 1790)","(580, 170)"
"(112, 1950)","(550, 200)"
"(331, 2380)","(650, 100)"
"(289, 1690)","(560, 160)"
"(316, 2320)","(610, 100)"
"(163, 2360)","(600, 150)"
"(337, 2370)","(610, 90)"
"(193, 1650)","(540, 210)"
"(238, 2130)","(590, 140)"
"(340, 1700)","(590, 140)"
"(10, 2500)","(550, 170)"
"(259, 1520)","(540, 200)"
"(214, 2430)","(620, 130)"
"(208, 2390)","(590, 130)"
"(193, 1430)","(490, 240)"
"(217, 2320)","(580, 130)"
"(94, 1470)","(460, 270)"
"(313, 1660)","(590, 160)"
"(172, 1580)","(520, 230)"
"(139, 2430)","(600, 150)"
"(127, 1500)","(490, 260)"
"(49, 1460)","(450, 290)"
"(61, 2530)","(570, 160)"
"(352, 2470)","(660, 90)"
"(205, 1670)","(540, 200)"
"(109, 1650)","(510, 240)"
"(361, 2180)","(650, 100)"
"(169, 2070)","(580, 170)"
"(61, 1930)","(520, 210)"
"(58, 2240)","(550, 180)"
"(283, 2150)","(590, 120)"
"(226, 1630)","(550, 200)"
"(265, 1400)","(530, 220)"
"(271, 1840)","(570, 150)"
"(88, 1720)","(500, 230)"
"(115, 2300)","(560, 160)"
"(40, 1580)","(470, 270)"
"(307, 1590)","(580, 170)"
"(34, 1670)","(490, 260)"
"(175, 2000)","(560, 170)"
"(22, 2300)","(560, 190)"
"(19, 1430)","(440, 310)"
"(301, 1990)","(610, 130)"
"(268, 2070)","(610, 140)"
"(169, 2550)","(590, 130)"
"(355, 2030)","(640, 110)"
"(127, 2570)","(580, 140)"
"(232, 2350)","(620, 130)"
"(355, 2590)","(650, 80)"
"(109, 1400)","(460, 280)"
"(106, 1570)","(490, 250)"
"(4, 1600)","(470, 280)"
"(73, 1720)","(510, 240)"
"(85, 1900)","(530, 210)"
"(22, 2310)","(560, 190)"
"(88, 2320)","(570, 170)"
"(346, 2370)","(630, 90)"
"(178, 1460)","(490, 240)"
"(262, 1880)","(570, 150)"
"(316, 2580)","(630, 90)"
"(247, 2010)","(600, 150)"
"(325, 2160)","(630, 110)"
"(268, 2050)","(610, 140)"
"(148, 1900)","(550, 190)"
"(205, 2300)","(600, 140)"
"(379, 2120)","(620, 90)"
"(274, 1400)","(520, 210)"
"(301, 2470)","(630, 100)"
"(46, 1920)","(520, 220)"
"(46, 1910)","(520, 220)"
"(49, 2540)","(560, 160)"
"(370, 2260)","(650, 90)"
"(127, 2190)","(570, 170)"
"(184, 1940)","(550, 170)"
"(217, 2250)","(600, 140)"
"(142, 1660)","(510, 220)"
"(109, 1660)","(500, 230)"
"(229, 2490)","(610, 120)"
"(289, 1600)","(570, 180)"
"(367, 2340)","(660, 90)"
"(112, 2030)","(560, 190)"
"(187, 2110)","(590, 160)"
"(379, 1510)","(580, 140)"
"(163, 2580)","(590, 130)"
"(127, 2130)","(550, 170)"
"(178, 1660)","(530, 210)"
"(346, 2330)","(610, 90)"
"(343, 2190)","(620, 100)"
"(325, 2280)","(610, 100)"
"(37, 2510)","(580, 170)"
"(82, 1400)","(450, 290)"
"(82, 1910)","(530, 210)"
"(160, 2310)","(580, 150)"
"(166, 2360)","(600, 150)"
"(235, 2490)","(620, 120)"
"(85, 2560)","(570, 150)"
"(223, 1980)","(590, 160)"
"(370, 1910)","(630, 110)"
"(166, 2200)","(590, 160)"
"(10, 2570)","(570, 170)"
"(67, 1490)","(470, 280)"
"(130, 1560)","(490, 240)"
"(370, 1430)","(580, 160)"
"(49, 1410)","(440, 300)"
"(394, 2170)","(610, 80)"
"(298, 1440)","(550, 200)"
"(82, 2100)","(550, 190)"
"(334, 2480)","(640, 90)"
"(211, 2350)","(590, 130)"
"(136, 1400)","(470, 270)"
"(262, 2080)","(610, 140)"
"(97, 2490)","(560, 150)"
"(82, 2190)","(550, 180)"
"(118, 1940)","(550, 200)"
"(250, 2570)","(620, 110)"
"(283, 1420)","(540, 210)"
"(178, 1990)","(560, 170)"
"(349, 1490)","(570, 160)"
"(31, 2570)","(580, 170)"
"(22, 1740)","(490, 250)"
"(265, 2340)","(620, 120)"
"(307, 1740)","(580, 150)"
"(55, 2100)","(550, 200)"
"(307, 2580)","(610, 90)"
"(163, 1420)","(490, 260)"
"(28, 2470)","(560, 170)"
"(106, 1940)","(540, 200)"
"(376, 2400)","(640, 80)"
"(388, 1750)","(600, 110)"
"(16, 1940)","(520, 230)"
"(295, 1840)","(600, 150)"
"(40, 1440)","(450, 300)"
"(265, 1660)","(570, 180)"
"(247, 2210)","(590, 130)"
"(70, 2600)","(570, 150)"
"(226, 1980)","(590, 160)"
"(292, 1420)","(530, 200)"
"(106, 2600)","(600, 150)"
"(364, 2220)","(620, 90)"
"(100, 2120)","(550, 180)"
"(247, 1460)","(530, 220)"
"(94, 1830)","(530, 220)"
"(106, 2120)","(550, 180)"
"(187, 1460)","(500, 240)"
"(28, 2250)","(550, 190)"
"(79, 1870)","(530, 220)"
"(352, 2570)","(640, 80)"
"(274, 2550)","(600, 100)"
"(376, 1720)","(600, 120)"
"(163, 1860)","(550, 190)"
"(349, 1830)","(590, 120)"
"(4, 2370)","(560, 190)"
"(139, 1800)","(520, 200)"
"(265, 2350)","(630, 120)"
"(310, 2210)","(610, 110)"
"(73, 1420)","(450, 290)"
"(241, 2330)","(620, 130)"
"(112, 1430)","(460, 270)"
"(187, 2370)","(600, 140)"
"(226, 2160)","(580, 140)"
"(238, 2000)","(580, 150)"
"(121, 1760)","(530, 220)"
"(166, 2420)","(590, 140)"
"(343, 2090)","(640, 110)"
"(397, 1610)","(600, 120)"
"(310, 2350)","(600, 100)"
"(331, 2030)","(630, 120)"
"(70, 2220)","(550, 180)"
"(325, 2210)","(640, 110)"
"(184, 2510)","(600, 130)"
"(268, 2060)","(610, 140)"
"(205, 1780)","(560, 190)"
"(109, 1510)","(480, 260)"
"(292, 1430)","(540, 200)"
"(289, 1730)","(580, 160)"
"(70, 2540)","(590, 160)"
"(310, 1970)","(620, 130)"
"(37, 1910)","(510, 220)"
"(385, 2160)","(650, 90)"
"(373, 1700)","(620, 130)"
"(40, 1940)","(530, 220)"
"(361, 2100)","(630, 100)"
"(232, 1690)","(560, 190)"
"(22, 1420)","(440, 310)"
"(238, 1870)","(560, 160)"
"(223, 1700)","(560, 190)"
"(367, 1750)","(590, 120)"
"(136, 1980)","(560, 190)"
"(40, 1640)","(480, 260)"
"(145, 2480)","(580, 140)"
"(175, 1930)","(560, 180)"
"(112, 1550)","(490, 250)"
"(337, 1910)","(600, 120)"
"(238, 1540)","(540, 210)"
"(349, 1950)","(630, 120)"
"(349, 1770)","(610, 130)"
"(148, 2060)","(550, 170)"
"(298, 2390)","(640, 110)"
"(82, 1940)","(540, 210)"
"(178, 1830)","(550, 190)"
"(139, 2590)","(610, 140)"
"(313, 2120)","(630, 120)"
"(214, 2120)","(590, 150)"
"(238, 2290)","(610, 130)"
"(145, 2560)","(600, 140)"
"(148, 1950)","(540, 180)"
"(28, 1700)","(480, 250)"
"(217, 1690)","(540, 190)"
"(283, 2470)","(640, 110)"
"(343, 1570)","(570, 150)"
"(163, 1750)","(530, 200)"
"(364, 1910)","(610, 110)"
"(223, 2290)","(580, 130)"
"(346, 1750)","(590, 130)"
"(217, 2240)","(600, 140)"
"(295, 1650)","(580, 170)"
"(361, 1550)","(600, 150)"
"(259, 2390)","(630, 120)"
"(82, 2300)","(560, 170)"
"(298, 2550)","(650, 100)"
"(100, 2220)","(550, 170)"
"(382, 2250)","(660, 90)"
"(253, 1980)","(600, 150)"
"(103, 1500)","(470, 260)"
"(34, 2460)","(560, 170)"
"(259, 2170)","(600, 130)"
"(343, 2430)","(640, 90)"
"(7, 2160)","(530, 200)"
"(151, 1590)","(510, 230)"
"(349, 1730)","(590, 130)"
"(112, 1650)","(510, 240)"
"(310, 1780)","(600, 150)"
"(286, 2090)","(620, 130)"
"(301, 1490)","(560, 190)"
"(118, 2470)","(580, 150)"
"(70, 2420)","(580, 170)"
"(379, 1530)","(590, 140)"
"(223, 2560)","(620, 120)"
"(247, 1990)","(590, 150)"
"(214, 2400)","(610, 130)"
"(157, 2250)","(590, 160)"
"(250, 2010)","(600, 150)"
"(181, 2310)","(570, 140)"
"(283, 1500)","(540, 190)"
"(205, 2540)","(590, 120)"
"(349, 2080)","(640, 110)"
"(160, 1930)","(540, 180)"
"(256, 2590)","(640, 110)"
"(334, 2360)","(650, 100)"
"(274, 1580)","(540, 180)"
"(169, 1820)","(540, 190)"
"(58, 2460)","(580, 170)"
"(394, 1510)","(610, 140)"
"(4, 2010)","(520, 220)"
"(349, 2340)","(630, 90)"
"(325, 2270)","(610, 100)"
"(388, 2350)","(660, 80)"
"(112, 2070)","(540, 180)"
"(76, 1530)","(480, 270)"
"(109, 1620)","(500, 240)"
"(367, 2250)","(640, 90)"
"(58, 1530)","(460, 270)"
"(292, 2030)","(600, 130)"
"(193, 2020)","(560, 160)"
"(172, 1680)","(530, 210)"
"(370, 1830)","(630, 120)"
"(211, 2370)","(590, 130)"
"(343, 1460)","(570, 170)"
"(49, 2240)","(560, 190)"
"(22, 1770)","(500, 250)"
"(19, 2220)","(530, 190)"
"(55, 1790)","(500, 230)"
"(169, 1700)","(540, 210)"
"(157, 1470)","(490, 250)"
"(184, 1570)","(510, 220)"
"(130, 1750)","(530, 220)"
"(217, 1850)","(560, 170)"
"(82, 2520)","(590, 160)"
"(394, 2560)","(670, 70)"
"(73, 1900)","(520, 210)"
"(31, 2170)","(550, 200)"
"(19, 1540)","(450, 280)"
"(76, 1740)","(500, 230)"
"(88, 2330)","(580, 170)"
"(382, 2200)","(660, 90)"
"(238, 2340)","(620, 130)"
"(85, 2380)","(580, 170)"
"(88, 2220)","(570, 180)"
"(307, 1570)","(560, 170)"
"(52, 2310)","(560, 180)"
"(130, 1610)","(510, 240)"
"(364, 2600)","(670, 80)"
"(151, 2460)","(580, 140)"
"(328, 2120)","(620, 110)"
"(226, 2150)","(580, 140)"
"(199, 2290)","(590, 140)"
"(271, 1750)","(560, 160)"
"(220, 1570)","(540, 210)"
"(334, 2020)","(630, 120)"
"(235, 2290)","(600, 130)"
"(160, 2250)","(560, 150)"
"(277, 1980)","(600, 140)"
"(208, 2430)","(610, 130)"
"(76, 2410)","(580, 170)"
"(115, 1550)","(490, 250)"
"(256, 2310)","(600, 120)"
"(91, 1860)","(520, 210)"
"(259, 2470)","(600, 110)"
"(169, 2490)","(610, 140)"
"(58, 1420)","(450, 300)"
"(211, 1480)","(520, 230)"
"(355, 1840)","(610, 120)"
"(181, 1530)","(510, 230)"
"(325, 2400)","(650, 100)"
"(394, 1970)","(650, 100)"
"(154, 2120)","(580, 170)"
"(73, 2290)","(570, 180)"
"(187, 2570)","(620, 130)"
"(7, 1720)","(490, 260)"
"(319, 2350)","(620, 100)"
"(220, 2550)","(620, 120)"
"(331, 1950)","(600, 120)"
"(232, 2370)","(620, 130)"
"(139, 1660)","(510, 220)"
"(337, 2460)","(640, 90)"
"(382, 1750)","(630, 120)"
"(379, 1690)","(590, 120)"
"(277, 2040)","(580, 130)"
"(265, 1810)","(580, 160)"
"(136, 2480)","(600, 150)"
"(286, 1990)","(610, 140)"
"(256, 1520)","(540, 200)"
"(142, 2010)","(550, 180)"
"(124, 2570)","(580, 140)"
"(385, 1700)","(620, 120)"
"(130, 2120)","(550, 170)"
"(214, 1800)","(560, 180)"
"(394, 2130)","(660, 90)"
"(373, 2440)","(650, 80)"
"(133, 2000)","(540, 180)"
"(112, 2590)","(570, 140)"
"(385, 1670)","(600, 120)"
"(367, 2220)","(630, 90)"
"(118, 2510)","(600, 150)"
"(280, 1400)","(530, 210)"
"(205, 1700)","(530, 190)"
"(10, 2180)","(540, 200)"
"(7, 2500)","(570, 180)"
"(43, 1660)","(490, 260)"
"(322, 1670)","(580, 150)"
"(394, 2580)","(670, 70)"
"(160, 2150)","(560, 160)"
"(82, 2320)","(570, 170)"
"(91, 1980)","(540, 200)"
"(298, 1720)","(590, 160)"
"(235, 1690)","(560, 190)"
"(187, 2280)","(570, 140)"
"(64, 1490)","(470, 280)"
"(301, 2010)","(610, 130)"
"(304, 2220)","(600, 110)"
"(388, 1650)","(600, 120)"
"(262, 2560)","(640, 110)"
"(373, 2530)","(670, 80)"
"(79, 1540)","(470, 260)"
"(109, 2170)","(570, 180)"
"(292, 1880)","(580, 140)"
"(346, 1610)","(600, 150)"
"(148, 1870)","(530, 190)"
"(265, 1840)","(590, 160)"
"(145, 1640)","(520, 230)"
"(58, 2490)","(560, 160)"
"(313, 1760)","(600, 150)"
"(184, 2230)","(590, 150)"
"(91, 2140)","(550, 180)"
"(166, 2450)","(600, 140)"
"(391, 2290)","(650, 80)"
"(25, 2060)","(530, 210)"
"(94, 2510)","(570, 150)"
"(160, 1690)","(520, 210)"
"(40, 2000)","(530, 210)"
"(391, 1670)","(620, 120)"
"(322, 1630)","(590, 160)"
"(4, 1990)","(510, 220)"
"(58, 2420)","(570, 170)"
"(130, 1640)","(510, 230)"
"(124, 1750)","(530, 220)"
"(346, 2410)","(640, 90)"
"(76, 2270)","(570, 180)"
"(79, 2220)","(560, 180)"
"(178, 1750)","(550, 200)"
"(169, 2000)","(550, 170)"
"(151, 2010)","(570, 180)"
"(163, 2210)","(590, 160)"
"(37, 2250)","(560, 190)"
"(205, 2230)","(580, 140)"
"(352, 2530)","(620, 80)"
"(187, 2480)","(590, 130)"
"(247, 2360)","(600, 120)"
"(244, 2390)","(600, 120)"
"(397, 1460)","(590, 140)"
"(376, 1850)","(620, 110)"
"(94, 2110)","(560, 190)"
"(376, 2290)","(660, 90)"
"(91, 2160)","(550, 180)"
"(319, 1870)","(590, 130)"
"(292, 1720)","(580, 160)"
"(112, 1630)","(510, 240)"
"(235, 2400)","(590, 120)"
"(127, 2140)","(550, 170)"
"(331, 2260)","(620, 100)"
"(52, 1410)","(440, 300)"
"(4, 2050)","(510, 210)"
"(169, 2030)","(560, 170)"
"(175, 1900)","(550, 180)"
"(304, 2520)","(650, 100)"
"(97, 2260)","(560, 170)"
"(106, 2500)","(580, 150)"
"(238, 2510)","(630, 120)"
"(256, 2400)","(630, 120)"
"(16, 2150)","(530, 200)"
"(316, 1930)","(610, 130)"
"(292, 1840)","(600, 150)"
"(292, 1690)","(570, 160)"
"(16, 2570)","(570, 170)"
"(193, 1620)","(530, 210)"
"(364, 2130)","(650, 100)"
"(232, 1790)","(550, 170)"
"(19, 1720)","(480, 250)"
"(82, 2180)","(550, 180)"
"(397, 1530)","(600, 130)"
"(355, 1430)","(580, 170)"
"(328, 2160)","(630, 110)"
"(4, 2330)","(550, 190)"
"(301, 1610)","(580, 170)"
"(274, 1840)","(570, 150)"
"(142, 2290)","(590, 160)"
"(169, 1600)","(510, 220)"
"(400, 2230)","(650, 80)"
"(19, 1910)","(520, 230)"
"(130, 1840)","(530, 200)"
"(277, 2020)","(610, 140)"
"(121, 1960)","(540, 190)"
"(304, 1810)","(570, 140)"
"(343, 2570)","(610, 80)"
"(70, 1670)","(500, 250)"
"(100, 1460)","(470, 270)"
"(229, 2140)","(580, 140)"
"(349, 2200)","(640, 100)"
"(103, 2540)","(590, 150)"
"(295, 1970)","(590, 130)"
"(118, 2130)","(570, 180)"
"(70, 2150)","(560, 190)"
"(385, 2590)","(650, 70)"
"(91, 1670)","(510, 240)"
"(31, 2510)","(570, 170)"
"(220, 1760)","(550, 180)"
"(133, 2410)","(580, 150)"
"(97, 1920)","(530, 200)"
"(133, 2350)","(560, 150)"
"(325, 2250)","(600, 100)"
"(325, 2440)","(600, 90)"
"(175, 1780)","(550, 200)"
"(265, 1440)","(530, 210)"
"(49, 1420)","(450, 300)"
"(7, 2170)","(530, 200)"
"(238, 2580)","(600, 110)"
"(151, 2340)","(580, 150)"
"(112, 1800)","(520, 210)"
"(241, 2490)","(630, 120)"
"(250, 1970)","(590, 150)"
"(73, 1800)","(520, 230)"
"(145, 1590)","(500, 230)"
"(55, 2420)","(570, 170)"
"(46, 1470)","(440, 280)"
"(373, 2600)","(620, 70)"
"(34, 2390)","(570, 180)"
"(289, 2170)","(610, 120)"
"(388, 2400)","(670, 80)"
"(244, 1690)","(550, 180)"
"(295, 1600)","(560, 170)"
"(16, 1720)","(480, 250)"
"(382, 2080)","(610, 90)"
"(301, 2360)","(640, 110)"
"(229, 1770)","(570, 180)"
"(13, 2470)","(570, 180)"
"(277, 1790)","(590, 160)"
"(265, 1930)","(600, 150)"
"(154, 2010)","(570, 180)"
"(148, 1480)","(490, 250)"
"(283, 1690)","(580, 170)"
"(304, 1520)","(560, 180)"
"(388, 1770)","(610, 110)"
"(172, 2360)","(580, 140)"
"(244, 1680)","(550, 180)"
"(328, 2010)","(620, 120)"
"(142, 1520)","(500, 250)"
"(373, 2550)","(670, 80)"
"(190, 1490)","(500, 230)"
"(127, 2230)","(580, 170)"
"(127, 2520)","(570, 140)"
"(67, 2060)","(550, 200)"
"(259, 1820)","(570, 160)"
"(256, 1790)","(580, 170)"
"(244, 2070)","(580, 140)"
"(82, 2130)","(560, 190)"
"(307, 2210)","(610, 110)"
"(208, 2250)","(590, 140)"
"(139, 2150)","(570, 170)"
"(313, 2590)","(630, 90)"
"(202, 2580)","(600, 120)"
"(259, 2420)","(630, 120)"
"(64, 2110)","(540, 190)"
"(34, 2590)","(560, 160)"
"(157, 1970)","(560, 180)"
"(112, 1890)","(530, 200)"
"(283, 1410)","(540, 210)"
"(391, 2000)","(650, 100)"
"(70, 1740)","(510, 240)"
"(328, 1860)","(600, 130)"
"(67, 1880)","(530, 220)"
"(379, 1620)","(600, 130)"
"(49, 1720)","(490, 240)"
"(46, 2340)","(570, 180)"
"(151, 1710)","(520, 210)"
"(127, 1400)","(470, 280)"
"(376, 1650)","(610, 130)"
"(367, 1640)","(580, 130)"
"(166, 2140)","(570, 160)"
"(214, 2560)","(610, 120)"
"(151, 1640)","(510, 220)"
"(292, 2600)","(650, 100)"
"(151, 1850)","(530, 190)"
"(346, 1950)","(630, 120)"
"(118, 2020)","(560, 190)"
"(268, 1940)","(600, 150)"
"(289, 1980)","(610, 140)"
"(100, 2570)","(590, 150)"
"(25, 2480)","(560, 170)"
"(301, 2520)","(640, 100)"
"(181, 1500)","(510, 240)"
"(79, 1700)","(510, 240)"
"(226, 2340)","(610, 130)"
"(196, 1980)","(580, 170)"
"(91, 2260)","(560, 170)"
"(199, 1910)","(560, 170)"
"(115, 1690)","(520, 230)"
"(136, 1550)","(490, 240)"
"(151, 2520)","(600, 140)"
"(247, 2090)","(590, 140)"
"(265, 1940)","(600, 150)"
"(37, 1650)","(490, 260)"
"(328, 2400)","(650, 100)"
"(100, 1470)","(470, 270)"
"(271, 1620)","(560, 180)"
"(358, 2050)","(600, 100)"
"(262, 1580)","(550, 190)"
"(217, 2100)","(590, 150)"
"(361, 1580)","(600, 150)"
"(97, 2030)","(540, 190)"
"(373, 1400)","(570, 160)"
"(307, 1710)","(570, 150)"
"(253, 2010)","(600, 150)"
"(169, 2310)","(600, 150)"
"(52, 1760)","(510, 240)"
"(19, 1580)","(470, 280)"
"(271, 1710)","(570, 170)"
"(112, 2500)","(580, 150)"
"(334, 1760)","(610, 140)"
"(82, 2150)","(540, 180)"
"(64, 1540)","(470, 270)"
"(289, 2010)","(590, 130)"
"(115, 1670)","(510, 230)"
"(112, 1530)","(490, 260)"
"(166, 1600)","(510, 220)"
"(334, 1400)","(540, 180)"
"(73, 1860)","(530, 220)"
"(10, 2440)","(560, 180)"
"(115, 2070)","(550, 180)"
"(220, 1680)","(540, 190)"
"(172, 2060)","(580, 170)"
"(31, 2210)","(540, 190)"
"(247, 1890)","(590, 160)"
"(328, 2290)","(620, 100)"
"(382, 1410)","(590, 160)"
"(52, 1710)","(500, 250)"
"(355, 2110)","(620, 100)"
"(280, 1620)","(570, 180)"
"(85, 2200)","(560, 180)"
"(211, 2290)","(610, 140)"
"(127, 1430)","(470, 270)"
"(361, 1590)","(580, 140)"
"(61, 1460)","(460, 290)"
"(382, 1990)","(640, 100)"
"(193, 2060)","(570, 160)"
"(121, 1490)","(480, 260)"
"(340, 1890)","(600, 120)"
"(334, 1550)","(570, 160)"
"(7, 2310)","(550, 190)"
"(352, 1520)","(590, 160)"
"(16, 1630)","(480, 270)"
"(13, 2450)","(570, 180)"
"(34, 2050)","(540, 210)"
"(259, 2050)","(600, 140)"
"(322, 1540)","(580, 170)"
"(247, 1470)","(520, 210)"
"(154, 1450)","(490, 260)"
"(37, 2280)","(560, 190)"
"(187, 1910)","(570, 180)"
"(70, 2240)","(560, 180)"
"(214, 1570)","(530, 210)"
"(220, 1830)","(550, 170)"
"(259, 1870)","(590, 160)"
"(235, 1810)","(560, 170)"
"(313, 2480)","(650, 100)"
"(382, 2300)","(630, 80)"
"(226, 2600)","(630, 120)"
"(280, 1860)","(590, 150)"
"(73, 2190)","(540, 180)"
"(64, 2570)","(590, 160)"
"(343, 1950)","(630, 120)"
"(16, 1780)","(500, 250)"
"(181, 2510)","(590, 130)"
"(304, 2270)","(620, 110)"
"(175, 2210)","(570, 150)"
"(124, 2370)","(590, 160)"
"(187, 2230)","(590, 150)"
"(247, 2080)","(590, 140)"
"(289, 2120)","(590, 120)"
"(4, 1580)","(460, 280)"
"(235, 2060)","(600, 150)"
"(46, 1760)","(500, 240)"
"(124, 1400)","(470, 280)"
"(136, 1660)","(520, 230)"
"(142, 2360)","(580, 150)"
"(385, 2480)","(610, 70)"
"(133, 2360)","(570, 150)"
"(160, 1560)","(500, 230)"
"(166, 2590)","(600, 130)"
"(91, 2370)","(560, 160)"
"(271, 1420)","(520, 210)"
"(247, 1910)","(590, 160)"
"(145, 2310)","(560, 150)"
"(349, 1640)","(580, 140)"
"(220, 1560)","(530, 210)"
"(73, 2080)","(530, 190)"
"(142, 1770)","(540, 210)"
"(262, 2590)","(640, 110)"
"(169, 2320)","(600, 150)"
"(154, 1690)","(530, 220)"
"(187, 1720)","(540, 200)"
"(316, 1570)","(580, 170)"
"(148, 2350)","(580, 150)"
"(337, 1940)","(610, 120)"
"(256, 2010)","(570, 140)"
"(58, 2100)","(550, 200)"
"(112, 1730)","(510, 220)"
"(361, 2510)","(640, 80)"
"(127, 1980)","(560, 190)"
"(178, 1420)","(490, 250)"
"(52, 2250)","(540, 180)"
"(253, 2120)","(610, 140)"
"(139, 2320)","(560, 150)"
"(64, 1780)","(510, 230)"
"(223, 1560)","(540, 210)"
"(361, 1730)","(620, 130)"
"(55, 1590)","(470, 260)"
"(328, 2270)","(620, 100)"
"(388, 1900)","(610, 100)"
"(55, 2510)","(560, 160)"
"(85, 2240)","(570, 180)"
"(160, 2320)","(590, 150)"
"(370, 1500)","(590, 150)"
"(4, 2510)","(570, 180)"
"(187, 1510)","(510, 230)"
"(31, 1720)","(490, 250)"
"(34, 2120)","(540, 200)"
"(34, 2180)","(530, 190)"
"(364, 1470)","(590, 160)"
"(319, 1440)","(560, 190)"
"(25, 1760)","(500, 250)"
"(271, 1970)","(580, 140)"
"(232, 2180)","(600, 140)"
"(52, 2190)","(550, 190)"
"(202, 2340)","(610, 140)"
"(19, 2360)","(550, 180)"
"(364, 2310)","(650, 90)"
"(388, 2420)","(670, 80)"
"(361, 1520)","(580, 150)"
"(331, 2390)","(650, 100)"
"(286, 1520)","(560, 190)"
"(202, 2490)","(620, 130)"
"(37, 2030)","(530, 210)"
"(190, 1720)","(550, 200)"
"(280, 1630)","(570, 180)"
"(310, 1830)","(600, 140)"
"(64, 1890)","(530, 220)"
"(376, 1530)","(580, 140)"
"(385, 2130)","(640, 90)"
"(190, 1590)","(530, 220)"
"(43, 2440)","(560, 170)"
"(331, 2010)","(630, 120)"
"(322, 1910)","(610, 130)"
"(169, 2440)","(600, 140)"
"(94, 1840)","(520, 210)"
"(136, 1510)","(490, 250)"
"(193, 2400)","(610, 140)"
"(319, 1920)","(610, 130)"
"(205, 1570)","(520, 210)"
"(130, 2290)","(580, 160)"
"(124, 1820)","(540, 210)"
"(361, 1510)","(570, 150)"
"(25, 1610)","(470, 270)"
"(223, 1870)","(570, 170)"
"(277, 1810)","(590, 160)"
"(379, 1900)","(640, 110)"
"(226, 1560)","(540, 210)"
"(124, 1480)","(480, 260)"
"(73, 1970)","(520, 200)"
"(355, 2200)","(650, 100)"
"(340, 2480)","(650, 90)"
"(19, 2120)","(520, 200)"
"(304, 2600)","(610, 90)"
"(265, 2460)","(610, 110)"
"(217, 2160)","(570, 140)"
"(343, 2100)","(640, 110)"
"(154, 2560)","(610, 140)"
"(142, 1970)","(540, 180)"
"(10, 2020)","(530, 220)"
"(187, 2390)","(610, 140)"
"(172, 2000)","(560, 170)"
"(232, 1470)","(520, 220)"
"(247, 1700)","(560, 180)"
"(226, 2560)","(630, 120)"
"(232, 2030)","(580, 150)"
"(112, 1660)","(500, 230)"
"(31, 2020)","(520, 210)"
"(238, 1830)","(580, 170)"
"(37, 1880)","(520, 230)"
"(217, 1760)","(550, 180)"
"(217, 1460)","(520, 230)"
"(10, 1480)","(450, 300)"
"(16, 2470)","(570, 180)"
"(280, 1580)","(550, 180)"
"(97, 1540)","(490, 260)"
"(109, 2230)","(570, 170)"
"(160, 1610)","(520, 230)"
"(85, 2510)","(590, 160)"
"(172, 2530)","(590, 130)"
"(22, 2600)","(580, 170)"
"(1, 1910)","(500, 230)"
"(94, 1460)","(460, 270)"
"(325, 1470)","(570, 180)"
"(217, 1450)","(510, 230)"
"(220, 1780)","(560, 180)"
"(343, 2180)","(620, 100)"
"(277, 2070)","(590, 130)"
"(97, 2040)","(540, 190)"
"(304, 2430)","(620, 100)"
"(289, 1880)","(580, 140)"
"(205, 1910)","(560, 170)"
"(10, 2290)","(540, 190)"
"(166, 2400)","(580, 140)"
"(40, 2240)","(560, 190)"
"(130, 2010)","(540, 180)"
"(376, 2570)","(620, 70)"
"(46, 1980)","(520, 210)"
"(97, 1740)","(520, 230)"
"(97, 1930)","(530, 200)"
"(106, 1560)","(490, 250)"
"(73, 1760)","(510, 230)"
"(40, 1850)","(510, 230)"
"(208, 1590)","(530, 210)"
"(223, 2280)","(580, 130)"
"(145, 2140)","(580, 170)"
"(199, 2110)","(570, 150)"
"(61, 2320)","(570, 180)"
"(241, 1860)","(560, 160)"
"(187, 2000)","(580, 170)"
"(79, 1640)","(500, 250)"
"(73, 2390)","(580, 170)"
"(382, 2420)","(670, 80)"
"(13, 1660)","(470, 260)"
"(226, 1820)","(560, 170)"
"(289, 1790)","(580, 150)"
"(313, 2320)","(600, 100)"
"(343, 2220)","(630, 100)"
"(94, 1980)","(550, 200)"
"(55, 1980)","(530, 210)"
"(397, 1850)","(620, 100)"
"(67, 1820)","(520, 230)"
"(334, 2420)","(620, 90)"
"(1, 2580)","(560, 170)"
"(400, 1860)","(630, 100)"
"(286, 2150)","(590, 120)"
"(193, 1440)","(500, 240)"
"(277, 2170)","(620, 130)"
"(166, 2020)","(560, 170)"
"(298, 1790)","(590, 150)"
"(310, 1990)","(620, 130)"
"(337, 2380)","(610, 90)"
"(43, 1950)","(530, 220)"
"(115, 1910)","(540, 200)"
"(70, 2190)","(540, 180)"
"(70, 1640)","(490, 250)"
"(334, 2050)","(600, 110)"
"(250, 1460)","(520, 210)"
"(157, 2290)","(570, 150)"
"(157, 1420)","(480, 260)"
"(235, 2120)","(580, 140)"
"(163, 1530)","(510, 240)"
"(34, 1960)","(530, 220)"
"(118, 2430)","(570, 150)"
"(277, 2300)","(630, 120)"
"(244, 1510)","(540, 210)"
"(25, 2080)","(540, 210)"
"(175, 2090)","(560, 160)"
"(118, 2320)","(570, 160)"
"(106, 2280)","(580, 170)"
"(256, 2450)","(590, 110)"
"(178, 1530)","(510, 230)"
"(373, 1560)","(590, 140)"
"(370, 2600)","(610, 70)"
"(100, 1580)","(490, 250)"
"(247, 1860)","(570, 160)"
"(7, 2460)","(570, 180)"
"(355, 2050)","(640, 110)"
"(178, 1580)","(510, 220)"
"(319, 1540)","(570, 170)"
"(271, 1520)","(530, 190)"
"(16, 2000)","(530, 220)"
"(175, 2250)","(580, 150)"
"(118, 2420)","(570, 150)"
"(169, 1730)","(530, 200)"
"(331, 1760)","(610, 140)"
"(298, 1550)","(570, 180)"
"(55, 2550)","(570, 160)"
"(151, 2250)","(590, 160)"
"(247, 2270)","(620, 130)"
"(103, 2450)","(590, 160)"
"(301, 2200)","(630, 120)"
"(313, 2200)","(610, 110)"
"(49, 2400)","(560, 170)"
"(100, 1690)","(500, 230)"
"(13, 1520)","(440, 280)"
"(331, 2040)","(630, 120)"
"(193, 2170)","(580, 150)"
"(52, 2560)","(570, 160)"
"(373, 2590)","(620, 70)"
"(208, 1610)","(540, 210)"
"(256, 1630)","(540, 180)"
"(322, 2380)","(640, 100)"
"(160, 1840)","(540, 190)"
"(91, 2360)","(580, 170)"
"(196, 1740)","(540, 190)"
"(157, 1670)","(530, 220)"
"(376, 2360)","(630, 80)"
"(103, 1910)","(530, 200)"
"(253, 2500)","(600, 110)"
"(13, 2580)","(570, 170)"
"(94, 2200)","(570, 180)"
"(337, 2420)","(620, 90)"
"(316, 2300)","(600, 100)"
"(277, 2540)","(600, 100)"
"(238, 2300)","(610, 130)"
"(223, 1680)","(550, 190)"
"(241, 1490)","(520, 210)"
"(271, 2040)","(610, 140)"
"(370, 1780)","(620, 120)"
"(244, 2490)","(630, 120)"
"(148, 2570)","(610, 140)"
"(268, 1420)","(520, 210)"
"(304, 1950)","(590, 130)"
"(271, 2400)","(600, 110)"
"(292, 2170)","(610, 120)"
"(91, 2150)","(550, 180)"
"(304, 2370)","(600, 100)"
"(193, 2570)","(620, 130)"
"(247, 2500)","(590, 110)"
"(349, 2330)","(620, 90)"
"(55, 2250)","(550, 180)"
"(250, 1610)","(550, 190)"
"(256, 1510)","(530, 200)"
"(256, 1830)","(570, 160)"
"(337, 1690)","(580, 140)"
"(127, 2260)","(560, 160)"
"(103, 2050)","(560, 190)"
"(400, 2270)","(670, 80)"
"(145, 1530)","(490, 240)"
"(58, 1770)","(500, 230)"
"(4, 2280)","(540, 190)"
"(184, 1660)","(540, 210)"
"(370, 1960)","(640, 110)"
"(43, 2020)","(540, 210)"
"(271, 2580)","(600, 100)"
"(235, 1410)","(510, 230)"
"(43, 2010)","(530, 210)"
"(232, 1810)","(560, 170)"
"(34, 1630)","(470, 260)"
"(154, 2140)","(580, 170)"
"(43, 2500)","(580, 170)"
"(187, 1560)","(510, 220)"
"(325, 2170)","(630, 110)"
"(64, 2300)","(570, 180)"
"(97, 1430)","(460, 280)"
"(130, 1770)","(520, 210)"
"(244, 2210)","(590, 130)"
"(346, 1970)","(630, 120)"
"(85, 1470)","(470, 280)"
"(181, 1610)","(530, 220)"
"(25, 2050)","(530, 210)"
"(178, 1410)","(480, 250)"
"(76, 2160)","(560, 190)"
"(217, 2390)","(610, 130)"
"(337, 2250)","(630, 100)"
"(97, 2300)","(580, 170)"
"(55, 2600)","(590, 160)"
"(274, 1690)","(570, 170)"
"(400, 2140)","(620, 80)"
"(61, 2390)","(570, 170)"
"(283, 1930)","(590, 140)"
"(274, 2380)","(600, 110)"
"(337, 2500)","(650, 90)"
"(349, 2530)","(620, 80)"
"(286, 2010)","(580, 130)"
"(352, 2020)","(630, 110)"
"(124, 1590)","(500, 240)"
"(322, 2010)","(610, 120)"
"(226, 2420)","(620, 130)"
"(202, 2520)","(620, 130)"
"(337, 1840)","(610, 130)"
"(253, 1920)","(570, 150)"
"(178, 1570)","(510, 220)"
"(304, 2380)","(600, 100)"
"(139, 1850)","(540, 200)"
"(265, 2010)","(590, 140)"
"(166, 1980)","(570, 180)"
"(154, 1610)","(520, 230)"
"(22, 2440)","(570, 180)"
"(340, 1500)","(580, 170)"
"(220, 1990)","(590, 160)"
"(193, 2290)","(580, 140)"
"(232, 1570)","(530, 200)"
"(217, 1410)","(510, 240)"
"(289, 2470)","(600, 100)"
"(184, 2390)","(600, 140)"
"(265, 1920)","(590, 150)"
"(196, 2300)","(590, 140)"
"(376, 1710)","(600, 120)"
"(55, 1610)","(480, 260)"
"(298, 1800)","(600, 150)"
"(253, 1640)","(540, 180)"
"(280, 2230)","(610, 120)"
"(253, 2560)","(620, 110)"
"(265, 1560)","(550, 190)"
"(250, 1430)","(520, 220)"
"(361, 2490)","(630, 80)"
"(43, 2120)","(550, 200)"
"(25, 1690)","(490, 260)"
"(241, 2040)","(600, 150)"
"(343, 2280)","(650, 100)"
"(166, 1510)","(500, 240)"
"(292, 1640)","(580, 170)"
"(91, 2540)","(570, 150)"
"(355, 1800)","(590, 120)"
"(232, 2380)","(620, 130)"
"(304, 1470)","(560, 190)"
"(259, 1430)","(530, 220)"
"(349, 1790)","(620, 130)"
"(196, 2500)","(610, 130)"
"(280, 2110)","(610, 130)"
"(28, 2060)","(540, 210)"
"(94, 2590)","(590, 150)"
"(61, 1900)","(530, 220)"
"(361, 1980)","(640, 110)"
"(1, 1730)","(490, 260)"
"(4, 2290)","(540, 190)"
"(364, 1830)","(630, 120)"
"(178, 1720)","(530, 200)"
"(58, 2300)","(570, 180)"
"(61, 1950)","(530, 210)"
"(106, 1410)","(460, 280)"
"(190, 1670)","(520, 200)"
"(331, 2360)","(650, 100)"
"(55, 2570)","(580, 160)"
"(169, 2130)","(570, 160)"
"(277, 1750)","(570, 160)"
"(235, 1600)","(550, 200)"
"(211, 2090)","(580, 150)"
"(283, 2010)","(580, 130)"
"(283, 1840)","(590, 150)"
"(268, 1980)","(580, 140)"
"(367, 1990)","(640, 110)"
"(148, 2450)","(570, 140)"
"(295, 1850)","(570, 140)"
"(238, 2600)","(610, 110)"
"(256, 2530)","(620, 110)"
"(130, 2190)","(580, 170)"
"(178, 2350)","(580, 140)"
"(394, 2040)","(630, 90)"
"(355, 2380)","(660, 90)"
"(121, 2440)","(580, 150)"
"(268, 1730)","(580, 170)"
"(247, 1970)","(580, 150)"
"(7, 1570)","(460, 280)"
"(64, 1800)","(520, 230)"
"(184, 1560)","(510, 220)"
"(379, 2250)","(660, 90)"
"(253, 2310)","(590, 120)"
"(148, 1650)","(510, 220)"
"(394, 2220)","(630, 80)"
"(205, 2460)","(610, 130)"
"(7, 1480)","(430, 290)"
"(358, 1830)","(610, 120)"
"(157, 1910)","(560, 190)"
"(325, 1920)","(620, 130)"
"(247, 2260)","(610, 130)"
"(187, 1620)","(520, 210)"
"(121, 2560)","(570, 140)"
"(46, 2140)","(550, 200)"
"(121, 2070)","(550, 180)"
"(151, 2330)","(580, 150)"
"(364, 1450)","(580, 160)"
"(211, 2510)","(590, 120)"
"(226, 2590)","(630, 120)"
"(118, 2410)","(560, 150)"
"(214, 2150)","(600, 150)"
"(40, 2070)","(530, 200)"
"(58, 2310)","(570, 180)"
"(97, 1570)","(480, 250)"
"(268, 1610)","(550, 180)"
"(160, 2410)","(580, 140)"
"(106, 1430)","(470, 280)"
"(118, 1630)","(510, 240)"
"(79, 1950)","(540, 210)"
"(202, 2120)","(570, 150)"
"(259, 2450)","(600, 110)"
"(58, 1510)","(470, 280)"
"(268, 1630)","(560, 180)"
"(181, 2040)","(580, 170)"
"(385, 1940)","(620, 100)"
"(184, 1500)","(500, 230)"
"(160, 1630)","(520, 220)"
"(205, 2190)","(600, 150)"
"(178, 1800)","(540, 190)"
"(4, 1500)","(450, 300)"
"(193, 1900)","(570, 180)"
"(127, 1860)","(530, 200)"
"(355, 1690)","(610, 140)"
"(172, 1720)","(520, 200)"
"(82, 2480)","(580, 160)"
"(103, 1790)","(530, 220)"
"(67, 1790)","(510, 230)"
"(193, 2450)","(590, 130)"
"(220, 2230)","(600, 140)"
"(163, 1500)","(500, 240)"
"(319, 2080)","(630, 120)"
"(337, 2350)","(650, 100)"
"(379, 1660)","(620, 130)"
"(37, 1530)","(460, 280)"
"(358, 2350)","(650, 90)"
"(307, 2450)","(630, 100)"
"(127, 2380)","(570, 150)"
"(154, 1460)","(480, 250)"
"(1, 1900)","(500, 230)"
"(28, 2510)","(570, 170)"
"(58, 1750)","(510, 240)"
"(280, 2270)","(630, 120)"
"(97, 1700)","(500, 230)"
"(217, 2050)","(570, 150)"
"(19, 2230)","(530, 190)"
"(133, 2110)","(550, 170)"
"(136, 2030)","(560, 180)"
"(220, 1520)","(530, 220)"
"(223, 2550)","(620, 120)"
"(208, 1620)","(520, 200)"
"(109, 1550)","(480, 250)"
"(4, 2120)","(540, 210)"
"(196, 2320)","(600, 140)"
"(109, 2310)","(560, 160)"
"(295, 1460)","(540, 190)"
"(319, 2580)","(640, 90)"
"(52, 2400)","(560, 170)"
"(208, 1710)","(540, 190)"
"(49, 1930)","(530, 220)"
"(238, 1640)","(550, 190)"
"(58, 2170)","(550, 190)"
"(322, 1440)","(550, 180)"
"(223, 1990)","(590, 160)"
"(346, 2450)","(660, 90)"
"(400, 1990)","(630, 90)"
"(103, 2530)","(580, 150)"
"(325, 2020)","(620, 120)"
"(73, 2510)","(580, 160)"
"(265, 1430)","(520, 210)"
"(190, 1450)","(500, 240)"
"(115, 2430)","(570, 150)"
"(34, 1970)","(530, 220)"
"(103, 2250)","(570, 170)"
"(1, 2480)","(570, 180)"
"(253, 1760)","(570, 170)"
"(145, 2010)","(560, 180)"
"(46, 2000)","(530, 210)"
"(160, 1730)","(540, 210)"
"(346, 1870)","(600, 120)"
"(397, 2460)","(640, 70)"
"(40, 1730)","(500, 250)"
"(46, 1580)","(480, 270)"
"(394, 2050)","(640, 90)"
"(370, 2310)","(660, 90)"
"(250, 2340)","(600, 120)"
"(166, 1660)","(530, 220)"
"(262, 1440)","(520, 210)"
"(283, 1830)","(580, 150)"
"(55, 1470)","(460, 290)"
"(220, 1770)","(560, 180)"
"(4, 2150)","(520, 200)"
"(187, 2320)","(580, 140)"
"(295, 1400)","(530, 200)"
"(37, 2100)","(530, 200)"
"(136, 2440)","(600, 150)"
"(277, 1410)","(530, 210)"
"(181, 1560)","(520, 230)"
"(202, 1510)","(520, 230)"
"(16, 2530)","(560, 170)"
"(109, 2390)","(580, 160)"
"(106, 1510)","(480, 260)"
"(22, 1470)","(450, 300)"
"(151, 1880)","(540, 190)"
"(229, 2350)","(610, 130)"
"(73, 2550)","(590, 160)"
"(343, 2560)","(610, 80)"
"(193, 1540)","(510, 220)"
"(88, 1490)","(470, 270)"
"(298, 1830)","(570, 140)"
"(46, 1430)","(450, 300)"
"(16, 1880)","(500, 230)"
"(34, 2580)","(560, 160)"
"(16, 2080)","(530, 210)"
"(295, 2150)","(610, 120)"
"(106, 1400)","(450, 280)"
"(13, 2360)","(540, 180)"
"(28, 1810)","(510, 240)"
"(118, 2520)","(600, 150)"
"(184, 1460)","(500, 240)"
"(148, 2020)","(570, 180)"
"(289, 1830)","(590, 150)"
"(25, 2410)","(570, 180)"
"(199, 2460)","(600, 130)"
"(232, 1860)","(580, 170)"
"(319, 2190)","(620, 110)"
"(241, 2530)","(590, 110)"
"(238, 1560)","(530, 200)"
"(298, 2320)","(630, 110)"
"(31, 2160)","(550, 200)"
"(31, 1800)","(510, 240)"
"(202, 2180)","(600, 150)"
"(67, 2170)","(560, 190)"
"(64, 1910)","(510, 210)"
"(67, 1550)","(480, 270)"
"(151, 2360)","(590, 150)"
"(241, 1600)","(530, 190)"
"(100, 1530)","(480, 260)"
"(175, 1830)","(550, 190)"
"(370, 1560)","(590, 140)"
"(289, 2360)","(620, 110)"
"(193, 1810)","(560, 190)"
"(4, 2590)","(570, 170)"
"(46, 2550)","(560, 160)"
"(127, 1910)","(550, 200)"
"(214, 1870)","(560, 170)"
"(217, 1910)","(580, 170)"
"(217, 2210)","(590, 140)"
"(184, 2370)","(600, 140)"
"(298, 1850)","(580, 140)"
"(28, 1960)","(520, 220)"
"(295, 1610)","(560, 170)"
"(157, 2590)","(580, 130)"
"(184, 1480)","(510, 240)"
"(361, 1790)","(600, 120)"
"(229, 2450)","(600, 120)"
"(298, 2340)","(640, 110)"
"(397, 2070)","(650, 90)"
"(304, 1630)","(560, 160)"
"(331, 2560)","(660, 90)"
"(262, 2200)","(620, 130)"
"(151, 2590)","(610, 140)"
"(40, 2550)","(560, 160)"
"(358, 1440)","(580, 170)"
"(7, 1760)","(490, 250)"
"(91, 2080)","(550, 190)"
"(334, 1800)","(590, 130)"
"(376, 2160)","(630, 90)"
"(262, 1540)","(550, 200)"
"(148, 2480)","(580, 140)"
"(10, 2330)","(560, 190)"
"(37, 1840)","(510, 230)"
"(310, 1980)","(620, 130)"
"(220, 2590)","(630, 120)"
"(61, 1920)","(490, 200)"
"(103, 2270)","(570, 170)"
"(214, 1770)","(550, 180)"
"(103, 1850)","(530, 210)"
"(343, 2390)","(630, 90)"
"(277, 1640)","(570, 180)"
"(271, 2050)","(610, 140)"
"(94, 1540)","(480, 260)"
"(211, 2300)","(610, 140)"
"(193, 2360)","(610, 140)"
"(25, 1800)","(500, 240)"
"(46, 1650)","(490, 260)"
"(49, 2200)","(550, 190)"
"(238, 1740)","(570, 180)"
"(10, 2240)","(530, 190)"
"(175, 1760)","(550, 200)"
"(280, 1420)","(540, 210)"
"(289, 2060)","(610, 130)"
"(367, 1710)","(620, 130)"
"(346, 1440)","(560, 170)"
"(100, 2280)","(570, 170)"
"(241, 1560)","(540, 200)"
"(196, 1780)","(560, 190)"
"(214, 2190)","(580, 140)"
"(175, 2320)","(600, 150)"
"(103, 2000)","(540, 190)"
"(232, 2050)","(590, 150)"
"(184, 2270)","(600, 150)"
"(238, 1930)","(590, 160)"
"(76, 2040)","(550, 200)"
"(166, 1540)","(500, 230)"
"(79, 1840)","(520, 220)"
"(82, 1780)","(520, 230)"
"(64, 2450)","(580, 170)"
"(358, 2040)","(640, 110)"
"(334, 2240)","(620, 100)"
"(208, 1800)","(550, 180)"
"(220, 2580)","(630, 120)"
"(16, 1750)","(490, 250)"
"(1, 2590)","(570, 170)"
"(376, 2240)","(660, 90)"
"(253, 2350)","(610, 120)"
"(22, 2410)","(560, 180)"
"(175, 1650)","(520, 210)"
"(4, 2170)","(530, 200)"
"(100, 2470)","(560, 150)"
"(226, 2100)","(600, 150)"
"(367, 2500)","(650, 80)"
"(139, 2160)","(580, 170)"
"(394, 2550)","(660, 70)"
"(172, 2200)","(560, 150)"
"(208, 2270)","(600, 140)"
"(385, 1730)","(630, 120)"
"(76, 1660)","(500, 250)"
"(1, 1770)","(490, 250)"
"(70, 2170)","(560, 190)"
"(103, 2560)","(590, 150)"
"(226, 2240)","(610, 140)"
"(172, 2400)","(590, 140)"
"(235, 1840)","(580, 170)"
"(256, 1410)","(520, 220)"
"(352, 1690)","(610, 140)"
"(61, 2350)","(550, 170)"
"(67, 2240)","(550, 180)"
"(286, 1480)","(530, 190)"
"(265, 2050)","(610, 140)"
"(391, 2320)","(660, 80)"
"(163, 2370)","(600, 150)"
"(310, 1840)","(600, 140)"
"(358, 2490)","(630, 80)"
"(169, 2470)","(610, 140)"
"(352, 2540)","(630, 80)"
"(82, 1450)","(460, 280)"
"(358, 1820)","(610, 120)"
"(187, 1900)","(570, 180)"
"(304, 2260)","(620, 110)"
"(166, 2390)","(580, 140)"
"(193, 1580)","(530, 220)"
"(325, 2450)","(610, 90)"
"(31, 2380)","(560, 180)"
"(376, 1420)","(590, 160)"
"(76, 2260)","(570, 180)"
"(178, 2290)","(600, 150)"
"(313, 1600)","(560, 160)"
"(322, 2140)","(610, 110)"
"(292, 1550)","(560, 180)"
"(208, 1440)","(510, 240)"
"(214, 1490)","(510, 220)"
"(199, 2310)","(600, 140)"
"(82, 2570)","(570, 150)"
"(325, 1940)","(620, 130)"
"(67, 1600)","(490, 260)"
"(307, 2030)","(620, 130)"
"(22, 2190)","(550, 200)"
"(205, 1470)","(510, 230)"
"(214, 2260)","(600, 140)"
"(40, 1700)","(490, 250)"
"(154, 1560)","(510, 240)"
"(373, 1430)","(590, 160)"
"(196, 1490)","(510, 230)"
"(343, 1600)","(590, 150)"
"(106, 1590)","(500, 250)"
"(382, 2140)","(640, 90)"
"(229, 2230)","(610, 140)"
"(247, 1840)","(560, 160)"
"(127, 2510)","(600, 150)"
"(94, 2260)","(560, 170)"
"(274, 1420)","(530, 210)"
"(145, 2350)","(580, 150)"
"(313, 2540)","(610, 90)"
"(121, 2580)","(580, 140)"
"(268, 1840)","(590, 160)"
"(346, 2250)","(650, 100)"
"(388, 2570)","(650, 70)"
"(223, 1530)","(520, 210)"
"(295, 2310)","(620, 110)"
"(202, 1790)","(540, 180)"
"(313, 1480)","(550, 180)"
"(139, 2420)","(590, 150)"
"(124, 2060)","(550, 180)"
"(130, 2380)","(570, 150)"
"(64, 2120)","(540, 190)"
"(97, 1960)","(540, 200)"
"(319, 2360)","(630, 100)"
"(217, 1430)","(500, 230)"
"(379, 2110)","(620, 90)"
"(64, 1850)","(510, 220)"
"(367, 1970)","(640, 110)"
"(76, 2000)","(540, 200)"
"(28, 2240)","(550, 190)"
"(100, 2590)","(600, 150)"
"(193, 2440)","(590, 130)"
"(70, 1690)","(490, 240)"
"(70, 1860)","(520, 220)"
"(232, 2260)","(590, 130)"
"(94, 2230)","(550, 170)"
"(130, 2310)","(580, 160)"
"(313, 1950)","(610, 130)"
"(124, 1540)","(490, 250)"
"(166, 2120)","(560, 160)"
"(271, 1870)","(580, 150)"
"(400, 1650)","(630, 120)"
"(274, 1600)","(550, 180)"
"(391, 2060)","(630, 90)"
"(55, 2520)","(560, 160)"
"(319, 2290)","(600, 100)"
"(235, 2380)","(590, 120)"
"(73, 1490)","(470, 280)"
"(262, 1930)","(590, 150)"
"(34, 2370)","(560, 180)"
"(16, 1500)","(450, 290)"
"(208, 1540)","(530, 220)"
"(238, 2370)","(590, 120)"
"(124, 2270)","(560, 160)"
"(151, 1410)","(470, 260)"
"(325, 1970)","(600, 120)"
"(85, 2480)","(580, 160)"
"(340, 1970)","(630, 120)"
"(250, 1990)","(600, 150)"
"(46, 1520)","(470, 280)"
"(172, 2120)","(570, 160)"
"(295, 1690)","(570, 160)"
"(58, 2210)","(560, 190)"
"(181, 2360)","(590, 140)"
"(7, 2150)","(520, 200)"
"(394, 1430)","(600, 150)"
"(166, 2330)","(600, 150)"
"(202, 1910)","(560, 170)"
"(76, 2520)","(590, 160)"
"(280, 1560)","(540, 180)"
"(193, 1610)","(520, 210)"
"(175, 1840)","(560, 190)"
"(250, 1550)","(540, 200)"
"(109, 1920)","(540, 200)"
"(10, 2270)","(540, 190)"
"(202, 2190)","(600, 150)"
"(40, 1990)","(520, 210)"
"(7, 2140)","(520, 200)"
"(253, 2230)","(610, 130)"
"(400, 1900)","(650, 100)"
"(100, 1430)","(470, 280)"
"(190, 2380)","(610, 140)"
"(19, 1990)","(530, 220)"
"(391, 2100)","(650, 90)"
"(235, 2180)","(610, 140)"
"(304, 2390)","(610, 100)"
"(241, 1520)","(540, 210)"
"(43, 1870)","(520, 230)"
"(172, 2440)","(600, 140)"
"(67, 2150)","(550, 190)"
"(82, 1480)","(460, 270)"
"(385, 2350)","(650, 80)"
"(166, 1680)","(520, 210)"
"(337, 2120)","(640, 110)"
"(376, 1940)","(640, 110)"
"(151, 2380)","(600, 150)"
"(211, 2450)","(620, 130)"
"(79, 2080)","(540, 190)"
"(223, 2300)","(590, 130)"
"(133, 2140)","(560, 170)"
"(331, 2410)","(610, 90)"
"(223, 2350)","(600, 130)"
"(391, 1710)","(630, 120)"
"(379, 1780)","(630, 120)"
"(232, 2280)","(590, 130)"
"(181, 1670)","(540, 210)"
"(163, 2220)","(590, 160)"
"(265, 2550)","(640, 110)"
"(316, 2470)","(650, 100)"
"(184, 2360)","(590, 140)"
"(64, 1880)","(530, 220)"
"(160, 2270)","(570, 150)"
"(139, 2250)","(570, 160)"
"(172, 2300)","(600, 150)"
"(124, 1520)","(480, 250)"
"(253, 2080)","(600, 140)"
"(331, 1660)","(590, 150)"
"(91, 2200)","(570, 180)"
"(115, 2530)","(600, 150)"
"(121, 1800)","(530, 210)"
"(37, 2420)","(550, 170)"
"(61, 2450)","(580, 170)"
"(280, 2440)","(630, 110)"
"(382, 1580)","(590, 130)"
"(325, 2070)","(630, 120)"
"(307, 2230)","(610, 110)"
"(94, 1580)","(480, 250)"
"(400, 2600)","(680, 70)"
"(250, 1760)","(560, 170)"
"(244, 2450)","(620, 120)"
"(178, 1900)","(560, 180)"
"(334, 1970)","(620, 120)"
"(229, 2340)","(610, 130)"
"(304, 2310)","(640, 110)"
"(280, 1950)","(590, 140)"
"(220, 2480)","(590, 120)"
"(364, 1490)","(590, 160)"
"(229, 1540)","(530, 210)"
"(277, 1400)","(520, 210)"
"(283, 1650)","(560, 170)"
"(286, 2020)","(590, 130)"
"(100, 2270)","(570, 170)"
"(166, 1790)","(550, 200)"
"(94, 1570)","(480, 250)"
"(1, 2350)","(560, 190)"
"(73, 2320)","(560, 170)"
"(40, 1630)","(480, 260)"
"(118, 1680)","(520, 230)"
"(121, 1940)","(530, 190)"
"(76, 2390)","(580, 170)"
"(103, 1880)","(540, 210)"
"(274, 1920)","(600, 150)"
"(325, 2230)","(640, 110)"
"(265, 2200)","(620, 130)"
"(70, 1950)","(540, 210)"
"(16, 1540)","(450, 280)"
"(400, 1540)","(610, 130)"
"(208, 2440)","(610, 130)"
"(292, 2330)","(620, 110)"
"(49, 2140)","(530, 190)"
"(244, 2340)","(590, 120)"
"(358, 1430)","(580, 170)"
"(334, 1570)","(580, 160)"
"(352, 1600)","(600, 150)"
"(331, 2050)","(630, 120)"
"(220, 1720)","(560, 190)"
"(325, 2120)","(610, 110)"
"(205, 2000)","(570, 160)"
"(340, 2100)","(640, 110)"
"(382, 2190)","(660, 90)"
"(25, 2240)","(540, 190)"
"(400, 2380)","(620, 70)"
"(70, 1800)","(520, 230)"
"(220, 2190)","(590, 140)"
"(7, 2390)","(540, 180)"
"(304, 1830)","(580, 140)"
"(382, 1400)","(590, 160)"
"(313, 2190)","(610, 110)"
"(211, 2200)","(580, 140)"
"(97, 2550)","(580, 150)"
"(367, 2120)","(650, 100)"
"(1, 1670)","(480, 270)"
"(316, 2190)","(620, 110)"
"(382, 1440)","(580, 150)"
"(190, 2120)","(590, 160)"
"(307, 1670)","(590, 160)"
"(355, 1610)","(580, 140)"
"(88, 1500)","(480, 270)"
"(229, 2130)","(580, 140)"
"(121, 2510)","(600, 150)"
"(178, 1820)","(550, 190)"
"(205, 1970)","(580, 170)"
"(289, 2460)","(600, 100)"
"(265, 2320)","(620, 120)"
"(109, 1480)","(480, 270)"
"(277, 1620)","(570, 180)"
"(1, 2440)","(550, 180)"
"(154, 2270)","(560, 150)"
"(208, 1500)","(520, 230)"
"(34, 1620)","(470, 260)"
"(238, 1760)","(570, 180)"
"(73, 1500)","(460, 270)"
"(154, 2320)","(580, 150)"
"(238, 1880)","(570, 160)"
"(151, 1780)","(530, 200)"
"(142, 2530)","(590, 140)"
"(184, 1800)","(550, 190)"
"(4, 2360)","(560, 190)"
"(247, 1450)","(530, 220)"
"(169, 1430)","(480, 250)"
"(19, 2070)","(530, 210)"
"(76, 2150)","(560, 190)"
"(247, 1440)","(520, 220)"
"(58, 2120)","(530, 190)"
"(73, 2440)","(560, 160)"
"(352, 1820)","(590, 120)"
"(91, 2180)","(560, 180)"
"(232, 2010)","(580, 150)"
"(151, 1660)","(520, 220)"
"(52, 1830)","(520, 230)"
"(232, 2090)","(600, 150)"
"(55, 2160)","(540, 190)"
"(55, 2540)","(570, 160)"
"(13, 1590)","(470, 280)"
"(241, 1770)","(560, 170)"
"(226, 1710)","(560, 190)"
"(325, 1800)","(610, 140)"
"(202, 1440)","(510, 240)"
"(238, 1510)","(530, 210)"
"(109, 1600)","(490, 240)"
"(262, 1790)","(560, 160)"
"(25, 1900)","(520, 230)"
"(229, 1790)","(570, 180)"
"(334, 1850)","(610, 130)"
"(208, 1670)","(550, 200)"
"(151, 1860)","(530, 190)"
"(151, 2300)","(570, 150)"
"(367, 1460)","(590, 160)"
"(304, 2180)","(630, 120)"
"(139, 1600)","(500, 230)"
"(271, 1810)","(590, 160)"
"(136, 2090)","(570, 180)"
"(301, 2430)","(610, 100)"
"(229, 2300)","(600, 130)"
"(31, 2370)","(560, 180)"
"(100, 2100)","(540, 180)"
"(166, 2050)","(570, 170)"
"(229, 2320)","(600, 130)"
"(382, 2540)","(620, 70)"
"(19, 1640)","(480, 270)"
"(91, 2230)","(570, 180)"
"(202, 1650)","(530, 200)"
"(88, 2380)","(560, 160)"
"(238, 1650)","(550, 190)"
"(283, 1810)","(570, 150)"
"(238, 1550)","(530, 200)"
"(139, 1680)","(520, 220)"
"(325, 1840)","(590, 130)"
"(322, 2490)","(610, 90)"
"(244, 2310)","(620, 130)"
"(175, 1970)","(550, 170)"
"(40, 2600)","(570, 160)"
"(181, 2520)","(600, 130)"
"(256, 2410)","(630, 120)"
"(55, 1890)","(520, 220)"
"(208, 2100)","(570, 150)"
"(76, 1720)","(510, 240)"
"(28, 2330)","(550, 180)"
"(10, 1440)","(440, 310)"
"(43, 1600)","(480, 270)"
"(82, 2400)","(560, 160)"
"(298, 1540)","(560, 180)"
"(7, 1820)","(490, 240)"
"(292, 2450)","(600, 100)"
"(331, 1710)","(580, 140)"
"(85, 1730)","(510, 230)"
"(130, 1910)","(530, 190)"
"(307, 2130)","(630, 120)"
"(391, 1920)","(630, 100)"
"(199, 2210)","(600, 150)"
"(136, 1640)","(520, 230)"
"(124, 2170)","(560, 170)"
"(298, 2270)","(610, 110)"
"(280, 1730)","(570, 160)"
"(268, 1950)","(570, 140)"
"(301, 1660)","(570, 160)"
"(376, 2460)","(670, 80)"
"(337, 1720)","(600, 140)"
"(265, 2530)","(630, 110)"
"(130, 1580)","(500, 240)"
"(286, 1440)","(540, 200)"
"(382, 1870)","(640, 110)"
"(202, 2560)","(590, 120)"
"(166, 2230)","(560, 150)"
"(73, 1850)","(520, 220)"
"(307, 1770)","(600, 150)"
"(277, 1610)","(560, 180)"
"(349, 2310)","(610, 90)"
"(370, 2540)","(670, 80)"
"(145, 1960)","(540, 180)"
"(61, 2460)","(580, 170)"
"(190, 2110)","(590, 160)"
"(187, 1520)","(510, 230)"
"(43, 1930)","(530, 220)"
"(25, 1830)","(510, 240)"
"(262, 2060)","(610, 140)"
"(1, 2320)","(550, 190)"
"(37, 1720)","(500, 250)"
"(145, 2020)","(560, 180)"
"(31, 1650)","(480, 260)"
"(31, 2040)","(530, 210)"
"(367, 2270)","(650, 90)"
"(367, 2060)","(630, 100)"
"(325, 2140)","(620, 110)"
"(46, 2310)","(560, 180)"
"(13, 1750)","(490, 250)"
"(103, 1800)","(530, 220)"
"(16, 2270)","(540, 190)"
"(205, 2570)","(600, 120)"
"(250, 2460)","(630, 120)"
"(34, 1610)","(480, 270)"
"(148, 1490)","(490, 250)"
"(151, 1960)","(550, 180)"
"(40, 1410)","(420, 290)"
"(316, 2080)","(630, 120)"
"(229, 1440)","(520, 230)"
"(70, 2360)","(570, 170)"
"(25, 1660)","(480, 260)"
"(160, 1720)","(540, 210)"
"(307, 1650)","(570, 160)"
"(397, 2140)","(660, 90)"
"(220, 1870)","(570, 170)"
"(343, 1850)","(620, 130)"
"(295, 1710)","(580, 160)"
"(154, 2180)","(570, 160)"
"(205, 1930)","(570, 170)"
"(199, 1630)","(540, 210)"
"(322, 1760)","(590, 140)"
"(181, 2600)","(620, 130)"
"(334, 1460)","(550, 170)"
"(85, 1890)","(530, 210)"
"(190, 2170)","(580, 150)"
"(226, 1830)","(560, 170)"
"(295, 2440)","(600, 100)"
"(394, 2410)","(620, 70)"
"(211, 1920)","(580, 170)"
"(382, 2380)","(650, 80)"
"(283, 1530)","(560, 190)"
"(184, 1420)","(490, 250)"
"(220, 1820)","(570, 180)"
"(76, 1550)","(470, 260)"
"(97, 2200)","(570, 180)"
"(37, 1860)","(520, 230)"
"(256, 1860)","(590, 160)"
"(217, 1510)","(520, 220)"
"(124, 1880)","(540, 200)"
"(307, 1460)","(560, 190)"
"(397, 1940)","(650, 100)"
"(169, 1650)","(530, 220)"
"(202, 2270)","(590, 140)"
"(19, 1980)","(520, 220)"
"(316, 1970)","(620, 130)"
"(331, 1810)","(590, 130)"
"(139, 2000)","(550, 180)"
"(61, 2380)","(560, 170)"
"(238, 2050)","(600, 150)"
"(310, 2470)","(650, 100)"
"(289, 1820)","(590, 150)"
"(235, 2110)","(580, 140)"
"(271, 2320)","(630, 120)"
"(238, 2490)","(630, 120)"
"(169, 1890)","(540, 180)"
"(349, 2400)","(650, 90)"
"(316, 2520)","(610, 90)"
"(262, 1640)","(550, 180)"
"(394, 2530)","(660, 70)"
"(253, 1800)","(580, 170)"
"(358, 1960)","(620, 110)"
"(25, 1710)","(480, 250)"
"(352, 1970)","(610, 110)"
"(136, 2270)","(580, 160)"
"(208, 1840)","(570, 180)"
"(76, 1400)","(440, 290)"
"(367, 2540)","(670, 80)"
"(271, 1780)","(580, 160)"
"(19, 2390)","(560, 180)"
"(235, 2480)","(620, 120)"
"(358, 2300)","(630, 90)"
"(253, 1590)","(540, 190)"
"(7, 1490)","(450, 300)"
"(367, 1810)","(620, 120)"
"(229, 2100)","(600, 150)"
"(361, 2520)","(640, 80)"
"(139, 2340)","(570, 150)"
"(220, 1610)","(530, 200)"
"(133, 2340)","(590, 160)"
"(262, 2180)","(610, 130)"
"(175, 2590)","(610, 130)"
"(298, 1970)","(590, 130)"
"(100, 2350)","(560, 160)"
"(250, 2590)","(630, 110)"
"(241, 1670)","(560, 190)"
"(160, 1670)","(530, 220)"
"(337, 1730)","(600, 140)"
"(151, 1600)","(510, 230)"
"(13, 2430)","(560, 180)"
"(295, 1830)","(600, 150)"
"(130, 1990)","(560, 190)"
"(289, 1490)","(540, 190)"
"(301, 1400)","(540, 200)"
"(7, 2050)","(510, 210)"
"(199, 1760)","(550, 190)"
"(181, 1810)","(550, 190)"
"(97, 1490)","(480, 270)"
"(79, 2350)","(570, 170)"
"(280, 1440)","(530, 200)"
"(58, 1600)","(480, 260)"
"(91, 1770)","(510, 220)"
"(343, 1750)","(580, 130)"
"(259, 2570)","(640, 110)"
"(280, 1800)","(590, 160)"
"(226, 1540)","(530, 210)"
"(280, 2220)","(610, 120)"
"(202, 2050)","(580, 160)"
"(49, 1750)","(500, 240)"
"(400, 2010)","(640, 90)"
"(394, 1560)","(610, 130)"
"(136, 1560)","(500, 240)"
"(163, 2230)","(590, 160)"
"(211, 1490)","(520, 230)"
"(190, 1560)","(520, 220)"
"(364, 1580)","(580, 140)"
"(7, 1910)","(510, 230)"
"(280, 2480)","(640, 110)"
"(262, 1430)","(520, 210)"
"(175, 1640)","(530, 220)"
"(64, 2430)","(580, 170)"
"(19, 1740)","(490, 250)"
"(310, 2020)","(590, 120)"
"(202, 1620)","(540, 210)"
"(301, 1680)","(580, 160)"
"(196, 2570)","(590, 120)"
"(310, 2000)","(620, 130)"
"(313, 1840)","(610, 140)"
"(7, 2190)","(540, 200)"
"(226, 2330)","(600, 130)"
"(28, 1400)","(420, 300)"
"(226, 2460)","(600, 120)"
"(337, 2040)","(600, 110)"
"(91, 2220)","(570, 180)"
"(88, 2260)","(550, 170)"
"(43, 2380)","(570, 180)"
"(124, 1910)","(550, 200)"
"(328, 2000)","(620, 120)"
"(295, 2470)","(610, 100)"
"(394, 1810)","(640, 110)"
"(73, 2490)","(570, 160)"
"(118, 2310)","(570, 160)"
"(391, 1620)","(620, 130)"
"(322, 1790)","(600, 140)"
"(385, 2470)","(610, 70)"
"(205, 1980)","(560, 160)"
"(307, 1640)","(570, 160)"
"(304, 2210)","(600, 110)"
"(163, 1980)","(570, 180)"
"(175, 1580)","(510, 220)"
"(100, 1820)","(530, 220)"
"(190, 1410)","(490, 250)"
"(319, 2130)","(600, 110)"
"(163, 1540)","(510, 240)"
"(340, 2520)","(660, 90)"
"(256, 2460)","(600, 110)"
"(46, 1660)","(480, 250)"
"(97, 2150)","(560, 180)"
"(193, 2040)","(570, 160)"
"(322, 1680)","(580, 150)"
"(271, 1790)","(580, 160)"
"(319, 1620)","(580, 160)"
"(370, 1590)","(600, 140)"
"(385, 2270)","(620, 80)"
"(49, 2160)","(540, 190)"
"(280, 2000)","(610, 140)"
"(367, 2070)","(630, 100)"
"(307, 2410)","(620, 100)"
"(58, 1660)","(490, 250)"
"(145, 2150)","(580, 170)"
"(388, 1430)","(590, 150)"
"(157, 2490)","(600, 140)"
"(106, 2060)","(560, 190)"
"(229, 1640)","(530, 190)"
"(124, 2050)","(550, 180)"
"(73, 1480)","(470, 280)"
"(139, 2080)","(570, 180)"
"(151, 1570)","(500, 230)"
"(169, 1690)","(530, 210)"
"(52, 1480)","(450, 280)"
"(10, 2190)","(540, 200)"
"(370, 2000)","(610, 100)"
"(340, 1990)","(630, 120)"
"(274, 1590)","(550, 180)"
"(115, 1470)","(480, 270)"
"(331, 1800)","(580, 130)"
"(109, 1970)","(530, 190)"
"(73, 1960)","(540, 210)"
"(169, 1850)","(550, 190)"
"(199, 1490)","(510, 230)"
"(238, 2250)","(590, 130)"
"(256, 2000)","(570, 140)"
"(349, 1940)","(630, 120)"
"(379, 2550)","(620, 70)"
"(214, 1940)","(580, 170)"
"(106, 2160)","(570, 180)"
"(115, 1820)","(530, 210)"
"(277, 1740)","(570, 160)"
"(76, 1670)","(490, 240)"
"(169, 2430)","(600, 140)"
"(13, 2150)","(530, 200)"
"(37, 2330)","(550, 180)"
"(130, 1490)","(490, 260)"
"(292, 2000)","(590, 130)"
"(397, 2170)","(620, 80)"
"(34, 2170)","(550, 200)"
"(334, 1960)","(610, 120)"
"(37, 1400)","(440, 310)"
"(256, 1400)","(510, 220)"
"(352, 2410)","(660, 90)"
"(79, 1500)","(470, 270)"
"(292, 1770)","(570, 150)"
"(112, 2240)","(570, 170)"
"(199, 2260)","(580, 140)"
"(349, 1620)","(600, 150)"
"(379, 2350)","(640, 80)"
"(343, 1980)","(630, 120)"
"(337, 2180)","(600, 100)"
"(400, 2520)","(670, 70)"
"(163, 1700)","(530, 210)"
"(262, 1800)","(570, 160)"
"(97, 2240)","(560, 170)"
"(124, 1980)","(550, 190)"
"(70, 2410)","(580, 170)"
"(235, 2540)","(630, 120)"
"(121, 2110)","(570, 180)"
"(25, 1400)","(430, 310)"
"(133, 2320)","(590, 160)"
"(157, 1830)","(550, 200)"
"(181, 2230)","(580, 150)"
"(394, 1490)","(610, 140)"
"(379, 2050)","(650, 100)"
"(379, 1830)","(610, 110)"
"(388, 1580)","(600, 130)"
"(334, 2400)","(610, 90)"
"(157, 1500)","(490, 240)"
"(109, 2260)","(580, 170)"
"(73, 1690)","(500, 240)"
"(400, 2370)","(620, 70)"
"(145, 2500)","(590, 140)"
"(289, 1700)","(570, 160)"
"(283, 2230)","(620, 120)"
"(82, 1420)","(460, 290)"
"(16, 1690)","(490, 260)"
"(229, 1840)","(570, 170)"
"(106, 2460)","(570, 150)"
"(373, 1680)","(620, 130)"
"(385, 2200)","(660, 90)"
"(373, 2260)","(660, 90)"
"(307, 1450)","(550, 190)"
"(67, 2130)","(550, 190)"
"(232, 1760)","(570, 180)"
"(340, 2280)","(650, 100)"
"(187, 2140)","(590, 160)"
"(64, 1840)","(510, 220)"
"(232, 2390)","(620, 130)"
"(61, 1730)","(500, 240)"
"(136, 1520)","(500, 250)"
"(148, 2540)","(600, 140)"
"(169, 2390)","(580, 140)"
"(103, 2060)","(560, 190)"
"(145, 1670)","(520, 220)"
"(334, 2460)","(630, 90)"
"(391, 2580)","(660, 70)"
"(58, 2260)","(550, 180)"
"(121, 1620)","(510, 240)"
"(226, 2520)","(620, 120)"
"(187, 2360)","(600, 140)"
"(37, 2170)","(530, 190)"
"(316, 1810)","(600, 140)"
"(241, 1890)","(580, 160)"
"(64, 2000)","(520, 200)"
"(379, 2150)","(630, 90)"
"(13, 1700)","(490, 260)"
"(46, 2160)","(540, 190)"
"(154, 2220)","(580, 160)"
"(124, 1950)","(540, 190)"
"(310, 2550)","(610, 90)"
"(94, 1520)","(470, 260)"
"(274, 1800)","(590, 160)"
"(82, 1840)","(530, 220)"
"(175, 1660)","(520, 210)"
"(256, 2090)","(610, 140)"
"(85, 1940)","(520, 200)"
"(196, 2380)","(610, 140)"
"(133, 1560)","(490, 240)"
"(307, 2390)","(610, 100)"
"(241, 2520)","(630, 120)"
"(88, 1750)","(520, 230)"
"(61, 2260)","(560, 180)"
"(76, 2460)","(570, 160)"
"(256, 2300)","(590, 120)"
"(7, 1800)","(500, 250)"
"(328, 1440)","(560, 180)"
"(70, 1440)","(460, 290)"
"(202, 1860)","(570, 180)"
"(178, 1730)","(540, 200)"
"(232, 1640)","(540, 190)"
"(268, 2300)","(620, 120)"
"(355, 1440)","(580, 170)"
"(130, 1400)","(460, 270)"
"(367, 1940)","(630, 110)"
"(391, 1990)","(650, 100)"
"(49, 2230)","(560, 190)"
"(106, 2180)","(570, 180)"
"(10, 2000)","(520, 220)"
"(223, 2130)","(600, 150)"
"(226, 2060)","(590, 150)"
"(121, 1530)","(490, 250)"
"(250, 1660)","(550, 180)"
"(265, 2330)","(620, 120)"
"(52, 2240)","(540, 180)"
"(52, 1980)","(530, 210)"
"(190, 1780)","(550, 190)"
"(220, 1400)","(510, 240)"
"(382, 2340)","(640, 80)"
"(52, 1580)","(480, 270)"
"(193, 2220)","(600, 150)"
"(244, 1400)","(520, 230)"
"(181, 1720)","(540, 200)"
"(133, 2430)","(590, 150)"
"(385, 2110)","(630, 90)"
"(319, 2470)","(650, 100)"
"(103, 1930)","(540, 200)"
"(70, 1920)","(520, 210)"
"(244, 1930)","(590, 160)"
"(145, 2220)","(570, 160)"
"(397, 2590)","(680, 70)"
"(10, 2580)","(570, 170)"
"(277, 1460)","(530, 200)"
"(376, 2380)","(640, 80)"
"(184, 2170)","(570, 150)"
"(373, 2490)","(670, 80)"
"(277, 1940)","(580, 140)"
"(229, 1450)","(520, 230)"
"(181, 1900)","(560, 180)"
"(352, 1580)","(590, 150)"
"(1, 1930)","(510, 230)"
"(370, 2020)","(620, 100)"
"(187, 2350)","(590, 140)"
"(277, 2490)","(640, 110)"
"(151, 2420)","(600, 150)"
"(34, 2380)","(570, 180)"
"(103, 2150)","(560, 180)"
"(169, 2220)","(560, 150)"
"(160, 1580)","(510, 230)"
"(157, 2470)","(590, 140)"
"(124, 2040)","(550, 180)"
"(85, 2020)","(550, 200)"
"(367, 1840)","(630, 120)"
"(151, 2270)","(590, 160)"
"(229, 1400)","(510, 240)"
"(34, 1500)","(460, 290)"
"(103, 1980)","(550, 200)"
"(298, 2030)","(620, 130)"
"(325, 1560)","(560, 160)"
"(79, 1530)","(480, 270)"
"(274, 2130)","(610, 130)"
"(142, 1470)","(490, 260)"
"(286, 2080)","(610, 130)"
"(397, 1430)","(600, 150)"
"(49, 2430)","(570, 170)"
"(160, 2400)","(570, 140)"
"(13, 1610)","(470, 270)"
"(268, 2240)","(590, 120)"
"(10, 2100)","(530, 210)"
"(325, 2380)","(650, 100)"
"(73, 2400)","(580, 170)"
"(271, 2010)","(600, 140)"
"(103, 2180)","(570, 180)"
"(52, 2280)","(550, 180)"
"(175, 2020)","(570, 170)"
"(127, 1930)","(540, 190)"
"(25, 2270)","(550, 190)"
"(382, 1550)","(610, 140)"
"(313, 2280)","(640, 110)"
"(139, 1910)","(540, 190)"
"(298, 2410)","(600, 100)"
"(316, 2450)","(650, 100)"
"(199, 1920)","(560, 170)"
"(367, 1530)","(600, 150)"
"(16, 1560)","(460, 280)"
"(274, 2400)","(610, 110)"
"(13, 2410)","(560, 180)"
"(196, 2510)","(620, 130)"
"(40, 2210)","(550, 190)"
"(277, 1900)","(600, 150)"
"(328, 2220)","(640, 110)"
"(193, 1570)","(530, 220)"
"(163, 1870)","(550, 190)"
"(232, 1870)","(580, 170)"
"(352, 1790)","(620, 130)"
"(163, 2010)","(550, 170)"
"(355, 2450)","(660, 90)"
"(364, 1400)","(580, 170)"
"(208, 2420)","(600, 130)"
"(298, 1430)","(550, 200)"
"(166, 1480)","(490, 240)"
"(268, 2490)","(630, 110)"
"(268, 1520)","(550, 200)"
"(121, 1810)","(530, 210)"
"(106, 1720)","(520, 230)"
"(322, 2110)","(600, 110)"
"(103, 2500)","(570, 150)"
"(364, 1430)","(560, 160)"
"(373, 1530)","(600, 150)"
"(367, 2240)","(640, 90)"
"(208, 2410)","(600, 130)"
"(286, 2420)","(640, 110)"
"(169, 1870)","(560, 190)"
"(202, 1830)","(560, 180)"
"(295, 2360)","(640, 110)"
"(172, 1900)","(550, 180)"
"(274, 1540)","(550, 190)"
"(40, 2180)","(540, 190)"
"(223, 1690)","(550, 190)"
"(148, 1690)","(530, 220)"
"(355, 2040)","(640, 110)"
"(382, 1660)","(620, 130)"
"(112, 1400)","(460, 280)"
"(223, 2000)","(590, 160)"
"(379, 1410)","(590, 160)"
"(316, 2390)","(630, 100)"
"(100, 2510)","(570, 150)"
"(73, 1730)","(510, 240)"
"(151, 1820)","(540, 200)"
"(271, 1850)","(570, 150)"
"(46, 1770)","(510, 240)"
"(76, 2170)","(540, 180)"
"(247, 1810)","(580, 170)"
"(358, 2220)","(650, 100)"
"(328, 2100)","(610, 110)"
"(220, 2360)","(600, 130)"
"(307, 1660)","(580, 160)"
"(46, 2450)","(570, 170)"
"(181, 2080)","(570, 160)"
"(37, 1570)","(470, 270)"
"(70, 1490)","(470, 280)"
"(235, 2090)","(570, 140)"
"(109, 2280)","(580, 170)"
"(88, 1900)","(530, 210)"
"(151, 2470)","(580, 140)"
"(166, 1720)","(540, 210)"
"(178, 2300)","(600, 150)"
"(88, 1460)","(470, 280)"
"(259, 2360)","(620, 120)"
"(361, 1530)","(590, 150)"
"(151, 2430)","(570, 140)"
"(130, 2160)","(570, 170)"
"(202, 1850)","(570, 180)"
"(376, 1920)","(640, 110)"
"(367, 2520)","(660, 80)"
"(358, 1590)","(600, 150)"
"(175, 2450)","(610, 140)"
"(85, 2270)","(550, 170)"
"(346, 2490)","(660, 90)"
"(376, 2590)","(620, 70)"
"(190, 2470)","(590, 130)"
"(124, 2440)","(580, 150)"
"(163, 2340)","(600, 150)"
"(94, 2060)","(550, 190)"
"(346, 1710)","(610, 140)"
"(115, 2390)","(590, 160)"
"(166, 2460)","(600, 140)"
"(241, 2100)","(590, 140)"
"(337, 1670)","(600, 150)"
"(208, 1480)","(520, 230)"
"(160, 2040)","(560, 170)"
"(301, 2490)","(630, 100)"
"(4, 2500)","(570, 180)"
"(292, 2240)","(630, 120)"
"(292, 2560)","(640, 100)"
"(295, 1910)","(600, 140)"
"(283, 1720)","(570, 160)"
"(160, 1500)","(490, 240)"
"(361, 1930)","(610, 110)"
"(19, 1840)","(510, 240)"
"(394, 1610)","(590, 120)"
"(304, 1880)","(610, 140)"
"(394, 1480)","(600, 140)"
"(133, 2200)","(580, 170)"
"(238, 2140)","(600, 140)"
"(376, 1520)","(580, 140)"
"(172, 1930)","(560, 180)"
"(301, 2400)","(600, 100)"
"(208, 2480)","(620, 130)"
"(163, 1600)","(520, 230)"
"(139, 2500)","(580, 140)"
"(37, 1460)","(440, 290)"
"(346, 2260)","(650, 100)"
"(88, 1880)","(530, 210)"
"(367, 1650)","(590, 130)"
"(325, 1570)","(570, 160)"
"(364, 1620)","(610, 140)"
"(1, 2220)","(540, 200)"
"(250, 1780)","(570, 170)"
"(181, 1580)","(520, 220)"
"(88, 2520)","(560, 150)"
"(289, 1870)","(570, 140)"
"(376, 1480)","(590, 150)"
"(148, 2150)","(580, 170)"
"(19, 2590)","(580, 170)"
"(229, 2380)","(620, 130)"
"(184, 1610)","(530, 220)"
"(307, 2590)","(610, 90)"
"(295, 2260)","(600, 110)"
"(334, 2340)","(650, 100)"
"(169, 1550)","(510, 230)"
"(382, 1500)","(580, 140)"
"(295, 1590)","(550, 170)"
"(361, 1890)","(630, 120)"
"(295, 2280)","(610, 110)"
"(352, 1660)","(600, 140)"
"(370, 1570)","(590, 140)"
"(295, 2580)","(650, 100)"
"(397, 2580)","(680, 70)"
"(139, 2140)","(570, 170)"
"(346, 2070)","(640, 110)"
"(10, 1730)","(480, 250)"
"(19, 2100)","(540, 210)"
"(115, 2010)","(550, 190)"
"(151, 2060)","(550, 170)"
"(40, 2590)","(570, 160)"
"(88, 2590)","(580, 150)"
"(196, 2210)","(600, 150)"
"(343, 2250)","(640, 100)"
"(97, 2160)","(560, 180)"
"(223, 1930)","(570, 160)"
"(34, 2080)","(520, 200)"
"(127, 2120)","(570, 180)"
"(103, 1720)","(520, 230)"
"(283, 2180)","(600, 120)"
"(325, 1530)","(580, 170)"
"(244, 1450)","(530, 220)"
"(172, 1740)","(530, 200)"
"(187, 1450)","(490, 240)"
"(382, 2510)","(610, 70)"
"(208, 1930)","(580, 170)"
"(355, 1640)","(600, 140)"
"(328, 1400)","(560, 190)"
"(331, 1590)","(590, 160)"
"(184, 2600)","(620, 130)"
"(388, 2160)","(660, 90)"
"(4, 1480)","(440, 300)"
"(337, 1610)","(580, 150)"
"(115, 1770)","(530, 220)"
"(34, 1540)","(470, 280)"
"(73, 1740)","(500, 230)"
"(43, 2590)","(570, 160)"
"(238, 1970)","(570, 150)"
"(175, 2030)","(570, 170)"
"(70, 1760)","(500, 230)"
"(10, 2280)","(540, 190)"
"(388, 2170)","(660, 90)"
"(166, 2560)","(590, 130)"
"(217, 2130)","(600, 150)"
"(307, 1680)","(590, 160)"
"(70, 2470)","(570, 160)"
"(289, 2440)","(640, 110)"
"(346, 2540)","(610, 80)"
"(1, 2000)","(510, 220)"
"(61, 2330)","(570, 180)"
"(31, 1750)","(500, 250)"
"(352, 1910)","(630, 120)"
"(187, 2010)","(580, 170)"
"(385, 1640)","(620, 130)"
"(136, 2120)","(560, 170)"
"(58, 2190)","(560, 190)"
"(313, 2290)","(640, 110)"
"(226, 1720)","(540, 180)"
"(124, 2540)","(570, 140)"
"(106, 1650)","(510, 240)"
"(241, 2050)","(600, 150)"
"(136, 2450)","(600, 150)"
"(265, 1590)","(560, 190)"
"(73, 2360)","(570, 170)"
"(145, 2170)","(580, 170)"
"(58, 1640)","(480, 250)"
"(46, 2410)","(560, 170)"
"(313, 2090)","(620, 120)"
"(193, 2210)","(590, 150)"
"(85, 1850)","(530, 220)"
"(295, 2140)","(610, 120)"
"(250, 2400)","(620, 120)"
"(337, 2430)","(630, 90)"
"(172, 1460)","(500, 250)"
"(208, 2370)","(590, 130)"
"(382, 2460)","(670, 80)"
"(28, 1510)","(460, 290)"
"(79, 2280)","(550, 170)"
"(55, 1780)","(500, 230)"
"(172, 2050)","(580, 170)"
"(376, 2250)","(660, 90)"
"(1, 2040)","(530, 220)"
"(82, 2530)","(590, 160)"
"(298, 2060)","(620, 130)"
"(313, 1810)","(590, 140)"
"(190, 2070)","(570, 160)"
"(160, 2300)","(580, 150)"
"(31, 2460)","(560, 170)"
"(292, 2310)","(610, 110)"
"(271, 2570)","(600, 100)"
"(94, 1680)","(510, 240)"
"(394, 2300)","(660, 80)"
"(40, 1860)","(520, 230)"
"(85, 1440)","(460, 280)"
"(52, 2180)","(550, 190)"
"(94, 1880)","(530, 210)"
"(346, 1560)","(570, 150)"
"(361, 2210)","(610, 90)"
"(136, 1580)","(510, 240)"
"(187, 2170)","(570, 150)"
"(67, 2100)","(540, 190)"
"(373, 2180)","(630, 90)"
"(37, 2490)","(570, 170)"
"(304, 1540)","(570, 180)"
"(109, 1630)","(500, 240)"
"(166, 1450)","(490, 250)"
"(292, 2360)","(630, 110)"
"(166, 1730)","(520, 200)"
"(340, 1410)","(560, 180)"
"(352, 2280)","(610, 90)"
"(106, 2050)","(560, 190)"
"(304, 2280)","(630, 110)"
"(292, 2260)","(590, 110)"
"(97, 2500)","(570, 150)"
"(94, 2320)","(580, 170)"
"(235, 2430)","(600, 120)"
"(196, 2340)","(600, 140)"
"(265, 1700)","(560, 170)"
"(295, 2130)","(600, 120)"
"(355, 1820)","(600, 120)"
"(211, 2400)","(600, 130)"
"(145, 2230)","(570, 160)"
"(205, 1420)","(500, 240)"
"(58, 2110)","(530, 190)"
"(67, 1910)","(520, 210)"
"(31, 2390)","(570, 180)"
"(274, 2560)","(600, 100)"
"(13, 1410)","(430, 310)"
"(61, 2160)","(550, 190)"
"(184, 2580)","(620, 130)"
"(310, 1900)","(580, 130)"
"(373, 2080)","(650, 100)"
"(355, 1850)","(610, 120)"
"(289, 2160)","(600, 120)"
"(52, 1650)","(480, 250)"
"(244, 1650)","(560, 190)"
"(265, 1900)","(580, 150)"
"(187, 1550)","(510, 220)"
"(373, 2030)","(630, 100)"
"(163, 2300)","(580, 150)"
"(136, 2240)","(570, 160)"
"(64, 1480)","(460, 280)"
"(208, 2560)","(600, 120)"
"(19, 2060)","(530, 210)"
"(76, 1910)","(530, 210)"
"(55, 2240)","(540, 180)"
"(73, 1990)","(530, 200)"
"(316, 2540)","(620, 90)"
"(268, 1530)","(530, 190)"
"(43, 2290)","(550, 180)"
"(334, 2150)","(640, 110)"
"(187, 1700)","(530, 200)"
"(163, 1890)","(560, 190)"
"(193, 1500)","(510, 230)"
"(211, 1820)","(570, 180)"
"(322, 1780)","(600, 140)"
"(259, 1830)","(580, 160)"
"(316, 1640)","(590, 160)"
"(82, 2380)","(580, 170)"
"(82, 1870)","(520, 210)"
"(184, 2430)","(610, 140)"
"(376, 1440)","(590, 160)"
"(280, 1670)","(570, 170)"
"(205, 2380)","(590, 130)"
"(244, 2470)","(630, 120)"
"(106, 2360)","(570, 160)"
"(55, 1810)","(510, 230)"
"(58, 2020)","(520, 200)"
"(250, 2050)","(580, 140)"
"(127, 2310)","(580, 160)"
"(376, 1500)","(600, 150)"
"(79, 1660)","(490, 240)"
"(121, 2290)","(570, 160)"
"(217, 1610)","(530, 200)"
"(94, 1950)","(530, 200)"
"(34, 2550)","(580, 170)"
"(319, 2450)","(650, 100)"
"(391, 2140)","(660, 90)"
"(22, 1410)","(420, 300)"
"(193, 2080)","(580, 160)"
"(268, 1510)","(550, 200)"
"(259, 1570)","(540, 190)"
"(187, 2270)","(600, 150)"
"(10, 2380)","(540, 180)"
"(52, 2230)","(560, 190)"
"(358, 2010)","(640, 110)"
"(154, 2370)","(600, 150)"
"(193, 1460)","(510, 240)"
"(133, 1940)","(550, 190)"
"(298, 1470)","(550, 190)"
"(394, 2280)","(650, 80)"
"(223, 2390)","(620, 130)"
"(376, 1890)","(640, 110)"
"(328, 1700)","(600, 150)"
"(259, 2180)","(600, 130)"
"(178, 1950)","(570, 180)"
"(289, 2530)","(620, 100)"
"(124, 2120)","(570, 180)"
"(181, 1540)","(520, 230)"
"(4, 1840)","(500, 240)"
"(316, 2360)","(620, 100)"
"(175, 1600)","(520, 220)"
"(265, 1720)","(570, 170)"
"(37, 1920)","(520, 220)"
"(148, 2330)","(570, 150)"
"(1, 1470)","(440, 300)"
"(259, 1810)","(570, 160)"
"(292, 2120)","(590, 120)"
"(316, 2420)","(640, 100)"
"(226, 1810)","(550, 170)"
"(349, 2140)","(610, 100)"
"(160, 1710)","(530, 210)"
"(178, 1520)","(500, 230)"
"(172, 2110)","(570, 160)"
"(283, 2410)","(630, 110)"
"(88, 1580)","(480, 250)"
"(199, 1620)","(540, 210)"
"(319, 2500)","(610, 90)"
"(256, 1850)","(580, 160)"
"(331, 2500)","(640, 90)"
"(154, 1480)","(490, 250)"
"(343, 1660)","(580, 140)"
"(10, 2400)","(550, 180)"
"(286, 2240)","(630, 120)"
"(130, 1410)","(470, 270)"
"(181, 1760)","(550, 200)"
"(298, 2530)","(640, 100)"
"(19, 1940)","(510, 220)"
"(10, 2540)","(560, 170)"
"(76, 2350)","(570, 170)"
"(226, 2270)","(580, 130)"
"(49, 1790)","(500, 230)"
"(193, 1660)","(520, 200)"
"(334, 1600)","(590, 160)"
"(235, 1850)","(580, 170)"
"(25, 1650)","(480, 260)"
"(223, 2420)","(620, 130)"
"(67, 1920)","(520, 210)"
"(325, 1820)","(610, 140)"
"(265, 2150)","(600, 130)"
"(259, 1980)","(600, 150)"
"(319, 2240)","(640, 110)"
"(100, 2260)","(570, 170)"
"(64, 2370)","(560, 170)"
"(115, 2580)","(570, 140)"
"(181, 2100)","(570, 160)"
"(169, 1560)","(510, 230)"
"(361, 2590)","(670, 80)"
"(247, 2440)","(630, 120)"
"(388, 2070)","(630, 90)"
"(79, 2440)","(570, 160)"
"(160, 1430)","(490, 260)"
"(136, 1770)","(530, 210)"
"(208, 2570)","(600, 120)"
"(76, 1840)","(520, 220)"
"(304, 2170)","(630, 120)"
"(247, 2470)","(630, 120)"
"(277, 2550)","(600, 100)"
"(238, 1940)","(590, 160)"
"(322, 2070)","(630, 120)"
"(250, 2070)","(590, 140)"
"(379, 1870)","(630, 110)"
"(358, 1610)","(590, 140)"
"(25, 2570)","(580, 170)"
"(379, 2220)","(660, 90)"
"(142, 2480)","(580, 140)"
"(28, 1850)","(500, 230)"
"(145, 2160)","(580, 170)"
"(55, 2280)","(560, 180)"
"(43, 2080)","(530, 200)"
"(253, 1940)","(580, 150)"
"(307, 1940)","(600, 130)"
"(250, 2440)","(630, 120)"
"(82, 1950)","(520, 200)"
"(253, 1750)","(560, 170)"
"(262, 1750)","(580, 170)"
"(106, 1810)","(520, 210)"
"(370, 2570)","(670, 80)"
"(367, 2410)","(620, 80)"
"(364, 2010)","(640, 110)"
"(214, 1750)","(560, 190)"
"(211, 2470)","(620, 130)"
"(202, 2600)","(600, 120)"
"(28, 2540)","(580, 170)"
"(127, 2530)","(570, 140)"
"(244, 2350)","(590, 120)"
"(274, 1950)","(580, 140)"
"(247, 2140)","(610, 140)"
"(34, 1520)","(460, 280)"
"(298, 2260)","(610, 110)"
"(139, 1480)","(480, 250)"
"(130, 2430)","(580, 150)"
"(4, 2380)","(540, 180)"
"(250, 2080)","(590, 140)"
"(238, 1610)","(530, 190)"
"(196, 1540)","(510, 220)"
"(133, 2260)","(570, 160)"
"(217, 1970)","(570, 160)"
"(298, 1460)","(540, 190)"
"(211, 2500)","(590, 120)"
"(100, 1970)","(550, 200)"
"(175, 2270)","(590, 150)"
"(145, 2260)","(580, 160)"
"(268, 2150)","(610, 130)"
"(76, 2510)","(580, 160)"
"(289, 2370)","(630, 110)"
"(355, 1540)","(580, 150)"
"(13, 1550)","(450, 280)"
"(49, 2600)","(580, 160)"
"(175, 1890)","(550, 180)"
"(349, 1880)","(610, 120)"
"(22, 2100)","(520, 200)"
"(250, 1570)","(550, 200)"
"(322, 2540)","(630, 90)"
"(208, 2050)","(590, 160)"
"(280, 1750)","(580, 160)"
"(259, 1840)","(580, 160)"
"(139, 2130)","(570, 170)"
"(325, 1430)","(540, 180)"
"(256, 2020)","(580, 140)"
"(28, 2000)","(510, 210)"
"(331, 1610)","(590, 160)"
"(100, 1450)","(460, 270)"
"(10, 2030)","(530, 220)"
"(307, 2480)","(640, 100)"
"(250, 1500)","(540, 210)"
"(295, 2170)","(620, 120)"
"(88, 1520)","(480, 270)"
"(187, 1920)","(570, 180)"
"(211, 2580)","(610, 120)"
"(271, 2430)","(610, 110)"
"(340, 2060)","(620, 110)"
"(181, 2290)","(600, 150)"
"(247, 1400)","(520, 230)"
"(226, 1740)","(550, 180)"
"(193, 1950)","(560, 170)"
"(286, 2030)","(590, 130)"
"(163, 2120)","(560, 160)"
"(19, 2180)","(540, 200)"
"(139, 2490)","(570, 140)"
"(199, 2010)","(560, 160)"
"(256, 2220)","(610, 130)"
"(94, 1610)","(500, 250)"
"(286, 2320)","(600, 110)"
"(184, 1960)","(560, 170)"
"(382, 2470)","(670, 80)"
"(13, 2270)","(540, 190)"
"(25, 2340)","(550, 180)"
"(178, 2140)","(580, 160)"
"(112, 1520)","(490, 260)"
"(397, 2560)","(680, 70)"
"(208, 1850)","(570, 180)"
"(253, 2290)","(620, 130)"
"(22, 1580)","(470, 280)"
"(328, 2180)","(640, 110)"
"(148, 1910)","(550, 190)"
"(241, 2320)","(620, 130)"
"(250, 1520)","(530, 200)"
"(58, 1940)","(520, 210)"
"(316, 2130)","(590, 110)"
"(355, 1620)","(580, 140)"
"(259, 2430)","(590, 110)"
"(349, 1610)","(600, 150)"
"(100, 2390)","(570, 160)"
"(277, 2400)","(610, 110)"
"(7, 1770)","(490, 250)"
"(163, 1410)","(480, 260)"
"(181, 1970)","(560, 170)"
"(139, 2200)","(560, 160)"
"(196, 2480)","(610, 130)"
"(370, 2110)","(650, 100)"
"(316, 2380)","(630, 100)"
"(274, 2360)","(590, 110)"
"(67, 2160)","(560, 190)"
"(148, 2590)","(610, 140)"
"(88, 2100)","(560, 190)"
"(187, 2490)","(600, 130)"
"(355, 2080)","(610, 100)"
"(223, 1650)","(530, 190)"
"(268, 2010)","(600, 140)"
"(379, 1970)","(620, 100)"
"(121, 1840)","(540, 210)"
"(160, 2590)","(590, 130)"
"(343, 1580)","(570, 150)"
"(361, 1710)","(610, 130)"
"(262, 2510)","(620, 110)"
"(67, 2590)","(560, 150)"
"(217, 1860)","(560, 170)"
"(91, 1940)","(530, 200)"
"(268, 1700)","(560, 170)"
"(151, 2570)","(610, 140)"
"(229, 1970)","(590, 160)"
"(1, 1580)","(460, 280)"
"(154, 1550)","(510, 240)"
"(175, 1560)","(520, 230)"
"(310, 1430)","(550, 190)"
"(358, 1490)","(590, 160)"
"(268, 2590)","(600, 100)"
"(256, 1460)","(530, 210)"
"(346, 1810)","(620, 130)"
"(295, 2230)","(630, 120)"
"(217, 2120)","(600, 150)"
"(97, 2430)","(580, 160)"
"(382, 1820)","(620, 110)"
"(115, 1840)","(540, 210)"
"(316, 2040)","(610, 120)"
"(67, 2450)","(560, 160)"
"(382, 1780)","(600, 110)"
"(367, 2510)","(660, 80)"
"(391, 2360)","(670, 80)"
"(247, 2120)","(600, 140)"
"(322, 2040)","(620, 120)"
"(193, 1720)","(550, 200)"
"(211, 1960)","(560, 160)"
"(148, 2290)","(560, 150)"
"(229, 1410)","(500, 230)"
"(151, 2410)","(600, 150)"
"(97, 1450)","(470, 280)"
"(337, 2310)","(650, 100)"
"(160, 1470)","(500, 250)"
"(7, 1950)","(520, 230)"
"(73, 2590)","(570, 150)"
"(172, 2390)","(590, 140)"
"(337, 2470)","(640, 90)"
"(214, 1700)","(540, 190)"
"(373, 2270)","(660, 90)"
"(217, 2540)","(610, 120)"
"(133, 1440)","(470, 260)"
"(235, 1800)","(560, 170)"
"(226, 1490)","(520, 220)"
"(139, 1950)","(560, 190)"
"(286, 1670)","(580, 170)"
"(361, 2170)","(650, 100)"
"(67, 1710)","(500, 240)"
"(250, 1710)","(570, 180)"
"(373, 1840)","(600, 110)"
"(52, 1750)","(500, 240)"
"(256, 1770)","(580, 170)"
"(43, 1530)","(470, 280)"
"(34, 1830)","(500, 230)"
"(214, 1880)","(560, 170)"
"(34, 1510)","(450, 280)"
"(205, 2070)","(590, 160)"
"(361, 2480)","(630, 80)"
"(40, 2520)","(580, 170)"
"(286, 2570)","(630, 100)"
"(10, 2600)","(580, 170)"
"(97, 2580)","(590, 150)"
"(160, 1510)","(500, 240)"
"(382, 2150)","(640, 90)"
"(397, 2480)","(650, 70)"
"(316, 1460)","(550, 180)"
"(7, 1810)","(490, 240)"
"(235, 1640)","(540, 190)"
"(169, 2450)","(600, 140)"
"(262, 2000)","(580, 140)"
"(10, 1530)","(460, 290)"
"(109, 2530)","(590, 150)"
"(130, 1700)","(520, 220)"
"(367, 2260)","(640, 90)"
"(169, 2340)","(600, 150)"
"(382, 2090)","(620, 90)"
"(43, 2490)","(580, 170)"
"(67, 2110)","(540, 190)"
"(190, 2010)","(580, 170)"
"(181, 1910)","(560, 180)"
"(328, 2330)","(640, 100)"
"(187, 1470)","(510, 240)"
"(259, 2070)","(600, 140)"
"(307, 1910)","(580, 130)"
"(382, 2290)","(620, 80)"
"(10, 2090)","(530, 210)"
"(367, 2210)","(620, 90)"
"(340, 1590)","(570, 150)"
"(142, 1860)","(550, 200)"
"(139, 2280)","(580, 160)"
"(154, 1760)","(520, 200)"
"(268, 1880)","(580, 150)"
"(223, 2190)","(590, 140)"
"(214, 1900)","(570, 170)"
"(127, 2400)","(570, 150)"
"(217, 2470)","(590, 120)"
"(319, 1660)","(570, 150)"
"(301, 2210)","(590, 110)"
"(130, 1430)","(480, 270)"
"(229, 2580)","(630, 120)"
"(133, 2240)","(560, 160)"
"(19, 2300)","(560, 190)"
"(298, 1780)","(590, 150)"
"(40, 2510)","(580, 170)"
"(109, 1500)","(480, 260)"
"(340, 2310)","(650, 100)"
"(109, 1980)","(530, 190)"
"(277, 2200)","(600, 120)"
"(382, 1620)","(610, 130)"
"(331, 1960)","(610, 120)"
"(244, 2090)","(590, 140)"
"(199, 2280)","(590, 140)"
"(88, 2000)","(550, 200)"
"(97, 2590)","(590, 150)"
"(397, 1470)","(600, 140)"
"(115, 1430)","(460, 270)"
"(34, 1600)","(480, 270)"
"(184, 1430)","(500, 250)"
"(178, 2330)","(570, 140)"
"(274, 2060)","(580, 130)"
"(283, 2240)","(620, 120)"
"(385, 2310)","(640, 80)"
"(4, 1450)","(440, 310)"
"(229, 1650)","(540, 190)"
"(235, 2360)","(620, 130)"
"(379, 2290)","(610, 80)"
"(112, 1870)","(520, 200)"
"(103, 1410)","(460, 280)"
"(301, 1540)","(570, 180)"
"(283, 1950)","(600, 140)"
"(388, 2580)","(660, 70)"
"(160, 1660)","(530, 220)"
"(100, 2360)","(560, 160)"
"(304, 2550)","(650, 100)"
"(313, 2350)","(610, 100)"
"(385, 1650)","(620, 130)"
"(151, 1920)","(560, 190)"
"(217, 2520)","(600, 120)"
"(301, 2380)","(640, 110)"
"(364, 1600)","(590, 140)"
"(319, 1930)","(620, 130)"
"(25, 1700)","(480, 250)"
"(166, 2010)","(550, 170)"
"(316, 1500)","(570, 180)"
"(280, 2300)","(630, 120)"
"(268, 2560)","(640, 110)"
"(172, 1430)","(490, 250)"
"(10, 2340)","(560, 190)"
"(232, 1960)","(590, 160)"
"(319, 2320)","(610, 100)"
"(136, 2400)","(580, 150)"
"(190, 2540)","(620, 130)"
"(160, 2430)","(580, 140)"
"(259, 1460)","(530, 210)"
"(235, 1950)","(590, 160)"
"(13, 1920)","(520, 230)"
"(217, 2300)","(580, 130)"
"(19, 2020)","(510, 210)"
"(391, 2550)","(650, 70)"
"(310, 2040)","(600, 120)"
"(346, 2180)","(620, 100)"
"(28, 1420)","(430, 300)"
"(151, 1790)","(530, 200)"
"(286, 2510)","(610, 100)"
"(292, 2410)","(640, 110)"
"(229, 1430)","(520, 230)"
"(196, 1850)","(560, 180)"
"(115, 1540)","(490, 250)"
"(376, 2150)","(620, 90)"
"(355, 1460)","(560, 160)"
"(220, 1710)","(560, 190)"
"(241, 1470)","(530, 220)"
"(127, 2020)","(540, 180)"
"(37, 2290)","(540, 180)"
"(4, 2020)","(500, 210)"
"(325, 2560)","(640, 90)"
"(265, 2440)","(610, 110)"
"(22, 1910)","(520, 230)"
"(199, 1740)","(540, 190)"
"(400, 1550)","(620, 130)"
"(166, 1780)","(540, 200)"
"(241, 1950)","(590, 160)"
"(13, 1440)","(430, 300)"
"(313, 2570)","(620, 90)"
"(94, 2500)","(560, 150)"
"(136, 2430)","(590, 150)"
"(313, 2470)","(650, 100)"
"(295, 2560)","(640, 100)"
"(49, 1860)","(520, 230)"
"(376, 2370)","(630, 80)"
"(103, 2230)","(560, 170)"
"(145, 1520)","(500, 250)"
"(346, 1880)","(610, 120)"
"(346, 1860)","(600, 120)"
"(142, 1710)","(530, 220)"
"(361, 1430)","(580, 170)"
"(331, 1880)","(620, 130)"
"(370, 1650)","(600, 130)"
"(172, 2370)","(580, 140)"
"(13, 2590)","(580, 170)"
"(292, 2270)","(600, 110)"
"(271, 2070)","(580, 130)"
"(94, 2490)","(560, 150)"
"(100, 2550)","(590, 150)"
"(331, 1410)","(540, 180)"
"(133, 1470)","(490, 260)"
"(70, 1590)","(490, 260)"
"(172, 2030)","(570, 170)"
"(241, 2310)","(620, 130)"
"(370, 2480)","(660, 80)"
"(37, 2120)","(540, 200)"
"(31, 1590)","(470, 270)"
"(43, 2460)","(570, 170)"
"(238, 2470)","(620, 120)"
"(55, 2020)","(520, 200)"
"(79, 1920)","(530, 210)"
"(85, 1460)","(470, 280)"
"(196, 2420)","(590, 130)"
"(379, 1430)","(590, 160)"
"(340, 1400)","(560, 180)"
"(307, 2600)","(620, 90)"
"(361, 2390)","(660, 90)"
"(82, 1630)","(500, 250)"
"(220, 2410)","(620, 130)"
"(34, 2020)","(530, 210)"
"(91, 2060)","(550, 190)"
"(181, 2090)","(570, 160)"
"(163, 2260)","(570, 150)"
"(301, 1600)","(570, 170)"
"(97, 1850)","(520, 210)"
"(19, 2160)","(540, 200)"
"(379, 1960)","(620, 100)"
"(28, 2500)","(570, 170)"
"(295, 1630)","(580, 170)"
"(91, 2350)","(580, 170)"
"(31, 1910)","(510, 220)"
"(397, 1660)","(630, 120)"
"(292, 1510)","(560, 190)"
"(193, 2490)","(600, 130)"
"(241, 1940)","(590, 160)"
"(130, 2330)","(590, 160)"
"(67, 1950)","(530, 210)"
"(121, 2000)","(560, 190)"
"(358, 1410)","(570, 170)"
"(52, 2450)","(570, 170)"
"(205, 1690)","(550, 200)"
"(304, 2230)","(610, 110)"
"(109, 2250)","(570, 170)"
"(175, 1510)","(510, 240)"
"(232, 2190)","(610, 140)"
"(304, 2070)","(600, 120)"
"(193, 1700)","(540, 200)"
"(343, 2460)","(650, 90)"
"(136, 1470)","(490, 260)"
"(373, 2210)","(640, 90)"
"(289, 2340)","(620, 110)"
"(40, 2030)","(540, 210)"
"(109, 1590)","(500, 250)"
"(31, 2580)","(560, 160)"
"(397, 1450)","(590, 140)"
"(232, 2590)","(600, 110)"
"(76, 1870)","(530, 220)"
"(34, 1420)","(420, 290)"
"(370, 2290)","(660, 90)"
"(55, 1930)","(510, 210)"
"(157, 2370)","(600, 150)"
"(16, 1660)","(470, 260)"
"(79, 1490)","(460, 270)"
"(277, 1530)","(550, 190)"
"(19, 1570)","(470, 280)"
"(352, 2060)","(640, 110)"
"(313, 1830)","(600, 140)"
"(67, 1520)","(470, 270)"
"(187, 1860)","(550, 180)"
"(268, 1480)","(530, 200)"
"(265, 1860)","(590, 160)"
"(310, 2230)","(620, 110)"
"(25, 1970)","(520, 220)"
"(229, 1690)","(560, 190)"
"(214, 2270)","(610, 140)"
"(106, 2410)","(590, 160)"
"(130, 2280)","(570, 160)"
"(235, 1440)","(510, 220)"
"(151, 2140)","(580, 170)"
"(391, 2220)","(620, 80)"
"(169, 1830)","(540, 190)"
"(151, 1940)","(560, 190)"
"(193, 1910)","(550, 170)"
"(106, 1490)","(470, 260)"
"(163, 1400)","(480, 260)"
"(388, 2450)","(610, 70)"
"(256, 2140)","(580, 130)"
"(313, 2170)","(600, 110)"
"(283, 1980)","(610, 140)"
"(226, 2360)","(610, 130)"
"(91, 1430)","(460, 280)"
"(247, 2180)","(580, 130)"
"(70, 2250)","(560, 180)"
"(229, 1730)","(550, 180)"
"(22, 1880)","(510, 230)"
"(1, 1410)","(430, 320)"
"(124, 1710)","(510, 220)"
"(64, 2160)","(550, 190)"
"(286, 1860)","(600, 150)"
"(289, 2030)","(600, 130)"
"(94, 2140)","(550, 180)"
"(235, 2390)","(590, 120)"
"(241, 1730)","(570, 180)"
"(316, 2030)","(610, 120)"
"(166, 1530)","(510, 240)"
"(217, 1710)","(550, 190)"
"(172, 1840)","(550, 190)"
"(187, 1490)","(510, 240)"
"(397, 2180)","(620, 80)"
"(109, 1680)","(510, 230)"
"(97, 1860)","(530, 210)"
"(94, 2300)","(570, 170)"
"(313, 2580)","(620, 90)"
"(223, 2430)","(620, 130)"
"(358, 2000)","(640, 110)"
"(67, 1900)","(510, 210)"
"(19, 1900)","(520, 230)"
"(208, 2310)","(610, 140)"
"(160, 1940)","(550, 180)"
"(316, 2210)","(620, 110)"
"(232, 1820)","(560, 170)"
"(37, 2020)","(530, 210)"
"(139, 2260)","(580, 160)"
"(64, 2480)","(560, 160)"
"(10, 2110)","(540, 210)"
"(238, 1900)","(580, 160)"
"(148, 1470)","(480, 250)"
"(199, 1590)","(520, 210)"
"(88, 2150)","(550, 180)"
"(136, 1430)","(480, 270)"
"(175, 2540)","(590, 130)"
"(166, 2060)","(570, 170)"
"(184, 1720)","(540, 200)"
"(7, 1670)","(470, 260)"
"(181, 1450)","(490, 240)"
"(130, 1900)","(550, 200)"
"(118, 1970)","(540, 190)"
"(382, 1900)","(640, 110)"
"(376, 1690)","(620, 130)"
"(148, 2390)","(590, 150)"
"(4, 1910)","(510, 230)"
"(136, 2070)","(570, 180)"
"(367, 1950)","(640, 110)"
"(388, 2300)","(640, 80)"
"(208, 2530)","(590, 120)"
"(130, 2460)","(590, 150)"
"(28, 2420)","(570, 180)"
"(205, 1620)","(540, 210)"
"(16, 1850)","(510, 240)"
"(106, 1820)","(520, 210)"
"(307, 2560)","(600, 90)"
"(331, 2310)","(640, 100)"
"(31, 1660)","(490, 260)"
"(310, 2160)","(590, 110)"
"(1, 1700)","(480, 260)"
"(145, 1430)","(480, 260)"
"(136, 1500)","(490, 250)"
"(319, 1430)","(560, 190)"
"(64, 1920)","(520, 210)"
"(382, 1540)","(610, 140)"
"(325, 1400)","(550, 190)"
"(190, 2230)","(600, 150)"
"(316, 1770)","(580, 140)"
"(325, 2260)","(600, 100)"
"(49, 2410)","(560, 170)"
"(91, 2440)","(580, 160)"
"(343, 1520)","(570, 160)"
"(40, 2050)","(540, 210)"
"(289, 2510)","(620, 100)"
"(226, 1610)","(540, 200)"
"(304, 1490)","(540, 180)"
"(337, 1580)","(590, 160)"
"(397, 2280)","(660, 80)"
"(37, 1700)","(490, 250)"
"(130, 2260)","(570, 160)"
"(241, 2550)","(600, 110)"
"(127, 1870)","(540, 200)"
"(400, 1680)","(630, 120)"
"(214, 2350)","(590, 130)"
"(160, 2480)","(600, 140)"
"(238, 2550)","(590, 110)"
"(334, 1540)","(570, 160)"
"(208, 2280)","(600, 140)"
"(205, 2270)","(590, 140)"
"(298, 1710)","(590, 160)"
"(127, 2480)","(600, 150)"
"(40, 2080)","(530, 200)"
"(82, 2160)","(540, 180)"
"(46, 2600)","(580, 160)"
"(127, 2050)","(550, 180)"
"(223, 1470)","(510, 220)"
"(133, 1810)","(540, 210)"
"(232, 1780)","(570, 180)"
"(49, 1610)","(480, 260)"
"(109, 1850)","(540, 210)"
"(286, 1580)","(560, 180)"
"(265, 2030)","(600, 140)"
"(301, 2060)","(590, 120)"
"(25, 1950)","(520, 220)"
"(169, 1710)","(540, 210)"
"(124, 1470)","(480, 260)"
"(55, 2010)","(540, 210)"
"(163, 2310)","(590, 150)"
"(46, 1900)","(520, 220)"
"(22, 1610)","(470, 270)"
"(247, 1420)","(510, 220)"
"(37, 2500)","(570, 170)"
"(223, 1600)","(530, 200)"
"(346, 1850)","(590, 120)"
"(103, 1740)","(520, 230)"
"(31, 2360)","(560, 180)"
"(340, 1670)","(580, 140)"
"(388, 2080)","(630, 90)"
"(49, 1430)","(450, 300)"
"(127, 1970)","(550, 190)"
"(346, 1490)","(560, 160)"
"(157, 1440)","(490, 260)"
"(139, 2040)","(560, 180)"
"(106, 1880)","(540, 210)"
"(106, 2450)","(560, 150)"
"(361, 1660)","(610, 140)"
"(304, 1640)","(560, 160)"
"(265, 1500)","(540, 200)"
"(112, 1720)","(520, 230)"
"(154, 2590)","(580, 130)"
"(316, 1400)","(540, 190)"
"(154, 2200)","(570, 160)"
"(58, 2090)","(550, 200)"
"(253, 1610)","(550, 190)"
"(64, 2410)","(570, 170)"
"(211, 1420)","(510, 240)"
"(316, 1420)","(550, 190)"
"(31, 1470)","(440, 290)"
"(217, 1990)","(580, 160)"
"(235, 2220)","(610, 140)"
"(259, 2270)","(590, 120)"
"(217, 1840)","(550, 170)"
"(175, 2150)","(580, 160)"
"(34, 1810)","(510, 240)"
"(349, 1810)","(620, 130)"
"(151, 2170)","(560, 160)"
"(271, 2550)","(640, 110)"
"(352, 2600)","(650, 80)"
"(325, 2030)","(630, 120)"
"(223, 2100)","(600, 150)"
"(367, 2480)","(650, 80)"
"(106, 2030)","(550, 190)"
"(322, 1560)","(580, 170)"
"(10, 1860)","(510, 240)"
"(157, 2460)","(590, 140)"
"(184, 2340)","(590, 140)"
"(316, 1660)","(590, 160)"
"(115, 2520)","(590, 150)"
"(130, 2410)","(580, 150)"
"(244, 2270)","(610, 130)"
"(385, 1770)","(600, 110)"
"(382, 1720)","(620, 120)"
"(67, 2350)","(560, 170)"
"(247, 2280)","(620, 130)"
"(259, 1690)","(570, 180)"
"(16, 2320)","(560, 190)"
"(121, 1610)","(510, 240)"
"(43, 1890)","(510, 220)"
"(85, 2170)","(550, 180)"
"(148, 1920)","(560, 190)"
"(382, 1570)","(610, 140)"
"(130, 2480)","(600, 150)"
"(280, 2160)","(620, 130)"
"(220, 2510)","(600, 120)"
"(211, 1500)","(510, 220)"
"(361, 2110)","(630, 100)"
"(259, 1640)","(550, 180)"
"(31, 2240)","(550, 190)"
"(244, 1880)","(580, 160)"
"(166, 1440)","(480, 250)"
"(97, 2560)","(590, 150)"
"(172, 1870)","(560, 190)"
"(175, 1420)","(480, 250)"
"(364, 2210)","(620, 90)"
"(52, 2340)","(570, 180)"
"(244, 2460)","(630, 120)"
"(175, 1700)","(540, 210)"
"(280, 1710)","(580, 170)"
"(214, 2220)","(590, 140)"
"(142, 1730)","(520, 210)"
"(52, 1730)","(500, 240)"
"(232, 2240)","(580, 130)"
"(55, 1800)","(510, 230)"
"(118, 1950)","(530, 190)"
"(265, 1820)","(580, 160)"
"(196, 1880)","(570, 180)"
"(22, 1570)","(470, 280)"
"(103, 2480)","(570, 150)"
"(325, 2110)","(610, 110)"
"(22, 2270)","(550, 190)"
"(292, 2520)","(620, 100)"
"(211, 2100)","(580, 150)"
"(37, 1620)","(470, 260)"
"(394, 2430)","(620, 70)"
"(400, 2460)","(650, 70)"
"(241, 2510)","(630, 120)"
"(283, 2040)","(590, 130)"
"(142, 2450)","(600, 150)"
"(349, 2490)","(660, 90)"
"(385, 2500)","(620, 70)"
"(358, 2080)","(610, 100)"
"(190, 2180)","(580, 150)"
"(145, 2300)","(560, 150)"
"(379, 1980)","(630, 100)"
"(337, 2240)","(620, 100)"
"(139, 1720)","(530, 220)"
"(364, 2040)","(610, 100)"
"(109, 2060)","(560, 190)"
"(4, 1960)","(520, 230)"
"(202, 2310)","(600, 140)"
"(184, 2030)","(580, 170)"
"(124, 2190)","(570, 170)"
"(157, 2450)","(590, 140)"
"(349, 1840)","(590, 120)"
"(235, 1740)","(560, 180)"
"(55, 1450)","(450, 290)"
"(238, 2060)","(600, 150)"
"(16, 1520)","(460, 290)"
"(70, 1700)","(500, 240)"
"(58, 1680)","(500, 250)"
"(286, 1720)","(570, 160)"
"(25, 2330)","(540, 180)"
"(22, 1990)","(530, 220)"
"(106, 1580)","(500, 250)"
"(301, 2370)","(640, 110)"
"(208, 1520)","(520, 220)"
"(259, 2040)","(590, 140)"
"(130, 1730)","(530, 220)"
"(196, 2020)","(560, 160)"
"(334, 1870)","(620, 130)"
"(22, 2250)","(540, 190)"
"(130, 2540)","(580, 140)"
"(364, 1860)","(630, 120)"
"(64, 1450)","(460, 290)"
"(325, 2340)","(630, 100)"
"(166, 1620)","(520, 220)"
"(97, 1560)","(480, 250)"
"(157, 1600)","(520, 230)"
"(64, 1500)","(470, 280)"
"(16, 1890)","(510, 230)"
"(325, 2150)","(620, 110)"
"(226, 2410)","(620, 130)"
"(13, 2330)","(560, 190)"
"(391, 1980)","(650, 100)"
"(127, 1780)","(520, 210)"
"(391, 2420)","(610, 70)"
"(211, 1570)","(520, 210)"
"(211, 2230)","(590, 140)"
"(112, 2110)","(560, 180)"
"(94, 1960)","(540, 200)"
"(340, 1760)","(580, 130)"
"(238, 1420)","(520, 230)"
"(172, 1920)","(560, 180)"
"(262, 2040)","(600, 140)"
"(97, 2080)","(560, 190)"
"(121, 1440)","(470, 270)"
"(370, 2550)","(670, 80)"
"(124, 2320)","(580, 160)"
"(292, 2050)","(610, 130)"
"(232, 2400)","(590, 120)"
"(235, 1890)","(570, 160)"
"(22, 1730)","(490, 250)"
"(109, 1610)","(490, 240)"
"(325, 2190)","(640, 110)"
"(64, 2270)","(560, 180)"
"(310, 1720)","(580, 150)"
"(88, 2080)","(550, 190)"
"(7, 1550)","(450, 280)"
"(82, 2220)","(560, 180)"
"(217, 2450)","(620, 130)"
"(238, 1700)","(550, 180)"
"(40, 2120)","(540, 200)"
"(286, 1940)","(600, 140)"
"(292, 1970)","(580, 130)"
"(238, 2400)","(600, 120)"
"(352, 2080)","(640, 110)"
"(151, 2110)","(570, 170)"
"(130, 1630)","(500, 230)"
"(40, 1900)","(510, 220)"
"(22, 2580)","(580, 170)"
"(208, 1910)","(570, 170)"
"(247, 1770)","(560, 170)"
"(292, 1750)","(590, 160)"
"(142, 1800)","(520, 200)"
"(163, 2290)","(580, 150)"
"(262, 2340)","(620, 120)"
"(142, 1920)","(550, 190)"
"(112, 1670)","(510, 230)"
"(346, 2000)","(610, 110)"
"(304, 1780)","(600, 150)"
"(343, 2480)","(660, 90)"
"(142, 2510)","(580, 140)"
"(34, 2130)","(540, 200)"
"(67, 1440)","(460, 290)"
"(202, 1920)","(560, 170)"
"(169, 2200)","(590, 160)"
"(268, 2310)","(620, 120)"
"(277, 1500)","(550, 200)"
"(337, 1740)","(610, 140)"
"(91, 1660)","(500, 240)"
"(397, 1400)","(590, 150)"
"(232, 2470)","(610, 120)"
"(253, 2000)","(600, 150)"
"(16, 1460)","(440, 300)"
"(376, 1400)","(570, 160)"
"(118, 2150)","(550, 170)"
"(25, 2530)","(570, 170)"
"(13, 1800)","(490, 240)"
"(7, 2040)","(510, 210)"
"(376, 1770)","(630, 120)"
"(61, 2480)","(560, 160)"
"(25, 2440)","(570, 180)"
"(253, 1840)","(570, 160)"
"(352, 2310)","(620, 90)"
"(328, 1950)","(600, 120)"
"(40, 1980)","(520, 210)"
"(304, 2250)","(610, 110)"
"(94, 2000)","(550, 200)"
"(385, 2060)","(610, 90)"
"(202, 1990)","(560, 160)"
"(283, 2200)","(610, 120)"
"(349, 2580)","(630, 80)"
"(127, 2390)","(570, 150)"
"(121, 2480)","(590, 150)"
"(388, 2260)","(630, 80)"
"(97, 2060)","(550, 190)"
"(229, 2420)","(590, 120)"
"(193, 1560)","(520, 220)"
"(193, 2260)","(570, 140)"
"(379, 1790)","(630, 120)"
"(25, 2600)","(560, 160)"
"(100, 1940)","(540, 200)"
"(226, 1450)","(520, 230)"
"(196, 1570)","(530, 220)"
"(202, 1570)","(530, 220)"
"(136, 2040)","(560, 180)"
"(208, 2470)","(620, 130)"
"(52, 2390)","(560, 170)"
"(325, 1700)","(600, 150)"
"(286, 1880)","(570, 140)"
"(40, 2580)","(570, 160)"
"(157, 2180)","(570, 160)"
"(166, 1580)","(520, 230)"
"(61, 2600)","(590, 160)"
"(97, 2600)","(600, 150)"
"(64, 1830)","(520, 230)"
"(205, 1400)","(500, 250)"
"(163, 2180)","(580, 160)"
"(136, 2130)","(560, 170)"
"(304, 1400)","(540, 200)"
"(1, 1940)","(520, 230)"
"(40, 1770)","(500, 240)"
"(52, 2220)","(560, 190)"
"(340, 1860)","(620, 130)"
"(178, 1400)","(490, 260)"
"(253, 2130)","(610, 140)"
"(250, 1890)","(590, 160)"
"(202, 2290)","(600, 140)"
"(205, 2520)","(620, 130)"
"(94, 1940)","(530, 200)"
"(289, 1410)","(540, 210)"
"(196, 2090)","(590, 160)"
"(256, 2150)","(590, 130)"
"(34, 1430)","(440, 300)"
"(289, 1650)","(580, 170)"
"(22, 2280)","(550, 190)"
"(343, 2130)","(640, 110)"
"(352, 2420)","(660, 90)"
"(175, 2560)","(600, 130)"
"(316, 2410)","(640, 100)"
"(325, 2090)","(600, 110)"
"(73, 2530)","(590, 160)"
"(325, 1960)","(590, 120)"
"(295, 1620)","(570, 170)"
"(25, 1750)","(500, 250)"
"(301, 2500)","(640, 100)"
"(76, 2210)","(550, 180)"
"(307, 2040)","(590, 120)"
"(181, 1520)","(510, 230)"
"(214, 2410)","(610, 130)"
"(382, 2360)","(650, 80)"
"(307, 2300)","(640, 110)"
"(226, 2500)","(610, 120)"
"(349, 1440)","(570, 170)"
"(166, 2430)","(590, 140)"
"(337, 2060)","(610, 110)"
"(394, 1620)","(600, 120)"
"(103, 1970)","(550, 200)"
"(253, 1850)","(580, 160)"
"(142, 2170)","(580, 170)"
"(250, 1700)","(570, 180)"
"(19, 2030)","(520, 210)"
"(391, 1790)","(630, 110)"
"(64, 1640)","(490, 250)"
"(118, 2210)","(570, 170)"
"(76, 1860)","(530, 220)"
"(40, 2340)","(560, 180)"
"(205, 2110)","(570, 150)"
"(322, 1860)","(590, 130)"
"(187, 1680)","(520, 200)"
"(307, 1580)","(570, 170)"
"(268, 2180)","(620, 130)"
"(358, 1750)","(620, 130)"
"(175, 2370)","(580, 140)"
"(292, 1950)","(610, 140)"
"(64, 2490)","(560, 160)"
"(190, 1550)","(510, 220)"
"(241, 1700)","(550, 180)"
"(364, 2140)","(650, 100)"
"(379, 1990)","(630, 100)"
"(310, 2070)","(610, 120)"
"(76, 1480)","(470, 280)"
"(343, 2080)","(630, 110)"
"(217, 1570)","(530, 210)"
"(94, 1910)","(540, 210)"
"(193, 1920)","(550, 170)"
"(118, 2530)","(600, 150)"
"(118, 1700)","(520, 230)"
"(271, 2220)","(590, 120)"
"(259, 2510)","(620, 110)"
"(19, 1860)","(500, 230)"
"(85, 2090)","(550, 190)"
"(55, 1910)","(530, 220)"
"(196, 1890)","(570, 180)"
"(289, 2150)","(600, 120)"
"(76, 2430)","(560, 160)"
"(367, 2200)","(620, 90)"
"(346, 1570)","(570, 150)"
"(61, 2210)","(540, 180)"
"(13, 1930)","(520, 230)"
"(49, 2590)","(580, 160)"
"(16, 2330)","(560, 190)"
"(22, 1850)","(500, 230)"
"(193, 2460)","(600, 130)"
"(124, 2460)","(590, 150)"
"(364, 2510)","(650, 80)"
"(328, 1560)","(570, 160)"
"(91, 1560)","(490, 260)"
"(67, 2190)","(560, 190)"
"(343, 2350)","(610, 90)"
"(88, 1600)","(490, 250)"
"(10, 2080)","(530, 210)"
"(367, 1900)","(620, 110)"
"(76, 2330)","(560, 170)"
"(268, 2420)","(600, 110)"
"(169, 1810)","(530, 190)"
"(163, 2390)","(570, 140)"
"(1, 1810)","(500, 250)"
"(4, 1650)","(480, 270)"
"(40, 2230)","(550, 190)"
"(202, 2230)","(570, 140)"
"(265, 2180)","(610, 130)"
"(94, 2120)","(540, 180)"
"(379, 1540)","(600, 140)"
"(115, 2600)","(580, 140)"
"(151, 1680)","(530, 220)"
"(379, 2180)","(650, 90)"
"(208, 2020)","(580, 160)"
"(70, 1660)","(500, 250)"
"(358, 2530)","(640, 80)"
"(334, 2590)","(660, 90)"
"(217, 1870)","(560, 170)"
"(169, 2330)","(600, 150)"
"(166, 1910)","(540, 180)"
"(199, 1550)","(520, 220)"
"(88, 1400)","(450, 290)"
"(388, 2020)","(650, 100)"
"(331, 1670)","(600, 150)"
"(226, 2030)","(570, 150)"
"(247, 2340)","(590, 120)"
"(142, 1490)","(490, 250)"
"(16, 2090)","(540, 210)"
"(313, 2560)","(620, 90)"
"(277, 2250)","(610, 120)"
"(163, 2510)","(610, 140)"
"(202, 2030)","(580, 160)"
"(172, 2470)","(610, 140)"
"(229, 2090)","(600, 150)"
"(127, 1480)","(480, 260)"
"(316, 2110)","(630, 120)"
"(328, 1410)","(560, 190)"
"(394, 1770)","(630, 110)"
"(304, 2010)","(620, 130)"
"(13, 2440)","(560, 180)"
"(1, 2170)","(520, 200)"
"(271, 2500)","(640, 110)"
"(103, 2240)","(560, 170)"
"(46, 2570)","(570, 160)"
"(136, 1940)","(550, 190)"
"(46, 2300)","(550, 180)"
"(361, 2360)","(660, 90)"
"(352, 2260)","(650, 100)"
"(103, 2020)","(540, 190)"
"(31, 2080)","(520, 200)"
"(52, 1780)","(510, 240)"
"(358, 1790)","(590, 120)"
"(274, 1710)","(580, 170)"
"(7, 2570)","(570, 170)"
"(250, 1580)","(530, 190)"
"(151, 1650)","(520, 220)"
"(118, 1810)","(530, 210)"
"(328, 2050)","(630, 120)"
"(100, 1810)","(530, 220)"
"(154, 1990)","(560, 180)"
"(262, 2190)","(610, 130)"
"(94, 2520)","(570, 150)"
"(262, 1760)","(580, 170)"
"(157, 2400)","(570, 140)"
"(121, 2180)","(560, 170)"
"(229, 2310)","(600, 130)"
"(265, 2570)","(640, 110)"
"(289, 2480)","(610, 100)"
"(25, 2350)","(550, 180)"
"(253, 2410)","(630, 120)"
"(286, 2190)","(610, 120)"
"(136, 1740)","(520, 210)"
"(385, 1840)","(640, 110)"
"(358, 2360)","(660, 90)"
"(367, 2380)","(610, 80)"
"(238, 1410)","(520, 230)"
"(256, 2170)","(590, 130)"
"(88, 2470)","(590, 160)"
"(277, 1560)","(560, 190)"
"(286, 2550)","(620, 100)"
"(298, 1840)","(580, 140)"
"(121, 1790)","(520, 210)"
"(148, 1810)","(540, 200)"
"(301, 2030)","(620, 130)"
"(352, 1940)","(600, 110)"
"(70, 2340)","(560, 170)"
"(247, 2410)","(620, 120)"
"(160, 2490)","(600, 140)"
"(97, 1620)","(490, 240)"
"(145, 1680)","(520, 220)"
"(37, 2260)","(560, 190)"
"(91, 2040)","(540, 190)"
"(124, 2000)","(560, 190)"
"(103, 1490)","(480, 270)"
"(250, 1630)","(560, 190)"
"(394, 2110)","(660, 90)"
"(37, 2580)","(560, 160)"
"(211, 1790)","(550, 180)"
"(265, 1600)","(560, 190)"
"(271, 2310)","(620, 120)"
"(394, 1550)","(600, 130)"
"(232, 1560)","(540, 210)"
"(151, 2030)","(570, 180)"
"(178, 1430)","(490, 250)"
"(316, 1430)","(560, 190)"
"(376, 2200)","(640, 90)"
"(358, 2170)","(650, 100)"
"(244, 1430)","(510, 220)"
"(256, 1800)","(560, 160)"
"(64, 2590)","(590, 160)"
"(1, 2200)","(530, 200)"
"(304, 2040)","(620, 130)"
"(55, 1970)","(530, 210)"
"(7, 2120)","(540, 210)"
"(28, 2380)","(560, 180)"
"(358, 1550)","(590, 150)"
"(40, 2430)","(560, 170)"
"(253, 1770)","(570, 170)"
"(1, 1400)","(430, 320)"
"(16, 2220)","(550, 200)"
"(277, 2050)","(580, 130)"
"(229, 2330)","(610, 130)"
"(13, 2510)","(550, 170)"
"(139, 2300)","(590, 160)"
"(301, 1690)","(580, 160)"
"(331, 2430)","(610, 90)"
"(223, 1900)","(580, 170)"
"(277, 2530)","(600, 100)"
"(379, 1800)","(600, 110)"
"(295, 1950)","(610, 140)"
"(286, 2600)","(640, 100)"
"(301, 1460)","(550, 190)"
"(262, 1680)","(570, 180)"
"(364, 2340)","(660, 90)"
"(400, 1840)","(620, 100)"
"(115, 1720)","(510, 220)"
"(88, 2140)","(540, 180)"
"(334, 1980)","(620, 120)"
"(94, 2420)","(580, 160)"
"(97, 1550)","(490, 260)"
"(181, 1710)","(530, 200)"
"(244, 2290)","(620, 130)"
"(31, 1690)","(480, 250)"
"(130, 2050)","(560, 180)"
"(49, 2290)","(550, 180)"
"(316, 2340)","(610, 100)"
"(58, 2410)","(570, 170)"
"(277, 2160)","(620, 130)"
"(346, 1770)","(600, 130)"
"(352, 2320)","(630, 90)"
"(7, 2320)","(550, 190)"
"(214, 2490)","(590, 120)"
"(139, 1630)","(510, 230)"
"(121, 2380)","(590, 160)"
"(385, 2580)","(650, 70)"
"(307, 2060)","(600, 120)"
"(352, 1950)","(600, 110)"
"(364, 1810)","(620, 120)"
"(40, 1760)","(500, 240)"
"(175, 2230)","(580, 150)"
"(385, 2450)","(670, 80)"
"(46, 2200)","(550, 190)"
"(235, 1400)","(510, 230)"
"(157, 1800)","(540, 200)"
"(22, 2520)","(570, 170)"
"(157, 1880)","(550, 190)"
"(199, 2300)","(590, 140)"
"(157, 1690)","(520, 210)"
"(259, 2150)","(590, 130)"
"(109, 2080)","(540, 180)"
"(133, 1930)","(540, 190)"
"(352, 2400)","(650, 90)"
"(13, 2140)","(530, 200)"
"(46, 2490)","(580, 170)"
"(364, 1630)","(610, 140)"
"(289, 1480)","(540, 190)"
"(178, 2420)","(600, 140)"
"(22, 2060)","(530, 210)"
"(271, 2510)","(640, 110)"
"(250, 2250)","(610, 130)"
"(199, 1890)","(550, 170)"
"(175, 2410)","(600, 140)"
"(13, 2110)","(540, 210)"
"(331, 1750)","(600, 140)"
"(106, 2200)","(550, 170)"
"(115, 2140)","(570, 180)"
"(283, 2260)","(630, 120)"
"(298, 2420)","(600, 100)"
"(136, 2230)","(560, 160)"
"(271, 2450)","(620, 110)"
"(187, 2260)","(600, 150)"
"(217, 2000)","(590, 160)"
"(286, 1660)","(580, 170)"
"(289, 1630)","(560, 170)"
"(340, 1490)","(580, 170)"
"(112, 2160)","(570, 180)"
"(70, 1630)","(490, 250)"
"(325, 2570)","(650, 90)"
"(34, 2090)","(530, 200)"
"(343, 1680)","(590, 140)"
"(232, 1750)","(560, 180)"
"(340, 2590)","(610, 80)"
"(121, 2030)","(560, 190)"
"(298, 1500)","(560, 190)"
"(112, 1850)","(540, 210)"
"(208, 2340)","(580, 130)"
"(70, 2560)","(590, 160)"
"(172, 2040)","(570, 170)"
"(148, 1530)","(490, 240)"
"(115, 2160)","(550, 170)"
"(316, 1560)","(580, 170)"
"(202, 1880)","(570, 180)"
"(205, 2060)","(590, 160)"
"(265, 2490)","(620, 110)"
"(286, 1780)","(590, 160)"
"(169, 1590)","(510, 220)"
"(343, 2050)","(620, 110)"
"(190, 2600)","(590, 120)"
"(64, 2350)","(560, 170)"
"(106, 1760)","(520, 220)"
"(178, 2270)","(590, 150)"
"(175, 1620)","(530, 220)"
"(274, 2320)","(630, 120)"
"(91, 2430)","(580, 160)"
"(127, 2090)","(570, 180)"
"(163, 1710)","(530, 210)"
"(229, 2480)","(610, 120)"
"(13, 1760)","(490, 250)"
"(187, 1530)","(520, 230)"
"(256, 1550)","(550, 200)"
"(37, 1690)","(480, 250)"
"(301, 2320)","(630, 110)"
"(118, 1430)","(470, 270)"
"(91, 2510)","(560, 150)"
"(355, 1770)","(620, 130)"
"(256, 2420)","(630, 120)"
"(331, 1830)","(600, 130)"
"(175, 2060)","(580, 170)"
"(49, 1820)","(510, 230)"
"(28, 2140)","(540, 200)"
"(100, 1730)","(520, 230)"
"(70, 2440)","(560, 160)"
"(298, 2300)","(620, 110)"
"(229, 2110)","(570, 140)"
"(178, 1650)","(520, 210)"
"(205, 1680)","(550, 200)"
"(13, 2230)","(550, 200)"
"(106, 2300)","(580, 170)"
"(16, 1480)","(450, 300)"
"(55, 2370)","(550, 170)"
"(271, 2340)","(630, 120)"
"(130, 2570)","(590, 140)"
"(157, 1940)","(550, 180)"
"(115, 2380)","(590, 160)"
"(196, 2270)","(580, 140)"
"(250, 1670)","(550, 180)"
"(19, 1460)","(430, 290)"
"(229, 2510)","(620, 120)"
"(325, 2050)","(630, 120)"
"(94, 1810)","(530, 220)"
"(79, 1900)","(520, 210)"
"(172, 1850)","(560, 190)"
"(340, 1750)","(610, 140)"
"(271, 2130)","(610, 130)"
"(139, 2190)","(580, 170)"
"(148, 1960)","(540, 180)"
"(37, 1900)","(510, 220)"
"(316, 1620)","(580, 160)"
"(283, 1680)","(580, 170)"
"(211, 1670)","(550, 200)"
"(322, 2430)","(650, 100)"
"(184, 1700)","(530, 200)"
"(4, 2460)","(560, 180)"
"(223, 1850)","(560, 170)"
"(283, 1660)","(570, 170)"
"(181, 2450)","(610, 140)"
"(244, 1860)","(570, 160)"
"(394, 2230)","(630, 80)"
"(64, 1820)","(520, 230)"
"(400, 1720)","(620, 110)"
"(190, 2060)","(570, 160)"
"(292, 1680)","(560, 160)"
"(376, 2070)","(650, 100)"
"(31, 2550)","(580, 170)"
"(130, 1740)","(530, 220)"
"(334, 2290)","(640, 100)"
"(175, 2040)","(580, 170)"
"(148, 1410)","(480, 270)"
"(70, 1850)","(520, 220)"
"(40, 1780)","(510, 240)"
"(85, 2040)","(530, 190)"
"(127, 2280)","(570, 160)"
"(85, 2130)","(560, 190)"
"(28, 1750)","(500, 250)"
"(79, 1910)","(530, 210)"
"(211, 2000)","(580, 160)"
"(64, 1460)","(450, 280)"
"(67, 2570)","(590, 160)"
"(154, 1700)","(520, 210)"
"(142, 2370)","(580, 150)"
"(307, 1560)","(560, 170)"
"(199, 2430)","(590, 130)"
"(322, 2020)","(610, 120)"
"(196, 2470)","(600, 130)"
"(91, 1910)","(540, 210)"
"(262, 1600)","(560, 190)"
"(277, 2000)","(610, 140)"
"(166, 2520)","(610, 140)"
"(265, 2300)","(610, 120)"
"(373, 2170)","(620, 90)"
"(1, 2550)","(550, 170)"
"(184, 2260)","(600, 150)"
"(310, 2080)","(610, 120)"
"(265, 2230)","(620, 130)"
"(37, 2010)","(530, 210)"
"(103, 1450)","(460, 270)"
"(157, 2000)","(570, 180)"
"(88, 2360)","(580, 170)"
"(316, 2060)","(620, 120)"
"(46, 1990)","(530, 210)"
"(55, 2230)","(540, 180)"
"(235, 1710)","(550, 180)"
"(112, 2540)","(600, 150)"
"(244, 1410)","(520, 230)"
"(373, 2280)","(660, 90)"
"(283, 2160)","(590, 120)"
"(253, 1520)","(530, 200)"
"(370, 2490)","(660, 80)"
"(34, 2350)","(560, 180)"
"(160, 1410)","(480, 260)"
"(190, 2550)","(620, 130)"
"(37, 2530)","(580, 170)"
"(376, 1960)","(610, 100)"
"(49, 1670)","(490, 250)"
"(13, 1690)","(480, 260)"
"(268, 1670)","(550, 170)"
"(178, 2280)","(600, 150)"
"(247, 1490)","(530, 210)"
"(82, 1820)","(520, 220)"
"(91, 1510)","(480, 270)"
"(1, 1680)","(470, 260)"
"(175, 2600)","(610, 130)"
"(220, 2430)","(620, 130)"
"(130, 1420)","(470, 270)"
"(337, 1470)","(560, 170)"
"(400, 2480)","(660, 70)"
"(193, 1420)","(500, 250)"
"(268, 1460)","(540, 210)"
"(343, 2240)","(640, 100)"
"(157, 1650)","(520, 220)"
"(277, 1990)","(600, 140)"
"(94, 2370)","(560, 160)"
"(280, 2350)","(600, 110)"
"(193, 2000)","(580, 170)"
"(109, 2370)","(580, 160)"
"(190, 2130)","(590, 160)"
"(76, 2220)","(560, 180)"
"(37, 2470)","(570, 170)"
"(235, 2440)","(610, 120)"
"(109, 2520)","(590, 150)"
"(10, 1820)","(500, 240)"
"(358, 1970)","(620, 110)"
"(247, 2220)","(600, 130)"
"(166, 1930)","(550, 180)"
"(67, 2400)","(570, 170)"
"(184, 2570)","(620, 130)"
"(208, 2240)","(590, 140)"
"(25, 1880)","(510, 230)"
"(160, 1480)","(500, 250)"
"(49, 1440)","(440, 290)"
"(199, 2600)","(600, 120)"
"(31, 2520)","(570, 170)"
"(193, 2150)","(570, 150)"
"(58, 1800)","(510, 230)"
"(103, 2220)","(550, 170)"
"(4, 1970)","(510, 220)"
"(64, 1400)","(450, 300)"
"(55, 1570)","(480, 270)"
"(250, 2240)","(610, 130)"
"(199, 1410)","(500, 250)"
"(226, 1880)","(580, 170)"
"(160, 2230)","(590, 160)"
"(148, 2120)","(570, 170)"
"(61, 2370)","(560, 170)"
"(334, 2540)","(660, 90)"
"(364, 2260)","(630, 90)"
"(67, 2070)","(550, 200)"
"(280, 2170)","(590, 120)"
"(283, 1480)","(550, 200)"
"(163, 2140)","(560, 160)"
"(28, 2280)","(560, 190)"
"(400, 2490)","(660, 70)"
"(145, 1750)","(530, 210)"
"(4, 2550)","(560, 170)"
"(235, 1620)","(530, 190)"
"(262, 2140)","(590, 130)"
"(307, 2220)","(610, 110)"
"(340, 1430)","(570, 180)"
"(7, 1430)","(420, 300)"
"(109, 2300)","(580, 170)"
"(286, 2110)","(620, 130)"
"(397, 1910)","(650, 100)"
"(280, 1470)","(540, 200)"
"(274, 1880)","(590, 150)"
"(364, 2020)","(600, 100)"
"(268, 2570)","(640, 110)"
"(175, 2240)","(580, 150)"
"(70, 1980)","(520, 200)"
"(343, 2210)","(630, 100)"
"(124, 2480)","(590, 150)"
"(394, 1690)","(630, 120)"
"(211, 1660)","(550, 200)"
"(52, 1400)","(440, 300)"
"(253, 1880)","(590, 160)"
"(118, 1590)","(490, 240)"
"(319, 2400)","(640, 100)"
"(283, 1890)","(570, 140)"
"(97, 1970)","(550, 200)"
"(265, 1610)","(540, 180)"
"(202, 1430)","(500, 240)"
"(379, 2560)","(620, 70)"
"(34, 1990)","(520, 210)"
"(79, 1620)","(490, 250)"
"(76, 2580)","(570, 150)"
"(67, 1700)","(500, 240)"
"(292, 2460)","(610, 100)"
"(385, 1480)","(600, 150)"
"(118, 2010)","(560, 190)"
"(337, 1620)","(580, 150)"
"(295, 1700)","(580, 160)"
"(376, 1700)","(590, 120)"
"(232, 2080)","(600, 150)"
"(34, 2450)","(560, 170)"
"(145, 2570)","(610, 140)"
"(139, 1740)","(520, 210)"
"(112, 2100)","(550, 180)"
"(364, 1460)","(580, 160)"
"(58, 2480)","(560, 160)"
"(148, 2190)","(560, 160)"
"(166, 2130)","(560, 160)"
"(70, 1770)","(510, 230)"
"(343, 2150)","(600, 100)"
"(34, 2600)","(570, 160)"
"(229, 2250)","(580, 130)"
"(190, 1540)","(520, 230)"
"(343, 1790)","(600, 130)"
"(133, 1920)","(540, 190)"
"(301, 2270)","(620, 110)"
"(217, 1790)","(560, 180)"
"(85, 2120)","(560, 190)"
"(238, 2070)","(600, 150)"
"(304, 1420)","(550, 200)"
"(262, 2600)","(640, 110)"
"(250, 1810)","(580, 170)"
"(160, 1920)","(540, 180)"
"(349, 2410)","(650, 90)"
"(337, 1520)","(560, 160)"
"(133, 1500)","(480, 250)"
"(187, 1820)","(560, 190)"
"(358, 2200)","(650, 100)"
"(37, 2070)","(520, 200)"
"(103, 1780)","(520, 220)"
"(244, 1540)","(530, 200)"
"(364, 2060)","(620, 100)"
"(226, 2190)","(600, 140)"
"(25, 2140)","(540, 200)"
"(238, 1620)","(540, 190)"
"(277, 1600)","(560, 180)"
"(250, 1640)","(560, 190)"
"(235, 2350)","(620, 130)"
"(67, 2520)","(580, 160)"
"(55, 1440)","(450, 290)"
"(292, 1810)","(590, 150)"
"(220, 1420)","(500, 230)"
"(337, 1760)","(610, 140)"
"(340, 2200)","(620, 100)"
"(34, 2530)","(580, 170)"
"(169, 1760)","(540, 200)"
"(289, 2260)","(630, 120)"
"(295, 2090)","(590, 120)"
"(319, 2060)","(620, 120)"
"(367, 2300)","(660, 90)"
"(352, 1490)","(580, 160)"
"(58, 1760)","(510, 240)"
"(223, 2530)","(620, 120)"
"(70, 1560)","(470, 260)"
"(100, 1650)","(500, 240)"
"(280, 2580)","(620, 100)"
"(40, 2190)","(540, 190)"
"(40, 1660)","(490, 260)"
"(205, 1430)","(510, 240)"
"(70, 1540)","(480, 270)"
"(223, 2210)","(600, 140)"
"(79, 2500)","(580, 160)"
"(175, 1680)","(530, 210)"
"(166, 1890)","(560, 190)"
"(280, 1840)","(580, 150)"
"(187, 2450)","(580, 130)"
"(214, 2520)","(600, 120)"
"(373, 2320)","(660, 90)"
"(259, 2330)","(610, 120)"
"(115, 2190)","(560, 170)"
"(253, 1690)","(570, 180)"
"(277, 1840)","(580, 150)"
"(274, 1820)","(590, 160)"
"(157, 2300)","(580, 150)"
"(118, 2290)","(560, 160)"
"(13, 1780)","(500, 250)"
"(286, 2410)","(640, 110)"
"(394, 2350)","(670, 80)"
"(400, 1470)","(610, 140)"
"(199, 2150)","(580, 150)"
"(205, 1490)","(520, 230)"
"(364, 1870)","(630, 120)"
"(148, 1400)","(480, 270)"
"(103, 1840)","(520, 210)"
"(103, 1770)","(520, 220)"
"(304, 1850)","(590, 140)"
"(256, 2240)","(620, 130)"
"(370, 1460)","(590, 160)"
"(361, 1670)","(580, 130)"
"(97, 2400)","(570, 160)"
"(109, 2270)","(580, 170)"
"(61, 2500)","(560, 160)"
"(364, 1560)","(600, 150)"
"(211, 1770)","(540, 180)"
"(262, 1620)","(540, 180)"
"(385, 1920)","(620, 100)"
"(13, 2200)","(550, 200)"
"(361, 1500)","(590, 160)"
"(370, 2250)","(650, 90)"
"(346, 1720)","(610, 140)"
"(1, 1920)","(510, 230)"
"(19, 1690)","(490, 260)"
"(61, 2340)","(550, 170)"
"(343, 1840)","(620, 130)"
"(88, 1820)","(520, 220)"
"(367, 1600)","(600, 140)"
"(214, 1420)","(510, 240)"
"(259, 1700)","(550, 170)"
"(118, 1650)","(500, 230)"
"(196, 1710)","(550, 200)"
"(397, 2160)","(620, 80)"
"(88, 2230)","(570, 180)"
"(289, 2410)","(640, 110)"
"(184, 2280)","(600, 150)"
"(280, 2120)","(620, 130)"
"(229, 1830)","(560, 170)"
"(22, 2530)","(570, 170)"
"(259, 2230)","(620, 130)"
"(49, 2150)","(540, 190)"
"(115, 1810)","(520, 210)"
"(364, 2370)","(660, 90)"
"(154, 1630)","(510, 220)"
"(178, 1930)","(570, 180)"
"(28, 1840)","(500, 230)"
"(82, 1800)","(510, 220)"
"(82, 2080)","(540, 190)"
"(283, 2430)","(640, 110)"
"(112, 1770)","(530, 220)"
"(283, 2490)","(640, 110)"
"(70, 2180)","(560, 190)"
"(349, 2480)","(660, 90)"
"(28, 1470)","(440, 290)"
"(367, 2110)","(650, 100)"
"(193, 1890)","(570, 180)"
"(211, 2160)","(600, 150)"
"(292, 2430)","(640, 110)"
"(274, 2110)","(600, 130)"
"(28, 1640)","(470, 260)"
"(256, 2320)","(600, 120)"
"(400, 2320)","(670, 80)"
"(121, 1460)","(480, 270)"
"(67, 2420)","(580, 170)"
"(340, 1820)","(610, 130)"
"(148, 1980)","(550, 180)"
"(319, 2030)","(610, 120)"
"(373, 2420)","(640, 80)"
"(37, 1550)","(470, 280)"
"(139, 2370)","(580, 150)"
"(52, 2010)","(540, 210)"
"(202, 2150)","(590, 150)"
"(373, 2190)","(630, 90)"
"(169, 1580)","(520, 230)"
"(346, 1540)","(590, 160)"
"(136, 1890)","(550, 200)"
"(352, 1680)","(610, 140)"
"(382, 1830)","(620, 110)"
"(304, 1480)","(560, 190)"
"(301, 2510)","(640, 100)"
"(232, 1720)","(550, 180)"
"(43, 1920)","(520, 220)"
"(106, 2100)","(550, 180)"
"(388, 1720)","(630, 120)"
"(280, 2360)","(610, 110)"
"(340, 2010)","(600, 110)"
"(397, 1890)","(640, 100)"
"(241, 1710)","(560, 180)"
"(355, 2510)","(630, 80)"
"(7, 2010)","(520, 220)"
"(28, 2350)","(550, 180)"
"(301, 1710)","(590, 160)"
"(124, 2110)","(570, 180)"
"(361, 2000)","(640, 110)"
"(265, 2500)","(630, 110)"
"(304, 2350)","(640, 110)"
"(226, 2320)","(600, 130)"
"(28, 1800)","(500, 240)"
"(367, 2170)","(610, 90)"
"(88, 1630)","(500, 250)"
"(160, 2360)","(600, 150)"
"(184, 1680)","(540, 210)"
"(376, 1630)","(600, 130)"
"(82, 1900)","(530, 210)"
"(271, 1800)","(580, 160)"
"(343, 1700)","(600, 140)"
"(109, 1580)","(500, 250)"
"(187, 2380)","(600, 140)"
"(10, 1540)","(460, 290)"
"(388, 2010)","(650, 100)"
"(112, 1810)","(520, 210)"
"(346, 1600)","(590, 150)"
"(274, 2270)","(620, 120)"
"(205, 1990)","(560, 160)"
"(202, 1770)","(560, 190)"
"(244, 2170)","(610, 140)"
"(190, 2310)","(580, 140)"
"(31, 2490)","(570, 170)"
"(73, 1770)","(510, 230)"
"(112, 1610)","(500, 240)"
"(385, 1890)","(600, 100)"
"(391, 1650)","(600, 120)"
"(73, 2050)","(550, 200)"
"(283, 1900)","(580, 140)"
"(148, 2380)","(590, 150)"
"(55, 1480)","(450, 280)"
"(31, 2260)","(550, 190)"
"(109, 1710)","(520, 230)"
"(307, 2260)","(620, 110)"
"(76, 1970)","(520, 200)"
"(34, 2070)","(520, 200)"
"(253, 1670)","(560, 180)"
"(241, 1480)","(530, 220)"
"(187, 2180)","(570, 150)"
"(79, 1710)","(510, 240)"
"(157, 2390)","(600, 150)"
"(31, 2250)","(550, 190)"
"(376, 2060)","(650, 100)"
"(268, 1870)","(570, 150)"
"(286, 2070)","(610, 130)"
"(103, 2400)","(580, 160)"
"(136, 2550)","(590, 140)"
"(169, 1990)","(550, 170)"
"(223, 1570)","(540, 210)"
"(1, 2310)","(540, 190)"
"(265, 1550)","(540, 190)"
"(229, 2500)","(620, 120)"
"(343, 2070)","(630, 110)"
"(235, 2570)","(590, 110)"
"(100, 1610)","(500, 250)"
"(52, 1810)","(510, 230)"
"(379, 1420)","(590, 160)"
"(106, 1790)","(530, 220)"
"(391, 2350)","(670, 80)"
"(235, 1980)","(570, 150)"
"(244, 2000)","(590, 150)"
"(394, 2330)","(670, 80)"
"(43, 2100)","(540, 200)"
"(4, 2600)","(570, 170)"
"(34, 2220)","(540, 190)"
"(292, 2200)","(620, 120)"
"(76, 1760)","(510, 230)"
"(199, 1430)","(500, 240)"
"(289, 2320)","(610, 110)"
"(43, 1830)","(510, 230)"
"(175, 2490)","(580, 130)"
"(244, 1990)","(590, 150)"
"(241, 2410)","(610, 120)"
"(199, 2490)","(610, 130)"
"(127, 2160)","(560, 170)"
"(31, 2000)","(520, 210)"
"(43, 1970)","(520, 210)"
"(340, 2390)","(620, 90)"
"(19, 1440)","(420, 290)"
"(253, 2570)","(630, 110)"
"(370, 1490)","(580, 150)"
"(235, 2020)","(580, 150)"
"(307, 1690)","(590, 160)"
"(16, 1450)","(440, 300)"
"(1, 2280)","(530, 190)"
"(196, 1760)","(550, 190)"
"(1, 1890)","(510, 240)"
"(178, 2150)","(590, 160)"
"(346, 1590)","(590, 150)"
"(4, 2220)","(540, 200)"
"(328, 1600)","(590, 160)"
"(199, 1810)","(540, 180)"
"(331, 1440)","(560, 180)"
"(55, 1670)","(490, 250)"
"(208, 1860)","(570, 180)"
"(277, 2570)","(610, 100)"
"(268, 1990)","(590, 140)"
"(7, 2360)","(560, 190)"
"(226, 2070)","(590, 150)"
"(349, 2520)","(610, 80)"
"(154, 2070)","(560, 170)"
"(34, 1710)","(490, 250)"
"(355, 1750)","(610, 130)"
"(352, 1440)","(580, 170)"
"(1, 2130)","(540, 210)"
"(289, 2490)","(610, 100)"
"(76, 2030)","(550, 200)"
"(64, 1440)","(440, 280)"
"(259, 2310)","(600, 120)"
"(142, 1880)","(530, 190)"
"(85, 1620)","(500, 250)"
"(37, 1630)","(480, 260)"
"(271, 1980)","(590, 140)"
"(55, 2170)","(550, 190)"
"(169, 2100)","(560, 160)"
"(124, 1650)","(510, 230)"
"(280, 1900)","(600, 150)"
"(139, 2600)","(610, 140)"
"(70, 2000)","(530, 200)"
"(334, 1950)","(610, 120)"
"(253, 2330)","(600, 120)"
"(178, 2430)","(610, 140)"
"(121, 1710)","(510, 220)"
"(307, 1470)","(560, 190)"
"(301, 2440)","(620, 100)"
"(82, 1750)","(510, 230)"
"(181, 1630)","(520, 210)"
"(115, 2120)","(560, 180)"
"(76, 1960)","(540, 210)"
"(289, 1640)","(570, 170)"
"(394, 1930)","(650, 100)"
"(211, 1600)","(540, 210)"
"(109, 2030)","(550, 190)"
"(52, 1590)","(470, 260)"
"(115, 1830)","(530, 210)"
"(133, 2470)","(600, 150)"
"(262, 2330)","(620, 120)"
"(301, 1700)","(590, 160)"
"(94, 2560)","(580, 150)"
"(118, 2120)","(570, 180)"
"(220, 1950)","(570, 160)"
"(376, 2330)","(620, 80)"
"(91, 1580)","(480, 250)"
"(352, 2390)","(650, 90)"
"(346, 2520)","(660, 90)"
"(169, 1450)","(490, 250)"
"(310, 2150)","(630, 120)"
"(130, 2420)","(580, 150)"
"(196, 2440)","(590, 130)"
"(10, 2520)","(550, 170)"
"(298, 2350)","(640, 110)"
"(184, 2300)","(570, 140)"
"(373, 2230)","(650, 90)"
"(379, 2580)","(630, 70)"
"(334, 1930)","(600, 120)"
"(124, 2560)","(580, 140)"
"(172, 2500)","(580, 130)"
"(88, 1690)","(510, 240)"
"(7, 2550)","(560, 170)"
"(397, 2510)","(660, 70)"
"(130, 1530)","(500, 250)"
"(280, 1990)","(610, 140)"
"(34, 1840)","(500, 230)"
"(154, 1920)","(560, 190)"
"(292, 1700)","(570, 160)"
"(31, 1560)","(470, 280)"
"(76, 2450)","(570, 160)"
"(175, 1430)","(490, 250)"
"(379, 1760)","(630, 120)"
"(274, 1780)","(580, 160)"
"(340, 2320)","(650, 100)"
"(262, 2110)","(580, 130)"
"(58, 1540)","(470, 270)"
"(259, 2120)","(580, 130)"
"(214, 1680)","(530, 190)"
"(88, 1810)","(520, 220)"
"(202, 2240)","(580, 140)"
"(241, 1810)","(570, 170)"
"(400, 2020)","(640, 90)"
"(193, 1400)","(490, 250)"
"(184, 2380)","(600, 140)"
"(103, 1640)","(500, 240)"
"(361, 1490)","(590, 160)"
"(337, 2270)","(640, 100)"
"(181, 1850)","(560, 190)"
"(316, 1670)","(590, 160)"
"(232, 1940)","(580, 160)"
"(388, 2540)","(640, 70)"
"(4, 2000)","(520, 220)"
"(208, 1420)","(500, 240)"
"(145, 2320)","(570, 150)"
"(214, 1660)","(550, 200)"
"(115, 2020)","(560, 190)"
"(121, 2310)","(570, 160)"
"(178, 2400)","(600, 140)"
"(178, 1890)","(550, 180)"
"(265, 1460)","(540, 210)"
"(211, 1610)","(540, 210)"
"(262, 2570)","(640, 110)"
"(73, 1830)","(510, 220)"
"(169, 2600)","(600, 130)"
"(244, 1950)","(570, 150)"
"(265, 2020)","(590, 140)"
"(190, 1950)","(560, 170)"
"(373, 1850)","(610, 110)"
"(373, 2510)","(670, 80)"
"(139, 1780)","(540, 210)"
"(115, 2550)","(600, 150)"
"(358, 1730)","(610, 130)"
"(277, 1720)","(580, 170)"
"(232, 1460)","(520, 220)"
"(13, 1850)","(510, 240)"
"(241, 2020)","(590, 150)"
"(85, 1690)","(510, 240)"
"(115, 1570)","(500, 250)"
"(103, 2160)","(570, 180)"
"(307, 1510)","(560, 180)"
"(325, 1870)","(600, 130)"
"(355, 1930)","(600, 110)"
"(79, 1610)","(490, 250)"
"(382, 1650)","(620, 130)"
"(109, 2190)","(550, 170)"
"(157, 2100)","(580, 170)"
"(214, 1890)","(570, 170)"
"(37, 1870)","(520, 230)"
"(376, 1970)","(610, 100)"
"(277, 1480)","(550, 200)"
"(4, 2580)","(570, 170)"
"(28, 2260)","(550, 190)"
"(127, 1730)","(530, 220)"
"(73, 1410)","(450, 290)"
"(244, 2110)","(590, 140)"
"(343, 2540)","(660, 90)"
"(319, 2150)","(610, 110)"
"(382, 2320)","(630, 80)"
"(226, 2110)","(600, 150)"
"(76, 2380)","(580, 170)"
"(43, 1690)","(490, 250)"
"(139, 1880)","(550, 200)"
"(139, 1640)","(520, 230)"
"(280, 1600)","(560, 180)"
"(262, 1660)","(570, 180)"
"(361, 2320)","(650, 90)"
"(22, 1750)","(500, 250)"
"(58, 1690)","(500, 250)"
"(232, 1800)","(560, 170)"
"(349, 1500)","(580, 160)"
"(217, 1750)","(540, 180)"
"(280, 1550)","(560, 190)"
"(145, 2530)","(590, 140)"
"(331, 2210)","(600, 100)"
"(118, 2070)","(550, 180)"
"(49, 2030)","(540, 210)"
"(157, 1760)","(520, 200)"
"(358, 1680)","(580, 130)"
"(160, 1970)","(560, 180)"
"(160, 2470)","(600, 140)"
"(25, 2280)","(560, 190)"
"(49, 1840)","(520, 230)"
"(355, 1520)","(590, 160)"
"(28, 1790)","(500, 240)"
"(25, 2560)","(580, 170)"
"(337, 2020)","(600, 110)"
"(211, 2050)","(590, 160)"
"(274, 1790)","(590, 160)"
"(22, 1650)","(470, 260)"
"(178, 2480)","(580, 130)"
"(130, 2000)","(560, 190)"
"(73, 1630)","(490, 250)"
"(112, 1860)","(540, 210)"
"(133, 1780)","(530, 210)"
"(94, 2040)","(540, 190)"
"(301, 1910)","(610, 140)"
"(136, 2060)","(570, 180)"
"(10, 1410)","(430, 310)"
"(163, 2380)","(570, 140)"
"(172, 1910)","(550, 180)"
"(316, 1530)","(560, 170)"
"(97, 1840)","(520, 210)"
"(199, 2570)","(590, 120)"
"(241, 2110)","(590, 140)"
"(187, 1440)","(490, 240)"
"(28, 2170)","(550, 200)"
"(355, 2240)","(650, 100)"
"(124, 2250)","(580, 170)"
"(163, 2050)","(560, 170)"
"(43, 1410)","(440, 300)"
"(166, 1810)","(530, 190)"
"(115, 1490)","(480, 260)"
"(364, 1680)","(600, 130)"
"(196, 1810)","(540, 180)"
"(103, 2580)","(600, 150)"
"(211, 2560)","(610, 120)"
"(196, 2490)","(610, 130)"
"(235, 2040)","(590, 150)"
"(313, 1710)","(580, 150)"
"(157, 2410)","(570, 140)"
"(343, 1940)","(630, 120)"
"(202, 1690)","(550, 200)"
"(115, 1980)","(540, 190)"
"(400, 1960)","(610, 90)"
"(133, 1680)","(510, 220)"
"(397, 1650)","(620, 120)"
"(274, 2160)","(620, 130)"
"(100, 1420)","(460, 280)"
"(130, 1790)","(530, 210)"
"(7, 2260)","(530, 190)"
"(82, 2280)","(550, 170)"
"(19, 2480)","(550, 170)"
"(70, 1780)","(510, 230)"
"(163, 1630)","(520, 220)"
"(118, 2380)","(590, 160)"
"(163, 1480)","(500, 250)"
"(10, 1660)","(480, 270)"
"(388, 1890)","(610, 100)"
"(259, 1990)","(570, 140)"
"(349, 1870)","(610, 120)"
"(271, 2390)","(600, 110)"
"(91, 1970)","(540, 200)"
"(187, 1690)","(530, 200)"
"(316, 1580)","(580, 170)"
"(220, 2000)","(590, 160)"
"(43, 2350)","(570, 180)"
"(340, 2250)","(640, 100)"
"(286, 2280)","(630, 120)"
"(40, 2220)","(550, 190)"
"(301, 1800)","(600, 150)"
"(160, 1540)","(510, 240)"
"(139, 1810)","(530, 200)"
"(199, 1600)","(520, 210)"
"(244, 2280)","(610, 130)"
"(178, 2200)","(570, 150)"
"(79, 1430)","(460, 290)"
"(388, 2120)","(650, 90)"
"(319, 1860)","(580, 130)"
"(202, 1950)","(580, 170)"
"(148, 2050)","(570, 180)"
"(196, 1650)","(520, 200)"
"(31, 2340)","(550, 180)"
"(379, 1400)","(580, 160)"
"(232, 1910)","(570, 160)"
"(4, 1470)","(440, 300)"
"(379, 1940)","(610, 100)"
"(142, 2040)","(570, 180)"
"(151, 1700)","(530, 220)"
"(178, 2170)","(590, 160)"
"(247, 1710)","(570, 180)"
"(142, 1870)","(550, 200)"
"(238, 2160)","(600, 140)"
"(148, 2510)","(590, 140)"
"(127, 2170)","(570, 170)"
"(259, 1490)","(540, 210)"
"(25, 2250)","(550, 190)"
"(64, 1790)","(510, 230)"
"(301, 2080)","(600, 120)"
"(106, 1830)","(520, 210)"
"(139, 2030)","(560, 180)"
"(157, 1850)","(540, 190)"
"(67, 1890)","(530, 220)"
"(208, 2490)","(620, 130)"
"(40, 1870)","(520, 230)"
"(172, 1500)","(510, 240)"
"(136, 2590)","(600, 140)"
"(22, 2360)","(550, 180)"
"(238, 2220)","(580, 130)"
"(133, 2330)","(590, 160)"
"(139, 1400)","(470, 270)"
"(235, 2370)","(620, 130)"
"(334, 2180)","(640, 110)"
"(232, 1680)","(560, 190)"
"(1, 2540)","(550, 170)"
"(220, 2520)","(610, 120)"
"(283, 1510)","(550, 190)"
"(67, 2550)","(590, 160)"
"(37, 1820)","(500, 230)"
"(271, 1460)","(540, 210)"
"(262, 2360)","(630, 120)"
"(79, 1480)","(470, 280)"
"(304, 1610)","(580, 170)"
"(202, 1820)","(550, 180)"
"(220, 2310)","(590, 130)"
"(79, 2520)","(590, 160)"
"(199, 2160)","(580, 150)"
"(337, 2360)","(650, 100)"
"(334, 1630)","(580, 150)"
"(223, 2410)","(620, 130)"
"(277, 1920)","(570, 140)"
"(115, 2480)","(580, 150)"
"(244, 2100)","(590, 140)"
"(76, 1890)","(520, 210)"
"(376, 2390)","(640, 80)"
"(343, 2500)","(660, 90)"
"(241, 1800)","(570, 170)"
"(319, 2010)","(600, 120)"
"(49, 2560)","(570, 160)"
"(133, 2130)","(560, 170)"
"(157, 2420)","(580, 140)"
"(289, 2130)","(590, 120)"
"(268, 1580)","(560, 190)"
"(91, 1400)","(460, 290)"
"(247, 1590)","(530, 190)"
"(193, 1870)","(560, 180)"
"(340, 2130)","(640, 110)"
"(211, 2120)","(590, 150)"
"(130, 1830)","(520, 200)"
"(286, 1920)","(590, 140)"
"(337, 1980)","(630, 120)"
"(334, 2220)","(610, 100)"
"(178, 2220)","(580, 150)"
"(172, 2320)","(600, 150)"
"(199, 2510)","(620, 130)"
"(376, 1640)","(610, 130)"
"(139, 1730)","(520, 210)"
"(202, 2540)","(590, 120)"
"(349, 1420)","(560, 170)"
"(10, 2150)","(530, 200)"
"(397, 2010)","(630, 90)"
"(103, 1530)","(490, 260)"
"(106, 2000)","(540, 190)"
"(226, 2570)","(630, 120)"
"(88, 1590)","(480, 250)"
"(214, 1530)","(530, 220)"
"(64, 1940)","(530, 210)"
"(271, 1600)","(550, 180)"
"(22, 1890)","(510, 230)"
"(94, 1900)","(540, 210)"
"(91, 1890)","(530, 210)"
"(184, 1630)","(520, 210)"
"(34, 2150)","(550, 200)"
"(274, 2330)","(630, 120)"
"(130, 1720)","(530, 220)"
"(1, 2400)","(540, 180)"
"(115, 2080)","(550, 180)"
"(73, 1920)","(530, 210)"
"(145, 1950)","(560, 190)"
"(247, 2150)","(610, 140)"
"(277, 2230)","(610, 120)"
"(214, 1970)","(570, 160)"
"(349, 2300)","(610, 90)"
"(37, 2430)","(550, 170)"
"(169, 2520)","(580, 130)"
"(229, 1760)","(560, 180)"
"(298, 2280)","(610, 110)"
"(298, 2330)","(630, 110)"
"(148, 2240)","(580, 160)"
"(397, 1510)","(610, 140)"
"(184, 2460)","(580, 130)"
"(400, 1880)","(640, 100)"
"(361, 2250)","(620, 90)"
"(187, 2420)","(610, 140)"
"(397, 1680)","(630, 120)"
"(193, 1680)","(530, 200)"
"(235, 2280)","(600, 130)"
"(106, 2230)","(560, 170)"
"(310, 2440)","(640, 100)"
"(97, 2540)","(580, 150)"
"(274, 1670)","(560, 170)"
"(319, 2550)","(630, 90)"
"(52, 2060)","(530, 200)"
"(154, 1890)","(550, 190)"
"(328, 2300)","(630, 100)"
"(388, 2430)","(670, 80)"
"(304, 1980)","(610, 130)"
"(217, 2090)","(580, 150)"
"(34, 2360)","(560, 180)"
"(166, 1960)","(560, 180)"
"(49, 2510)","(580, 170)"
"(397, 1440)","(580, 140)"
"(367, 2600)","(670, 80)"
"(304, 2120)","(620, 120)"
"(169, 2500)","(610, 140)"
"(145, 2210)","(570, 160)"
"(349, 2180)","(630, 100)"
"(214, 2540)","(600, 120)"
"(298, 1890)","(600, 140)"
"(115, 1580)","(500, 250)"
"(160, 2390)","(570, 140)"
"(61, 1610)","(490, 260)"
"(337, 1810)","(600, 130)"
"(280, 2560)","(610, 100)"
"(235, 2460)","(610, 120)"
"(106, 2510)","(580, 150)"
"(241, 2420)","(610, 120)"
"(25, 2300)","(560, 190)"
"(136, 1780)","(530, 210)"
"(313, 1680)","(590, 160)"
"(16, 1580)","(470, 280)"
"(103, 2590)","(600, 150)"
"(382, 2120)","(630, 90)"
"(61, 1570)","(470, 260)"
"(391, 2010)","(610, 90)"
"(157, 1920)","(560, 190)"
"(91, 2110)","(560, 190)"
"(196, 2580)","(590, 120)"
"(205, 1950)","(580, 170)"
"(139, 2230)","(570, 160)"
"(397, 2550)","(670, 70)"
"(178, 2160)","(590, 160)"
"(304, 2400)","(610, 100)"
"(112, 1840)","(530, 210)"
"(400, 1670)","(630, 120)"
"(298, 1480)","(550, 190)"
"(61, 1840)","(510, 220)"
"(193, 2130)","(590, 160)"
"(88, 2290)","(560, 170)"
"(58, 2350)","(550, 170)"
"(106, 1730)","(520, 230)"
"(355, 1810)","(590, 120)"
"(352, 1930)","(630, 120)"
"(385, 2030)","(650, 100)"
"(250, 1860)","(580, 160)"
"(166, 2500)","(610, 140)"
"(394, 1410)","(590, 150)"
"(190, 2210)","(590, 150)"
"(142, 1990)","(550, 180)"
"(400, 2130)","(610, 80)"
"(268, 1400)","(530, 220)"
"(319, 1680)","(580, 150)"
"(43, 1630)","(480, 260)"
"(271, 1960)","(580, 140)"
"(58, 1480)","(460, 280)"
"(115, 1790)","(520, 210)"
"(1, 1980)","(510, 220)"
"(199, 2090)","(590, 160)"
"(157, 2040)","(550, 170)"
"(121, 2080)","(560, 180)"
"(295, 1820)","(600, 150)"
"(226, 2120)","(570, 140)"
"(13, 1770)","(500, 250)"
"(76, 2120)","(550, 190)"
"(289, 1710)","(570, 160)"
"(271, 1860)","(580, 150)"
"(247, 1640)","(560, 190)"
"(124, 2200)","(570, 170)"
"(94, 1860)","(520, 210)"
"(313, 2060)","(610, 120)"
"(127, 1690)","(510, 220)"
"(361, 1650)","(610, 140)"
"(121, 1980)","(550, 190)"
"(10, 1830)","(500, 240)"
"(31, 2280)","(560, 190)"
"(283, 2110)","(620, 130)"
"(250, 2430)","(630, 120)"
"(70, 1820)","(510, 220)"
"(226, 2130)","(570, 140)"
"(70, 2060)","(550, 200)"
"(133, 1520)","(490, 250)"
"(199, 2070)","(590, 160)"
"(304, 1740)","(580, 150)"
"(172, 1440)","(490, 250)"
"(187, 1640)","(530, 210)"
"(46, 2260)","(540, 180)"
"(313, 1900)","(590, 130)"
"(190, 1700)","(540, 200)"
"(199, 2360)","(610, 140)"
"(283, 2540)","(610, 100)"
"(388, 2380)","(670, 80)"
"(313, 1470)","(550, 180)"
"(256, 2480)","(600, 110)"
"(337, 1790)","(590, 130)"
"(355, 1470)","(570, 160)"
"(172, 2480)","(610, 140)"
"(205, 1770)","(560, 190)"
"(208, 2120)","(580, 150)"
"(202, 1520)","(510, 220)"
"(244, 2140)","(610, 140)"
"(4, 2420)","(550, 180)"
"(172, 2190)","(590, 160)"
"(352, 2300)","(620, 90)"
"(286, 1840)","(590, 150)"
"(130, 1660)","(520, 230)"
"(247, 2590)","(620, 110)"
"(214, 1740)","(560, 190)"
"(61, 2030)","(530, 200)"
"(331, 2170)","(640, 110)"
"(148, 2460)","(580, 140)"
"(250, 1800)","(580, 170)"
"(241, 2270)","(610, 130)"
"(181, 2440)","(610, 140)"
"(58, 2270)","(560, 180)"
"(49, 1960)","(520, 210)"
"(217, 1900)","(580, 170)"
"(145, 2090)","(560, 170)"
"(7, 2060)","(520, 210)"
"(22, 2480)","(550, 170)"
"(319, 1500)","(570, 180)"
"(64, 2280)","(560, 180)"
"(7, 2430)","(560, 180)"
"(22, 1790)","(490, 240)"
"(22, 2050)","(530, 210)"
"(376, 2050)","(650, 100)"
"(277, 2440)","(630, 110)"
"(139, 1570)","(510, 240)"
"(307, 1960)","(600, 130)"
"(316, 1990)","(590, 120)"
"(169, 2050)","(570, 170)"
"(205, 1460)","(500, 230)"
"(376, 1820)","(600, 110)"
"(268, 1650)","(570, 180)"
"(52, 1990)","(530, 210)"
"(376, 1900)","(640, 110)"
"(220, 2020)","(590, 160)"
"(121, 2450)","(580, 150)"
"(370, 2030)","(620, 100)"
"(43, 2340)","(560, 180)"
"(283, 2460)","(640, 110)"
"(376, 2020)","(640, 100)"
"(295, 2510)","(630, 100)"
"(130, 2300)","(580, 160)"
"(97, 1980)","(550, 200)"
"(97, 1510)","(470, 260)"
"(277, 2590)","(620, 100)"
"(85, 2580)","(580, 150)"
"(37, 2400)","(570, 180)"
"(343, 1690)","(600, 140)"
"(91, 1610)","(500, 250)"
"(217, 2430)","(620, 130)"
"(307, 1500)","(550, 180)"
"(400, 2340)","(670, 80)"
"(154, 1770)","(530, 200)"
"(4, 2320)","(550, 190)"
"(28, 1990)","(510, 210)"
"(160, 1780)","(540, 200)"
"(361, 2020)","(640, 110)"
"(391, 1400)","(580, 150)"
"(301, 2450)","(620, 100)"
"(295, 1470)","(540, 190)"
"(373, 2500)","(670, 80)"
"(94, 2210)","(570, 180)"
"(367, 1510)","(590, 150)"
"(124, 1550)","(500, 250)"
"(400, 1560)","(620, 130)"
"(55, 1950)","(520, 210)"
"(139, 1670)","(510, 220)"
"(211, 1730)","(550, 190)"
"(361, 2070)","(620, 100)"
"(76, 1770)","(510, 230)"
"(220, 2090)","(590, 150)"
"(370, 2410)","(630, 80)"
"(298, 2140)","(610, 120)"
"(316, 1870)","(580, 130)"
"(391, 1480)","(590, 140)"
"(241, 2190)","(610, 140)"
"(370, 1760)","(610, 120)"
"(82, 1490)","(460, 270)"
"(196, 1840)","(550, 180)"
"(313, 2360)","(610, 100)"
"(67, 2310)","(570, 180)"
"(382, 2130)","(630, 90)"
"(10, 1680)","(480, 260)"
"(34, 1980)","(510, 210)"
"(208, 1790)","(550, 180)"
"(160, 2070)","(570, 170)"
"(382, 2280)","(620, 80)"
"(97, 1830)","(530, 220)"
"(55, 1490)","(460, 280)"
"(400, 1710)","(610, 110)"
"(181, 1890)","(560, 180)"
"(397, 2270)","(660, 80)"
"(286, 1620)","(550, 170)"
"(1, 2050)","(530, 220)"
"(256, 1440)","(530, 220)"
"(394, 2140)","(660, 90)"
"(121, 1550)","(500, 250)"
"(163, 2420)","(580, 140)"
"(355, 1560)","(590, 150)"
"(316, 2330)","(610, 100)"
"(58, 2010)","(520, 200)"
"(337, 2560)","(660, 90)"
"(16, 2480)","(550, 170)"
"(133, 1700)","(520, 220)"
"(106, 1910)","(530, 200)"
"(355, 1780)","(620, 130)"
"(118, 2110)","(560, 180)"
"(1, 2450)","(560, 180)"
"(34, 2430)","(550, 170)"
"(43, 1900)","(510, 220)"
"(376, 2260)","(660, 90)"
"(217, 1830)","(570, 180)"
"(238, 2240)","(590, 130)"
"(112, 2410)","(590, 160)"
"(10, 1550)","(450, 280)"
"(298, 1760)","(580, 150)"
"(1, 2330)","(550, 190)"
"(91, 1600)","(490, 250)"
"(259, 2580)","(640, 110)"
"(277, 1660)","(560, 170)"
"(97, 1880)","(540, 210)"
"(400, 1690)","(600, 110)"
"(352, 1980)","(610, 110)"
"(241, 2130)","(600, 140)"
"(31, 1490)","(450, 290)"
"(265, 1480)","(530, 200)"
"(337, 2440)","(630, 90)"
"(253, 1780)","(580, 170)"
"(124, 2010)","(560, 190)"
"(61, 1910)","(510, 210)"
"(166, 2580)","(590, 130)"
"(196, 2550)","(620, 130)"
"(136, 1410)","(470, 270)"
"(25, 1440)","(440, 300)"
"(355, 2580)","(650, 80)"
"(106, 2400)","(580, 160)"
"(382, 1850)","(630, 110)"
"(130, 1670)","(520, 230)"
"(187, 2530)","(610, 130)"
"(88, 1830)","(530, 220)"
"(118, 2180)","(560, 170)"
"(130, 1460)","(480, 260)"
"(202, 2140)","(580, 150)"
"(328, 2390)","(650, 100)"
"(295, 2590)","(650, 100)"
"(166, 1500)","(500, 240)"
"(250, 1930)","(570, 150)"
"(328, 1530)","(580, 170)"
"(79, 1810)","(510, 220)"
"(361, 2280)","(630, 90)"
"(25, 1570)","(470, 280)"
"(376, 2230)","(660, 90)"
"(94, 1650)","(500, 240)"
"(202, 1470)","(500, 230)"
"(172, 1400)","(490, 260)"
"(253, 1860)","(580, 160)"
"(343, 1560)","(590, 160)"
"(316, 2560)","(620, 90)"
"(127, 2210)","(580, 170)"
"(259, 2480)","(610, 110)"
"(28, 2210)","(540, 190)"
"(10, 1950)","(520, 230)"
"(4, 1550)","(460, 290)"
"(1, 2150)","(540, 210)"
"(31, 1840)","(500, 230)"
"(400, 1920)","(650, 100)"
"(235, 2500)","(630, 120)"
"(52, 1860)","(510, 220)"
"(211, 2380)","(600, 130)"
"(379, 1770)","(630, 120)"
"(31, 1710)","(490, 250)"
"(94, 1400)","(460, 290)"
"(124, 2590)","(590, 140)"
"(217, 1880)","(570, 170)"
"(160, 2280)","(570, 150)"
"(364, 1740)","(620, 130)"
"(370, 1730)","(590, 120)"
"(34, 2250)","(550, 190)"
"(256, 2040)","(590, 140)"
"(229, 1470)","(520, 220)"
"(232, 2580)","(590, 110)"
"(346, 2100)","(640, 110)"
"(253, 2190)","(600, 130)"
"(262, 2430)","(600, 110)"
"(358, 1690)","(590, 130)"
"(103, 1900)","(520, 200)"
"(79, 1990)","(530, 200)"
"(385, 1460)","(600, 150)"
"(52, 2480)","(580, 170)"
"(70, 2120)","(550, 190)"
"(184, 2240)","(590, 150)"
"(271, 1820)","(590, 160)"
"(16, 1700)","(490, 260)"
"(397, 2260)","(660, 80)"
"(43, 1720)","(500, 250)"
"(139, 2310)","(590, 160)"
"(142, 1610)","(510, 230)"
"(235, 2580)","(600, 110)"
"(385, 1860)","(640, 110)"
"(61, 1760)","(510, 240)"
"(73, 2480)","(570, 160)"
"(394, 1520)","(580, 130)"
"(175, 2390)","(590, 140)"
"(148, 1730)","(530, 210)"
"(259, 2440)","(590, 110)"
"(379, 2280)","(610, 80)"
"(205, 2010)","(570, 160)"
"(142, 2580)","(610, 140)"
"(274, 2530)","(640, 110)"
"(370, 2280)","(660, 90)"
"(55, 1760)","(510, 240)"
"(4, 2440)","(560, 180)"
"(10, 1460)","(440, 300)"
"(400, 2510)","(670, 70)"
"(208, 1410)","(500, 240)"
"(250, 1720)","(570, 180)"
"(361, 1960)","(630, 110)"
"(334, 2350)","(650, 100)"
"(145, 2240)","(580, 160)"
"(337, 1890)","(590, 120)"
"(124, 1460)","(470, 260)"
"(295, 2240)","(590, 110)"
"(328, 1830)","(590, 130)"
"(382, 1600)","(600, 130)"
"(271, 1440)","(540, 210)"
"(154, 2150)","(560, 160)"
"(247, 1500)","(540, 210)"
"(370, 2170)","(620, 90)"
"(400, 1660)","(630, 120)"
"(352, 2190)","(640, 100)"
"(19, 1630)","(480, 270)"
"(7, 1960)","(520, 230)"
"(88, 2050)","(540, 190)"
"(37, 1410)","(430, 300)"
"(331, 2320)","(640, 100)"
"(148, 2270)","(590, 160)"
"(145, 1600)","(510, 230)"
"(202, 2280)","(590, 140)"
"(277, 2120)","(610, 130)"
"(220, 1450)","(520, 230)"
"(115, 2510)","(590, 150)"
"(400, 1810)","(610, 100)"
"(133, 1480)","(490, 260)"
"(58, 2150)","(540, 190)"
"(295, 2490)","(620, 100)"
"(220, 1890)","(580, 170)"
"(157, 2310)","(580, 150)"
"(214, 1520)","(530, 220)"
"(169, 2040)","(570, 170)"
"(286, 2520)","(610, 100)"
"(154, 1650)","(520, 220)"
"(127, 1560)","(490, 240)"
"(352, 2350)","(640, 90)"
"(115, 1640)","(510, 240)"
"(184, 2480)","(590, 130)"
"(40, 2500)","(580, 170)"
"(163, 2100)","(580, 170)"
"(298, 1770)","(580, 150)"
"(40, 2270)","(560, 190)"
"(358, 2290)","(630, 90)"
"(277, 2370)","(600, 110)"
"(367, 1740)","(590, 120)"
"(193, 2530)","(620, 130)"
"(316, 1680)","(570, 150)"
"(385, 1950)","(630, 100)"
"(205, 2350)","(610, 140)"
"(292, 1760)","(570, 150)"
"(331, 1930)","(590, 120)"
"(172, 1670)","(530, 210)"
"(97, 2270)","(570, 170)"
"(223, 1540)","(520, 210)"
"(334, 1450)","(570, 180)"
"(163, 1570)","(510, 230)"
"(4, 2130)","(540, 210)"
"(316, 1720)","(590, 150)"
"(223, 2260)","(610, 140)"
"(157, 2580)","(580, 130)"
"(370, 2440)","(640, 80)"
"(58, 1890)","(520, 220)"
"(52, 2040)","(530, 200)"
"(388, 1520)","(610, 140)"
"(298, 2040)","(620, 130)"
"(34, 1770)","(500, 240)"
"(79, 1790)","(520, 230)"
"(118, 1920)","(550, 200)"
"(40, 1670)","(480, 250)"
"(145, 2050)","(570, 180)"
"(196, 2200)","(600, 150)"
"(214, 1550)","(520, 210)"
"(124, 1930)","(530, 190)"
"(385, 2190)","(660, 90)"
"(385, 2210)","(660, 90)"
"(1, 1430)","(430, 310)"
"(37, 1580)","(470, 270)"
"(28, 1550)","(470, 280)"
"(31, 1510)","(460, 290)"
"(133, 2420)","(590, 150)"
"(400, 2570)","(680, 70)"
"(289, 2390)","(630, 110)"
"(343, 2370)","(620, 90)"
"(28, 1780)","(500, 240)"
"(16, 1490)","(440, 290)"
"(241, 2070)","(570, 140)"
"(124, 2510)","(600, 150)"
"(262, 1610)","(560, 190)"
"(220, 2540)","(610, 120)"
"(265, 2370)","(630, 120)"
"(220, 2120)","(600, 150)"
"(241, 2180)","(610, 140)"
"(178, 1510)","(510, 240)"
"(142, 1590)","(500, 230)"
"(136, 1800)","(540, 210)"
"(316, 2250)","(640, 110)"
"(217, 1950)","(560, 160)"
"(364, 1570)","(580, 140)"
"(55, 2290)","(560, 180)"
"(82, 2230)","(570, 180)"
"(316, 2220)","(630, 110)"
"(283, 2100)","(620, 130)"
"(331, 2280)","(630, 100)"
"(190, 1520)","(520, 230)"
"(223, 2080)","(590, 150)"
"(1, 2030)","(530, 220)"
"(313, 2300)","(640, 110)"
"(106, 1500)","(470, 260)"
"(4, 1420)","(430, 310)"
"(34, 1450)","(450, 300)"
"(319, 1580)","(560, 160)"
"(178, 1550)","(520, 230)"
"(361, 2470)","(630, 80)"
"(145, 2600)","(610, 140)"
"(205, 1590)","(530, 210)"
"(100, 1560)","(480, 250)"
"(283, 1440)","(530, 200)"
"(181, 1550)","(520, 230)"
"(394, 2060)","(640, 90)"
"(226, 2000)","(590, 160)"
"(400, 1590)","(600, 120)"
"(319, 1890)","(600, 130)"
"(109, 1540)","(480, 250)"
"(238, 1950)","(590, 160)"
"(199, 2400)","(580, 130)"
"(124, 2070)","(560, 180)"
"(346, 2200)","(630, 100)"
"(163, 1760)","(530, 200)"
"(100, 1700)","(510, 230)"
"(49, 1550)","(470, 270)"
"(196, 2240)","(600, 150)"
"(310, 1550)","(560, 170)"
"(349, 1980)","(610, 110)"
"(127, 1940)","(540, 190)"
"(22, 2560)","(580, 170)"
"(22, 1490)","(450, 290)"
"(49, 1900)","(520, 220)"
"(232, 2130)","(580, 140)"
"(253, 2470)","(590, 110)"
"(163, 2540)","(580, 130)"
"(103, 1610)","(490, 240)"
"(226, 2170)","(590, 140)"
"(208, 1780)","(540, 180)"
"(223, 1520)","(530, 220)"
"(289, 2020)","(590, 130)"
"(133, 1870)","(540, 200)"
"(265, 2600)","(600, 100)"
"(337, 1660)","(600, 150)"
"(82, 2010)","(550, 200)"
"(124, 1630)","(500, 230)"
"(64, 1410)","(450, 300)"
"(211, 2260)","(600, 140)"
"(364, 2380)","(660, 90)"
"(124, 1560)","(500, 250)"
"(106, 2250)","(570, 170)"
"(64, 1590)","(480, 260)"
"(340, 2530)","(660, 90)"
"(382, 2430)","(670, 80)"
"(202, 1940)","(570, 170)"
"(109, 1450)","(470, 270)"
"(346, 1760)","(600, 130)"
"(10, 2560)","(570, 170)"
"(10, 2420)","(560, 180)"
"(373, 1900)","(630, 110)"
"(340, 1530)","(570, 160)"
"(145, 2420)","(600, 150)"
"(370, 1550)","(580, 140)"
"(364, 2110)","(640, 100)"
"(325, 2080)","(590, 110)"
"(184, 1780)","(540, 190)"
"(142, 2550)","(600, 140)"
"(193, 1960)","(570, 170)"
"(388, 2240)","(620, 80)"
"(268, 2510)","(630, 110)"
"(100, 2060)","(560, 190)"
"(127, 1740)","(530, 220)"
"(163, 2280)","(580, 150)"
"(199, 2480)","(610, 130)"
"(19, 1520)","(460, 290)"
"(205, 1790)","(540, 180)"
"(46, 2480)","(580, 170)"
"(85, 2180)","(550, 180)"
"(307, 2270)","(630, 110)"
"(388, 1440)","(600, 150)"
"(103, 2290)","(580, 170)"
"(19, 2190)","(550, 200)"
"(268, 1500)","(540, 200)"
"(52, 2050)","(530, 200)"
"(310, 2130)","(630, 120)"
"(379, 2450)","(670, 80)"
"(28, 2430)","(570, 180)"
"(289, 2430)","(640, 110)"
"(52, 2370)","(550, 170)"
"(151, 2490)","(590, 140)"
"(37, 1470)","(450, 290)"
"(211, 1880)","(560, 170)"
"(136, 2420)","(590, 150)"
"(19, 1810)","(500, 240)"
"(196, 2400)","(580, 130)"
"(358, 2280)","(630, 90)"
"(157, 1710)","(530, 210)"
"(325, 1630)","(590, 160)"
"(373, 1860)","(610, 110)"
"(40, 2020)","(530, 210)"
"(346, 1460)","(580, 170)"
"(163, 2490)","(610, 140)"
"(82, 1680)","(500, 240)"
"(124, 1900)","(550, 200)"
"(316, 1910)","(600, 130)"
"(43, 1980)","(520, 210)"
"(379, 1640)","(610, 130)"
"(199, 2050)","(580, 160)"
"(19, 2570)","(580, 170)"
"(268, 1750)","(580, 170)"
"(262, 1550)","(540, 190)"
"(370, 2470)","(650, 80)"
"(118, 1750)","(530, 220)"
"(25, 2590)","(580, 170)"
"(226, 1600)","(540, 200)"
"(214, 1710)","(550, 190)"
"(226, 1950)","(580, 160)"
"(58, 1730)","(500, 240)"
"(1, 2410)","(540, 180)"
"(160, 2450)","(590, 140)"
"(235, 1550)","(540, 210)"
"(352, 2000)","(620, 110)"
"(172, 2270)","(590, 150)"
"(1, 1960)","(520, 230)"
"(61, 2080)","(550, 200)"
"(235, 1760)","(570, 180)"
"(232, 2330)","(610, 130)"
"(79, 1970)","(530, 200)"
"(361, 1840)","(620, 120)"
"(382, 1710)","(610, 120)"
"(304, 2080)","(600, 120)"
"(124, 2430)","(580, 150)"
"(232, 2120)","(580, 140)"
"(46, 1400)","(430, 300)"
"(355, 1950)","(610, 110)"
"(166, 2410)","(580, 140)"
"(259, 1920)","(580, 150)"
"(208, 1660)","(540, 200)"
"(313, 2310)","(640, 110)"
"(205, 2130)","(580, 150)"
"(109, 1740)","(510, 220)"
"(367, 2590)","(670, 80)"
"(58, 2130)","(540, 190)"
"(307, 2400)","(620, 100)"
"(304, 1450)","(550, 190)"
"(124, 1430)","(470, 270)"
"(124, 2420)","(570, 150)"
"(286, 2050)","(600, 130)"
"(127, 2110)","(570, 180)"
"(235, 1520)","(530, 210)"
"(160, 1600)","(520, 230)"
"(25, 1450)","(440, 300)"
"(1, 2380)","(560, 190)"
"(130, 2110)","(570, 180)"
"(22, 1550)","(460, 280)"
"(295, 2500)","(620, 100)"
"(157, 1950)","(550, 180)"
"(73, 2010)","(540, 200)"
"(274, 1640)","(570, 180)"
"(4, 1620)","(460, 270)"
"(142, 2240)","(570, 160)"
"(340, 2560)","(660, 90)"
"(82, 2040)","(550, 200)"
"(103, 1700)","(510, 230)"
"(124, 2230)","(580, 170)"
"(328, 2230)","(600, 100)"
"(172, 1790)","(550, 200)"
"(220, 2170)","(580, 140)"
"(67, 1430)","(450, 290)"
"(184, 2040)","(580, 170)"
"(328, 1750)","(590, 140)"
"(310, 2200)","(610, 110)"
"(337, 1570)","(590, 160)"
"(235, 2010)","(580, 150)"
"(190, 2020)","(580, 170)"
"(154, 1710)","(520, 210)"
"(232, 2530)","(630, 120)"
"(328, 2250)","(610, 100)"
"(196, 1730)","(530, 190)"
"(391, 2570)","(660, 70)"
"(10, 1650)","(480, 270)"
"(328, 2350)","(640, 100)"
"(280, 2240)","(620, 120)"
"(7, 2110)","(540, 210)"
"(283, 1590)","(560, 180)"
"(256, 1620)","(560, 190)"
"(358, 2390)","(660, 90)"
"(223, 1590)","(530, 200)"
"(52, 1620)","(480, 260)"
"(328, 1850)","(600, 130)"
"(127, 1580)","(500, 240)"
"(73, 2600)","(570, 150)"
"(55, 2500)","(560, 160)"
"(82, 2020)","(550, 200)"
"(43, 1670)","(480, 250)"
"(181, 2460)","(580, 130)"
"(100, 2430)","(590, 160)"
"(190, 1640)","(530, 210)"
"(298, 2160)","(620, 120)"
"(40, 1710)","(500, 250)"
"(58, 2600)","(590, 160)"
"(127, 2330)","(590, 160)"
"(163, 2130)","(560, 160)"
"(184, 2140)","(590, 160)"
"(133, 1860)","(540, 200)"
"(265, 1420)","(530, 220)"
"(352, 1400)","(570, 180)"
"(34, 2040)","(530, 210)"
"(346, 2470)","(660, 90)"
"(205, 2040)","(580, 160)"
"(16, 2410)","(560, 180)"
"(73, 1910)","(520, 210)"
"(322, 1400)","(550, 190)"
"(349, 2370)","(640, 90)"
"(328, 2190)","(640, 110)"
"(22, 1710)","(480, 250)"
"(4, 1540)","(460, 290)"
"(226, 1410)","(500, 230)"
"(31, 2600)","(560, 160)"
"(58, 2580)","(590, 160)"
"(142, 2540)","(590, 140)"
"(397, 1420)","(600, 150)"
"(349, 1860)","(600, 120)"
"(292, 2110)","(590, 120)"
"(259, 1910)","(580, 150)"
"(37, 2450)","(560, 170)"
"(274, 2190)","(620, 130)"
"(100, 2540)","(580, 150)"
"(19, 2210)","(550, 200)"
"(55, 2390)","(560, 170)"
"(394, 1880)","(620, 100)"
"(340, 2270)","(640, 100)"
"(259, 2110)","(610, 140)"
"(235, 1720)","(550, 180)"
"(148, 2220)","(570, 160)"
"(49, 1880)","(510, 220)"
"(232, 2210)","(610, 140)"
"(388, 2410)","(670, 80)"
"(400, 2260)","(670, 80)"
"(370, 1680)","(610, 130)"
"(244, 1730)","(570, 180)"
"(388, 2280)","(640, 80)"
"(256, 2230)","(620, 130)"
"(106, 1470)","(480, 270)"
"(19, 2490)","(550, 170)"
"(28, 2340)","(550, 180)"
"(25, 2000)","(510, 210)"
"(160, 1880)","(550, 190)"
"(223, 2360)","(610, 130)"
"(190, 1620)","(520, 210)"
"(343, 1880)","(600, 120)"
"(277, 1760)","(580, 160)"
"(268, 2080)","(580, 130)"
"(235, 1880)","(560, 160)"
"(253, 1620)","(560, 190)"
"(121, 2350)","(590, 160)"
"(73, 2220)","(550, 180)"
"(34, 1480)","(450, 290)"
"(178, 1790)","(540, 190)"
"(265, 2520)","(630, 110)"
"(7, 1890)","(500, 230)"
"(331, 2150)","(640, 110)"
"(37, 1750)","(490, 240)"
"(88, 2500)","(590, 160)"
"(364, 1790)","(610, 120)"
"(19, 1650)","(470, 260)"
"(235, 1490)","(530, 220)"
"(208, 2300)","(610, 140)"
"(190, 2340)","(600, 140)"
"(58, 2060)","(540, 200)"
"(250, 1920)","(570, 150)"
"(178, 2080)","(560, 160)"
"(382, 2490)","(670, 80)"
"(253, 1930)","(580, 150)"
"(103, 2080)","(560, 190)"
"(172, 1980)","(550, 170)"
"(157, 2080)","(570, 170)"
"(82, 2290)","(560, 170)"
"(16, 2600)","(580, 170)"
"(274, 2340)","(630, 120)"
"(88, 1680)","(510, 240)"
"(325, 1790)","(610, 140)"
"(49, 1690)","(500, 250)"
"(391, 2240)","(630, 80)"
"(295, 1430)","(550, 200)"
"(178, 2010)","(570, 170)"
"(1, 1540)","(440, 280)"
"(244, 2010)","(600, 150)"
"(148, 1420)","(470, 260)"
"(16, 2460)","(570, 180)"
"(223, 1820)","(550, 170)"
"(46, 1780)","(510, 240)"
"(145, 2550)","(600, 140)"
"(319, 1980)","(590, 120)"
"(388, 2100)","(640, 90)"
"(214, 1500)","(510, 220)"
"(202, 2460)","(610, 130)"
"(295, 2480)","(620, 100)"
"(157, 1980)","(560, 180)"
"(214, 2440)","(620, 130)"
"(364, 2390)","(610, 80)"
"(217, 2370)","(600, 130)"
"(115, 1960)","(530, 190)"
"(295, 1870)","(580, 140)"
"(85, 2340)","(580, 170)"
"(274, 2000)","(600, 140)"
"(181, 2380)","(600, 140)"
"(166, 2100)","(580, 170)"
"(223, 2470)","(600, 120)"
"(316, 1860)","(610, 140)"
"(124, 2470)","(590, 150)"
"(124, 1450)","(480, 270)"
"(352, 1530)","(590, 160)"
"(205, 1810)","(550, 180)"
"(262, 1700)","(550, 170)"
"(169, 1860)","(560, 190)"
"(190, 1530)","(520, 230)"
"(4, 1850)","(500, 240)"
"(124, 2210)","(580, 170)"
"(289, 2100)","(620, 130)"
"(232, 1410)","(510, 230)"
"(256, 2100)","(610, 140)"
"(52, 2350)","(570, 180)"
"(376, 2090)","(650, 100)"
"(265, 2250)","(590, 120)"
"(355, 2550)","(640, 80)"
"(58, 2560)","(580, 160)"
"(13, 1890)","(510, 230)"
"(73, 2250)","(560, 180)"
"(61, 2250)","(550, 180)"
"(295, 1450)","(550, 200)"
"(178, 1870)","(540, 180)"
"(91, 2590)","(590, 150)"
"(280, 1930)","(580, 140)"
"(373, 1730)","(600, 120)"
"(271, 2200)","(620, 130)"
"(16, 2030)","(490, 200)"
"(214, 2100)","(580, 150)"
"(256, 2390)","(630, 120)"
"(172, 1490)","(500, 240)"
"(49, 2020)","(540, 210)"
"(70, 2380)","(570, 170)"
"(295, 2060)","(620, 130)"
"(136, 1490)","(480, 250)"
"(46, 1950)","(510, 210)"
"(202, 1460)","(500, 230)"
"(391, 2090)","(640, 90)"
"(361, 1970)","(630, 110)"
"(343, 1710)","(610, 140)"
"(184, 1870)","(550, 180)"
"(307, 2530)","(650, 100)"
"(148, 2600)","(610, 140)"
"(133, 2090)","(570, 180)"
"(307, 2290)","(640, 110)"
"(145, 1820)","(540, 200)"
"(172, 2420)","(600, 140)"
"(97, 1940)","(530, 200)"
"(295, 1580)","(570, 180)"
"(79, 1560)","(480, 260)"
"(268, 1860)","(570, 150)"
"(10, 2130)","(540, 210)"
"(7, 1540)","(460, 290)"
"(118, 2230)","(580, 170)"
"(313, 2160)","(600, 110)"
"(34, 1570)","(460, 270)"
"(271, 1640)","(570, 180)"
"(127, 1440)","(480, 270)"
"(163, 1430)","(490, 260)"
"(322, 2050)","(630, 120)"
"(70, 1930)","(530, 210)"
"(214, 1460)","(510, 230)"
"(277, 1550)","(560, 190)"
"(61, 2510)","(570, 160)"
"(85, 1550)","(480, 260)"
"(223, 2030)","(570, 150)"
"(304, 1840)","(590, 140)"
"(286, 1890)","(580, 140)"
"(295, 1760)","(570, 150)"
"(25, 2540)","(570, 170)"
"(196, 1970)","(580, 170)"
"(133, 1490)","(490, 260)"
"(388, 2550)","(650, 70)"
"(301, 2260)","(610, 110)"
"(292, 2290)","(600, 110)"
"(220, 1980)","(580, 160)"
"(190, 1710)","(540, 200)"
"(142, 1890)","(540, 190)"
"(322, 1970)","(590, 120)"
"(166, 2340)","(600, 150)"
"(55, 1880)","(520, 220)"
"(388, 1880)","(610, 100)"
"(319, 1610)","(580, 160)"
"(175, 2070)","(580, 170)"
"(280, 1530)","(550, 190)"
"(16, 1400)","(410, 300)"
"(328, 1910)","(620, 130)"
"(331, 2160)","(640, 110)"
"(283, 1640)","(560, 170)"
"(367, 2460)","(640, 80)"
"(364, 1480)","(590, 160)"
"(28, 2370)","(560, 180)"
"(202, 2430)","(600, 130)"
"(70, 1880)","(530, 220)"
"(133, 1910)","(530, 190)"
"(55, 1430)","(440, 290)"
"(70, 1600)","(490, 260)"
"(25, 2210)","(530, 190)"
"(289, 2400)","(640, 110)"
"(118, 1640)","(500, 230)"
"(298, 1860)","(590, 140)"
"(19, 1500)","(450, 290)"
"(340, 2020)","(600, 110)"
"(106, 2270)","(580, 170)"
"(136, 1990)","(540, 180)"
"(184, 1540)","(520, 230)"
"(298, 2090)","(590, 120)"
"(37, 2550)","(580, 170)"
"(25, 2470)","(550, 170)"
"(4, 2110)","(530, 210)"
"(370, 2150)","(610, 90)"
"(31, 2200)","(530, 190)"
"(313, 2380)","(620, 100)"
"(157, 2220)","(590, 160)"
"(70, 2530)","(580, 160)"
"(394, 1640)","(610, 120)"
"(217, 2330)","(590, 130)"
"(37, 1640)","(480, 260)"
"(106, 2290)","(580, 170)"
"(76, 2250)","(570, 180)"
"(49, 1590)","(480, 270)"
"(400, 2200)","(640, 80)"
"(139, 1460)","(490, 260)"
"(358, 1920)","(600, 110)"
"(85, 2260)","(550, 170)"
"(118, 1850)","(540, 210)"
"(196, 2000)","(580, 170)"
"(85, 2470)","(580, 160)"
"(313, 2070)","(620, 120)"
"(7, 2470)","(570, 180)"
"(67, 1650)","(490, 250)"
"(124, 1770)","(520, 210)"
"(382, 1810)","(610, 110)"
"(352, 2560)","(630, 80)"
"(388, 1920)","(620, 100)"
"(82, 1860)","(530, 220)"
"(43, 1780)","(510, 240)"
"(205, 1860)","(570, 180)"
"(340, 2420)","(630, 90)"
"(52, 1510)","(470, 280)"
"(310, 1560)","(560, 170)"
"(319, 1750)","(570, 140)"
"(46, 1870)","(520, 230)"
"(181, 2160)","(590, 160)"
"(178, 1600)","(520, 220)"
"(298, 2450)","(610, 100)"
"(304, 1940)","(590, 130)"
"(298, 1990)","(600, 130)"
"(364, 1780)","(600, 120)"
"(283, 2220)","(610, 120)"
"(313, 1720)","(590, 150)"
"(316, 1750)","(600, 150)"
"(226, 1700)","(560, 190)"
"(1, 2430)","(550, 180)"
"(307, 1780)","(600, 150)"
"(157, 1550)","(510, 240)"
"(361, 2030)","(600, 100)"
"(253, 2050)","(590, 140)"
"(166, 2150)","(570, 160)"
"(94, 1480)","(470, 270)"
"(106, 2140)","(560, 180)"
"(145, 1900)","(540, 190)"
"(46, 2320)","(560, 180)"
"(289, 1590)","(570, 180)"
"(55, 1560)","(480, 270)"
"(52, 1910)","(530, 220)"
"(319, 1530)","(560, 170)"
"(4, 1740)","(480, 250)"
"(187, 1970)","(560, 170)"
"(211, 1850)","(570, 180)"
"(328, 1630)","(570, 150)"
"(70, 2290)","(570, 180)"
"(25, 2130)","(530, 200)"
"(112, 2230)","(570, 170)"
"(340, 2350)","(610, 90)"
"(70, 1890)","(510, 210)"
"(367, 2490)","(650, 80)"
"(256, 1470)","(530, 210)"
"(82, 1730)","(500, 230)"
"(34, 1860)","(510, 230)"
"(154, 1820)","(550, 200)"
"(61, 1820)","(520, 230)"
"(34, 2510)","(570, 170)"
"(346, 1530)","(590, 160)"
"(256, 1640)","(550, 180)"
"(256, 1710)","(550, 170)"
"(316, 1890)","(590, 130)"
"(319, 1790)","(590, 140)"
"(187, 2340)","(590, 140)"
"(211, 2320)","(610, 140)"
"(73, 2420)","(580, 170)"
"(292, 1740)","(590, 160)"
"(367, 1680)","(600, 130)"
"(322, 2440)","(650, 100)"
"(58, 1430)","(430, 280)"
"(358, 1770)","(620, 130)"
"(127, 2360)","(590, 160)"
"(202, 1680)","(540, 200)"
"(37, 1740)","(500, 250)"
"(199, 1460)","(510, 240)"
"(199, 1850)","(560, 180)"
"(247, 2320)","(620, 130)"
"(124, 2240)","(580, 170)"
"(52, 1640)","(490, 260)"
"(394, 1890)","(630, 100)"
"(100, 2010)","(540, 190)"
"(298, 1630)","(580, 170)"
"(76, 1420)","(450, 290)"
"(355, 2180)","(650, 100)"
"(352, 1990)","(620, 110)"
"(121, 1540)","(490, 250)"
"(163, 2520)","(610, 140)"
"(79, 2110)","(550, 190)"
"(31, 1920)","(510, 220)"
"(211, 1840)","(570, 180)"
"(82, 1440)","(450, 280)"
"(106, 1690)","(510, 230)"
"(190, 1740)","(550, 200)"
"(319, 1690)","(580, 150)"
"(295, 1880)","(590, 140)"
"(352, 2290)","(610, 90)"
"(1, 1750)","(480, 250)"
"(298, 2250)","(600, 110)"
"(340, 1690)","(590, 140)"
"(310, 2140)","(630, 120)"
"(46, 1560)","(470, 270)"
"(73, 2270)","(570, 180)"
"(34, 2500)","(570, 170)"
"(355, 2530)","(630, 80)"
"(385, 1740)","(630, 120)"
"(28, 1870)","(510, 230)"
"(160, 2090)","(580, 170)"
"(400, 2470)","(660, 70)"
"(217, 2410)","(620, 130)"
"(88, 1540)","(480, 260)"
"(115, 1760)","(530, 220)"
"(322, 1660)","(570, 150)"
"(400, 2070)","(660, 90)"
"(34, 1870)","(520, 230)"
"(385, 1680)","(600, 120)"
"(208, 2190)","(600, 150)"
"(187, 2540)","(610, 130)"
"(85, 2460)","(580, 160)"
"(130, 1820)","(540, 210)"
"(19, 1470)","(450, 300)"
"(217, 1480)","(520, 230)"
"(280, 1810)","(570, 150)"
"(61, 2310)","(570, 180)"
"(166, 2030)","(560, 170)"
"(328, 1480)","(550, 170)"
"(100, 2230)","(550, 170)"
"(298, 1580)","(550, 170)"
"(349, 2510)","(610, 80)"
"(70, 1990)","(530, 200)"
"(175, 2460)","(610, 140)"
"(160, 2030)","(550, 170)"
"(328, 1680)","(600, 150)"
"(25, 2020)","(520, 210)"
"(364, 2230)","(620, 90)"
"(154, 1440)","(490, 260)"
"(85, 2150)","(540, 180)"
"(157, 2600)","(590, 130)"
"(370, 2420)","(630, 80)"
"(199, 1800)","(540, 180)"
"(310, 1880)","(610, 140)"
"(307, 1870)","(610, 140)"
"(370, 1970)","(640, 110)"
"(124, 2020)","(560, 190)"
"(205, 1550)","(530, 220)"
"(40, 2470)","(570, 170)"
"(394, 1750)","(620, 110)"
"(379, 2320)","(620, 80)"
"(22, 2330)","(540, 180)"
"(49, 2250)","(540, 180)"
"(94, 2530)","(570, 150)"
"(235, 2030)","(590, 150)"
"(19, 2170)","(540, 200)"
"(31, 1820)","(510, 240)"
"(262, 2050)","(600, 140)"
"(34, 2570)","(560, 160)"
"(151, 1450)","(490, 260)"
"(265, 2240)","(590, 120)"
"(109, 2240)","(570, 170)"
"(379, 2490)","(670, 80)"
"(46, 1590)","(480, 270)"
"(277, 2290)","(630, 120)"
"(58, 1520)","(460, 270)"
"(13, 1830)","(500, 240)"
"(13, 2420)","(560, 180)"
"(190, 2420)","(580, 130)"
"(28, 1540)","(460, 280)"
"(154, 2500)","(600, 140)"
"(310, 1420)","(540, 190)"
"(322, 1720)","(600, 150)"
"(199, 2200)","(600, 150)"
"(187, 1890)","(560, 180)"
"(268, 2530)","(640, 110)"
"(76, 1500)","(460, 270)"
"(214, 1990)","(580, 160)"
"(316, 2440)","(650, 100)"
"(4, 2400)","(540, 180)"
"(199, 1990)","(580, 170)"
"(232, 2510)","(620, 120)"
"(346, 2320)","(610, 90)"
"(127, 2010)","(560, 190)"
"(106, 1660)","(510, 240)"
"(202, 1420)","(500, 240)"
"(250, 2510)","(600, 110)"
"(283, 1790)","(590, 160)"
"(97, 2250)","(560, 170)"
"(328, 2240)","(600, 100)"
"(172, 1710)","(540, 210)"
"(49, 1830)","(510, 230)"
"(367, 1670)","(600, 130)"
"(172, 1940)","(560, 180)"
"(25, 1600)","(470, 270)"
"(187, 2310)","(580, 140)"
"(274, 2200)","(590, 120)"
"(322, 2160)","(620, 110)"
"(145, 1930)","(560, 190)"
"(190, 1960)","(560, 170)"
"(289, 2300)","(600, 110)"
"(31, 2530)","(580, 170)"
"(118, 2170)","(550, 170)"
"(223, 2540)","(620, 120)"
"(355, 2090)","(610, 100)"
"(328, 1710)","(600, 150)"
"(19, 2320)","(560, 190)"
"(154, 1410)","(470, 260)"
"(52, 1470)","(460, 290)"
"(124, 1730)","(520, 220)"
"(322, 1920)","(620, 130)"
"(49, 2520)","(560, 160)"
"(379, 2480)","(670, 80)"
"(109, 1430)","(470, 280)"
"(58, 2180)","(550, 190)"
"(67, 1870)","(520, 220)"
"(358, 1800)","(600, 120)"
"(124, 1500)","(490, 260)"
"(91, 2330)","(580, 170)"
"(394, 1670)","(630, 120)"
"(40, 1610)","(470, 260)"
"(46, 2230)","(560, 190)"
"(97, 1780)","(520, 220)"
"(292, 1600)","(550, 170)"
"(82, 1530)","(480, 270)"
"(328, 2540)","(640, 90)"
"(67, 1830)","(510, 220)"
"(286, 1830)","(590, 150)"
"(319, 2000)","(600, 120)"
"(334, 1480)","(560, 170)"
"(388, 2320)","(650, 80)"
"(292, 1610)","(560, 170)"
"(127, 2490)","(600, 150)"
"(40, 2420)","(550, 170)"
"(217, 1650)","(550, 200)"
"(190, 1860)","(550, 180)"
"(226, 2450)","(590, 120)"
"(61, 2420)","(570, 170)"
"(388, 2310)","(650, 80)"
"(16, 2050)","(520, 210)"
"(241, 2360)","(590, 120)"
"(391, 2490)","(630, 70)"
"(388, 1910)","(620, 100)"
"(16, 1470)","(450, 300)"
"(274, 2460)","(630, 110)"
"(175, 2180)","(590, 160)"
"(67, 1840)","(510, 220)"
"(190, 1660)","(540, 210)"
"(343, 2040)","(620, 110)"
"(331, 1700)","(600, 150)"
"(391, 1960)","(650, 100)"
"(295, 1990)","(590, 130)"
"(103, 2320)","(580, 170)"
"(43, 2300)","(550, 180)"
"(211, 2440)","(620, 130)"
"(208, 1920)","(570, 170)"
"(151, 1580)","(500, 230)"
"(154, 1810)","(540, 200)"
"(88, 1620)","(500, 250)"
"(178, 2120)","(580, 160)"
"(37, 2150)","(550, 200)"
"(232, 2070)","(600, 150)"
"(223, 2170)","(580, 140)"
"(313, 1820)","(600, 140)"
"(10, 2430)","(560, 180)"
"(322, 1600)","(580, 160)"
"(127, 2250)","(560, 160)"
"(343, 1480)","(580, 170)"
"(349, 2120)","(610, 100)"
"(118, 1550)","(490, 250)"
"(319, 2590)","(640, 90)"
"(247, 1600)","(540, 190)"
"(391, 2250)","(630, 80)"
"(145, 1460)","(490, 260)"
"(79, 2430)","(560, 160)"
"(214, 1720)","(550, 190)"
"(319, 2420)","(650, 100)"
"(388, 1800)","(620, 110)"
"(331, 2520)","(640, 90)"
"(286, 1560)","(550, 180)"
"(124, 1640)","(500, 230)"
"(259, 1480)","(540, 210)"
"(346, 2580)","(630, 80)"
"(145, 1770)","(540, 210)"
"(148, 1760)","(540, 210)"
"(178, 2040)","(580, 170)"
"(193, 2480)","(600, 130)"
"(211, 2410)","(610, 130)"
"(166, 1820)","(530, 190)"
"(364, 2440)","(630, 80)"
"(70, 1610)","(490, 260)"
"(160, 2110)","(580, 170)"
"(388, 2140)","(660, 90)"
"(130, 2450)","(590, 150)"
"(49, 2500)","(580, 170)"
"(31, 1420)","(430, 300)"
"(142, 2320)","(560, 150)"
"(370, 1900)","(620, 110)"
"(46, 1750)","(500, 240)"
"(358, 2020)","(640, 110)"
"(217, 2220)","(590, 140)"
"(181, 1700)","(530, 200)"
"(112, 2220)","(570, 170)"
"(325, 1750)","(590, 140)"
"(190, 2270)","(570, 140)"
"(253, 1510)","(530, 200)"
"(49, 1920)","(530, 220)"
"(46, 2020)","(540, 210)"
"(190, 1830)","(540, 180)"
"(241, 2380)","(600, 120)"
"(322, 1690)","(590, 150)"
"(310, 1460)","(560, 190)"
"(1, 2160)","(520, 200)"
"(247, 2070)","(580, 140)"
"(136, 2220)","(560, 160)"
"(118, 1480)","(480, 260)"
"(115, 2240)","(580, 170)"
"(7, 1730)","(490, 260)"
"(364, 2120)","(650, 100)"
"(322, 2300)","(610, 100)"
"(40, 1540)","(470, 280)"
"(91, 1750)","(520, 230)"
"(220, 1640)","(550, 200)"
"(388, 2060)","(620, 90)"
"(391, 1680)","(620, 120)"
"(328, 2530)","(640, 90)"
"(382, 2350)","(640, 80)"
"(103, 2210)","(550, 170)"
"(142, 2570)","(600, 140)"
"(1, 1590)","(460, 280)"
"(277, 1710)","(580, 170)"
"(310, 1670)","(590, 160)"
"(22, 2040)","(520, 210)"
"(52, 2460)","(580, 170)"
"(34, 2030)","(530, 210)"
"(19, 1590)","(460, 270)"
"(160, 1820)","(550, 200)"
"(181, 2570)","(610, 130)"
"(289, 1470)","(530, 190)"
"(145, 2580)","(610, 140)"
"(232, 2450)","(600, 120)"
"(37, 1930)","(520, 220)"
"(301, 2550)","(650, 100)"
"(340, 2490)","(660, 90)"
"(190, 2050)","(570, 160)"
"(187, 2580)","(620, 130)"
"(181, 1620)","(530, 220)"
"(253, 1440)","(530, 220)"
"(190, 1900)","(570, 180)"
"(88, 1990)","(540, 200)"
"(130, 2580)","(590, 140)"
"(43, 2360)","(570, 180)"
"(298, 2200)","(630, 120)"
"(37, 2130)","(540, 200)"
"(151, 1670)","(530, 220)"
"(319, 1940)","(620, 130)"
"(193, 2180)","(580, 150)"
"(58, 2290)","(560, 180)"
"(343, 2160)","(610, 100)"
"(67, 2020)","(530, 200)"
"(301, 1750)","(580, 150)"
"(40, 1480)","(440, 280)"
"(250, 2530)","(610, 110)"
"(43, 1910)","(520, 220)"
"(325, 1890)","(610, 130)"
"(208, 1890)","(560, 170)"
"(46, 2070)","(530, 200)"
"(28, 2400)","(570, 180)"
"(388, 1870)","(600, 100)"
"(283, 2290)","(630, 120)"
"(103, 2090)","(540, 180)"
"(157, 1490)","(500, 250)"
"(124, 2140)","(550, 170)"
"(184, 1880)","(550, 180)"
"(385, 1780)","(610, 110)"
"(358, 2070)","(610, 100)"
"(64, 1510)","(460, 270)"
"(82, 1470)","(470, 280)"
"(55, 1680)","(500, 250)"
"(208, 2290)","(600, 140)"
"(121, 2260)","(580, 170)"
"(4, 1410)","(420, 310)"
"(100, 2500)","(570, 150)"
"(91, 2290)","(570, 170)"
"(166, 1670)","(520, 210)"
"(43, 2250)","(560, 190)"
"(103, 1860)","(530, 210)"
"(169, 1970)","(570, 180)"
"(328, 1540)","(580, 170)"
"(346, 2430)","(650, 90)"
"(361, 1770)","(590, 120)"
"(328, 1980)","(610, 120)"
"(211, 1700)","(540, 190)"
"(349, 1780)","(610, 130)"
"(94, 1990)","(550, 200)"
"(307, 1840)","(590, 140)"
"(142, 1840)","(540, 200)"
"(394, 2210)","(630, 80)"
"(127, 2320)","(580, 160)"
"(232, 1930)","(580, 160)"
"(316, 2160)","(610, 110)"
"(91, 1840)","(530, 220)"
"(379, 2100)","(610, 90)"
"(391, 2330)","(660, 80)"
"(295, 1500)","(560, 190)"
"(109, 1750)","(520, 220)"
"(277, 2100)","(600, 130)"
"(16, 1970)","(520, 220)"
"(370, 1620)","(610, 140)"
"(181, 1940)","(570, 180)"
"(115, 2180)","(550, 170)"
"(115, 1890)","(530, 200)"
"(310, 2090)","(620, 120)"
"(145, 1420)","(470, 260)"
"(79, 1680)","(500, 240)"
"(229, 1500)","(530, 220)"
"(58, 1580)","(470, 260)"
"(163, 1460)","(490, 250)"
"(340, 2050)","(610, 110)"
"(379, 1920)","(640, 110)"
"(283, 2190)","(600, 120)"
"(160, 2520)","(610, 140)"
"(139, 2070)","(570, 180)"
"(127, 2180)","(570, 170)"
"(238, 1690)","(540, 180)"
"(55, 2320)","(570, 180)"
"(304, 1960)","(600, 130)"
"(253, 2320)","(600, 120)"
"(223, 1660)","(540, 190)"
"(160, 2540)","(610, 140)"
"(355, 2600)","(650, 80)"
"(127, 1900)","(550, 200)"
"(193, 2330)","(600, 140)"
"(7, 1740)","(480, 250)"
"(169, 2250)","(580, 150)"
"(100, 2400)","(580, 160)"
"(244, 2600)","(620, 110)"
"(280, 2370)","(610, 110)"
"(244, 1750)","(550, 170)"
"(28, 2560)","(580, 170)"
"(211, 1750)","(560, 190)"
"(61, 1670)","(500, 250)"
"(358, 2520)","(640, 80)"
"(118, 1740)","(520, 220)"
"(88, 1470)","(460, 270)"
"(175, 2110)","(570, 160)"
"(283, 1620)","(570, 180)"
"(376, 2350)","(630, 80)"
"(313, 1400)","(550, 200)"
"(139, 2350)","(570, 150)"
"(310, 2250)","(630, 110)"
"(304, 2470)","(630, 100)"
"(322, 2590)","(650, 90)"
"(400, 2050)","(650, 90)"
"(34, 1800)","(510, 240)"
"(82, 2500)","(590, 160)"
"(379, 1600)","(590, 130)"
"(148, 1930)","(560, 190)"
"(253, 2550)","(620, 110)"
"(4, 2060)","(490, 200)"
"(112, 2400)","(590, 160)"
"(31, 2450)","(550, 170)"
"(58, 1550)","(470, 270)"
"(193, 2430)","(590, 130)"
"(43, 2480)","(570, 170)"
"(367, 2190)","(620, 90)"
"(4, 2520)","(550, 170)"
"(385, 2530)","(630, 70)"
"(334, 2490)","(640, 90)"
"(382, 1790)","(600, 110)"
"(151, 1440)","(490, 260)"
"(301, 1480)","(560, 190)"
"(130, 2100)","(570, 180)"
"(205, 1480)","(510, 230)"
"(43, 1620)","(480, 260)"
"(235, 2320)","(610, 130)"
"(142, 1960)","(560, 190)"
"(109, 2180)","(550, 170)"
"(34, 2300)","(540, 180)"
"(247, 1550)","(540, 200)"
"(7, 1750)","(490, 250)"
"(31, 2420)","(570, 180)"
"(91, 1640)","(490, 240)"
"(301, 2350)","(640, 110)"
"(259, 1800)","(560, 160)"
"(1, 1970)","(520, 230)"
"(232, 2320)","(610, 130)"
"(157, 2130)","(580, 170)"
"(181, 1470)","(500, 240)"
"(388, 2500)","(630, 70)"
"(262, 1420)","(530, 220)"
"(295, 1420)","(540, 200)"
"(301, 1720)","(590, 160)"
"(340, 1450)","(560, 170)"
"(7, 2250)","(530, 190)"
"(343, 2140)","(600, 100)"
"(229, 1560)","(540, 210)"
"(34, 1730)","(500, 250)"
"(343, 1630)","(600, 150)"
"(349, 2170)","(630, 100)"
"(277, 2180)","(590, 120)"
"(70, 2020)","(540, 200)"
"(70, 2100)","(540, 190)"
"(76, 2340)","(570, 170)"
"(220, 1630)","(540, 200)"
"(328, 2440)","(610, 90)"
"(109, 2460)","(570, 150)"
"(373, 1670)","(610, 130)"
"(268, 2230)","(590, 120)"
"(361, 2310)","(650, 90)"
"(373, 2240)","(650, 90)"
"(88, 2580)","(580, 150)"
"(148, 2410)","(600, 150)"
"(322, 2120)","(600, 110)"
"(76, 2540)","(590, 160)"
"(58, 1720)","(500, 240)"
"(199, 2220)","(600, 150)"
"(28, 1820)","(510, 240)"
"(370, 2230)","(640, 90)"
"(397, 1590)","(620, 130)"
"(271, 2470)","(630, 110)"
"(232, 2520)","(630, 120)"
"(337, 2000)","(630, 120)"
"(94, 1630)","(490, 240)"
"(274, 1810)","(590, 160)"
"(271, 2440)","(620, 110)"
"(160, 1980)","(570, 180)"
"(226, 1690)","(550, 190)"
"(316, 1650)","(590, 160)"
"(292, 2150)","(610, 120)"
"(103, 1400)","(450, 280)"
"(379, 2460)","(670, 80)"
"(394, 1400)","(580, 150)"
"(73, 2000)","(530, 200)"
"(118, 2570)","(570, 140)"
"(373, 1940)","(640, 110)"
"(31, 1830)","(500, 230)"
"(64, 1670)","(500, 250)"
"(139, 2550)","(590, 140)"
"(394, 1600)","(620, 130)"
"(79, 1850)","(530, 220)"
"(148, 1560)","(510, 240)"
"(187, 2220)","(590, 150)"
"(361, 1720)","(610, 130)"
"(67, 1560)","(470, 260)"
"(193, 1600)","(520, 210)"
"(124, 2030)","(540, 180)"
"(229, 2050)","(590, 150)"
"(334, 1880)","(620, 130)"
"(91, 1630)","(500, 250)"
"(346, 2170)","(620, 100)"
"(154, 1660)","(520, 220)"
"(169, 1420)","(490, 260)"
"(115, 1660)","(500, 230)"
"(127, 2340)","(590, 160)"
"(367, 2090)","(640, 100)"
"(271, 2240)","(600, 120)"
"(247, 1920)","(590, 160)"
"(85, 2490)","(590, 160)"
"(103, 2550)","(590, 150)"
"(58, 1850)","(510, 220)"
"(178, 1910)","(560, 180)"
"(43, 1850)","(520, 230)"
"(202, 1480)","(510, 230)"
"(52, 2330)","(570, 180)"
"(361, 2220)","(610, 90)"
"(205, 2510)","(620, 130)"
"(292, 1910)","(600, 140)"
"(364, 1800)","(610, 120)"
"(13, 1910)","(510, 230)"
"(298, 1910)","(610, 140)"
"(259, 1930)","(590, 150)"
"(331, 2450)","(620, 90)"
"(4, 1890)","(500, 230)"
"(151, 1870)","(540, 190)"
"(61, 1630)","(480, 250)"
"(64, 2560)","(590, 160)"
"(229, 1890)","(560, 160)"
"(79, 1740)","(500, 230)"
"(196, 1690)","(540, 200)"
"(283, 1540)","(560, 190)"
"(241, 2350)","(590, 120)"
"(271, 2160)","(620, 130)"
"(100, 1410)","(450, 280)"
"(283, 1920)","(580, 140)"
"(256, 2360)","(620, 120)"
"(55, 2300)","(560, 180)"
"(376, 2270)","(660, 90)"
"(187, 1980)","(570, 170)"
"(49, 1520)","(470, 280)"
"(277, 1650)","(550, 170)"
"(223, 1510)","(530, 220)"
"(154, 1910)","(560, 190)"
"(331, 1500)","(570, 170)"
"(10, 2480)","(570, 180)"
"(16, 1410)","(430, 310)"
"(166, 1750)","(530, 200)"
"(160, 2290)","(580, 150)"
"(313, 1650)","(590, 160)"
"(259, 1410)","(520, 220)"
"(292, 2470)","(610, 100)"
"(385, 2300)","(630, 80)"
"(148, 1990)","(550, 180)"
"(214, 2510)","(590, 120)"
"(304, 1670)","(580, 160)"
"(340, 2440)","(640, 90)"
"(1, 1620)","(460, 270)"
"(298, 1930)","(610, 140)"
"(181, 1980)","(560, 170)"
"(169, 2290)","(590, 150)"
"(52, 1670)","(490, 250)"
"(169, 2010)","(560, 170)"
"(328, 2460)","(620, 90)"
"(223, 1830)","(560, 170)"
"(1, 2270)","(530, 190)"
"(139, 1530)","(500, 250)"
"(133, 2280)","(580, 160)"
"(172, 1700)","(540, 210)"
"(316, 1600)","(560, 160)"
"(139, 1790)","(540, 210)"
"(295, 2380)","(640, 110)"
"(304, 2020)","(620, 130)"
"(334, 1610)","(570, 150)"
"(163, 2470)","(600, 140)"
"(106, 2220)","(560, 170)"
"(397, 2040)","(640, 90)"
"(274, 1510)","(530, 190)"
"(382, 1610)","(600, 130)"
"(220, 1590)","(520, 200)"
"(322, 1590)","(570, 160)"
"(370, 2090)","(650, 100)"
"(280, 1650)","(560, 170)"
"(16, 2280)","(550, 190)"
"(46, 2500)","(580, 170)"
"(280, 1490)","(550, 200)"
"(352, 1500)","(580, 160)"
"(73, 2160)","(560, 190)"
"(385, 1450)","(590, 150)"
"(130, 2070)","(560, 180)"
"(250, 2550)","(610, 110)"
"(22, 1800)","(500, 240)"
"(103, 1550)","(480, 250)"
"(295, 2550)","(640, 100)"
"(61, 2550)","(580, 160)"
"(34, 2200)","(540, 190)"
"(316, 1550)","(570, 170)"
"(298, 1650)","(580, 170)"
"(103, 2440)","(590, 160)"
"(4, 1870)","(510, 240)"
"(7, 1840)","(500, 240)"
"(280, 2020)","(610, 140)"
"(310, 1730)","(590, 150)"
"(97, 2010)","(530, 190)"
"(16, 2500)","(550, 170)"
"(328, 1890)","(620, 130)"
"(277, 1970)","(590, 140)"
"(178, 1590)","(520, 220)"
"(55, 2560)","(580, 160)"
"(391, 1750)","(610, 110)"
"(166, 1400)","(480, 260)"
"(49, 2280)","(550, 180)"
"(10, 1690)","(480, 260)"
"(106, 1990)","(540, 190)"
"(10, 1970)","(510, 220)"
"(340, 2140)","(640, 110)"
"(298, 2360)","(640, 110)"
"(157, 2020)","(570, 180)"
"(94, 2130)","(550, 180)"
"(355, 2540)","(630, 80)"
"(349, 1660)","(590, 140)"
"(28, 2080)","(540, 210)"
"(61, 1470)","(450, 280)"
"(49, 1870)","(510, 220)"
"(151, 1610)","(520, 230)"
"(346, 1740)","(580, 130)"
"(256, 1590)","(550, 190)"
"(196, 2110)","(590, 160)"
"(55, 1920)","(530, 220)"
"(103, 2330)","(560, 160)"
"(319, 1850)","(580, 130)"
"(67, 2330)","(550, 170)"
"(253, 2600)","(640, 110)"
"(34, 2010)","(520, 210)"
"(259, 1590)","(550, 190)"
"(250, 1470)","(520, 210)"
"(10, 1770)","(500, 250)"
"(136, 1450)","(480, 260)"
"(286, 2590)","(630, 100)"
"(79, 1440)","(450, 280)"
"(70, 1810)","(520, 230)"
"(43, 2430)","(560, 170)"
"(28, 2110)","(530, 200)"
"(352, 2010)","(630, 110)"
"(109, 2500)","(580, 150)"
"(289, 1680)","(580, 170)"
"(139, 1440)","(470, 260)"
"(328, 1690)","(600, 150)"
"(292, 2080)","(620, 130)"
"(394, 1700)","(630, 120)"
"(334, 2320)","(650, 100)"
"(124, 1510)","(480, 250)"
"(61, 1800)","(510, 230)"
"(79, 2370)","(580, 170)"
"(127, 2200)","(580, 170)"
"(43, 1730)","(490, 240)"
"(391, 2450)","(620, 70)"
"(313, 1770)","(570, 140)"
"(169, 2230)","(570, 150)"
"(34, 2480)","(570, 170)"
"(232, 1520)","(530, 210)"
"(388, 1850)","(640, 110)"
"(64, 2530)","(580, 160)"
"(313, 2270)","(640, 110)"
"(220, 2080)","(590, 150)"
"(46, 1490)","(450, 280)"
"(187, 1430)","(500, 250)"
"(304, 1600)","(580, 170)"
"(223, 2230)","(610, 140)"
"(160, 2050)","(560, 170)"
"(67, 1720)","(510, 240)"
"(85, 1640)","(500, 250)"
"(4, 2310)","(550, 190)"
"(223, 1940)","(570, 160)"
"(106, 2080)","(540, 180)"
"(211, 1740)","(560, 190)"
"(172, 2230)","(570, 150)"
"(256, 1900)","(570, 150)"
"(154, 2510)","(600, 140)"
"(199, 1510)","(520, 230)"
"(313, 1500)","(570, 180)"
"(385, 1630)","(620, 130)"
"(400, 2110)","(660, 90)"
"(397, 1500)","(610, 140)"
"(214, 2460)","(620, 130)"
"(67, 2120)","(540, 190)"
"(292, 2350)","(630, 110)"
"(58, 2550)","(580, 160)"
"(358, 2420)","(660, 90)"
"(325, 2100)","(600, 110)"
"(343, 1800)","(610, 130)"
"(154, 2410)","(570, 140)"
"(43, 2570)","(570, 160)"
"(379, 2520)","(670, 80)"
"(265, 2590)","(640, 110)"
"(295, 1640)","(580, 170)"
"(163, 2150)","(570, 160)"
"(124, 1800)","(530, 210)"
"(397, 1820)","(600, 100)"
"(232, 2250)","(580, 130)"
"(130, 1440)","(480, 270)"
"(181, 1490)","(510, 240)"
"(34, 2230)","(550, 190)"
"(133, 1450)","(470, 260)"
"(265, 2040)","(600, 140)"
"(250, 1680)","(560, 180)"
"(43, 1760)","(500, 240)"
"(304, 1690)","(590, 160)"
"(103, 2110)","(550, 180)"
"(241, 2340)","(620, 130)"
"(364, 2070)","(620, 100)"
"(112, 1740)","(510, 220)"
"(100, 1670)","(510, 240)"
"(355, 2290)","(620, 90)"
"(295, 2350)","(630, 110)"
"(199, 2270)","(580, 140)"
"(19, 1530)","(460, 290)"
"(373, 1470)","(580, 150)"
"(1, 1800)","(500, 250)"
"(139, 1860)","(550, 200)"
"(61, 1540)","(470, 270)"
"(244, 2370)","(600, 120)"
"(37, 2340)","(560, 180)"
"(244, 1830)","(580, 170)"
"(337, 2050)","(610, 110)"
"(226, 2080)","(590, 150)"
"(349, 2110)","(600, 100)"
"(82, 2120)","(560, 190)"
"(172, 2330)","(600, 150)"
"(19, 2290)","(550, 190)"
"(271, 2100)","(590, 130)"
"(319, 2210)","(630, 110)"
"(1, 2600)","(570, 170)"
"(28, 1900)","(520, 230)"
"(310, 1890)","(580, 130)"
"(352, 2210)","(650, 100)"
"(88, 1610)","(490, 250)"
"(274, 1450)","(540, 210)"
"(166, 1970)","(570, 180)"
"(256, 1610)","(560, 190)"
"(97, 1870)","(530, 210)"
"(355, 2410)","(660, 90)"
"(49, 2050)","(530, 200)"
"(268, 2190)","(620, 130)"
"(25, 2100)","(520, 200)"
"(220, 2560)","(620, 120)"
"(232, 2430)","(600, 120)"
"(334, 2060)","(610, 110)"
"(376, 2410)","(650, 80)"
"(391, 1560)","(600, 130)"
"(4, 2080)","(520, 210)"
"(7, 2240)","(550, 200)"
"(199, 1500)","(520, 230)"
"(301, 1850)","(590, 140)"
"(124, 1780)","(520, 210)"
"(40, 2390)","(570, 180)"
"(265, 2420)","(600, 110)"
"(91, 1530)","(480, 260)"
"(19, 1710)","(480, 250)"
"(82, 1850)","(530, 220)"
"(85, 2320)","(570, 170)"
"(205, 2490)","(620, 130)"
"(40, 2320)","(550, 180)"
"(88, 2240)","(570, 180)"
"(103, 2520)","(580, 150)"
"(139, 2480)","(570, 140)"
"(400, 1580)","(620, 130)"
"(364, 1920)","(620, 110)"
"(154, 1850)","(530, 190)"
"(91, 1410)","(460, 290)"
"(49, 1810)","(510, 230)"
"(346, 2150)","(610, 100)"
"(67, 2460)","(560, 160)"
"(370, 1740)","(600, 120)"
"(55, 2050)","(530, 200)"
"(4, 1800)","(500, 250)"
"(70, 2370)","(570, 170)"
"(199, 1700)","(550, 200)"
"(46, 1600)","(470, 260)"
"(367, 1820)","(630, 120)"
"(133, 2530)","(580, 140)"
"(394, 2540)","(660, 70)"
"(262, 2270)","(590, 120)"
"(325, 2590)","(650, 90)"
"(124, 1530)","(490, 250)"
"(166, 2310)","(590, 150)"
"(223, 2040)","(570, 150)"
"(316, 2270)","(640, 110)"
"(70, 2520)","(580, 160)"
"(319, 1770)","(580, 140)"
"(214, 1400)","(500, 240)"
"(109, 2050)","(560, 190)"
"(313, 1990)","(620, 130)"
"(145, 1710)","(530, 220)"
"(217, 1930)","(580, 170)"
"(229, 1800)","(550, 170)"
"(25, 1490)","(450, 290)"
"(7, 2180)","(530, 200)"
"(190, 1580)","(530, 220)"
"(61, 2090)","(550, 200)"
"(61, 2570)","(590, 160)"
"(130, 2170)","(570, 170)"
"(283, 2450)","(640, 110)"
"(193, 2320)","(590, 140)"
"(388, 2110)","(640, 90)"
"(301, 1780)","(590, 150)"
"(187, 2190)","(580, 150)"
"(352, 2250)","(650, 100)"
"(76, 1920)","(530, 210)"
"(256, 1680)","(570, 180)"
"(43, 1610)","(470, 260)"
"(394, 1830)","(640, 110)"
"(55, 2580)","(580, 160)"
"(331, 2570)","(660, 90)"
"(34, 2520)","(580, 170)"
"(382, 1450)","(590, 150)"
"(10, 2010)","(530, 220)"
"(379, 2390)","(650, 80)"
"(388, 2130)","(650, 90)"
"(310, 2100)","(620, 120)"
"(289, 1510)","(560, 190)"
"(181, 1650)","(530, 210)"
"(298, 1610)","(570, 170)"
"(277, 1430)","(540, 210)"
"(247, 2020)","(600, 150)"
"(118, 1570)","(500, 250)"
"(46, 1620)","(480, 260)"
"(250, 2190)","(590, 130)"
"(109, 1790)","(530, 220)"
"(73, 1880)","(510, 210)"
"(139, 1590)","(510, 240)"
"(388, 2440)","(670, 80)"
"(115, 1940)","(550, 200)"
"(118, 2300)","(570, 160)"
"(328, 1780)","(610, 140)"
"(211, 1650)","(540, 200)"
"(259, 1610)","(560, 190)"
"(169, 1960)","(570, 180)"
"(34, 1750)","(490, 240)"
"(295, 1720)","(590, 160)"
"(229, 1780)","(570, 180)"
"(169, 1400)","(480, 260)"
"(289, 2450)","(640, 110)"
"(97, 1720)","(510, 230)"
"(232, 2340)","(620, 130)"
"(337, 1850)","(620, 130)"
"(148, 2090)","(560, 170)"
"(283, 1490)","(530, 190)"
"(322, 1990)","(600, 120)"
"(13, 1510)","(450, 290)"
"(154, 2460)","(580, 140)"
"(190, 2580)","(620, 130)"
"(307, 1440)","(550, 190)"
"(4, 2480)","(570, 180)"
"(118, 2280)","(560, 160)"
"(355, 2470)","(610, 80)"
"(82, 1410)","(450, 290)"
"(61, 1660)","(490, 250)"
"(283, 1710)","(560, 160)"
"(181, 2560)","(610, 130)"
"(286, 2530)","(620, 100)"
"(208, 1650)","(540, 200)"
"(247, 1880)","(580, 160)"
"(394, 2470)","(640, 70)"
"(343, 2520)","(660, 90)"
"(388, 1540)","(610, 140)"
"(40, 1560)","(460, 270)"
"(295, 2290)","(610, 110)"
"(196, 2150)","(580, 150)"
"(199, 2380)","(580, 130)"
"(46, 1450)","(430, 280)"
"(247, 1610)","(540, 190)"
"(385, 1820)","(630, 110)"
"(247, 2230)","(600, 130)"
"(313, 1640)","(580, 160)"
"(268, 2030)","(600, 140)"
"(121, 2230)","(580, 170)"
"(148, 1570)","(510, 240)"
"(322, 2290)","(610, 100)"
"(91, 2240)","(550, 170)"
"(163, 2430)","(590, 140)"
"(7, 2510)","(550, 170)"
"(40, 2160)","(530, 190)"
"(214, 2130)","(600, 150)"
"(13, 2500)","(550, 170)"
"(385, 1900)","(610, 100)"
"(226, 1970)","(590, 160)"
"(337, 2190)","(610, 100)"
"(301, 1560)","(570, 180)"
"(4, 1880)","(510, 240)"
"(28, 1740)","(500, 250)"
"(232, 2490)","(620, 120)"
"(73, 1940)","(530, 210)"
"(271, 2540)","(640, 110)"
"(166, 2320)","(600, 150)"
"(331, 1470)","(550, 170)"
"(88, 2350)","(580, 170)"
"(115, 1510)","(490, 260)"
"(166, 1610)","(510, 220)"
"(265, 1990)","(580, 140)"
"(37, 2110)","(540, 200)"
"(43, 1550)","(460, 270)"
"(385, 2120)","(640, 90)"
"(193, 1790)","(560, 190)"
"(13, 2010)","(530, 220)"
"(193, 2160)","(580, 150)"
"(13, 1600)","(460, 270)"
"(172, 2340)","(570, 140)"
"(7, 2370)","(540, 180)"
"(55, 1740)","(500, 240)"
"(106, 1540)","(490, 260)"
"(97, 2460)","(590, 160)"
"(262, 2520)","(630, 110)"
"(400, 1410)","(600, 150)"
"(172, 2350)","(570, 140)"
"(94, 2380)","(560, 160)"
"(118, 1510)","(490, 260)"
"(208, 1820)","(560, 180)"
"(157, 1870)","(550, 190)"
"(235, 1530)","(540, 210)"
"(328, 1640)","(570, 150)"
"(307, 1980)","(610, 130)"
"(268, 1780)","(570, 160)"
"(259, 2560)","(630, 110)"
"(235, 1930)","(580, 160)"
"(118, 2270)","(580, 170)"
"(295, 1410)","(530, 200)"
"(217, 1490)","(510, 220)"
"(355, 2140)","(630, 100)"
"(280, 2590)","(620, 100)"
"(175, 1990)","(560, 170)"
"(67, 1450)","(460, 290)"
"(244, 1840)","(560, 160)"
"(91, 1880)","(530, 210)"
"(1, 2340)","(550, 190)"
"(64, 2580)","(590, 160)"
"(367, 2140)","(650, 100)"
"(13, 2320)","(560, 190)"
"(55, 1700)","(500, 250)"
"(214, 1430)","(510, 240)"
"(94, 2440)","(580, 160)"
"(202, 1530)","(520, 220)"
"(166, 1800)","(550, 200)"
"(262, 1460)","(540, 210)"
"(220, 1650)","(550, 200)"
"(388, 1470)","(600, 150)"
"(346, 2290)","(650, 100)"
"(121, 1580)","(490, 240)"
"(187, 1850)","(550, 180)"
"(220, 1840)","(560, 170)"
"(85, 2220)","(570, 180)"
"(259, 2190)","(610, 130)"
"(25, 2180)","(550, 200)"
"(16, 1620)","(470, 270)"
"(271, 1690)","(560, 170)"
"(85, 2300)","(560, 170)"
"(49, 1740)","(500, 240)"
"(268, 2440)","(610, 110)"
"(319, 1990)","(590, 120)"
"(400, 2060)","(660, 90)"
"(94, 2330)","(580, 170)"
"(280, 1880)","(600, 150)"
"(235, 1510)","(520, 210)"
"(85, 1970)","(530, 200)"
"(79, 2300)","(560, 170)"
"(331, 2580)","(660, 90)"
"(139, 2540)","(590, 140)"
"(61, 2100)","(530, 190)"
"(325, 2220)","(640, 110)"
"(31, 2400)","(570, 180)"
"(133, 1460)","(480, 260)"
"(262, 2100)","(610, 140)"
"(373, 2430)","(650, 80)"
"(136, 2390)","(580, 150)"
"(172, 2220)","(570, 150)"
"(25, 2040)","(530, 210)"
"(358, 1940)","(610, 110)"
"(391, 2280)","(640, 80)"
"(232, 1580)","(530, 200)"
"(82, 1590)","(480, 250)"
"(223, 1720)","(560, 190)"
"(220, 2250)","(610, 140)"
"(76, 2600)","(570, 150)"
"(64, 2170)","(560, 190)"
"(319, 1880)","(590, 130)"
"(202, 2410)","(590, 130)"
"(40, 1910)","(520, 220)"
"(94, 2600)","(590, 150)"
"(376, 1670)","(620, 130)"
"(112, 2150)","(570, 180)"
"(349, 2560)","(630, 80)"
"(391, 2400)","(670, 80)"
"(256, 2250)","(620, 130)"
"(352, 2270)","(610, 90)"
"(37, 2160)","(550, 200)"
"(400, 1510)","(590, 130)"
"(160, 2160)","(570, 160)"
"(301, 1670)","(570, 160)"
"(100, 2520)","(580, 150)"
"(223, 1400)","(510, 240)"
"(208, 1400)","(490, 240)"
"(94, 2470)","(590, 160)"
"(277, 2140)","(620, 130)"
"(241, 1430)","(510, 220)"
"(253, 1420)","(520, 220)"
"(349, 1410)","(550, 170)"
"(1, 1780)","(490, 250)"
"(223, 2600)","(630, 120)"
"(385, 1800)","(620, 110)"
"(67, 1960)","(540, 210)"
"(400, 1870)","(640, 100)"
"(274, 2140)","(620, 130)"
"(73, 2150)","(560, 190)"
"(25, 2090)","(540, 210)"
"(331, 1970)","(610, 120)"
"(226, 2430)","(590, 120)"
"(115, 2250)","(580, 170)"
"(205, 2450)","(610, 130)"
"(364, 1550)","(600, 150)"
"(181, 2540)","(600, 130)"
"(319, 1480)","(570, 180)"
"(361, 1440)","(560, 160)"
"(139, 2120)","(560, 170)"
"(169, 2140)","(570, 160)"
"(184, 1490)","(510, 240)"
"(367, 2330)","(660, 90)"
"(10, 1450)","(430, 300)"
"(55, 1500)","(460, 280)"
"(241, 1660)","(560, 190)"
"(124, 1840)","(520, 200)"
"(22, 1820)","(510, 240)"
"(364, 2450)","(630, 80)"
"(94, 1640)","(490, 240)"
"(160, 1870)","(550, 190)"
"(397, 1670)","(630, 120)"
"(82, 1550)","(480, 260)"
"(325, 2410)","(650, 100)"
"(244, 2260)","(610, 130)"
"(250, 1540)","(540, 200)"
"(130, 2320)","(590, 160)"
"(37, 2480)","(570, 170)"
"(136, 1750)","(520, 210)"
"(49, 1560)","(470, 270)"
"(109, 1490)","(470, 260)"
"(232, 1530)","(530, 210)"
"(304, 2100)","(610, 120)"
"(238, 2560)","(600, 110)"
"(13, 2400)","(550, 180)"
"(376, 1930)","(640, 110)"
"(139, 2100)","(550, 170)"
"(328, 2410)","(650, 100)"
"(136, 2110)","(550, 170)"
"(286, 1930)","(590, 140)"
"(37, 1830)","(500, 230)"
"(22, 1560)","(470, 280)"
"(214, 2320)","(580, 130)"
"(361, 1870)","(630, 120)"
"(247, 2190)","(590, 130)"
"(136, 1590)","(510, 240)"
"(232, 2600)","(600, 110)"
"(397, 2130)","(660, 90)"
"(358, 2030)","(640, 110)"
"(31, 2290)","(560, 190)"
"(58, 2440)","(580, 170)"
"(373, 2450)","(650, 80)"
"(133, 1800)","(540, 210)"
"(319, 1900)","(600, 130)"
"(334, 1920)","(600, 120)"
"(400, 2180)","(630, 80)"
"(184, 2220)","(590, 150)"
"(31, 1410)","(440, 310)"
"(157, 1820)","(550, 200)"
"(115, 1420)","(470, 280)"
"(55, 2130)","(530, 190)"
"(250, 1940)","(580, 150)"
"(178, 1850)","(560, 190)"
"(355, 2340)","(640, 90)"
"(259, 2530)","(620, 110)"
"(286, 1820)","(580, 150)"
"(106, 1440)","(460, 270)"
"(367, 1570)","(580, 140)"
"(271, 1510)","(550, 200)"
"(22, 2500)","(560, 170)"
"(295, 2520)","(630, 100)"
"(364, 1930)","(620, 110)"
"(283, 1570)","(550, 180)"
"(376, 2010)","(630, 100)"
"(247, 2560)","(610, 110)"
"(232, 2060)","(600, 150)"
"(10, 1840)","(510, 240)"
"(367, 1450)","(590, 160)"
"(97, 2210)","(570, 180)"
"(274, 2080)","(590, 130)"
"(178, 2060)","(580, 170)"
"(355, 2330)","(640, 90)"
"(277, 1930)","(580, 140)"
"(319, 1410)","(550, 190)"
"(253, 1720)","(550, 170)"
"(100, 2440)","(590, 160)"
"(379, 1680)","(620, 130)"
"(397, 1990)","(620, 90)"
"(154, 2000)","(570, 180)"
"(97, 1480)","(470, 270)"
"(205, 1750)","(550, 190)"
"(316, 2020)","(600, 120)"
"(148, 2130)","(580, 170)"
"(169, 1910)","(550, 180)"
"(73, 1520)","(470, 270)"
"(103, 1480)","(480, 270)"
"(370, 2330)","(660, 90)"
"(385, 2400)","(670, 80)"
"(223, 2570)","(630, 120)"
"(40, 2150)","(550, 200)"
"(238, 2390)","(590, 120)"
"(1, 2100)","(530, 210)"
"(349, 1580)","(590, 150)"
"(94, 2350)","(580, 170)"
"(271, 2120)","(600, 130)"
"(139, 2570)","(600, 140)"
"(379, 2200)","(650, 90)"
"(214, 2170)","(570, 140)"
"(202, 1590)","(520, 210)"
"(1, 2090)","(520, 210)"
"(55, 1770)","(510, 240)"
"(199, 1830)","(550, 180)"
"(316, 1790)","(590, 140)"
"(31, 1790)","(500, 240)"
"(337, 2480)","(640, 90)"
"(229, 1880)","(580, 170)"
"(262, 1770)","(580, 170)"
"(319, 2340)","(620, 100)"
"(145, 1410)","(480, 270)"
"(271, 1560)","(560, 190)"
"(217, 1890)","(570, 170)"
"(238, 2350)","(620, 130)"
"(184, 1740)","(550, 200)"
"(283, 2370)","(620, 110)"
"(289, 2540)","(620, 100)"
"(178, 1540)","(510, 230)"
"(112, 2480)","(580, 150)"
"(358, 2310)","(640, 90)"
"(49, 1770)","(510, 240)"
"(397, 1860)","(620, 100)"
"(211, 2540)","(600, 120)"
"(397, 2360)","(670, 80)"
"(265, 1630)","(550, 180)"
"(355, 2150)","(630, 100)"
"(193, 2190)","(590, 150)"
"(148, 2170)","(560, 160)"
"(112, 2550)","(600, 150)"
"(34, 1440)","(430, 290)"
"(85, 2550)","(570, 150)"
"(256, 2350)","(610, 120)"
"(226, 1420)","(510, 230)"
"(316, 1800)","(590, 140)"
"(109, 2220)","(560, 170)"
"(196, 1680)","(540, 200)"
"(40, 2460)","(570, 170)"
"(88, 1950)","(530, 200)"
"(121, 1850)","(520, 200)"
"(322, 2480)","(610, 90)"
"(397, 1480)","(610, 140)"
"(337, 2390)","(610, 90)"
"(106, 2110)","(550, 180)"
"(247, 2380)","(610, 120)"
"(127, 2420)","(580, 150)"
"(34, 2340)","(550, 180)"
"(244, 1740)","(570, 180)"
"(64, 1520)","(460, 270)"
"(40, 2300)","(550, 180)"
"(250, 2330)","(590, 120)"
"(358, 2340)","(650, 90)"
"(328, 1610)","(590, 160)"
"(100, 1480)","(480, 270)"
"(328, 1730)","(580, 140)"
"(343, 1730)","(610, 140)"
"(298, 1530)","(560, 180)"
"(385, 1470)","(600, 150)"
"(214, 2160)","(600, 150)"
"(187, 2120)","(590, 160)"
"(190, 1460)","(500, 240)"
"(208, 2460)","(620, 130)"
"(277, 2240)","(610, 120)"
"(229, 2530)","(630, 120)"
"(247, 2550)","(610, 110)"
"(361, 1470)","(580, 160)"
"(280, 2330)","(600, 110)"
"(148, 2280)","(590, 160)"
"(226, 2090)","(600, 150)"
"(151, 1510)","(500, 250)"
"(175, 1500)","(510, 240)"
"(211, 2590)","(610, 120)"
"(355, 1710)","(590, 130)"
"(244, 1660)","(560, 190)"
"(148, 1460)","(490, 260)"
"(46, 1720)","(500, 250)"
"(373, 2350)","(620, 80)"
"(193, 2140)","(570, 150)"
"(184, 2090)","(570, 160)"
"(76, 2080)","(540, 190)"
"(76, 2200)","(550, 180)"
"(37, 2460)","(560, 170)"
"(397, 2540)","(670, 70)"
"(283, 2570)","(620, 100)"
"(82, 1790)","(510, 220)"
"(16, 2340)","(560, 190)"
"(232, 1540)","(540, 210)"
"(397, 1950)","(650, 100)"
"(181, 1820)","(550, 190)"
"(226, 2400)","(620, 130)"
"(316, 2590)","(630, 90)"
"(265, 1980)","(580, 140)"
"(241, 1460)","(530, 220)"
"(343, 2420)","(640, 90)"
"(292, 2020)","(600, 130)"
"(226, 2310)","(600, 130)"
"(397, 2490)","(650, 70)"
"(358, 1950)","(620, 110)"
"(319, 2070)","(630, 120)"
"(64, 1710)","(500, 240)"
"(322, 1700)","(590, 150)"
"(358, 2250)","(620, 90)"
"(43, 1860)","(520, 230)"
"(160, 1640)","(520, 220)"
"(238, 1980)","(570, 150)"
"(184, 2320)","(580, 140)"
"(196, 1530)","(510, 220)"
"(244, 1640)","(560, 190)"
"(355, 1990)","(630, 110)"
"(106, 1670)","(500, 230)"
"(178, 2000)","(560, 170)"
"(178, 2500)","(590, 130)"
"(13, 1540)","(450, 280)"
"(292, 2060)","(620, 130)"
"(154, 1790)","(530, 200)"
"(7, 2540)","(560, 170)"
"(214, 2110)","(590, 150)"
"(79, 1770)","(520, 230)"
"(115, 2370)","(580, 160)"
"(130, 2140)","(560, 170)"
"(334, 2190)","(600, 100)"
"(238, 2590)","(610, 110)"
"(214, 1910)","(580, 170)"
"(37, 1730)","(500, 250)"
"(211, 2170)","(600, 150)"
"(76, 1780)","(520, 230)"
"(97, 1670)","(510, 240)"
"(94, 2290)","(570, 170)"
"(76, 1850)","(530, 220)"
"(259, 2160)","(600, 130)"
"(286, 1800)","(570, 150)"
"(313, 1800)","(590, 140)"
"(313, 2020)","(600, 120)"
"(358, 1930)","(610, 110)"
"(361, 2050)","(610, 100)"
"(109, 1960)","(550, 200)"
"(118, 2100)","(560, 180)"
"(319, 2600)","(640, 90)"
"(34, 1820)","(500, 230)"
"(313, 1610)","(560, 160)"
"(259, 2460)","(600, 110)"
"(301, 1920)","(610, 140)"
"(370, 2080)","(650, 100)"
"(286, 2430)","(640, 110)"
"(181, 1680)","(540, 210)"
"(262, 2310)","(610, 120)"
"(148, 1680)","(530, 220)"
"(49, 2040)","(520, 200)"
"(271, 1480)","(540, 200)"
"(1, 2560)","(560, 170)"
"(43, 2060)","(520, 200)"
"(10, 2320)","(550, 190)"
"(229, 1930)","(570, 160)"
"(19, 2350)","(540, 180)"
"(19, 1970)","(520, 220)"
"(241, 2470)","(630, 120)"
"(397, 1800)","(640, 110)"
"(352, 1880)","(620, 120)"
"(100, 2150)","(560, 180)"
"(145, 1730)","(520, 210)"
"(232, 2570)","(590, 110)"
"(151, 2020)","(570, 180)"
"(304, 2440)","(620, 100)"
"(199, 2540)","(620, 130)"
"(61, 2190)","(560, 190)"
"(100, 2250)","(560, 170)"
"(97, 2350)","(560, 160)"
"(292, 1830)","(600, 150)"
"(190, 2030)","(560, 160)"
"(262, 1900)","(580, 150)"
"(52, 1490)","(460, 280)"
"(286, 2230)","(620, 120)"
"(142, 2140)","(570, 170)"
"(232, 1510)","(520, 210)"
"(298, 1620)","(580, 170)"
"(310, 1940)","(600, 130)"
"(229, 1740)","(550, 180)"
"(328, 1420)","(540, 180)"
"(19, 1750)","(500, 250)"
"(247, 2160)","(610, 140)"
"(232, 2550)","(630, 120)"
"(88, 2210)","(570, 180)"
"(376, 1910)","(640, 110)"
"(361, 2420)","(610, 80)"
"(325, 1710)","(600, 150)"
"(184, 1840)","(560, 190)"
"(181, 2180)","(570, 150)"
"(286, 2160)","(600, 120)"
"(49, 1580)","(480, 270)"
"(166, 2040)","(560, 170)"
"(7, 1870)","(510, 240)"
"(133, 1720)","(530, 220)"
"(337, 2490)","(650, 90)"
"(106, 1600)","(500, 250)"
"(100, 1600)","(500, 250)"
"(16, 2490)","(550, 170)"
"(265, 2380)","(630, 120)"
"(7, 2480)","(570, 180)"
"(295, 1860)","(580, 140)"
"(157, 2010)","(570, 180)"
"(16, 1860)","(500, 230)"
"(88, 1660)","(500, 240)"
"(280, 1890)","(600, 150)"
"(223, 2480)","(600, 120)"
"(229, 2470)","(610, 120)"
"(70, 2270)","(570, 180)"
"(310, 2330)","(640, 110)"
"(55, 2140)","(540, 190)"
"(34, 2410)","(570, 180)"
"(130, 1450)","(470, 260)"
"(31, 1440)","(440, 300)"
"(70, 1680)","(490, 240)"
"(289, 1940)","(600, 140)"
"(259, 2300)","(600, 120)"
"(175, 1550)","(520, 230)"
"(130, 2520)","(570, 140)"
"(73, 2090)","(540, 190)"
"(280, 1910)","(570, 140)"
"(97, 2390)","(570, 160)"
"(163, 1640)","(520, 220)"
"(115, 1480)","(470, 260)"
"(328, 1670)","(590, 150)"
"(394, 2380)","(670, 80)"
"(346, 2480)","(660, 90)"
"(112, 2200)","(560, 170)"
"(289, 1530)","(560, 190)"
"(157, 2170)","(570, 160)"
"(307, 1420)","(530, 190)"
"(112, 2420)","(590, 160)"
"(400, 2190)","(640, 80)"
"(70, 1900)","(520, 210)"
"(259, 1450)","(520, 210)"
"(394, 2190)","(620, 80)"
"(157, 2230)","(590, 160)"
"(358, 2460)","(620, 80)"
"(145, 1790)","(520, 200)"
"(367, 1910)","(620, 110)"
"(271, 2380)","(600, 110)"
"(259, 1710)","(550, 170)"
"(40, 1500)","(450, 280)"
"(145, 2470)","(580, 140)"
"(331, 2080)","(610, 110)"
"(262, 2170)","(600, 130)"
"(367, 2180)","(610, 90)"
"(112, 1620)","(500, 240)"
"(160, 1750)","(520, 200)"
"(109, 1530)","(490, 260)"
"(163, 2400)","(580, 140)"
"(364, 2330)","(660, 90)"
"(127, 1520)","(490, 250)"
"(145, 1840)","(550, 200)"
"(151, 1760)","(540, 210)"
"(313, 1910)","(590, 130)"
"(274, 1990)","(600, 140)"
"(331, 1600)","(590, 160)"
"(289, 2240)","(630, 120)"
"(88, 2250)","(550, 170)"
"(358, 1460)","(570, 160)"
"(322, 1840)","(580, 130)"
"(76, 1620)","(490, 250)"
"(289, 1890)","(580, 140)"
"(286, 1680)","(580, 170)"
"(82, 1610)","(490, 250)"
"(262, 2150)","(600, 130)"
"(190, 2430)","(580, 130)"
"(19, 2600)","(580, 170)"
"(217, 1720)","(560, 190)"
"(382, 1480)","(600, 150)"
"(112, 2390)","(590, 160)"
"(136, 1530)","(500, 250)"
"(211, 1470)","(520, 230)"
"(1, 1830)","(490, 240)"
"(280, 2080)","(600, 130)"
"(100, 2340)","(560, 160)"
"(136, 2260)","(570, 160)"
"(7, 2420)","(550, 180)"
"(172, 1730)","(530, 200)"
"(91, 2100)","(560, 190)"
"(283, 2550)","(620, 100)"
"(94, 2220)","(570, 180)"
"(304, 1900)","(610, 140)"
"(172, 2590)","(610, 130)"
"(133, 2180)","(580, 170)"
"(376, 2300)","(660, 90)"
"(79, 2320)","(560, 170)"
"(226, 2210)","(600, 140)"
"(130, 2040)","(550, 180)"
"(61, 2490)","(560, 160)"
"(172, 2520)","(580, 130)"
"(181, 1660)","(530, 210)"
"(46, 1860)","(520, 230)"
"(97, 1690)","(500, 230)"
"(358, 2410)","(660, 90)"
"(244, 1720)","(570, 180)"
"(280, 1460)","(540, 200)"
"(310, 2310)","(640, 110)"
"(199, 1450)","(510, 240)"
"(274, 2010)","(610, 140)"
"(133, 1990)","(560, 190)"
"(331, 1640)","(580, 150)"
"(61, 2470)","(560, 160)"
"(67, 1470)","(460, 280)"
"(322, 1500)","(550, 170)"
"(298, 2400)","(640, 110)"
"(82, 1540)","(470, 260)"
"(292, 2420)","(640, 110)"
"(247, 1850)","(570, 160)"
"(391, 2070)","(630, 90)"
"(340, 2230)","(630, 100)"
"(229, 1660)","(540, 190)"
"(121, 2300)","(570, 160)"
"(229, 1420)","(510, 230)"
"(10, 1890)","(500, 230)"
"(4, 1460)","(430, 300)"
"(292, 1570)","(570, 180)"
"(358, 2590)","(660, 80)"
"(22, 2110)","(520, 200)"
"(124, 1810)","(530, 210)"
"(64, 1860)","(520, 220)"
"(151, 2220)","(580, 160)"
"(58, 1840)","(520, 230)"
"(40, 2330)","(560, 180)"
"(181, 1460)","(490, 240)"
"(109, 1420)","(470, 280)"
"(157, 2540)","(610, 140)"
"(190, 2290)","(580, 140)"
"(46, 2580)","(570, 160)"
"(112, 2350)","(570, 160)"
"(349, 1920)","(630, 120)"
"(193, 2600)","(590, 120)"
"(175, 2200)","(570, 150)"
"(109, 2120)","(560, 180)"
"(58, 2250)","(550, 180)"
"(271, 2150)","(610, 130)"
"(100, 1990)","(550, 200)"
"(79, 2380)","(580, 170)"
"(226, 2470)","(600, 120)"
"(142, 1630)","(520, 230)"
"(325, 1680)","(590, 150)"
"(295, 1890)","(590, 140)"
"(16, 1640)","(480, 270)"
"(310, 1520)","(570, 180)"
"(241, 1920)","(590, 160)"
"(151, 2050)","(550, 170)"
"(106, 1780)","(530, 220)"
"(223, 1630)","(550, 200)"
"(340, 1830)","(620, 130)"
"(109, 2010)","(550, 190)"
"(364, 2320)","(660, 90)"
"(52, 2140)","(530, 190)"
"(55, 2450)","(580, 170)"
"(388, 1680)","(610, 120)"
"(241, 2460)","(620, 120)"
"(22, 1980)","(530, 220)"
"(136, 2370)","(570, 150)"
"(364, 1410)","(580, 170)"
"(400, 1750)","(630, 110)"
"(4, 1700)","(480, 260)"
"(130, 2400)","(580, 150)"
"(271, 2270)","(610, 120)"
"(319, 1970)","(620, 130)"
"(394, 1440)","(600, 150)"
"(322, 2270)","(600, 100)"
"(313, 2100)","(630, 120)"
"(25, 1470)","(440, 290)"
"(100, 1620)","(490, 240)"
"(352, 2180)","(640, 100)"
"(73, 2180)","(540, 180)"
"(103, 1940)","(540, 200)"
"(148, 2470)","(580, 140)"
"(295, 1960)","(580, 130)"
"(250, 1690)","(560, 180)"
"(280, 1450)","(530, 200)"
"(40, 2090)","(530, 200)"
"(328, 2480)","(620, 90)"
"(55, 1720)","(490, 240)"
"(61, 1700)","(490, 240)"
"(364, 2090)","(630, 100)"
"(280, 2490)","(640, 110)"
"(94, 2050)","(550, 190)"
"(361, 1600)","(590, 140)"
"(148, 2110)","(570, 170)"
"(67, 1640)","(490, 250)"
"(28, 2600)","(560, 160)"
"(283, 2360)","(610, 110)"
"(283, 1700)","(580, 170)"
"(325, 1910)","(620, 130)"
"(247, 2570)","(610, 110)"
"(181, 1950)","(550, 170)"
"(316, 2200)","(620, 110)"
"(25, 1560)","(470, 280)"
"(385, 2390)","(670, 80)"
"(28, 2580)","(580, 170)"
"(163, 1780)","(540, 200)"
"(61, 1560)","(480, 270)"
"(109, 2580)","(600, 150)"
"(223, 2140)","(570, 140)"
"(58, 1980)","(540, 210)"
"(148, 2070)","(550, 170)"
"(376, 1860)","(620, 110)"
"(28, 2090)","(520, 200)"
"(319, 2270)","(640, 110)"
"(274, 1500)","(550, 200)"
"(268, 2220)","(590, 120)"
"(88, 1840)","(530, 220)"
"(172, 2600)","(610, 130)"
"(178, 2600)","(620, 130)"
"(67, 2320)","(550, 170)"
"(262, 1950)","(600, 150)"
"(178, 1470)","(500, 240)"
"(349, 2060)","(640, 110)"
"(55, 1830)","(520, 230)"
"(172, 1660)","(520, 210)"
"(238, 2170)","(610, 140)"
"(73, 1460)","(460, 280)"
"(265, 2110)","(590, 130)"
"(172, 2020)","(560, 170)"
"(340, 2160)","(600, 100)"
"(331, 2540)","(650, 90)"
"(85, 2230)","(570, 180)"
"(259, 2030)","(590, 140)"
"(61, 1620)","(490, 260)"
"(304, 2050)","(590, 120)"
"(247, 2060)","(580, 140)"
"(43, 1470)","(450, 290)"
"(127, 1890)","(550, 200)"
"(70, 2160)","(560, 190)"
"(37, 1980)","(520, 210)"
"(97, 1520)","(480, 260)"
"(184, 2440)","(610, 140)"
"(22, 2220)","(530, 190)"
"(394, 2500)","(650, 70)"
"(169, 1540)","(500, 230)"
"(214, 1960)","(560, 160)"
"(400, 2550)","(680, 70)"
"(154, 1800)","(540, 200)"
"(85, 1950)","(530, 200)"
"(181, 1690)","(520, 200)"
"(187, 2520)","(610, 130)"
"(352, 1430)","(570, 170)"
"(256, 1890)","(590, 160)"
"(196, 1950)","(570, 170)"
"(151, 1470)","(490, 250)"
"(238, 1750)","(570, 180)"
"(226, 2050)","(580, 150)"
"(364, 2530)","(660, 80)"
"(310, 1760)","(600, 150)"
"(361, 2600)","(670, 80)"
"(400, 1980)","(620, 90)"
"(274, 1530)","(540, 190)"
"(253, 1890)","(590, 160)"
"(271, 1400)","(530, 220)"
"(70, 2330)","(560, 170)"
"(313, 2230)","(630, 110)"
"(79, 2450)","(570, 160)"
"(88, 1430)","(450, 280)"
"(82, 2350)","(580, 170)"
"(172, 2540)","(590, 130)"
"(100, 1590)","(500, 250)"
"(241, 1910)","(580, 160)"
"(55, 2120)","(530, 190)"
"(52, 2000)","(540, 210)"
"(181, 2150)","(590, 160)"
"(121, 1630)","(510, 240)"
"(103, 1570)","(490, 250)"
"(151, 2040)","(570, 180)"
"(310, 1930)","(600, 130)"
"(193, 1850)","(550, 180)"
"(85, 1430)","(450, 280)"
"(262, 1980)","(570, 140)"
"(352, 2480)","(610, 80)"
"(229, 2400)","(620, 130)"
"(37, 1520)","(460, 280)"
"(82, 2540)","(560, 150)"
"(370, 2300)","(660, 90)"
"(226, 1730)","(540, 180)"
"(232, 1830)","(570, 170)"
"(88, 1930)","(520, 200)"
"(376, 2600)","(630, 70)"
"(94, 2180)","(560, 180)"
"(340, 2030)","(610, 110)"
"(232, 1490)","(530, 220)"
"(283, 2050)","(600, 130)"
"(274, 2020)","(610, 140)"
"(133, 1420)","(470, 270)"
"(16, 1990)","(520, 220)"
"(352, 1740)","(600, 130)"
"(340, 2380)","(620, 90)"
"(76, 2480)","(570, 160)"
"(298, 1810)","(600, 150)"
"(199, 2370)","(610, 140)"
"(385, 2330)","(650, 80)"
"(151, 2190)","(570, 160)"
"(19, 1800)","(500, 240)"
"(322, 2410)","(650, 100)"
"(46, 2440)","(570, 170)"
"(328, 2570)","(650, 90)"
"(175, 1690)","(540, 210)"
"(268, 2350)","(630, 120)"
"(31, 2110)","(530, 200)"
"(304, 1820)","(580, 140)"
"(247, 2370)","(600, 120)"
"(70, 2210)","(550, 180)"
"(340, 2540)","(660, 90)"
"(64, 1660)","(500, 250)"
"(211, 2210)","(580, 140)"
"(295, 1550)","(560, 180)"
"(211, 1590)","(540, 210)"
"(94, 1700)","(500, 230)"
"(136, 2190)","(580, 170)"
"(328, 2030)","(630, 120)"
"(349, 2190)","(630, 100)"
"(82, 1510)","(480, 270)"
"(10, 1470)","(440, 300)"
"(241, 1790)","(560, 170)"
"(364, 1970)","(640, 110)"
"(319, 2560)","(630, 90)"
"(181, 1990)","(560, 170)"
"(364, 1540)","(600, 150)"
"(211, 2070)","(570, 150)"
"(241, 1420)","(520, 230)"
"(145, 2040)","(570, 180)"
"(205, 2220)","(580, 140)"
"(280, 1770)","(590, 160)"
"(340, 1940)","(620, 120)"
"(337, 1860)","(620, 130)"
"(214, 1640)","(540, 200)"
"(127, 1710)","(520, 220)"
"(322, 2330)","(620, 100)"
"(241, 1620)","(540, 190)"
"(163, 2450)","(590, 140)"
"(55, 2410)","(570, 170)"
"(91, 2210)","(570, 180)"
"(388, 1710)","(630, 120)"
"(289, 1660)","(580, 170)"
"(94, 1750)","(520, 230)"
"(154, 2420)","(570, 140)"
"(169, 2560)","(590, 130)"
"(349, 1570)","(580, 150)"
"(202, 1780)","(560, 190)"
"(22, 2370)","(550, 180)"
"(154, 2240)","(590, 160)"
"(199, 1640)","(540, 210)"
"(259, 1500)","(530, 200)"
"(241, 2480)","(630, 120)"
"(400, 1730)","(620, 110)"
"(25, 2500)","(560, 170)"
"(292, 2230)","(630, 120)"
"(304, 2130)","(620, 120)"
"(217, 2060)","(570, 150)"
"(310, 1850)","(600, 140)"
"(61, 2560)","(580, 160)"
"(175, 2480)","(610, 140)"
"(226, 2180)","(590, 140)"
"(19, 2330)","(560, 190)"
"(235, 1540)","(540, 210)"
"(349, 1470)","(580, 170)"
"(67, 1410)","(440, 290)"
"(304, 2240)","(610, 110)"
"(244, 1630)","(550, 190)"
"(367, 1770)","(600, 120)"
"(364, 1820)","(620, 120)"
"(118, 2540)","(600, 150)"
"(43, 1810)","(500, 230)"
"(61, 2060)","(540, 200)"
"(229, 1810)","(560, 170)"
"(253, 2370)","(610, 120)"
"(28, 1950)","(520, 220)"
"(304, 2340)","(640, 110)"
"(226, 1530)","(520, 210)"
"(145, 2450)","(570, 140)"
"(376, 1780)","(630, 120)"
"(271, 1940)","(570, 140)"
"(361, 2450)","(620, 80)"
"(91, 1760)","(520, 230)"
"(241, 2230)","(590, 130)"
"(40, 1450)","(440, 290)"
"(391, 1880)","(610, 100)"
"(145, 1880)","(540, 190)"
"(274, 2290)","(620, 120)"
"(217, 1550)","(520, 210)"
"(97, 1660)","(510, 240)"
"(319, 1460)","(550, 180)"
"(28, 2100)","(530, 200)"
"(202, 2470)","(610, 130)"
"(241, 1720)","(560, 180)"
"(22, 2470)","(550, 170)"
"(370, 1690)","(620, 130)"
"(382, 1420)","(590, 160)"
"(52, 2080)","(540, 200)"
"(289, 1900)","(590, 140)"
"(61, 2540)","(580, 160)"
"(373, 2460)","(660, 80)"
"(64, 2020)","(530, 200)"
"(130, 1710)","(520, 220)"
"(295, 2020)","(610, 130)"
"(217, 2180)","(580, 140)"
"(28, 2570)","(580, 170)"
"(79, 1980)","(530, 200)"
"(253, 1470)","(530, 210)"
"(7, 1500)","(440, 290)"
"(4, 1560)","(450, 280)"
"(397, 1700)","(600, 110)"
"(214, 1780)","(550, 180)"
"(277, 1890)","(600, 150)"
"(49, 2390)","(550, 170)"
"(220, 1800)","(570, 180)"
"(184, 1810)","(550, 190)"
"(214, 1600)","(540, 210)"
"(316, 2050)","(610, 120)"
"(259, 1850)","(590, 160)"
"(193, 1590)","(530, 220)"
"(163, 2410)","(580, 140)"
"(193, 1550)","(510, 220)"
"(79, 1860)","(530, 220)"
"(1, 2290)","(540, 190)"
"(145, 2000)","(550, 180)"
"(76, 1710)","(510, 240)"
"(298, 1400)","(530, 200)"
"(55, 1620)","(490, 260)"
"(325, 1460)","(560, 180)"
"(46, 2080)","(530, 200)"
"(316, 1740)","(600, 150)"
"(1, 2260)","(550, 200)"
"(301, 1450)","(540, 190)"
"(115, 1610)","(500, 240)"
"(352, 1480)","(570, 160)"
"(217, 1680)","(540, 190)"
"(136, 2360)","(570, 150)"
"(355, 1420)","(570, 170)"
"(127, 2300)","(580, 160)"
"(43, 1580)","(480, 270)"
"(358, 2440)","(610, 80)"
"(16, 1760)","(500, 250)"
"(388, 2220)","(610, 80)"
"(121, 2010)","(560, 190)"
"(238, 1520)","(530, 210)"
"(343, 2230)","(640, 100)"
"(37, 1810)","(510, 240)"
"(160, 1680)","(520, 210)"
"(151, 2450)","(580, 140)"
"(145, 1580)","(510, 240)"
"(334, 1810)","(590, 130)"
"(373, 2360)","(620, 80)"
"(310, 1660)","(590, 160)"
"(394, 2020)","(620, 90)"
"(319, 2170)","(620, 110)"
"(112, 1580)","(500, 250)"
"(19, 2560)","(570, 170)"
"(298, 2170)","(630, 120)"
"(22, 2210)","(530, 190)"
"(340, 1470)","(570, 170)"
"(121, 2530)","(600, 150)"
"(82, 2310)","(560, 170)"
"(319, 2330)","(620, 100)"
"(304, 2110)","(610, 120)"
"(352, 1770)","(610, 130)"
"(73, 1680)","(490, 240)"
"(46, 1680)","(490, 250)"
"(349, 1710)","(610, 140)"
"(364, 2300)","(650, 90)"
"(355, 1790)","(620, 130)"
"(136, 2600)","(600, 140)"
"(193, 1470)","(510, 240)"
"(4, 2230)","(550, 200)"
"(136, 1920)","(540, 190)"
"(325, 2540)","(640, 90)"
"(196, 1430)","(490, 240)"
"(67, 2540)","(580, 160)"
"(184, 2200)","(580, 150)"
"(85, 1600)","(490, 250)"
"(331, 2590)","(660, 90)"
"(379, 2000)","(640, 100)"
"(352, 1630)","(580, 140)"
"(205, 1730)","(540, 190)"
"(172, 1890)","(540, 180)"
"(181, 1440)","(500, 250)"
"(115, 2400)","(590, 160)"
"(178, 1630)","(530, 220)"
"(259, 2290)","(600, 120)"
"(286, 1570)","(560, 180)"
"(304, 1860)","(600, 140)"
"(310, 2340)","(600, 100)"
"(397, 1980)","(610, 90)"
"(184, 2500)","(590, 130)"
"(46, 1810)","(500, 230)"
"(391, 1850)","(640, 110)"
"(337, 1480)","(570, 170)"
"(238, 1720)","(560, 180)"
"(259, 2010)","(580, 140)"
"(100, 2090)","(560, 190)"
"(142, 2180)","(580, 170)"
"(331, 2300)","(630, 100)"
"(31, 1970)","(530, 220)"
"(22, 2390)","(560, 180)"
"(37, 1500)","(460, 290)"
"(184, 1510)","(500, 230)"
"(205, 1900)","(560, 170)"
"(115, 1630)","(510, 240)"
"(238, 1530)","(540, 210)"
"(394, 2510)","(650, 70)"
"(31, 1740)","(500, 250)"
"(202, 1580)","(520, 210)"
"(118, 1520)","(480, 250)"
"(346, 1550)","(590, 160)"
"(106, 2530)","(590, 150)"
"(7, 1530)","(440, 280)"
"(121, 1950)","(540, 190)"
"(295, 1670)","(560, 160)"
"(157, 2440)","(580, 140)"
"(328, 2580)","(660, 90)"
"(340, 2040)","(610, 110)"
"(397, 2370)","(610, 70)"
"(64, 2180)","(560, 190)"
"(124, 2530)","(600, 150)"
"(160, 2130)","(560, 160)"
"(187, 1990)","(570, 170)"
"(64, 1620)","(490, 260)"
"(46, 2130)","(550, 200)"
"(217, 2600)","(630, 120)"
"(22, 2570)","(580, 170)"
"(109, 1670)","(500, 230)"
"(157, 1720)","(530, 210)"
"(313, 2550)","(610, 90)"
"(106, 2350)","(570, 160)"
"(88, 2570)","(580, 150)"
"(142, 1480)","(480, 250)"
"(205, 1500)","(520, 230)"
"(280, 2060)","(590, 130)"
"(106, 2090)","(540, 180)"
"(346, 2570)","(620, 80)"
"(271, 2080)","(590, 130)"
"(10, 2470)","(570, 180)"
"(280, 1590)","(560, 180)"
"(31, 1580)","(470, 270)"
"(214, 1690)","(540, 190)"
"(193, 1780)","(550, 190)"
"(217, 1470)","(520, 230)"
"(172, 1650)","(520, 210)"
"(184, 2450)","(580, 130)"
"(346, 1980)","(600, 110)"
"(76, 2310)","(560, 170)"
"(10, 1580)","(470, 280)"
"(349, 1670)","(600, 140)"
"(328, 1790)","(610, 140)"
"(292, 1400)","(540, 210)"
"(397, 1900)","(640, 100)"
"(277, 1510)","(540, 190)"
"(283, 2510)","(600, 100)"
"(94, 2160)","(560, 180)"
"(304, 2160)","(630, 120)"
"(46, 2470)","(570, 170)"
"(178, 2510)","(590, 130)"
"(19, 1780)","(490, 240)"
"(163, 2240)","(560, 150)"
"(157, 2560)","(610, 140)"
"(154, 1970)","(550, 180)"
"(88, 2010)","(550, 200)"
"(172, 1960)","(570, 180)"
"(208, 1460)","(510, 230)"
"(172, 2210)","(570, 150)"
"(97, 1470)","(470, 270)"
"(397, 1830)","(610, 100)"
"(247, 2420)","(620, 120)"
"(274, 2240)","(600, 120)"
"(256, 2580)","(630, 110)"
"(73, 2380)","(570, 170)"
"(253, 2040)","(580, 140)"
"(178, 2360)","(580, 140)"
"(103, 2360)","(570, 160)"
"(262, 1910)","(580, 150)"
"(19, 1550)","(460, 280)"
"(388, 2040)","(610, 90)"
"(163, 2030)","(560, 170)"
"(292, 2500)","(620, 100)"
"(382, 2010)","(650, 100)"
"(13, 2240)","(530, 190)"
"(268, 1660)","(570, 180)"
"(157, 1960)","(550, 180)"
"(97, 1750)","(520, 230)"
"(169, 2510)","(610, 140)"
"(331, 2270)","(620, 100)"
"(385, 1410)","(590, 160)"
"(349, 2130)","(610, 100)"
"(40, 1420)","(440, 300)"
"(184, 1930)","(570, 180)"
"(178, 2190)","(570, 150)"
"(124, 2080)","(560, 180)"
"(7, 2490)","(570, 180)"
"(55, 2210)","(560, 190)"
"(268, 2260)","(600, 120)"
"(190, 2560)","(620, 130)"
"(127, 1790)","(530, 210)"
"(277, 2390)","(610, 110)"
"(358, 2330)","(640, 90)"
"(154, 2450)","(580, 140)"
"(43, 2260)","(560, 190)"
"(82, 1620)","(490, 250)"
"(79, 2000)","(540, 200)"
"(199, 2020)","(570, 160)"
"(154, 2300)","(570, 150)"
"(166, 2540)","(580, 130)"
"(331, 1650)","(590, 150)"
"(334, 2100)","(620, 110)"
"(46, 1630)","(480, 260)"
"(55, 1540)","(470, 270)"
"(202, 2390)","(590, 130)"
"(190, 2040)","(560, 160)"
"(247, 1960)","(580, 150)"
"(97, 2370)","(560, 160)"
"(265, 1780)","(560, 160)"
"(343, 2400)","(630, 90)"
"(370, 2130)","(650, 100)"
"(91, 1460)","(470, 280)"
"(1, 1740)","(490, 260)"
"(115, 1970)","(540, 190)"
"(214, 1470)","(520, 230)"
"(250, 2370)","(610, 120)"
"(265, 1830)","(590, 160)"
"(256, 1480)","(540, 210)"
"(331, 2460)","(620, 90)"
"(292, 1460)","(530, 190)"
"(124, 2090)","(560, 180)"
"(289, 2000)","(590, 130)"
"(58, 2220)","(540, 180)"
"(214, 1630)","(530, 200)"
"(304, 1800)","(600, 150)"
"(289, 1720)","(580, 160)"
"(91, 2190)","(560, 180)"
"(16, 2430)","(560, 180)"
"(244, 2180)","(610, 140)"
"(199, 2560)","(590, 120)"
"(259, 2000)","(580, 140)"
"(64, 1600)","(490, 260)"
"(337, 1930)","(610, 120)"
"(394, 1820)","(640, 110)"
"(289, 1580)","(570, 180)"
"(154, 2280)","(570, 150)"
"(325, 2530)","(630, 90)"
"(319, 2440)","(650, 100)"
"(388, 2390)","(670, 80)"
"(49, 1710)","(500, 250)"
"(385, 2360)","(660, 80)"
"(274, 2480)","(640, 110)"
"(202, 1730)","(540, 190)"
"(133, 2460)","(600, 150)"
"(73, 1540)","(480, 270)"
"(70, 2050)","(550, 200)"
"(223, 1770)","(560, 180)"
"(286, 2260)","(630, 120)"
"(106, 2480)","(570, 150)"
"(193, 2580)","(620, 130)"
"(253, 2420)","(630, 120)"
"(127, 2500)","(600, 150)"
"(394, 2600)","(680, 70)"
"(190, 2150)","(570, 150)"
"(226, 1620)","(550, 200)"
"(373, 2410)","(640, 80)"
"(4, 1680)","(470, 260)"
"(211, 2130)","(590, 150)"
"(178, 1670)","(530, 210)"
"(280, 2280)","(630, 120)"
"(256, 1570)","(540, 190)"
"(313, 1740)","(600, 150)"
"(25, 2070)","(540, 210)"
"(352, 1900)","(630, 120)"
"(352, 1620)","(580, 140)"
"(172, 2260)","(580, 150)"
"(70, 2590)","(560, 150)"
"(40, 1460)","(430, 280)"
"(202, 1450)","(510, 240)"
"(43, 2200)","(550, 190)"
"(301, 2150)","(620, 120)"
"(235, 2150)","(600, 140)"
"(379, 1520)","(580, 140)"
"(262, 2300)","(600, 120)"
"(64, 1720)","(500, 240)"
"(49, 2170)","(540, 190)"
"(115, 2270)","(580, 170)"
"(103, 2370)","(570, 160)"
"(277, 2270)","(620, 120)"
"(301, 2190)","(630, 120)"
"(97, 1910)","(520, 200)"
"(343, 1900)","(610, 120)"
"(238, 2010)","(590, 150)"
"(247, 2110)","(600, 140)"
"(121, 1920)","(550, 200)"
"(262, 1970)","(600, 150)"
"(331, 2470)","(630, 90)"
"(34, 1680)","(480, 250)"
"(139, 2520)","(580, 140)"
"(358, 2240)","(610, 90)"
"(100, 1740)","(520, 230)"
"(259, 2410)","(630, 120)"
"(139, 2240)","(570, 160)"
"(196, 2310)","(590, 140)"
"(307, 2330)","(640, 110)"
"(316, 2100)","(630, 120)"
"(400, 2040)","(650, 90)"
"(22, 2240)","(540, 190)"
"(334, 1720)","(590, 140)"
"(100, 1890)","(540, 210)"
"(109, 1800)","(530, 220)"
"(118, 1490)","(480, 260)"
"(34, 2420)","(550, 170)"
"(13, 2300)","(550, 190)"
"(283, 2310)","(590, 110)"
"(151, 1910)","(560, 190)"
"(85, 1740)","(510, 230)"
"(340, 1950)","(620, 120)"
"(268, 1550)","(540, 190)"
"(364, 1510)","(580, 150)"
"(298, 2560)","(650, 100)"
"(322, 1980)","(600, 120)"
"(130, 2560)","(580, 140)"
"(106, 1920)","(540, 200)"
"(367, 2570)","(670, 80)"
"(244, 1600)","(530, 190)"
"(382, 2260)","(610, 80)"
"(196, 1830)","(550, 180)"
"(379, 2340)","(630, 80)"
"(310, 1640)","(580, 160)"
"(100, 1780)","(520, 220)"
"(265, 1540)","(530, 190)"
"(301, 2460)","(620, 100)"
"(289, 1610)","(550, 170)"
"(388, 1600)","(620, 130)"
"(178, 2230)","(580, 150)"
"(64, 1630)","(480, 250)"
"(160, 1570)","(510, 230)"
"(379, 2410)","(660, 80)"
"(382, 2020)","(650, 100)"
"(91, 2280)","(560, 170)"
"(61, 2520)","(570, 160)"
"(373, 1980)","(610, 100)"
"(157, 1480)","(500, 250)"
"(352, 1560)","(580, 150)"
"(91, 2500)","(560, 150)"
"(367, 1420)","(560, 160)"
"(64, 2150)","(550, 190)"
"(52, 1840)","(520, 230)"
"(49, 2360)","(570, 180)"
"(169, 1620)","(520, 220)"
"(178, 2110)","(570, 160)"
"(115, 2200)","(560, 170)"
"(250, 1600)","(540, 190)"
"(199, 2180)","(590, 150)"
"(121, 2240)","(580, 170)"
"(184, 2490)","(590, 130)"
"(265, 1620)","(550, 180)"
"(163, 1850)","(540, 190)"
"(352, 1760)","(610, 130)"
"(148, 1800)","(530, 200)"
"(370, 2010)","(610, 100)"
"(13, 1570)","(460, 280)"
"(25, 1640)","(470, 260)"
"(226, 1960)","(580, 160)"
"(277, 1450)","(530, 200)"
"(301, 2480)","(630, 100)"
"(28, 2310)","(540, 180)"
"(64, 2010)","(530, 200)"
"(121, 2330)","(580, 160)"
"(49, 2350)","(570, 180)"
"(235, 1480)","(530, 220)"
"(298, 1750)","(570, 150)"
"(100, 2140)","(560, 180)"
"(238, 1660)","(560, 190)"
"(208, 2320)","(610, 140)"
"(208, 1430)","(510, 240)"
"(172, 2290)","(590, 150)"
"(289, 2520)","(620, 100)"
"(382, 2040)","(650, 100)"
"(244, 2020)","(600, 150)"
"(373, 1590)","(610, 140)"
"(355, 2170)","(640, 100)"
"(61, 2110)","(530, 190)"
"(364, 2410)","(620, 80)"
"(244, 2360)","(590, 120)"
"(352, 1510)","(590, 160)"
"(364, 1770)","(600, 120)"
"(340, 1920)","(610, 120)"
"(121, 1860)","(530, 200)"
"(280, 2410)","(620, 110)"
"(391, 2440)","(620, 70)"
"(16, 1900)","(510, 230)"
"(379, 1710)","(600, 120)"
"(88, 1410)","(460, 290)"
"(76, 1800)","(520, 230)"
"(34, 2270)","(560, 190)"
"(310, 1690)","(590, 160)"
"(82, 1500)","(470, 270)"
"(130, 2200)","(580, 170)"
"(97, 1730)","(520, 230)"
"(190, 2350)","(600, 140)"
"(319, 1740)","(600, 150)"
"(355, 2460)","(610, 80)"
"(112, 2050)","(560, 190)"
"(229, 1960)","(590, 160)"
"(211, 1860)","(550, 170)"
"(196, 1620)","(530, 210)"
"(298, 2580)","(650, 100)"
"(145, 1440)","(480, 260)"
"(385, 1580)","(590, 130)"
"(325, 2370)","(650, 100)"
"(331, 1740)","(590, 140)"
"(190, 2570)","(620, 130)"
"(46, 1970)","(520, 210)"
"(280, 2290)","(630, 120)"
"(253, 1960)","(590, 150)"
"(394, 1470)","(590, 140)"
"(280, 2100)","(610, 130)"
"(301, 1470)","(550, 190)"
"(64, 2060)","(550, 200)"
"(283, 2420)","(630, 110)"
"(52, 2290)","(560, 180)"
"(358, 1520)","(570, 150)"
"(289, 2500)","(610, 100)"
"(115, 2590)","(580, 140)"
"(16, 1930)","(520, 230)"
"(352, 1590)","(600, 150)"
"(184, 2250)","(600, 150)"
"(232, 1650)","(540, 190)"
"(301, 1890)","(610, 140)"
"(319, 1570)","(580, 170)"
"(61, 1770)","(500, 230)"
"(322, 1430)","(560, 190)"
"(223, 2450)","(590, 120)"
"(352, 2490)","(610, 80)"
"(160, 1830)","(530, 190)"
"(151, 1490)","(500, 250)"
"(127, 2590)","(590, 140)"
"(7, 2330)","(550, 190)"
"(355, 1860)","(620, 120)"
"(322, 2600)","(650, 90)"
"(391, 1780)","(620, 110)"
"(49, 2190)","(550, 190)"
"(163, 1940)","(550, 180)"
"(139, 2010)","(550, 180)"
"(331, 2490)","(630, 90)"
"(169, 1740)","(530, 200)"
"(124, 1620)","(510, 240)"
"(334, 1830)","(600, 130)"
"(55, 2480)","(580, 170)"
"(97, 1500)","(480, 270)"
"(253, 1650)","(550, 180)"
"(70, 1710)","(500, 240)"
"(355, 1550)","(580, 150)"
"(331, 2550)","(650, 90)"
"(160, 1700)","(530, 210)"
"(238, 1710)","(550, 180)"
"(238, 2500)","(630, 120)"
"(163, 2330)","(590, 150)"
"(385, 1530)","(610, 140)"
"(46, 2390)","(550, 170)"
"(238, 2420)","(600, 120)"
"(133, 2010)","(540, 180)"
"(337, 1970)","(630, 120)"
"(130, 1970)","(550, 190)"
"(304, 1620)","(580, 170)"
"(103, 2040)","(550, 190)"
"(169, 2090)","(580, 170)"
"(100, 2180)","(570, 180)"
"(274, 2050)","(580, 130)"
"(262, 1490)","(530, 200)"
"(346, 2120)","(600, 100)"
"(289, 2140)","(600, 120)"
"(325, 1600)","(580, 160)"
"(247, 1630)","(560, 190)"
"(259, 1970)","(600, 150)"
"(94, 2080)","(560, 190)"
"(274, 1940)","(580, 140)"
"(394, 2450)","(630, 70)"
"(184, 2350)","(590, 140)"
"(322, 1490)","(570, 180)"
"(109, 1900)","(530, 200)"
"(367, 2040)","(620, 100)"
"(322, 2170)","(620, 110)"
"(7, 2030)","(530, 220)"
"(319, 2160)","(610, 110)"
"(19, 1920)","(520, 230)"
"(283, 2030)","(590, 130)"
"(319, 1470)","(560, 180)"
"(334, 1770)","(610, 140)"
"(277, 2600)","(620, 100)"
"(112, 1600)","(490, 240)"
"(193, 1940)","(560, 170)"
"(316, 2600)","(640, 90)"
"(298, 1660)","(560, 160)"
"(328, 1620)","(590, 160)"
"(241, 2540)","(600, 110)"
"(130, 1600)","(510, 240)"
"(184, 2060)","(560, 160)"
"(193, 1480)","(500, 230)"
"(388, 2190)","(660, 90)"
"(34, 2060)","(540, 210)"
"(82, 2420)","(560, 160)"
"(1, 1520)","(430, 280)"
"(250, 2560)","(620, 110)"
"(307, 1410)","(550, 200)"
"(214, 1850)","(550, 170)"
"(340, 2430)","(630, 90)"
"(205, 1600)","(530, 210)"
"(19, 2530)","(570, 170)"
"(349, 1850)","(600, 120)"
"(181, 1730)","(540, 200)"
"(256, 1940)","(590, 150)"
"(358, 1910)","(600, 110)"
"(307, 2250)","(620, 110)"
"(370, 1440)","(590, 160)"
"(169, 1930)","(560, 180)"
"(220, 1470)","(520, 230)"
"(52, 1970)","(530, 210)"
"(124, 2180)","(570, 170)"
"(7, 1520)","(450, 290)"
"(202, 2070)","(590, 160)"
"(205, 1660)","(540, 200)"
"(112, 2460)","(570, 150)"
"(160, 1790)","(540, 200)"
"(169, 1530)","(500, 230)"
"(307, 1790)","(600, 150)"
"(223, 1960)","(580, 160)"
"(202, 2450)","(610, 130)"
"(370, 1790)","(620, 120)"
"(91, 1830)","(530, 220)"
"(133, 2300)","(580, 160)"
"(400, 2390)","(630, 70)"
"(178, 1700)","(520, 200)"
"(124, 1740)","(530, 220)"
"(1, 1860)","(510, 240)"
"(316, 1960)","(620, 130)"
"(172, 1770)","(550, 200)"
"(49, 1680)","(490, 250)"
"(352, 2130)","(620, 100)"
"(76, 2280)","(570, 180)"
"(85, 1480)","(460, 270)"
"(343, 1430)","(550, 170)"
"(157, 2430)","(580, 140)"
"(79, 2600)","(580, 150)"
"(367, 1690)","(610, 130)"
"(283, 2500)","(600, 100)"
"(112, 1680)","(510, 230)"
"(124, 1970)","(550, 190)"
"(187, 1480)","(510, 240)"
"(16, 2260)","(540, 190)"
"(52, 1890)","(520, 220)"
"(328, 2520)","(640, 90)"
"(64, 1980)","(540, 210)"
"(85, 1660)","(490, 240)"
"(268, 2340)","(630, 120)"
"(361, 1690)","(590, 130)"
"(262, 2250)","(590, 120)"
"(112, 2470)","(580, 150)"
"(4, 1720)","(490, 260)"
"(163, 1660)","(530, 220)"
"(49, 1640)","(490, 260)"
"(397, 2030)","(640, 90)"
"(319, 2260)","(640, 110)"
"(58, 1410)","(450, 300)"
"(178, 2250)","(590, 150)"
"(52, 1740)","(500, 240)"
"(220, 1790)","(560, 180)"
"(301, 2170)","(630, 120)"
"(250, 1620)","(550, 190)"
"(295, 1780)","(580, 150)"
"(394, 1740)","(610, 110)"
"(139, 2380)","(580, 150)"
"(118, 2390)","(590, 160)"
"(397, 1880)","(630, 100)"
"(217, 1730)","(560, 190)"
"(4, 2040)","(530, 220)"
"(172, 1950)","(570, 180)"
"(253, 2360)","(610, 120)"
"(172, 1830)","(550, 190)"
"(64, 2090)","(550, 200)"
"(91, 2050)","(540, 190)"
"(175, 2190)","(560, 150)"
"(325, 1830)","(580, 130)"
"(49, 2180)","(550, 190)"
"(337, 1530)","(570, 160)"
"(190, 2500)","(600, 130)"
"(364, 2100)","(640, 100)"
"(370, 2180)","(620, 90)"
"(289, 1560)","(560, 180)"
"(193, 1930)","(560, 170)"
"(76, 1540)","(480, 270)"
"(385, 1810)","(620, 110)"
"(19, 1620)","(470, 270)"
"(244, 2590)","(620, 110)"
"(46, 2060)","(530, 200)"
"(340, 2550)","(660, 90)"
"(376, 1800)","(630, 120)"
"(55, 1510)","(470, 280)"
"(106, 2010)","(540, 190)"
"(229, 2260)","(580, 130)"
"(49, 2070)","(530, 200)"
"(103, 2470)","(570, 150)"
"(286, 1630)","(560, 170)"
"(394, 2490)","(640, 70)"
"(160, 2260)","(570, 150)"
"(361, 1920)","(610, 110)"
"(331, 1680)","(600, 150)"
"(97, 2320)","(580, 170)"
"(310, 2030)","(590, 120)"
"(85, 1990)","(540, 200)"
"(85, 1840)","(530, 220)"
"(106, 2390)","(580, 160)"
"(325, 2040)","(630, 120)"
"(274, 2260)","(610, 120)"
"(13, 1560)","(460, 280)"
"(43, 2070)","(530, 200)"
"(349, 1540)","(590, 160)"
"(211, 1800)","(560, 180)"
"(226, 1640)","(550, 200)"
"(73, 2030)","(540, 200)"
"(280, 2200)","(600, 120)"
"(370, 2500)","(660, 80)"
"(148, 1780)","(520, 200)"
"(181, 2280)","(600, 150)"
"(58, 1960)","(530, 210)"
"(358, 2430)","(660, 90)"
"(340, 1610)","(580, 150)"
"(256, 2520)","(620, 110)"
"(352, 2170)","(630, 100)"
"(73, 2460)","(570, 160)"
"(241, 2000)","(590, 150)"
"(70, 1940)","(530, 210)"
"(286, 2180)","(610, 120)"
"(7, 1640)","(470, 270)"
"(274, 2410)","(610, 110)"
"(187, 1400)","(490, 250)"
"(148, 2300)","(560, 150)"
"(340, 1790)","(600, 130)"
"(301, 1410)","(540, 200)"
"(208, 2200)","(570, 140)"
"(226, 2140)","(580, 140)"
"(340, 1600)","(580, 150)"
"(52, 2490)","(580, 170)"
"(289, 2280)","(600, 110)"
"(25, 1670)","(480, 260)"
"(349, 1430)","(560, 170)"
"(211, 2330)","(580, 130)"
"(22, 1620)","(480, 270)"
"(88, 1670)","(500, 240)"
"(382, 2240)","(660, 90)"
"(181, 1960)","(550, 170)"
"(25, 1430)","(430, 300)"
"(154, 2190)","(570, 160)"
"(76, 1750)","(510, 230)"
"(199, 1860)","(570, 180)"
"(85, 2430)","(570, 160)"
"(361, 2340)","(660, 90)"
"(67, 2430)","(580, 170)"
"(400, 1420)","(600, 150)"
"(28, 1910)","(520, 230)"
"(400, 2030)","(650, 90)"
"(373, 1800)","(630, 120)"
"(34, 2240)","(550, 190)"
"(193, 1770)","(550, 190)"
"(265, 2190)","(620, 130)"
"(301, 2130)","(620, 120)"
"(133, 1950)","(550, 190)"
"(364, 2420)","(620, 80)"
"(397, 2060)","(650, 90)"
"(85, 1520)","(480, 270)"
"(196, 1940)","(560, 170)"
"(388, 1780)","(610, 110)"
"(1, 2210)","(540, 200)"
"(148, 1850)","(550, 200)"
"(190, 1400)","(490, 250)"
"(256, 1690)","(570, 180)"
"(337, 2260)","(630, 100)"
"(322, 2100)","(590, 110)"
"(169, 1500)","(500, 240)"
"(346, 2350)","(620, 90)"
"(253, 2380)","(620, 120)"
"(307, 2340)","(640, 110)"
"(355, 1480)","(580, 160)"
"(253, 1950)","(580, 150)"
"(157, 2240)","(590, 160)"
"(283, 1780)","(590, 160)"
"(235, 1570)","(530, 200)"
"(46, 2210)","(550, 190)"
"(250, 2280)","(620, 130)"
"(253, 2430)","(630, 120)"
"(112, 2140)","(570, 180)"
"(73, 2230)","(560, 180)"
"(106, 2430)","(590, 160)"
"(175, 2420)","(600, 140)"
"(28, 2230)","(540, 190)"
"(271, 2090)","(590, 130)"
"(256, 2600)","(640, 110)"
"(73, 1670)","(490, 240)"
"(91, 2400)","(570, 160)"
"(334, 1840)","(610, 130)"
"(268, 1970)","(580, 140)"
"(22, 1870)","(510, 230)"
"(85, 1590)","(480, 250)"
"(262, 2260)","(590, 120)"
"(58, 2030)","(530, 200)"
"(154, 1870)","(540, 190)"
"(193, 2250)","(600, 150)"
"(127, 1450)","(480, 270)"
"(346, 1510)","(570, 160)"
"(220, 2110)","(600, 150)"
"(106, 1890)","(520, 200)"
"(289, 1850)","(600, 150)"
"(367, 1850)","(630, 120)"
"(97, 2070)","(560, 190)"
"(163, 2560)","(580, 130)"
"(286, 2310)","(600, 110)"
"(388, 1450)","(600, 150)"
"(157, 1790)","(540, 200)"
"(328, 1430)","(550, 180)"
"(79, 1940)","(540, 210)"
"(271, 2140)","(610, 130)"
"(364, 2190)","(610, 90)"
"(145, 2540)","(600, 140)"
"(373, 1570)","(600, 140)"
"(52, 2600)","(580, 160)"
"(394, 1710)","(630, 120)"
"(25, 1920)","(510, 220)"
"(304, 1680)","(590, 160)"
"(103, 1960)","(550, 200)"
"(319, 1400)","(540, 190)"
"(10, 1810)","(490, 240)"
"(313, 1940)","(610, 130)"
"(70, 2070)","(550, 200)"
"(43, 1640)","(490, 260)"
"(7, 1900)","(500, 230)"
"(388, 2590)","(660, 70)"
"(193, 1690)","(540, 200)"
"(262, 1630)","(550, 180)"
"(196, 2280)","(580, 140)"
"(4, 1400)","(430, 320)"
"(271, 2290)","(620, 120)"
"(25, 2230)","(540, 190)"
"(22, 2350)","(550, 180)"
"(196, 1450)","(510, 240)"
"(79, 1960)","(520, 200)"
"(382, 1880)","(640, 110)"
"(160, 2440)","(590, 140)"
"(64, 2050)","(540, 200)"
"(136, 1650)","(520, 230)"
"(292, 1620)","(560, 170)"
"(391, 2600)","(670, 70)"
"(298, 1450)","(540, 190)"
"(268, 1850)","(570, 150)"
"(55, 2530)","(570, 160)"
"(277, 2450)","(630, 110)"
"(46, 1550)","(460, 270)"
"(94, 1930)","(530, 200)"
"(43, 2370)","(570, 180)"
"(226, 1890)","(580, 170)"
"(295, 1540)","(560, 180)"
"(319, 2200)","(630, 110)"
"(319, 1700)","(590, 150)"
"(217, 2170)","(570, 140)"
"(109, 1730)","(510, 220)"
"(313, 2000)","(620, 130)"
"(61, 2130)","(540, 190)"
"(382, 2110)","(630, 90)"
"(46, 2350)","(570, 180)"
"(283, 1870)","(600, 150)"
"(121, 1470)","(470, 260)"
"(25, 1410)","(440, 310)"
"(364, 2290)","(650, 90)"
"(22, 1500)","(450, 290)"
"(367, 1790)","(610, 120)"
"(28, 2120)","(530, 200)"
"(328, 1990)","(610, 120)"
"(238, 1450)","(520, 220)"
"(172, 2570)","(600, 130)"
"(31, 1950)","(520, 220)"
"(322, 1800)","(610, 140)"
"(184, 2130)","(590, 160)"
"(46, 2220)","(560, 190)"
"(274, 2350)","(590, 110)"
"(217, 2260)","(610, 140)"
"(193, 1450)","(500, 240)"
"(199, 2580)","(590, 120)"
"(298, 2190)","(630, 120)"
"(370, 1930)","(640, 110)"
"(313, 1980)","(620, 130)"
"(391, 2180)","(660, 90)"
"(283, 1850)","(590, 150)"
"(319, 2570)","(630, 90)"
"(232, 2100)","(570, 140)"
"(196, 2050)","(580, 160)"
"(400, 1820)","(610, 100)"
"(151, 2500)","(590, 140)"
"(148, 2430)","(600, 150)"
"(220, 2140)","(600, 150)"
"(148, 2040)","(570, 180)"
"(385, 2490)","(620, 70)"
"(298, 2500)","(630, 100)"
"(247, 1510)","(540, 210)"
"(313, 1790)","(580, 140)"
"(100, 1880)","(540, 210)"
"(280, 1830)","(580, 150)"
"(61, 2590)","(590, 160)"
"(319, 2280)","(600, 100)"
"(109, 2160)","(570, 180)"
"(319, 1710)","(590, 150)"
"(325, 1620)","(590, 160)"
"(169, 2370)","(580, 140)"
"(304, 2330)","(640, 110)"
"(364, 1760)","(590, 120)"
"(163, 1740)","(520, 200)"
"(85, 1800)","(510, 220)"
"(322, 2390)","(650, 100)"
"(397, 1410)","(600, 150)"
"(106, 1970)","(550, 200)"
"(271, 1530)","(540, 190)"
"(145, 1490)","(490, 250)"
"(184, 1650)","(530, 210)"
"(235, 1450)","(510, 220)"
"(151, 1930)","(560, 190)"
"(25, 2310)","(560, 190)"
"(238, 1500)","(520, 210)"
"(7, 2280)","(540, 190)"
"(337, 2520)","(660, 90)"
"(163, 1800)","(550, 200)"
"(154, 2060)","(560, 170)"
"(322, 2550)","(630, 90)"
"(334, 2120)","(630, 110)"
"(322, 2420)","(650, 100)"
"(79, 2240)","(570, 180)"
"(367, 2020)","(610, 100)"
"(310, 2400)","(620, 100)"
"(169, 1670)","(520, 210)"
"(184, 1580)","(520, 220)"
"(31, 2270)","(560, 190)"
"(328, 2080)","(600, 110)"
"(397, 1750)","(620, 110)"
"(226, 1870)","(580, 170)"
"(313, 1450)","(560, 190)"
"(397, 1790)","(640, 110)"
"(292, 1590)","(570, 180)"
"(397, 1720)","(610, 110)"
"(229, 2390)","(620, 130)"
"(49, 2340)","(570, 180)"
"(10, 1930)","(520, 230)"
"(148, 1540)","(500, 240)"
"(376, 2080)","(650, 100)"
"(121, 2210)","(570, 170)"
"(154, 1950)","(550, 180)"
"(310, 1470)","(540, 180)"
"(352, 1920)","(630, 120)"
"(397, 2240)","(650, 80)"
"(265, 2220)","(620, 130)"
"(310, 2430)","(630, 100)"
"(100, 2030)","(540, 190)"
"(388, 2330)","(650, 80)"
"(148, 2550)","(600, 140)"
"(313, 2430)","(640, 100)"
"(367, 1610)","(610, 140)"
"(25, 1580)","(460, 270)"
"(250, 2380)","(610, 120)"
"(232, 2500)","(620, 120)"
"(247, 1620)","(550, 190)"
"(292, 1580)","(570, 180)"
"(121, 1650)","(500, 230)"
"(145, 1610)","(510, 230)"
"(391, 2020)","(610, 90)"
"(265, 2210)","(620, 130)"
"(208, 1810)","(560, 180)"
"(13, 1500)","(430, 280)"
"(130, 2510)","(570, 140)"
"(244, 1440)","(520, 220)"
"(118, 2560)","(570, 140)"
"(184, 1710)","(530, 200)"
"(286, 1640)","(560, 170)"
"(385, 2320)","(640, 80)"
"(400, 2420)","(640, 70)"
"(352, 2330)","(630, 90)"
"(385, 1610)","(610, 130)"
"(385, 2220)","(660, 90)"
"(259, 2020)","(580, 140)"
"(397, 2110)","(660, 90)"
"(193, 2540)","(620, 130)"
"(178, 1980)","(560, 170)"
"(133, 2550)","(590, 140)"
"(40, 1620)","(470, 260)"
"(178, 2590)","(610, 130)"
"(292, 2530)","(630, 100)"
"(46, 2360)","(570, 180)"
"(313, 2140)","(590, 110)"
"(334, 2370)","(650, 100)"
"(106, 1980)","(530, 190)"
"(211, 2390)","(600, 130)"
"(19, 2450)","(570, 180)"
"(58, 1780)","(500, 230)"
"(181, 2400)","(600, 140)"
"(226, 2200)","(600, 140)"
"(274, 1750)","(570, 160)"
"(397, 1540)","(600, 130)"
"(91, 1650)","(500, 240)"
"(208, 2080)","(570, 150)"
"(142, 1500)","(490, 250)"
"(145, 2250)","(580, 160)"
"(97, 1640)","(500, 240)"
"(184, 1550)","(520, 230)"
"(349, 1690)","(610, 140)"
"(400, 1530)","(610, 130)"
"(247, 2490)","(590, 110)"
"(43, 1560)","(470, 270)"
"(37, 2000)","(520, 210)"
"(166, 1460)","(500, 250)"
"(136, 2500)","(570, 140)"
"(211, 2600)","(620, 120)"
"(25, 2370)","(550, 180)"
"(31, 2130)","(540, 200)"
"(136, 1850)","(540, 200)"
"(139, 2530)","(590, 140)"
"(364, 1640)","(610, 140)"
"(64, 2420)","(580, 170)"
"(196, 1870)","(570, 180)"
"(292, 2130)","(600, 120)"
"(130, 2440)","(590, 150)"
"(322, 2320)","(620, 100)"
"(175, 1590)","(510, 220)"
"(322, 1750)","(580, 140)"
"(310, 2530)","(650, 100)"
"(364, 1700)","(610, 130)"
"(250, 2600)","(630, 110)"
"(310, 2180)","(600, 110)"
"(343, 1450)","(560, 170)"
"(148, 1620)","(520, 230)"
"(301, 1870)","(600, 140)"
"(304, 2580)","(600, 90)"
"(181, 2120)","(580, 160)"
"(154, 1680)","(530, 220)"
"(79, 2140)","(560, 190)"
"(199, 2420)","(590, 130)"
"(358, 2570)","(650, 80)"
"(367, 2390)","(620, 80)"
"(196, 1700)","(550, 200)"
"(199, 2330)","(600, 140)"
"(292, 2210)","(630, 120)"
"(262, 2380)","(630, 120)"
"(313, 2110)","(630, 120)"
"(307, 1610)","(580, 170)"
"(175, 1450)","(500, 250)"
"(100, 1680)","(500, 230)"
"(358, 1880)","(630, 120)"
"(265, 1890)","(580, 150)"
"(226, 1440)","(520, 230)"
"(4, 1820)","(490, 240)"
"(385, 2340)","(650, 80)"
"(76, 1460)","(460, 280)"
"(346, 1960)","(630, 120)"
"(181, 1480)","(500, 240)"
"(283, 2580)","(630, 100)"
"(169, 2190)","(590, 160)"
"(247, 1900)","(590, 160)"
"(382, 2530)","(620, 70)"
"(319, 2520)","(620, 90)"
"(205, 2280)","(600, 140)"
"(241, 1850)","(560, 160)"
"(232, 2310)","(610, 130)"
"(61, 2220)","(540, 180)"
"(232, 1700)","(560, 190)"
"(331, 2250)","(610, 100)"
"(286, 1650)","(570, 170)"
"(82, 1970)","(530, 200)"
"(1, 1990)","(510, 220)"
"(397, 2440)","(640, 70)"
"(163, 1880)","(560, 190)"
"(10, 1920)","(520, 230)"
"(109, 2570)","(600, 150)"
"(361, 1950)","(620, 110)"
"(145, 2430)","(600, 150)"
"(217, 1980)","(580, 160)"
"(196, 1630)","(540, 210)"
"(307, 2080)","(610, 120)"
"(307, 2240)","(620, 110)"
"(361, 1760)","(620, 130)"
"(139, 1930)","(550, 190)"
"(172, 2460)","(610, 140)"
"(334, 1730)","(600, 140)"
"(268, 1770)","(560, 160)"
"(181, 2370)","(590, 140)"
"(223, 1460)","(520, 230)"
"(157, 1410)","(480, 260)"
"(163, 1680)","(520, 210)"
"(397, 1730)","(610, 110)"
"(343, 1470)","(580, 170)"
"(1, 1450)","(440, 310)"
"(40, 1590)","(480, 270)"
"(394, 1850)","(610, 100)"
"(391, 1550)","(590, 130)"
"(112, 2120)","(560, 180)"
"(208, 1750)","(560, 190)"
"(76, 2020)","(540, 200)"
"(361, 2060)","(610, 100)"
"(286, 2170)","(600, 120)"
"(379, 1820)","(610, 110)"
"(214, 2210)","(580, 140)"
"(400, 2290)","(670, 80)"
"(10, 2530)","(560, 170)"
"(130, 1930)","(540, 190)"
"(235, 2250)","(590, 130)"
"(322, 1640)","(590, 160)"
"(274, 1410)","(520, 210)"
"(328, 2170)","(640, 110)"
"(175, 2170)","(590, 160)"
"(379, 2020)","(640, 100)"
"(313, 1750)","(600, 150)"
"(310, 2280)","(640, 110)"
"(16, 2290)","(550, 190)"
"(82, 1660)","(490, 240)"
"(343, 2600)","(620, 80)"
"(355, 1890)","(630, 120)"
"(205, 2600)","(610, 120)"
"(49, 1800)","(500, 230)"
"(7, 1830)","(500, 240)"
"(361, 2140)","(650, 100)"
"(355, 1650)","(600, 140)"
"(16, 1980)","(520, 220)"
"(100, 1510)","(470, 260)"
"(229, 2550)","(630, 120)"
"(289, 2380)","(630, 110)"
"(346, 2140)","(610, 100)"
"(235, 2450)","(610, 120)"
"(301, 1860)","(590, 140)"
"(394, 1540)","(590, 130)"
"(325, 2500)","(620, 90)"
"(145, 1800)","(530, 200)"
"(121, 2590)","(580, 140)"
"(67, 1460)","(450, 280)"
"(136, 2340)","(560, 150)"
"(367, 1700)","(620, 130)"
"(142, 1580)","(510, 240)"
"(97, 1650)","(500, 240)"
"(373, 1620)","(590, 130)"
"(205, 2390)","(590, 130)"
"(169, 1780)","(550, 200)"
"(340, 2470)","(650, 90)"
"(376, 1460)","(580, 150)"
"(181, 2580)","(620, 130)"
"(244, 2520)","(590, 110)"
"(205, 2020)","(580, 160)"
"(208, 2110)","(580, 150)"
"(67, 2500)","(570, 160)"
"(67, 1400)","(450, 300)"
"(340, 2290)","(650, 100)"
"(34, 2290)","(540, 180)"
"(100, 2080)","(560, 190)"
"(232, 2110)","(580, 140)"
"(217, 2420)","(620, 130)"
"(238, 1670)","(560, 190)"
"(118, 2050)","(540, 180)"
"(73, 1820)","(510, 220)"
"(334, 1740)","(600, 140)"
"(397, 2340)","(670, 80)"
"(373, 1950)","(640, 110)"
"(223, 2340)","(600, 130)"
"(301, 1760)","(580, 150)"
"(376, 1570)","(610, 140)"
"(385, 1750)","(630, 120)"
"(175, 1940)","(570, 180)"
"(268, 2160)","(610, 130)"
"(169, 1980)","(570, 180)"
"(13, 2290)","(550, 190)"
"(148, 2490)","(590, 140)"
"(49, 1540)","(460, 270)"
"(196, 2540)","(620, 130)"
"(280, 2010)","(610, 140)"
"(28, 1770)","(490, 240)"
"(7, 2070)","(520, 210)"
"(118, 1870)","(530, 200)"
"(37, 1490)","(460, 290)"
"(16, 1550)","(460, 280)"
"(265, 1640)","(560, 180)"
"(148, 2560)","(610, 140)"
"(157, 2150)","(560, 160)"
"(103, 2170)","(570, 180)"
"(145, 2190)","(560, 160)"
"(355, 1900)","(630, 120)"
"(190, 2300)","(580, 140)"
"(349, 2030)","(630, 110)"
"(4, 2540)","(550, 170)"
"(352, 2100)","(610, 100)"
"(178, 1760)","(550, 200)"
"(154, 1940)","(540, 180)"
"(190, 2410)","(610, 140)"
"(238, 1850)","(580, 170)"
"(262, 2030)","(590, 140)"
"(67, 2600)","(560, 150)"
"(382, 1740)","(630, 120)"
"(352, 1800)","(620, 130)"
"(16, 2200)","(550, 200)"
"(112, 1790)","(530, 220)"
"(238, 1630)","(540, 190)"
"(229, 2360)","(620, 130)"
"(196, 1920)","(560, 170)"
"(109, 1990)","(540, 190)"
"(334, 1580)","(590, 160)"
"(334, 1900)","(590, 120)"
"(253, 2400)","(620, 120)"
"(358, 1780)","(620, 130)"
"(169, 2410)","(590, 140)"
"(334, 2200)","(600, 100)"
"(97, 2230)","(550, 170)"
"(154, 1640)","(510, 220)"
"(46, 2330)","(560, 180)"
"(319, 1730)","(600, 150)"
"(172, 1690)","(540, 210)"
"(85, 2390)","(560, 160)"
"(388, 1630)","(620, 130)"
"(220, 1480)","(510, 220)"
"(127, 1800)","(530, 210)"
"(238, 2320)","(620, 130)"
"(397, 1620)","(600, 120)"
"(328, 2060)","(630, 120)"
"(178, 1960)","(550, 170)"
"(364, 2050)","(620, 100)"
"(328, 1760)","(600, 140)"
"(52, 1430)","(440, 290)"
"(148, 1670)","(520, 220)"
"(106, 1520)","(480, 260)"
"(37, 2140)","(550, 200)"
"(334, 1500)","(580, 170)"
"(151, 2390)","(600, 150)"
"(10, 2590)","(570, 170)"
"(307, 1520)","(570, 180)"
"(127, 2000)","(560, 190)"
"(16, 1680)","(480, 260)"
"(238, 2020)","(590, 150)"
"(19, 2270)","(550, 190)"
"(121, 1990)","(550, 190)"
"(301, 2530)","(650, 100)"
"(334, 1820)","(600, 130)"
"(331, 1870)","(620, 130)"
"(358, 2550)","(650, 80)"
"(295, 2000)","(600, 130)"
"(43, 2270)","(540, 180)"
"(292, 1540)","(550, 180)"
"(28, 2160)","(550, 200)"
"(298, 2600)","(650, 100)"
"(223, 2460)","(590, 120)"
"(70, 2350)","(560, 170)"
"(319, 1960)","(620, 130)"
"(145, 1940)","(560, 190)"
"(211, 2490)","(620, 130)"
"(202, 2130)","(580, 150)"
"(388, 1620)","(620, 130)"
"(316, 1840)","(610, 140)"
"(73, 2130)","(550, 190)"
"(232, 2200)","(610, 140)"
"(295, 2160)","(620, 120)"
"(334, 1650)","(590, 150)"
"(247, 2050)","(580, 140)"
"(205, 2430)","(600, 130)"
"(400, 1630)","(620, 120)"
"(265, 2290)","(610, 120)"
"(331, 1580)","(580, 160)"
"(355, 1670)","(610, 140)"
"(316, 1540)","(560, 170)"
"(364, 1840)","(630, 120)"
"(76, 2320)","(560, 170)"
"(322, 2340)","(630, 100)"
"(277, 1570)","(540, 180)"
"(154, 1470)","(490, 250)"
"(391, 1860)","(600, 100)"
"(349, 1520)","(590, 160)"
"(37, 2190)","(540, 190)"
"(199, 2190)","(600, 150)"
"(16, 2230)","(530, 190)"
"(40, 2370)","(570, 180)"
"(301, 1420)","(550, 200)"
"(352, 1420)","(560, 170)"
"(400, 2450)","(650, 70)"
"(385, 2280)","(630, 80)"
"(232, 2420)","(590, 120)"
"(265, 2000)","(590, 140)"
"(193, 1490)","(500, 230)"
"(307, 1700)","(590, 160)"
"(259, 1760)","(580, 170)"
"(181, 2480)","(580, 130)"
"(319, 2100)","(630, 120)"
"(76, 2060)","(530, 190)"
"(97, 2220)","(550, 170)"
"(208, 1580)","(530, 210)"
"(391, 1800)","(630, 110)"
"(319, 2310)","(610, 100)"
"(118, 2080)","(550, 180)"
"(391, 2230)","(630, 80)"
"(271, 2110)","(600, 130)"
"(76, 1410)","(450, 290)"
"(280, 2570)","(620, 100)"
"(172, 1520)","(510, 240)"
"(268, 1910)","(590, 150)"
"(7, 1990)","(520, 220)"
"(106, 1530)","(490, 260)"
"(181, 1400)","(480, 250)"
"(286, 1870)","(600, 150)"
"(133, 2540)","(580, 140)"
"(352, 1730)","(590, 130)"
"(370, 2460)","(650, 80)"
"(319, 1590)","(570, 160)"
"(322, 2580)","(640, 90)"
"(355, 2250)","(610, 90)"
"(367, 1830)","(630, 120)"
"(52, 1880)","(510, 220)"
"(76, 2090)","(540, 190)"
"(211, 1930)","(580, 170)"
"(286, 1500)","(550, 190)"
"(214, 2570)","(610, 120)"
"(118, 1910)","(540, 200)"
"(283, 1740)","(580, 160)"
"(298, 1870)","(590, 140)"
"(262, 1820)","(580, 160)"
"(268, 1600)","(540, 180)"
"(340, 1560)","(590, 160)"
"(175, 1410)","(490, 260)"
"(394, 2080)","(650, 90)"
"(157, 1430)","(490, 260)"
"(43, 2150)","(530, 190)"
"(37, 2080)","(530, 200)"
"(337, 1820)","(600, 130)"
"(283, 2080)","(610, 130)"
"(217, 1740)","(560, 190)"
"(385, 1880)","(640, 110)"
"(310, 2190)","(600, 110)"
"(355, 1760)","(620, 130)"
"(139, 2220)","(560, 160)"
"(76, 1590)","(490, 260)"
"(331, 1890)","(620, 130)"
"(172, 1420)","(480, 250)"
"(130, 1980)","(560, 190)"
"(244, 2500)","(630, 120)"
"(370, 1850)","(600, 110)"
"(118, 2340)","(580, 160)"
"(211, 1950)","(580, 170)"
"(124, 1760)","(530, 220)"
"(157, 1570)","(500, 230)"
"(73, 2200)","(550, 180)"
"(22, 1510)","(460, 290)"
"(94, 2190)","(570, 180)"
"(337, 1560)","(590, 160)"
"(160, 2330)","(590, 150)"
"(349, 2230)","(650, 100)"
"(31, 2070)","(540, 210)"
"(301, 2110)","(610, 120)"
"(55, 1410)","(450, 300)"
"(295, 2200)","(630, 120)"
"(181, 2350)","(590, 140)"
"(199, 1610)","(530, 210)"
"(142, 1560)","(500, 240)"
"(25, 2290)","(560, 190)"
"(13, 1940)","(520, 230)"
"(178, 2310)","(600, 150)"
"(343, 1530)","(580, 160)"
"(346, 1470)","(580, 170)"
"(358, 2160)","(650, 100)"
"(400, 2150)","(620, 80)"
"(190, 1480)","(510, 240)"
"(319, 2020)","(610, 120)"
"(94, 2550)","(580, 150)"
"(121, 1900)","(540, 200)"
"(262, 1500)","(530, 200)"
"(70, 1400)","(450, 300)"
"(397, 2210)","(640, 80)"
"(256, 2470)","(600, 110)"
"(79, 2580)","(570, 150)"
"(337, 1770)","(610, 140)"
"(82, 1560)","(480, 260)"
"(169, 2300)","(590, 150)"
"(301, 2280)","(620, 110)"
"(31, 1530)","(460, 280)"
"(310, 1480)","(550, 180)"
"(136, 1690)","(520, 220)"
"(7, 1420)","(430, 310)"
"(235, 1460)","(520, 220)"
"(73, 2350)","(570, 170)"
"(313, 2180)","(610, 110)"
"(247, 1940)","(570, 150)"
"(202, 2250)","(580, 140)"
"(280, 2530)","(600, 100)"
"(208, 1770)","(560, 190)"
"(307, 1540)","(570, 180)"
"(283, 1990)","(610, 140)"
"(172, 1820)","(540, 190)"
"(391, 1610)","(620, 130)"
"(97, 2180)","(570, 180)"
"(229, 1580)","(530, 200)"
"(28, 1570)","(460, 270)"
"(307, 1530)","(570, 180)"
"(130, 2060)","(560, 180)"
"(316, 2180)","(610, 110)"
"(1, 1510)","(440, 290)"
"(346, 2380)","(630, 90)"
"(379, 1650)","(620, 130)"
"(97, 2480)","(560, 150)"
"(7, 1660)","(480, 270)"
"(46, 1890)","(510, 220)"
"(112, 2010)","(550, 190)"
"(301, 1550)","(570, 180)"
"(313, 1620)","(570, 160)"
"(154, 2540)","(610, 140)"
"(166, 2550)","(580, 130)"
"(88, 1710)","(500, 230)"
"(253, 1540)","(540, 200)"
"(352, 1830)","(600, 120)"
"(304, 1460)","(550, 190)"
"(397, 2050)","(640, 90)"
"(271, 1950)","(580, 140)"
"(325, 2470)","(610, 90)"
"(301, 2410)","(610, 100)"
"(334, 1910)","(590, 120)"
"(400, 1700)","(610, 110)"
"(283, 2390)","(620, 110)"
"(175, 2550)","(600, 130)"
"(94, 1560)","(490, 260)"
"(277, 2460)","(630, 110)"
"(280, 2040)","(590, 130)"
"(235, 2510)","(630, 120)"
"(73, 2410)","(580, 170)"
"(40, 1920)","(520, 220)"
"(163, 2530)","(610, 140)"
"(4, 1830)","(500, 240)"
"(55, 1580)","(470, 260)"
"(391, 1930)","(640, 100)"
"(82, 2410)","(560, 160)"
"(391, 1590)","(620, 130)"
"(382, 1730)","(620, 120)"
"(154, 2530)","(610, 140)"
"(328, 1470)","(570, 180)"
"(211, 2080)","(570, 150)"
"(382, 1530)","(600, 140)"
"(181, 2430)","(610, 140)"
"(385, 2290)","(630, 80)"
"(187, 1630)","(520, 210)"
"(259, 2380)","(630, 120)"
"(160, 2350)","(600, 150)"
"(151, 2200)","(570, 160)"
"(64, 2540)","(580, 160)"
"(142, 2260)","(580, 160)"
"(361, 2410)","(660, 90)"
"(199, 1720)","(530, 190)"
"(196, 2160)","(580, 150)"
"(88, 2110)","(560, 190)"
"(304, 2450)","(630, 100)"
"(391, 2030)","(620, 90)"
"(196, 1770)","(550, 190)"
"(34, 2210)","(540, 190)"
"(85, 1790)","(510, 220)"
"(250, 1410)","(510, 220)"
"(364, 1960)","(640, 110)"
"(133, 2440)","(590, 150)"
"(328, 2490)","(630, 90)"
"(388, 1500)","(600, 140)"
"(52, 2130)","(530, 190)"
"(67, 2220)","(550, 180)"
"(250, 2170)","(580, 130)"
"(151, 1620)","(520, 230)"
"(16, 2040)","(520, 210)"
"(274, 2540)","(640, 110)"
"(103, 1600)","(500, 250)"
"(229, 1570)","(540, 210)"
"(247, 2430)","(620, 120)"
"(193, 1630)","(530, 210)"
"(229, 2220)","(610, 140)"
"(67, 1510)","(460, 270)"
"(397, 1960)","(650, 100)"
"(397, 2250)","(650, 80)"
"(73, 1650)","(500, 250)"
"(4, 1920)","(510, 230)"
"(220, 2210)","(590, 140)"
"(292, 1630)","(570, 170)"
"(280, 2450)","(640, 110)"
"(49, 2470)","(580, 170)"
"(400, 2580)","(680, 70)"
"(148, 2400)","(600, 150)"
"(184, 2550)","(610, 130)"
"(364, 1690)","(600, 130)"
"(379, 1550)","(600, 140)"
"(43, 1940)","(530, 220)"
"(202, 2330)","(610, 140)"
"(160, 2600)","(590, 130)"
"(91, 2530)","(570, 150)"
"(190, 2220)","(590, 150)"
"(298, 2310)","(620, 110)"
"(85, 1720)","(500, 230)"
"(178, 2260)","(590, 150)"
"(109, 2490)","(580, 150)"
"(256, 2550)","(620, 110)"
"(400, 1400)","(600, 150)"
"(187, 2300)","(580, 140)"
"(313, 2220)","(620, 110)"
"(73, 1430)","(460, 290)"
"(202, 2170)","(590, 150)"
"(142, 1780)","(540, 210)"
"(4, 2140)","(540, 210)"
"(355, 2100)","(610, 100)"
"(367, 1430)","(570, 160)"
"(226, 1840)","(560, 170)"
"(154, 2430)","(580, 140)"
"(70, 2430)","(580, 170)"
"(241, 2290)","(610, 130)"
"(352, 1890)","(630, 120)"
"(229, 2280)","(590, 130)"
"(244, 2230)","(600, 130)"
"(118, 2400)","(560, 150)"
"(4, 1510)","(440, 290)"
"(385, 2570)","(640, 70)"
"(223, 1450)","(520, 230)"
"(49, 2380)","(550, 170)"
"(376, 2440)","(660, 80)"
"(37, 1950)","(530, 220)"
"(85, 1540)","(480, 260)"
"(49, 2550)","(570, 160)"
"(25, 1680)","(490, 260)"
"(139, 2510)","(580, 140)"
"(382, 2590)","(640, 70)"
"(157, 2340)","(590, 150)"
"(253, 2440)","(630, 120)"
"(31, 2440)","(550, 170)"
"(100, 1720)","(520, 230)"
"(298, 2080)","(590, 120)"
"(94, 1720)","(510, 230)"
"(82, 2560)","(570, 150)"
"(280, 2470)","(640, 110)"
"(184, 2180)","(570, 150)"
"(55, 2000)","(540, 210)"
"(331, 2100)","(610, 110)"
"(196, 1500)","(510, 230)"
"(166, 2000)","(550, 170)"
"(43, 1460)","(450, 290)"
"(94, 2090)","(560, 190)"
"(361, 2190)","(650, 100)"
"(274, 1980)","(590, 140)"
"(253, 1820)","(560, 160)"
"(19, 1960)","(520, 220)"
"(175, 2440)","(610, 140)"
"(22, 1930)","(510, 220)"
"(220, 2530)","(610, 120)"
"(274, 2090)","(600, 130)"
"(91, 1590)","(490, 250)"
"(328, 2040)","(630, 120)"
"(298, 1560)","(570, 180)"
"(385, 2540)","(630, 70)"
"(382, 1520)","(590, 140)"
"(103, 2600)","(600, 150)"
"(61, 2400)","(570, 170)"
"(379, 1890)","(640, 110)"
"(172, 2130)","(570, 160)"
"(241, 1580)","(550, 200)"
"(379, 2230)","(660, 90)"
"(283, 1910)","(580, 140)"
"(259, 1670)","(570, 180)"
"(268, 2290)","(610, 120)"
"(313, 1860)","(610, 140)"
"(334, 2450)","(630, 90)"
"(295, 2570)","(650, 100)"
"(343, 2530)","(660, 90)"
"(241, 1510)","(530, 210)"
"(349, 1550)","(570, 150)"
"(73, 1980)","(520, 200)"
"(340, 1930)","(620, 120)"
"(100, 2130)","(550, 180)"
"(187, 1930)","(550, 170)"
"(337, 1960)","(620, 120)"
"(136, 2000)","(540, 180)"
"(70, 2400)","(580, 170)"
"(391, 1720)","(630, 120)"
"(133, 1400)","(460, 270)"
"(43, 2520)","(580, 170)"
"(73, 2170)","(560, 190)"
"(85, 2360)","(580, 170)"
"(256, 1700)","(570, 180)"
"(322, 1550)","(580, 170)"
"(214, 2070)","(570, 150)"
"(58, 1970)","(530, 210)"
"(280, 1920)","(580, 140)"
"(142, 2490)","(580, 140)"
"(376, 2130)","(620, 90)"
"(313, 1510)","(570, 180)"
"(196, 1590)","(530, 220)"
"(244, 1790)","(570, 170)"
"(1, 1690)","(470, 260)"
"(115, 2330)","(570, 160)"
"(10, 2060)","(520, 210)"
"(295, 1930)","(610, 140)"
"(280, 2540)","(610, 100)"
"(199, 1400)","(500, 250)"
"(376, 2140)","(620, 90)"
"(85, 1570)","(490, 260)"
"(88, 1760)","(520, 230)"
"(205, 1850)","(570, 180)"
"(301, 1960)","(590, 130)"
"(376, 2030)","(640, 100)"
"(151, 1400)","(480, 270)"
"(361, 1640)","(610, 140)"
"(91, 2340)","(580, 170)"
"(10, 2390)","(550, 180)"
"(373, 1880)","(620, 110)"
"(379, 1880)","(640, 110)"
"(55, 2180)","(550, 190)"
"(268, 2380)","(590, 110)"
"(214, 1790)","(560, 180)"
"(142, 2050)","(570, 180)"
"(175, 1750)","(540, 200)"
"(250, 2200)","(600, 130)"
"(145, 1910)","(550, 190)"
"(271, 1660)","(550, 170)"
"(94, 2570)","(580, 150)"
"(64, 2140)","(550, 190)"
"(142, 2560)","(600, 140)"
"(394, 2270)","(650, 80)"
"(340, 2580)","(610, 80)"
"(250, 2210)","(600, 130)"
"(304, 2510)","(650, 100)"
"(292, 2090)","(620, 130)"
"(16, 2580)","(580, 170)"
"(1, 2110)","(530, 210)"
"(148, 1640)","(510, 220)"
"(28, 2550)","(580, 170)"
"(49, 1510)","(460, 280)"
"(73, 1840)","(520, 220)"
"(175, 1670)","(530, 210)"
"(301, 1440)","(540, 190)"
"(319, 1720)","(600, 150)"
"(16, 2180)","(540, 200)"
"(205, 1940)","(580, 170)"
"(55, 1820)","(520, 230)"
"(373, 2520)","(670, 80)"
"(343, 1510)","(570, 160)"
"(4, 1430)","(430, 310)"
"(58, 2280)","(560, 180)"
"(151, 1890)","(550, 190)"
"(208, 1510)","(510, 220)"
"(142, 1510)","(500, 250)"
"(202, 2500)","(620, 130)"
"(391, 1580)","(610, 130)"
"(208, 1450)","(500, 230)"
"(178, 2540)","(600, 130)"
"(220, 2030)","(570, 150)"
"(385, 2010)","(650, 100)"
"(238, 2260)","(600, 130)"
"(142, 2000)","(550, 180)"
"(148, 1880)","(540, 190)"
"(133, 2230)","(560, 160)"
"(130, 2090)","(570, 180)"
"(343, 2030)","(610, 110)"
"(241, 2090)","(580, 140)"
"(46, 1880)","(510, 220)"
"(352, 1700)","(610, 140)"
"(97, 1890)","(540, 210)"
"(277, 2430)","(620, 110)"
"(28, 1480)","(450, 290)"
"(391, 1530)","(610, 140)"
"(118, 2090)","(560, 180)"
"(319, 1950)","(620, 130)"
"(145, 2030)","(570, 180)"
"(22, 2260)","(550, 190)"
"(103, 1810)","(530, 220)"
"(184, 1990)","(570, 170)"
"(82, 2450)","(570, 160)"
"(289, 1780)","(570, 150)"
"(319, 2540)","(620, 90)"
"(112, 2530)","(590, 150)"
"(343, 2490)","(660, 90)"
"(367, 2230)","(630, 90)"
"(370, 2380)","(620, 80)"
"(112, 1460)","(480, 270)"
"(193, 2100)","(590, 160)"
"(307, 2140)","(630, 120)"
"(400, 1950)","(610, 90)"
"(325, 1880)","(610, 130)"
"(298, 1700)","(580, 160)"
"(337, 2550)","(660, 90)"
"(268, 1810)","(580, 160)"
"(31, 2190)","(530, 190)"
"(205, 1580)","(520, 210)"
"(268, 1620)","(550, 180)"
"(358, 1860)","(630, 120)"
"(121, 1740)","(520, 220)"
"(61, 2410)","(570, 170)"
"(250, 1880)","(590, 160)"
"(76, 2180)","(540, 180)"
"(391, 1970)","(650, 100)"
"(394, 1950)","(650, 100)"
"(334, 1590)","(590, 160)"
"(307, 1990)","(620, 130)"
"(61, 1880)","(520, 220)"
"(106, 1710)","(520, 230)"
"(88, 2090)","(550, 190)"
"(133, 2120)","(550, 170)"
"(337, 2210)","(610, 100)"
"(52, 2120)","(550, 200)"
"(343, 2020)","(610, 110)"
"(145, 2070)","(550, 170)"
"(19, 2050)","(520, 210)"
"(112, 1710)","(520, 230)"
"(19, 2280)","(550, 190)"
"(322, 2000)","(610, 120)"
"(241, 1760)","(550, 170)"
"(250, 1850)","(570, 160)"
"(235, 2300)","(610, 130)"
"(4, 2350)","(560, 190)"
"(178, 1770)","(550, 200)"
"(28, 2300)","(560, 190)"
"(247, 1670)","(550, 180)"
"(247, 2100)","(600, 140)"
"(367, 1480)","(570, 150)"
"(58, 2370)","(560, 170)"
"(358, 2110)","(630, 100)"
"(250, 2390)","(610, 120)"
"(304, 2560)","(650, 100)"
"(289, 2560)","(630, 100)"
"(232, 1920)","(570, 160)"
"(151, 2580)","(610, 140)"
"(1, 1560)","(450, 280)"
"(301, 1730)","(570, 150)"
"(52, 1460)","(440, 280)"
"(307, 1430)","(540, 190)"
"(85, 2400)","(560, 160)"
"(337, 2230)","(620, 100)"
"(55, 2190)","(560, 190)"
"(121, 2500)","(600, 150)"
"(337, 2280)","(640, 100)"
"(127, 1640)","(510, 230)"
"(187, 2470)","(590, 130)"
"(328, 1520)","(580, 170)"
"(346, 2340)","(620, 90)"
"(13, 2090)","(530, 210)"
"(22, 1680)","(490, 260)"
"(397, 1520)","(590, 130)"
"(28, 2590)","(560, 160)"
"(214, 1560)","(520, 210)"
"(274, 2370)","(600, 110)"
"(40, 2450)","(560, 170)"
"(67, 1500)","(470, 280)"
"(52, 2300)","(560, 180)"
"(19, 2040)","(520, 210)"
"(193, 1530)","(520, 230)"
"(136, 1620)","(510, 230)"
"(295, 2030)","(610, 130)"
"(100, 2460)","(590, 160)"
"(61, 1790)","(510, 230)"
"(259, 1900)","(570, 150)"
"(16, 2590)","(580, 170)"
"(103, 1660)","(510, 240)"
"(76, 1730)","(500, 230)"
"(367, 2580)","(670, 80)"
"(355, 1700)","(590, 130)"
"(277, 2580)","(610, 100)"
"(310, 1710)","(580, 150)"
"(22, 2180)","(550, 200)"
"(379, 2210)","(660, 90)"
"(31, 2540)","(580, 170)"
"(328, 1930)","(590, 120)"
"(190, 2090)","(580, 160)"
"(154, 2250)","(590, 160)"
"(91, 1480)","(470, 270)"
"(58, 2070)","(540, 200)"
"(229, 1710)","(540, 180)"
"(31, 1500)","(460, 290)"
"(106, 2170)","(570, 180)"
"(247, 2520)","(600, 110)"
"(328, 2510)","(630, 90)"
"(181, 1430)","(500, 250)"
"(220, 2330)","(590, 130)"
"(313, 2210)","(620, 110)"
"(247, 2460)","(630, 120)"
"(373, 2480)","(660, 80)"
"(190, 1730)","(550, 200)"
"(235, 2310)","(610, 130)"
"(67, 2580)","(590, 160)"
"(304, 2090)","(610, 120)"
"(343, 2310)","(650, 100)"
"(394, 1660)","(620, 120)"
"(286, 1980)","(610, 140)"
"(247, 1820)","(580, 170)"
"(229, 1590)","(530, 200)"
"(193, 2410)","(580, 130)"
"(181, 1920)","(570, 180)"
"(58, 2330)","(570, 180)"
"(307, 1400)","(550, 200)"
"(346, 1930)","(630, 120)"
"(319, 2250)","(640, 110)"
"(37, 2410)","(550, 170)"
"(292, 1790)","(580, 150)"
"(382, 2440)","(670, 80)"
"(79, 1730)","(500, 230)"
"(196, 1510)","(520, 230)"
"(94, 1890)","(540, 210)"
"(358, 1740)","(610, 130)"
"(190, 2000)","(580, 170)"
"(160, 1900)","(560, 190)"
"(85, 1870)","(520, 210)"
"(361, 1560)","(600, 150)"
"(382, 1680)","(600, 120)"
"(247, 1540)","(530, 200)"
"(70, 2010)","(530, 200)"
"(259, 1660)","(560, 180)"
"(250, 2290)","(620, 130)"
"(334, 1620)","(580, 150)"
"(187, 1670)","(540, 210)"
"(187, 1570)","(520, 220)"
"(208, 1740)","(550, 190)"
"(145, 2080)","(550, 170)"
"(49, 1660)","(480, 250)"
"(214, 2290)","(610, 140)"
"(349, 2040)","(630, 110)"
"(244, 2050)","(570, 140)"
"(328, 2140)","(620, 110)"
"(4, 1640)","(470, 270)"
"(157, 1590)","(510, 230)"
"(64, 1570)","(470, 260)"
"(391, 1600)","(620, 130)"
"(271, 1540)","(540, 190)"
"(157, 1750)","(540, 210)"
"(262, 1560)","(540, 190)"
"(79, 2270)","(570, 180)"
"(4, 1770)","(490, 250)"
"(151, 1770)","(520, 200)"
"(316, 1710)","(590, 150)"
"(169, 1900)","(540, 180)"
"(271, 1630)","(560, 180)"
"(235, 2200)","(610, 140)"
"(259, 1650)","(560, 180)"
"(193, 2120)","(590, 160)"
"(262, 1810)","(570, 160)"
"(112, 1690)","(510, 230)"
"(223, 2310)","(590, 130)"
"(229, 2370)","(620, 130)"
"(28, 1560)","(470, 280)"
"(187, 1580)","(520, 220)"
"(157, 1620)","(510, 220)"
"(331, 1560)","(570, 160)"
"(58, 1870)","(520, 220)"
"(106, 2260)","(570, 170)"
"(88, 1650)","(490, 240)"
"(376, 1620)","(590, 130)"
"(115, 1950)","(530, 190)"
"(208, 2260)","(590, 140)"
"(352, 2150)","(630, 100)"
"(256, 1600)","(550, 190)"
"(328, 2430)","(610, 90)"
"(217, 1500)","(520, 220)"
"(202, 1560)","(530, 220)"
"(4, 2210)","(540, 200)"
"(379, 1930)","(600, 100)"
"(400, 2430)","(640, 70)"
"(121, 2170)","(560, 170)"
"(214, 2030)","(590, 160)"
"(286, 1460)","(550, 200)"
"(310, 1630)","(570, 160)"
"(43, 1590)","(480, 270)"
"(262, 2230)","(620, 130)"
"(352, 1710)","(580, 130)"
"(358, 1890)","(630, 120)"
"(73, 1620)","(480, 250)"
"(220, 1660)","(530, 190)"
"(142, 1750)","(530, 210)"
"(214, 2530)","(600, 120)"
"(58, 2530)","(570, 160)"
"(241, 1650)","(560, 190)"
"(298, 1980)","(600, 130)"
"(391, 2300)","(650, 80)"
"(298, 2070)","(620, 130)"
"(4, 1810)","(490, 240)"
"(247, 2540)","(610, 110)"
"(223, 2240)","(610, 140)"
"(157, 1740)","(540, 210)"
"(391, 2370)","(670, 80)"
"(358, 1540)","(580, 150)"
"(34, 2540)","(580, 170)"
"(286, 2480)","(600, 100)"
"(259, 1750)","(570, 170)"
"(319, 2530)","(620, 90)"
"(79, 1600)","(480, 250)"
"(109, 1880)","(520, 200)"
"(346, 1520)","(580, 160)"
"(109, 2130)","(560, 180)"
"(181, 2270)","(600, 150)"
"(109, 2140)","(570, 180)"
"(151, 2510)","(600, 140)"
"(169, 2150)","(580, 160)"
"(376, 2210)","(650, 90)"
"(16, 2440)","(570, 180)"
"(379, 1730)","(620, 120)"
"(394, 2400)","(610, 70)"
"(400, 1450)","(600, 140)"
"(343, 2200)","(620, 100)"
"(190, 2240)","(600, 150)"
"(310, 1450)","(560, 190)"
"(292, 2550)","(630, 100)"
"(331, 1770)","(610, 140)"
"(187, 1870)","(550, 180)"
"(130, 2020)","(540, 180)"
"(343, 2340)","(610, 90)"
"(274, 1730)","(580, 170)"
"(127, 1990)","(560, 190)"
"(163, 1690)","(520, 210)"
"(61, 2280)","(560, 180)"
"(31, 1870)","(510, 230)"
"(58, 1560)","(480, 270)"
"(340, 1440)","(550, 170)"
"(172, 2580)","(600, 130)"
"(145, 2330)","(570, 150)"
"(373, 1770)","(620, 120)"
"(343, 2260)","(650, 100)"
"(367, 2440)","(630, 80)"
"(229, 2210)","(610, 140)"
"(343, 1820)","(620, 130)"
"(85, 2080)","(550, 190)"
"(22, 2340)","(540, 180)"
"(208, 1730)","(550, 190)"
"(121, 1830)","(540, 210)"
"(304, 2290)","(630, 110)"
"(19, 1770)","(500, 250)"
"(67, 1690)","(490, 240)"
"(88, 2550)","(570, 150)"
"(376, 2190)","(640, 90)"
"(319, 2140)","(600, 110)"
"(40, 2100)","(540, 200)"
"(376, 1470)","(580, 150)"
"(283, 2020)","(580, 130)"
"(316, 2230)","(630, 110)"
"(142, 2500)","(580, 140)"
"(292, 1710)","(580, 160)"
"(334, 1860)","(620, 130)"
"(256, 2570)","(630, 110)"
"(184, 2190)","(570, 150)"
"(136, 1950)","(550, 190)"
"(235, 1920)","(580, 160)"
"(133, 2060)","(560, 180)"
"(277, 2260)","(620, 120)"
"(109, 2510)","(580, 150)"
"(112, 2300)","(560, 160)"
"(298, 1570)","(570, 180)"
"(376, 1610)","(590, 130)"
"(340, 2600)","(620, 80)"
"(391, 2530)","(650, 70)"
"(298, 1640)","(580, 170)"
"(235, 2070)","(600, 150)"
"(349, 1960)","(600, 110)"
"(46, 2040)","(520, 200)"
"(316, 2530)","(610, 90)"
"(73, 1470)","(460, 280)"
"(112, 1470)","(480, 270)"
"(229, 1950)","(580, 160)"
"(46, 2090)","(540, 200)"
"(358, 1530)","(580, 150)"
"(361, 1610)","(590, 140)"
"(370, 2560)","(670, 80)"
"(67, 2090)","(530, 190)"
"(142, 1820)","(530, 200)"
"(232, 2020)","(580, 150)"
"(163, 1550)","(500, 230)"
"(31, 2480)","(560, 170)"
"(154, 2110)","(580, 170)"
"(364, 2520)","(650, 80)"
"(190, 1610)","(520, 210)"
"(49, 1500)","(460, 280)"
"(256, 2180)","(600, 130)"
"(238, 1960)","(590, 160)"
"(115, 2060)","(540, 180)"
"(379, 2080)","(650, 100)"
"(235, 1900)","(570, 160)"
"(340, 2360)","(610, 90)"
"(1, 1570)","(450, 280)"
"(64, 1740)","(510, 240)"
"(343, 1960)","(630, 120)"
"(157, 2190)","(580, 160)"
"(79, 1450)","(460, 280)"
"(283, 2280)","(630, 120)"
"(43, 2280)","(540, 180)"
"(301, 1620)","(580, 170)"
"(40, 1810)","(500, 230)"
"(217, 2400)","(610, 130)"
"(373, 1890)","(630, 110)"
"(325, 1730)","(580, 140)"
"(100, 1660)","(510, 240)"
"(289, 2210)","(620, 120)"
"(85, 1670)","(500, 240)"
"(262, 1650)","(560, 180)"
"(292, 1500)","(560, 190)"
"(139, 1550)","(500, 240)"
"(202, 1960)","(580, 170)"
"(1, 1490)","(450, 300)"
"(169, 2180)","(590, 160)"
"(94, 2170)","(560, 180)"
"(31, 2430)","(550, 170)"
"(34, 2140)","(540, 200)"
"(103, 1620)","(490, 240)"
"(10, 1500)","(440, 290)"
"(37, 1600)","(480, 270)"
"(217, 1400)","(500, 240)"
"(151, 1810)","(540, 200)"
"(358, 1420)","(580, 170)"
"(229, 2430)","(590, 120)"
"(196, 2590)","(590, 120)"
"(133, 2170)","(570, 170)"
"(91, 2450)","(580, 160)"
"(13, 1810)","(500, 240)"
"(91, 2480)","(590, 160)"
"(34, 2310)","(540, 180)"
"(25, 1850)","(500, 230)"
"(259, 2200)","(610, 130)"
"(103, 1590)","(500, 250)"
"(232, 1420)","(510, 230)"
"(67, 1770)","(510, 230)"
"(385, 2510)","(620, 70)"
"(64, 2030)","(530, 200)"
"(28, 1930)","(510, 220)"
"(247, 1720)","(570, 180)"
"(346, 1830)","(620, 130)"
"(313, 1490)","(560, 180)"
"(361, 2290)","(640, 90)"
"(292, 1800)","(590, 150)"
"(10, 2070)","(520, 210)"
"(331, 2180)","(640, 110)"
"(388, 2210)","(660, 90)"
"(10, 2230)","(550, 200)"
"(1, 2570)","(560, 170)"
"(184, 1530)","(520, 230)"
"(190, 1510)","(510, 230)"
"(358, 1810)","(600, 120)"
"(223, 2090)","(590, 150)"
"(130, 1590)","(510, 240)"
"(88, 2370)","(580, 170)"
"(331, 2530)","(650, 90)"
"(334, 2310)","(640, 100)"
"(37, 1590)","(480, 270)"
"(157, 2140)","(560, 160)"
"(202, 2110)","(570, 150)"
"(238, 2090)","(580, 140)"
"(391, 2430)","(610, 70)"
"(310, 1540)","(550, 170)"
"(118, 2220)","(570, 170)"
"(388, 1490)","(590, 140)"
"(163, 1770)","(540, 200)"
"(187, 2560)","(620, 130)"
"(118, 2360)","(590, 160)"
"(1, 2020)","(520, 220)"
"(334, 1680)","(600, 150)"
"(67, 2040)","(540, 200)"
"(40, 1740)","(490, 240)"
"(22, 1810)","(500, 240)"
"(253, 2140)","(610, 140)"
"(238, 1820)","(570, 170)"
"(259, 2320)","(610, 120)"
"(319, 2410)","(650, 100)"
"(220, 2320)","(590, 130)"
"(307, 2090)","(610, 120)"
"(148, 1830)","(550, 200)"
"(205, 2080)","(590, 160)"
"(22, 1830)","(510, 240)"
"(37, 2350)","(560, 180)"
"(73, 1890)","(510, 210)"
"(106, 2240)","(570, 170)"
"(358, 2130)","(630, 100)"
"(28, 1830)","(510, 240)"
"(145, 1650)","(510, 220)"
"(61, 2000)","(520, 200)"
"(97, 2020)","(540, 190)"
"(214, 2390)","(600, 130)"
"(22, 1440)","(440, 300)"
"(334, 1890)","(620, 130)"
"(373, 1910)","(640, 110)"
"(10, 2550)","(560, 170)"
"(193, 2550)","(620, 130)"
"(388, 1990)","(650, 100)"
"(136, 2300)","(590, 160)"
"(385, 2080)","(620, 90)"
"(91, 2380)","(560, 160)"
"(73, 2430)","(560, 160)"
"(265, 2510)","(630, 110)"
"(64, 1470)","(460, 280)"
"(268, 2000)","(590, 140)"
"(379, 1470)","(590, 150)"
"(4, 1950)","(520, 230)"
"(331, 2330)","(640, 100)"
"(100, 2530)","(580, 150)"
"(397, 1810)","(640, 110)"
"(1, 1870)","(510, 240)"
"(289, 2040)","(600, 130)"
"(343, 1550)","(590, 160)"
"(1, 1840)","(500, 240)"
"(22, 2080)","(540, 210)"
"(1, 1710)","(480, 260)"
"(148, 1500)","(500, 250)"
"(394, 2290)","(660, 80)"
"(40, 1960)","(510, 210)"
"(250, 1750)","(560, 170)"
"(196, 1550)","(520, 220)"
"(190, 2200)","(590, 150)"
"(37, 1480)","(450, 290)"
"(331, 2200)","(640, 110)"
"(262, 2490)","(620, 110)"
"(193, 2470)","(600, 130)"
"(241, 2250)","(600, 130)"
"(337, 2130)","(640, 110)"
"(115, 2090)","(550, 180)"
"(172, 2010)","(560, 170)"
"(28, 2530)","(570, 170)"
"(313, 1430)","(550, 190)"
"(43, 2330)","(560, 180)"
"(388, 1690)","(620, 120)"
"(232, 1500)","(530, 220)"
"(28, 2290)","(560, 190)"
"(154, 1840)","(550, 200)"
"(340, 2410)","(630, 90)"
"(25, 1740)","(500, 250)"
"(400, 2330)","(670, 80)"
"(391, 1910)","(630, 100)"
"(52, 1610)","(480, 260)"
"(292, 1650)","(580, 170)"
"(310, 2560)","(610, 90)"
"(325, 2420)","(650, 100)"
"(88, 2600)","(590, 150)"
"(391, 1470)","(580, 140)"
"(265, 2280)","(600, 120)"
"(220, 2440)","(620, 130)"
"(205, 2550)","(590, 120)"
"(310, 1650)","(580, 160)"
"(22, 2590)","(580, 170)"
"(340, 1780)","(590, 130)"
"(52, 1870)","(510, 220)"
"(31, 2470)","(560, 170)"
"(79, 2400)","(580, 170)"
"(358, 1500)","(590, 160)"
"(19, 2010)","(530, 220)"
"(211, 2480)","(620, 130)"
"(316, 2370)","(620, 100)"
"(334, 2330)","(650, 100)"
"(328, 2420)","(600, 90)"
"(208, 1470)","(510, 230)"
"(34, 1850)","(510, 230)"
"(286, 2370)","(620, 110)"
"(250, 2490)","(600, 110)"
"(196, 2290)","(590, 140)"
"(205, 1450)","(510, 240)"
"(238, 1480)","(530, 220)"
"(22, 2540)","(570, 170)"
"(337, 2150)","(640, 110)"
"(148, 2360)","(580, 150)"
"(85, 1880)","(520, 210)"
"(1, 1500)","(450, 300)"
"(262, 2400)","(630, 120)"
"(238, 1840)","(580, 170)"
"(94, 1850)","(520, 210)"
"(394, 2570)","(670, 70)"
"(97, 2190)","(570, 180)"
"(79, 2420)","(560, 160)"
"(127, 1950)","(540, 190)"
"(271, 2600)","(610, 100)"
"(367, 2400)","(620, 80)"
"(115, 2560)","(600, 150)"
"(124, 2100)","(570, 180)"
"(304, 2420)","(620, 100)"
"(115, 1400)","(460, 280)"
"(52, 1600)","(480, 260)"
"(310, 1810)","(590, 140)"
"(361, 2580)","(660, 80)"
"(304, 1700)","(590, 160)"
"(196, 1820)","(540, 180)"
"(193, 2090)","(590, 160)"
"(148, 2200)","(570, 160)"
"(370, 1600)","(610, 140)"
"(316, 2550)","(620, 90)"
"(190, 2400)","(610, 140)"
"(211, 2340)","(580, 130)"
"(280, 1610)","(570, 180)"
"(382, 1860)","(640, 110)"
"(196, 1470)","(510, 240)"
"(190, 1940)","(560, 170)"
"(121, 2050)","(550, 180)"
"(232, 2410)","(590, 120)"
"(211, 2240)","(590, 140)"
"(265, 2130)","(590, 130)"
"(94, 2310)","(580, 170)"
"(46, 2180)","(540, 190)"
"(214, 2310)","(610, 140)"
"(49, 1450)","(450, 290)"
"(310, 1490)","(550, 180)"
"(337, 2330)","(650, 100)"
"(85, 1810)","(520, 220)"
"(82, 1670)","(500, 240)"
"(190, 1850)","(550, 180)"
"(172, 2180)","(590, 160)"
"(13, 2130)","(520, 200)"
"(286, 1740)","(580, 160)"
"(163, 2320)","(590, 150)"
"(112, 2510)","(590, 150)"
"(187, 1420)","(500, 250)"
"(157, 1640)","(520, 220)"
"(58, 1900)","(530, 220)"
"(304, 1440)","(540, 190)"
"(16, 1810)","(500, 240)"
"(217, 2460)","(620, 130)"
"(268, 1710)","(570, 170)"
"(118, 1960)","(540, 190)"
"(370, 1530)","(600, 150)"
"(379, 1500)","(600, 150)"
"(97, 2520)","(570, 150)"
"(202, 2260)","(580, 140)"
"(127, 1660)","(520, 230)"
"(328, 1770)","(600, 140)"
"(211, 2550)","(600, 120)"
"(286, 2060)","(610, 130)"
"(196, 2560)","(620, 130)"
"(187, 1500)","(500, 230)"
"(82, 1890)","(520, 210)"
"(346, 1630)","(600, 150)"
"(19, 2090)","(540, 210)"
"(265, 1650)","(570, 180)"
"(118, 2200)","(570, 170)"
"(124, 1890)","(540, 200)"
"(55, 1400)","(440, 300)"
"(220, 1410)","(510, 240)"
"(151, 2070)","(560, 170)"
"(16, 2110)","(540, 210)"
"(271, 2300)","(620, 120)"
"(13, 2490)","(550, 170)"
"(367, 1930)","(630, 110)"
"(376, 2480)","(670, 80)"
"(193, 1510)","(520, 230)"
"(109, 2330)","(560, 160)"
"(223, 2330)","(600, 130)"
"(139, 1650)","(520, 230)"
"(235, 1860)","(580, 170)"
"(199, 2120)","(570, 150)"
"(223, 1710)","(560, 190)"
"(322, 2500)","(620, 90)"
"(112, 2600)","(570, 140)"
"(235, 1430)","(520, 230)"
"(196, 2600)","(590, 120)"
"(241, 2060)","(570, 140)"
"(181, 2410)","(610, 140)"
"(172, 1530)","(500, 230)"
"(118, 2500)","(590, 150)"
"(334, 2600)","(660, 90)"
"(370, 1410)","(570, 160)"
"(337, 2110)","(630, 110)"
"(259, 1620)","(540, 180)"
"(397, 2410)","(630, 70)"
"(232, 2230)","(610, 140)"
"(172, 1560)","(520, 230)"
"(91, 1740)","(520, 230)"
"(76, 2300)","(550, 170)"
"(208, 2590)","(610, 120)"
"(328, 2370)","(650, 100)"
"(310, 1750)","(600, 150)"
"(325, 2010)","(620, 120)"
"(229, 1480)","(520, 220)"
"(67, 1620)","(480, 250)"
"(280, 2150)","(620, 130)"
"(367, 1780)","(610, 120)"
"(211, 2060)","(590, 160)"
"(358, 2140)","(640, 100)"
"(358, 1760)","(620, 130)"
"(361, 2040)","(600, 100)"
"(235, 2330)","(620, 130)"
"(343, 1440)","(560, 170)"
"(214, 1670)","(550, 200)"
"(373, 2390)","(630, 80)"
"(82, 1740)","(510, 230)"
"(391, 2170)","(660, 90)"
"(310, 1920)","(590, 130)"
"(331, 1790)","(610, 140)"
"(82, 2270)","(550, 170)"
"(337, 2140)","(640, 110)"
"(88, 1800)","(520, 220)"
"(34, 2280)","(560, 190)"
"(199, 2000)","(560, 160)"
"(211, 1940)","(580, 170)"
"(379, 2470)","(670, 80)"
"(262, 2210)","(620, 130)"
"(337, 2100)","(630, 110)"
"(376, 2040)","(640, 100)"
"(226, 1760)","(560, 180)"
"(250, 2090)","(600, 140)"
"(121, 2410)","(570, 150)"
"(1, 1600)","(470, 280)"
"(343, 2590)","(620, 80)"
"(328, 2450)","(610, 90)"
"(217, 2020)","(590, 160)"
"(376, 2450)","(660, 80)"
"(349, 2020)","(620, 110)"
"(250, 2060)","(590, 140)"
"(100, 1860)","(530, 210)"
"(70, 1470)","(460, 280)"
"(223, 2590)","(630, 120)"
"(91, 1540)","(480, 260)"
"(112, 2060)","(540, 180)"
"(118, 1610)","(500, 240)"
"(166, 2190)","(590, 160)"
"(307, 2100)","(620, 120)"
"(262, 2470)","(610, 110)"
"(91, 2300)","(570, 170)"
"(367, 2290)","(650, 90)"
"(223, 1860)","(570, 170)"
"(250, 2420)","(630, 120)"
"(184, 2590)","(620, 130)"
"(367, 1490)","(570, 150)"
"(16, 1910)","(520, 230)"
"(184, 2560)","(610, 130)"
"(160, 1550)","(500, 230)"
"(373, 2570)","(670, 80)"
"(34, 2260)","(560, 190)"
"(247, 2350)","(600, 120)"
"(331, 1690)","(600, 150)"
"(346, 2600)","(630, 80)"
"(232, 2560)","(630, 120)"
"(340, 2240)","(630, 100)"
"(253, 1700)","(570, 180)"
"(334, 2040)","(600, 110)"
"(76, 2140)","(560, 190)"
"(364, 1650)","(610, 140)"
"(361, 1700)","(600, 130)"
"(334, 2430)","(620, 90)"
"(355, 2490)","(620, 80)"
"(31, 1810)","(510, 240)"
"(127, 1880)","(540, 200)"
"(28, 1670)","(490, 260)"
"(373, 1820)","(630, 120)"
"(382, 2070)","(610, 90)"
"(103, 1510)","(480, 260)"
"(109, 1910)","(530, 200)"
"(340, 2510)","(660, 90)"
"(25, 2450)","(550, 170)"
"(286, 1730)","(580, 160)"
"(118, 2460)","(580, 150)"
"(295, 1920)","(610, 140)"
"(250, 1900)","(590, 160)"
"(238, 2440)","(610, 120)"
"(100, 2320)","(580, 170)"
"(370, 2590)","(670, 80)"
"(58, 2200)","(560, 190)"
"(226, 1780)","(570, 180)"
"(211, 1710)","(540, 190)"
"(37, 2360)","(560, 180)"
"(46, 2270)","(540, 180)"
"(40, 1520)","(460, 280)"
"(301, 1570)","(550, 170)"
"(310, 1860)","(610, 140)"
"(400, 2170)","(630, 80)"
"(40, 2570)","(560, 160)"
"(382, 2520)","(620, 70)"
"(235, 2600)","(600, 110)"
"(238, 1770)","(550, 170)"
"(127, 2290)","(570, 160)"
"(298, 2430)","(610, 100)"
"(64, 1810)","(520, 230)"
"(136, 1910)","(540, 190)"
"(34, 1880)","(520, 230)"
"(397, 1780)","(640, 110)"
"(175, 2100)","(570, 160)"
"(325, 2350)","(640, 100)"
"(262, 2440)","(600, 110)"
"(172, 1880)","(540, 180)"
"(325, 1770)","(600, 140)"
"(118, 1760)","(530, 220)"
"(205, 2560)","(600, 120)"
"(277, 2060)","(590, 130)"
"(256, 1560)","(530, 190)"
"(226, 1930)","(570, 160)"
"(13, 1680)","(480, 260)"
"(55, 1520)","(470, 280)"
"(157, 1810)","(550, 200)"
"(76, 2440)","(560, 160)"
"(334, 2030)","(630, 120)"
"(112, 1410)","(470, 280)"
"(343, 1610)","(590, 150)"
"(196, 2330)","(600, 140)"
"(82, 2470)","(580, 160)"
"(70, 2140)","(550, 190)"
"(346, 2310)","(610, 90)"
"(373, 1600)","(610, 140)"
"(334, 1470)","(560, 170)"
"(352, 1640)","(590, 140)"
"(172, 2380)","(580, 140)"
"(307, 2370)","(610, 100)"
"(370, 2450)","(650, 80)"
"(190, 1470)","(510, 240)"
"(97, 1610)","(500, 250)"
"(271, 1570)","(560, 190)"
"(385, 2370)","(660, 80)"
"(52, 2020)","(540, 210)"
"(118, 2330)","(580, 160)"
"(265, 1450)","(530, 210)"
"(244, 1620)","(550, 190)"
"(97, 2340)","(580, 170)"
"(358, 1900)","(630, 120)"
"(370, 2520)","(670, 80)"
"(55, 2260)","(550, 180)"
"(79, 1400)","(430, 280)"
"(136, 2570)","(600, 140)"
"(352, 2340)","(630, 90)"
"(55, 2380)","(560, 170)"
"(235, 2000)","(580, 150)"
"(244, 1580)","(550, 200)"
"(127, 2150)","(560, 170)"
"(103, 2510)","(580, 150)"
"(232, 1400)","(500, 230)"
"(334, 2440)","(620, 90)"
"(259, 2540)","(630, 110)"
"(58, 2080)","(550, 200)"
"(19, 1700)","(490, 260)"
"(199, 2550)","(620, 130)"
"(385, 1930)","(620, 100)"
"(355, 2560)","(640, 80)"
"(247, 2130)","(610, 140)"
"(304, 2570)","(650, 100)"
"(148, 2030)","(570, 180)"
"(142, 2380)","(580, 150)"
"(313, 2010)","(590, 120)"
"(61, 1500)","(470, 280)"
"(160, 1650)","(530, 220)"
"(160, 1850)","(540, 190)"
"(160, 2120)","(580, 170)"
"(271, 1650)","(570, 180)"
"(106, 1620)","(500, 240)"
"(154, 2230)","(590, 160)"
"(337, 1640)","(590, 150)"
"(298, 1940)","(610, 140)"
"(163, 2500)","(610, 140)"
"(313, 1540)","(560, 170)"
"(307, 2420)","(620, 100)"
"(109, 2350)","(570, 160)"
"(118, 2480)","(590, 150)"
"(268, 2120)","(600, 130)"
"(307, 2360)","(600, 100)"
"(40, 2310)","(550, 180)"
"(202, 2370)","(580, 130)"
"(325, 2580)","(650, 90)"
"(343, 2060)","(630, 110)"
"(271, 2280)","(610, 120)"
"(325, 1690)","(600, 150)"
"(352, 2550)","(630, 80)"
"(133, 1580)","(500, 240)"
"(121, 1590)","(500, 240)"
"(4, 1750)","(480, 250)"
"(13, 2060)","(520, 210)"
"(1, 2370)","(560, 190)"
"(154, 2030)","(570, 180)"
"(262, 1990)","(580, 140)"
"(184, 1690)","(520, 200)"
"(229, 1460)","(510, 220)"
"(352, 1850)","(610, 120)"
"(265, 1880)","(570, 150)"
"(151, 2210)","(570, 160)"
"(286, 2140)","(590, 120)"
"(241, 2200)","(580, 130)"
"(7, 1930)","(520, 230)"
"(7, 2080)","(520, 210)"
"(61, 1810)","(520, 230)"
"(211, 2520)","(590, 120)"
"(205, 1560)","(530, 220)"
"(142, 2420)","(600, 150)"
"(256, 1740)","(560, 170)"
"(130, 2360)","(560, 150)"
"(112, 1820)","(530, 210)"
"(367, 2280)","(650, 90)"
"(361, 2090)","(620, 100)"
"(400, 2240)","(660, 80)"
"(97, 2290)","(570, 170)"
"(295, 1900)","(600, 140)"
"(244, 1480)","(520, 210)"
"(244, 2430)","(620, 120)"
"(49, 2080)","(540, 200)"
"(79, 1880)","(520, 210)"
"(82, 2590)","(580, 150)"
"(307, 2430)","(630, 100)"
"(19, 1670)","(480, 260)"
"(190, 2190)","(580, 150)"
"(178, 2550)","(600, 130)"
"(88, 2420)","(570, 160)"
"(64, 1550)","(480, 270)"
"(397, 2020)","(630, 90)"
"(106, 2440)","(590, 160)"
"(376, 1660)","(620, 130)"
"(307, 2200)","(600, 110)"
"(295, 2400)","(640, 110)"
"(127, 1920)","(530, 190)"
"(361, 2550)","(650, 80)"
"(229, 1910)","(570, 160)"
"(25, 1720)","(490, 250)"
"(277, 2360)","(600, 110)"
"(169, 1840)","(550, 190)"
"(181, 1870)","(550, 180)"
"(184, 1850)","(540, 180)"
"(196, 2460)","(600, 130)"
"(220, 2470)","(590, 120)"
"(214, 2090)","(580, 150)"
"(37, 2380)","(570, 180)"
"(10, 2370)","(540, 180)"
"(382, 1640)","(620, 130)"
"(337, 1540)","(570, 160)"
"(61, 1830)","(520, 230)"
"(10, 2050)","(520, 210)"
"(211, 2570)","(610, 120)"
"(154, 1540)","(510, 240)"
"(334, 2090)","(620, 110)"
"(133, 2100)","(570, 180)"
"(259, 1600)","(560, 190)"
"(265, 1680)","(550, 170)"
"(184, 1520)","(510, 230)"
"(370, 2200)","(630, 90)"
"(220, 1750)","(550, 180)"
"(232, 1670)","(550, 190)"
"(94, 2020)","(530, 190)"
"(343, 2170)","(610, 100)"
"(1, 2070)","(520, 210)"
"(133, 2250)","(570, 160)"
"(187, 2100)","(580, 160)"
"(289, 1760)","(590, 160)"
"(43, 2220)","(550, 190)"
"(142, 1400)","(470, 270)"
"(85, 1610)","(490, 250)"
"(142, 1430)","(470, 260)"
"(211, 2280)","(610, 140)"
"(202, 1800)","(540, 180)"
"(259, 1560)","(540, 190)"
"(280, 1700)","(580, 170)"
"(220, 2380)","(610, 130)"
"(7, 2520)","(550, 170)"
"(235, 1970)","(590, 160)"
"(205, 2120)","(580, 150)"
"(166, 2480)","(610, 140)"
"(148, 2340)","(580, 150)"
"(373, 2070)","(650, 100)"
"(376, 1980)","(620, 100)"
"(346, 1400)","(570, 180)"
"(196, 1800)","(560, 190)"
"(265, 2070)","(610, 140)"
"(304, 2500)","(640, 100)"
"(244, 1920)","(590, 160)"
"(259, 2280)","(590, 120)"
"(10, 1510)","(450, 290)"
"(181, 2210)","(580, 150)"
"(337, 1600)","(570, 150)"
"(178, 2370)","(590, 140)"
"(295, 1980)","(590, 130)"
"(85, 2570)","(570, 150)"
"(40, 1890)","(510, 220)"
"(382, 2500)","(610, 70)"
"(244, 1870)","(570, 160)"
"(154, 1520)","(500, 240)"
"(334, 1410)","(550, 180)"
"(376, 2340)","(620, 80)"
"(118, 1600)","(500, 240)"
"(274, 1760)","(570, 160)"
"(280, 2140)","(620, 130)"
"(139, 2560)","(600, 140)"
"(193, 2270)","(580, 140)"
"(265, 2580)","(640, 110)"
"(7, 2530)","(550, 170)"
"(91, 1990)","(550, 200)"
"(82, 1880)","(520, 210)"
"(91, 1700)","(500, 230)"
"(232, 1590)","(540, 200)"
"(244, 2160)","(610, 140)"
"(19, 1410)","(430, 310)"
"(316, 2460)","(650, 100)"
"(331, 1510)","(580, 170)"
"(295, 2180)","(620, 120)"
"(382, 1950)","(620, 100)"
"(13, 1430)","(440, 310)"
"(31, 1520)","(450, 280)"
"(382, 2550)","(630, 70)"
"(226, 1550)","(530, 210)"
"(196, 2530)","(620, 130)"
"(103, 1560)","(480, 250)"
"(214, 1650)","(550, 200)"
"(172, 1990)","(550, 170)"
"(223, 2110)","(600, 150)"
"(40, 1600)","(480, 270)"
"(199, 1840)","(560, 180)"
"(313, 2600)","(630, 90)"
"(133, 2400)","(580, 150)"
"(169, 1680)","(530, 210)"
"(25, 1980)","(530, 220)"
"(271, 1610)","(550, 180)"
"(172, 2510)","(580, 130)"
"(259, 1880)","(590, 160)"
"(154, 2210)","(580, 160)"
"(280, 2310)","(630, 120)"
"(361, 2350)","(660, 90)"
"(67, 1540)","(480, 270)"
"(199, 2230)","(570, 140)"
"(7, 1710)","(490, 260)"
"(277, 1700)","(580, 170)"
"(151, 1980)","(550, 180)"
"(133, 2520)","(580, 140)"
"(82, 2390)","(580, 170)"
"(61, 1650)","(490, 250)"
"(229, 2120)","(570, 140)"
"(283, 1520)","(550, 190)"
"(154, 2090)","(570, 170)"
"(85, 2440)","(570, 160)"
"(286, 2340)","(610, 110)"
"(388, 2290)","(640, 80)"
"(145, 2180)","(560, 160)"
"(172, 1570)","(520, 230)"
"(253, 1810)","(560, 160)"
"(355, 1530)","(570, 150)"
"(199, 1970)","(580, 170)"
"(343, 1410)","(570, 180)"
"(292, 2510)","(620, 100)"
"(55, 2460)","(580, 170)"
"(22, 2010)","(510, 210)"
"(307, 2010)","(620, 130)"
"(139, 1430)","(470, 260)"
"(127, 2370)","(560, 150)"
"(22, 1460)","(450, 300)"
"(397, 2320)","(670, 80)"
"(10, 1560)","(460, 280)"
"(283, 1400)","(530, 210)"
"(310, 2600)","(620, 90)"
"(91, 2090)","(560, 190)"
"(241, 1900)","(580, 160)"
"(385, 2150)","(650, 90)"
"(10, 2220)","(550, 200)"
"(160, 2370)","(600, 150)"
"(67, 2080)","(550, 200)"
"(286, 1610)","(570, 180)"
"(37, 2570)","(560, 160)"
"(382, 2230)","(660, 90)"
"(391, 1450)","(600, 150)"
"(109, 2560)","(600, 150)"
"(370, 1660)","(600, 130)"
"(25, 1500)","(450, 290)"
"(94, 1670)","(510, 240)"
"(181, 2320)","(580, 140)"
"(280, 2090)","(610, 130)"
"(298, 2000)","(600, 130)"
"(67, 2280)","(570, 180)"
"(253, 1830)","(570, 160)"
"(181, 1930)","(570, 180)"
"(97, 1810)","(530, 220)"
"(367, 1630)","(610, 140)"
"(100, 2410)","(580, 160)"
"(172, 2240)","(580, 150)"
"(145, 1500)","(500, 250)"
"(67, 1800)","(520, 230)"
"(244, 2200)","(590, 130)"
"(262, 1590)","(560, 190)"
"(394, 1420)","(600, 150)"
"(262, 2350)","(620, 120)"
"(217, 1810)","(570, 180)"
"(121, 1430)","(470, 270)"
"(313, 1690)","(570, 150)"
"(313, 2530)","(610, 90)"
"(145, 2440)","(600, 150)"
"(280, 2130)","(620, 130)"
"(262, 2280)","(600, 120)"
"(133, 1690)","(510, 220)"
"(37, 1940)","(520, 220)"
"(73, 2450)","(560, 160)"
"(400, 2530)","(680, 70)"
"(349, 1800)","(620, 130)"
"(175, 1870)","(540, 180)"
"(16, 2310)","(560, 190)"
"(208, 2230)","(580, 140)"
"(190, 1970)","(570, 170)"
"(367, 2000)","(600, 100)"
"(391, 2040)","(620, 90)"
"(313, 2240)","(630, 110)"
"(43, 2600)","(580, 160)"
"(166, 2570)","(590, 130)"
"(325, 1740)","(580, 140)"
"(88, 2340)","(580, 170)"
"(160, 2190)","(580, 160)"
"(46, 2280)","(550, 180)"
"(1, 1720)","(490, 260)"
"(163, 1590)","(520, 230)"
"(151, 2440)","(570, 140)"
"(10, 1790)","(500, 250)"
"(244, 1910)","(590, 160)"
"(334, 1440)","(570, 180)"
"(352, 1840)","(600, 120)"
"(196, 2010)","(560, 160)"
"(184, 1790)","(540, 190)"
"(265, 1690)","(550, 170)"
"(250, 2130)","(610, 140)"
"(256, 1980)","(600, 150)"
"(373, 2140)","(610, 90)"
"(292, 2010)","(600, 130)"
"(244, 2440)","(620, 120)"
"(355, 2020)","(640, 110)"
"(223, 2380)","(610, 130)"
"(70, 1650)","(500, 250)"
"(25, 2520)","(570, 170)"
"(7, 1940)","(520, 230)"
"(214, 2550)","(610, 120)"
"(196, 2230)","(600, 150)"
"(187, 2040)","(560, 160)"
"(85, 2370)","(580, 170)"
"(13, 2190)","(540, 200)"
"(238, 1920)","(580, 160)"
"(184, 2080)","(570, 160)"
"(55, 2070)","(540, 200)"
"(361, 2440)","(620, 80)"
"(253, 2170)","(590, 130)"
"(100, 2290)","(580, 170)"
"(328, 2090)","(600, 110)"
"(34, 2100)","(530, 200)"
"(37, 2600)","(570, 160)"
"(145, 1990)","(550, 180)"
"(289, 2580)","(640, 100)"
"(307, 2020)","(620, 130)"
"(394, 1450)","(580, 140)"
"(268, 1790)","(570, 160)"
"(136, 2020)","(550, 180)"
"(307, 2320)","(640, 110)"
"(124, 2160)","(560, 170)"
"(112, 2180)","(550, 170)"
"(148, 2370)","(590, 150)"
"(52, 1950)","(520, 210)"
"(151, 1800)","(540, 200)"
"(286, 1810)","(580, 150)"
"(175, 1630)","(530, 220)"
"(52, 1450)","(450, 290)"
"(16, 2100)","(540, 210)"
"(73, 2310)","(550, 170)"
"(232, 2270)","(590, 130)"
"(1, 1850)","(500, 240)"
"(64, 2600)","(560, 150)"
"(364, 2400)","(610, 80)"
"(319, 1640)","(590, 160)"
"(367, 1880)","(610, 110)"
"(211, 1620)","(530, 200)"
"(271, 2030)","(610, 140)"
"(100, 2210)","(550, 170)"
"(277, 1800)","(590, 160)"
"(388, 1760)","(600, 110)"
"(298, 2380)","(640, 110)"
"(262, 1480)","(540, 210)"
"(67, 2050)","(540, 200)"
"(400, 1850)","(630, 100)"
"(52, 2200)","(560, 190)"
"(52, 2320)","(570, 180)"
"(115, 1450)","(470, 270)"
"(169, 1630)","(530, 220)"
"(172, 2310)","(600, 150)"
"(52, 2440)","(570, 170)"
"(175, 2290)","(600, 150)"
"(235, 2050)","(600, 150)"
"(121, 2520)","(600, 150)"
"(61, 2580)","(590, 160)"
"(133, 1900)","(530, 190)"
"(304, 1550)","(570, 180)"
"(400, 2400)","(630, 70)"
"(145, 2290)","(590, 160)"
"(118, 2140)","(570, 180)"
"(199, 1950)","(570, 170)"
"(337, 1630)","(590, 150)"
"(331, 2220)","(600, 100)"
"(229, 2440)","(600, 120)"
"(205, 2030)","(580, 160)"
"(139, 1870)","(550, 200)"
"(148, 2500)","(590, 140)"
"(355, 1500)","(590, 160)"
"(16, 2550)","(570, 170)"
"(208, 1980)","(560, 160)"
"(25, 2490)","(560, 170)"
"(289, 1450)","(550, 200)"
"(319, 1830)","(610, 140)"
"(142, 2030)","(560, 180)"
"(169, 2060)","(580, 170)"
"(166, 1940)","(560, 180)"
"(43, 2030)","(540, 210)"
"(31, 2310)","(540, 180)"
"(382, 1970)","(630, 100)"
"(265, 1950)","(600, 150)"
"(112, 1760)","(520, 220)"
"(166, 1420)","(490, 260)"
"(151, 1950)","(540, 180)"
"(202, 1710)","(530, 190)"
"(364, 2170)","(650, 100)"
"(40, 2170)","(530, 190)"
"(343, 1770)","(590, 130)"
"(385, 2000)","(650, 100)"
"(274, 1890)","(590, 150)"
"(385, 2550)","(640, 70)"
"(262, 2540)","(630, 110)"
"(235, 1610)","(550, 200)"
"(355, 2390)","(660, 90)"
"(64, 2080)","(550, 200)"
"(262, 2530)","(630, 110)"
"(208, 1630)","(530, 200)"
"(334, 1710)","(590, 140)"
"(316, 2480)","(650, 100)"
"(316, 1850)","(610, 140)"
"(340, 1540)","(580, 160)"
"(175, 2220)","(570, 150)"
"(130, 2230)","(580, 170)"
"(220, 2570)","(620, 120)"
"(334, 1990)","(630, 120)"
"(115, 2320)","(570, 160)"
"(67, 1810)","(520, 230)"
"(349, 2250)","(650, 100)"
"(346, 1890)","(610, 120)"
"(157, 1930)","(540, 180)"
"(202, 2010)","(570, 160)"
"(40, 2010)","(530, 210)"
"(109, 2110)","(550, 180)"
"(211, 2030)","(590, 160)"
"(256, 1810)","(560, 160)"
"(298, 2220)","(590, 110)"
"(370, 1800)","(630, 120)"
"(118, 1730)","(520, 220)"
"(37, 2270)","(560, 190)"
"(115, 2450)","(570, 150)"
"(154, 2480)","(590, 140)"
"(265, 1530)","(550, 200)"
"(226, 2390)","(620, 130)"
"(1, 1790)","(500, 250)"
"(238, 1590)","(550, 200)"
"(136, 1540)","(500, 250)"
"(286, 1790)","(570, 150)"
"(148, 1660)","(520, 220)"
"(28, 2130)","(540, 200)"
"(136, 2080)","(570, 180)"
"(232, 1970)","(590, 160)"
"(253, 2200)","(600, 130)"
"(370, 2100)","(650, 100)"
"(334, 1490)","(570, 170)"
"(184, 1900)","(560, 180)"
"(127, 1960)","(550, 190)"
"(160, 2460)","(590, 140)"
"(274, 2470)","(630, 110)"
"(283, 2060)","(600, 130)"
"(127, 1840)","(530, 200)"
"(61, 2440)","(580, 170)"
"(19, 2000)","(530, 220)"
"(43, 1840)","(510, 230)"
"(52, 2110)","(550, 200)"
"(82, 2200)","(560, 180)"
"(121, 2460)","(580, 150)"
"(61, 2040)","(540, 200)"
"(277, 1580)","(550, 180)"
"(289, 1920)","(600, 140)"
"(322, 1470)","(560, 180)"
"(70, 2500)","(570, 160)"
"(358, 1710)","(600, 130)"
"(76, 2570)","(560, 150)"
"(121, 1720)","(520, 220)"
"(397, 2150)","(610, 80)"
"(385, 1440)","(590, 150)"
"(379, 2510)","(670, 80)"
"(1, 2120)","(530, 210)"
"(217, 1770)","(550, 180)"
"(286, 1910)","(590, 140)"
"(40, 2540)","(580, 170)"
"(286, 1490)","(540, 190)"
"(118, 2600)","(580, 140)"
"(172, 1970)","(570, 180)"
"(130, 1860)","(540, 200)"
"(355, 1590)","(600, 150)"
"(217, 1600)","(520, 200)"
"(229, 2600)","(590, 110)"
"(349, 2070)","(640, 110)"
"(10, 1640)","(480, 270)"
"(172, 1780)","(550, 200)"
"(76, 2240)","(560, 180)"
"(19, 1480)","(440, 290)"
"(211, 2250)","(590, 140)"
"(97, 2360)","(560, 160)"
"(19, 1830)","(510, 240)"
"(10, 2450)","(570, 180)"
"(373, 2400)","(640, 80)"
"(253, 2280)","(620, 130)"
"(226, 1590)","(530, 200)"
"(379, 1950)","(610, 100)"
"(100, 2240)","(560, 170)"
"(145, 2460)","(570, 140)"
"(262, 1400)","(520, 220)"
"(142, 1620)","(510, 230)"
"(97, 2140)","(550, 180)"
"(187, 2240)","(600, 150)"
"(88, 2560)","(570, 150)"
"(88, 2300)","(570, 170)"
"(352, 2440)","(660, 90)"
"(91, 2070)","(550, 190)"
"(382, 1590)","(590, 130)"
"(400, 1600)","(600, 120)"
"(196, 1580)","(530, 220)"
"(277, 1680)","(570, 170)"
"(76, 2370)","(570, 170)"
"(232, 2040)","(590, 150)"
"(259, 2060)","(600, 140)"
"(367, 1870)","(600, 110)"
"(211, 1580)","(530, 210)"
"(217, 2030)","(590, 160)"
"(127, 1810)","(540, 210)"
"(166, 2490)","(610, 140)"
"(82, 1810)","(510, 220)"
"(298, 2100)","(600, 120)"
"(256, 1750)","(570, 170)"
"(220, 2300)","(580, 130)"
"(388, 1830)","(640, 110)"
"(391, 2500)","(640, 70)"
"(145, 1560)","(510, 240)"
"(139, 1940)","(550, 190)"
"(100, 1750)","(510, 220)"
"(145, 1920)","(550, 190)"
"(250, 2120)","(610, 140)"
"(136, 2410)","(590, 150)"
"(265, 2270)","(600, 120)"
"(220, 2130)","(600, 150)"
"(79, 2460)","(570, 160)"
"(37, 2090)","(530, 200)"
"(292, 1960)","(610, 140)"
"(82, 1690)","(510, 240)"
"(103, 1870)","(540, 210)"
"(319, 2230)","(640, 110)"
"(367, 2050)","(620, 100)"
"(175, 1920)","(560, 180)"
"(325, 1640)","(570, 150)"
"(184, 1750)","(550, 200)"
"(220, 2180)","(580, 140)"
"(142, 1980)","(540, 180)"
"(262, 2020)","(590, 140)"
"(73, 2100)","(540, 190)"
"(82, 2250)","(570, 180)"
"(310, 1620)","(560, 160)"
"(196, 1610)","(530, 210)"
"(370, 2320)","(660, 90)"
"(280, 2070)","(600, 130)"
"(400, 1770)","(640, 110)"
"(205, 1870)","(570, 180)"
"(190, 1800)","(560, 190)"
"(94, 1590)","(490, 250)"
"(139, 1500)","(490, 250)"
"(280, 1870)","(600, 150)"
"(193, 1840)","(550, 180)"
"(187, 1660)","(540, 210)"
"(85, 1700)","(510, 240)"
"(148, 2010)","(560, 180)"
"(205, 1540)","(520, 220)"
"(136, 2250)","(570, 160)"
"(28, 1630)","(470, 260)"
"(154, 2040)","(550, 170)"
"(241, 2030)","(600, 150)"
"(190, 1500)","(510, 230)"
"(223, 2250)","(610, 140)"
"(142, 1690)","(520, 220)"
"(301, 1630)","(580, 170)"
"(340, 1420)","(570, 180)"
"(349, 1720)","(580, 130)"
"(268, 1920)","(600, 150)"
"(214, 2250)","(600, 140)"
"(61, 2360)","(560, 170)"
"(103, 1520)","(480, 260)"
"(193, 1800)","(560, 190)"
"(61, 1410)","(450, 300)"
"(223, 1840)","(560, 170)"
"(391, 2560)","(660, 70)"
"(88, 2510)","(560, 150)"
"(187, 1780)","(540, 190)"
"(133, 2570)","(590, 140)"
"(307, 1730)","(580, 150)"
"(37, 1760)","(500, 240)"
"(40, 1650)","(490, 260)"
"(280, 1740)","(570, 160)"
"(247, 1830)","(560, 160)"
"(295, 1560)","(570, 180)"
"(115, 2350)","(580, 160)"
"(142, 1910)","(540, 190)"
"(184, 2110)","(580, 160)"
"(397, 1600)","(590, 120)"
"(19, 2370)","(550, 180)"
"(211, 1630)","(530, 200)"
"(4, 2270)","(530, 190)"
"(40, 2200)","(540, 190)"
"(43, 1700)","(490, 250)"
"(397, 1970)","(610, 90)"
"(94, 1500)","(480, 270)"
"(13, 1710)","(490, 260)"
"(397, 1580)","(620, 130)"
"(10, 2360)","(560, 190)"
"(178, 2090)","(570, 160)"
"(115, 1730)","(510, 220)"
"(397, 1640)","(620, 120)"
"(16, 2170)","(540, 200)"
"(16, 2190)","(550, 200)"
"(52, 1440)","(430, 280)"
"(148, 2180)","(560, 160)"
"(355, 1630)","(590, 140)"
"(382, 1560)","(610, 140)"
"(139, 1890)","(530, 190)"
"(28, 2480)","(560, 170)"
"(241, 2570)","(600, 110)"
"(232, 1630)","(530, 190)"
"(112, 1450)","(470, 270)"
"(382, 1470)","(600, 150)"
"(202, 2350)","(610, 140)"
"(154, 1930)","(560, 190)"
"(382, 1960)","(630, 100)"
"(382, 1630)","(620, 130)"
"(163, 1610)","(510, 220)"
"(352, 2200)","(650, 100)"
"(190, 1880)","(560, 180)"
"(142, 1830)","(540, 200)"
"(235, 2080)","(600, 150)"
"(73, 2070)","(530, 190)"
"(7, 2220)","(550, 200)"
"(238, 1910)","(580, 160)"
"(139, 2180)","(580, 170)"
"(367, 2530)","(660, 80)"
"(55, 2150)","(540, 190)"
"(97, 1410)","(450, 280)"
"(28, 2270)","(560, 190)"
"(124, 1700)","(510, 220)"
"(187, 2080)","(570, 160)"
"(115, 1600)","(500, 240)"
"(19, 2130)","(530, 200)"
"(70, 1840)","(520, 220)"
"(232, 1770)","(570, 180)"
"(394, 1780)","(630, 110)"
"(208, 1760)","(560, 190)"
"(172, 2150)","(580, 160)"
"(115, 1520)","(490, 260)"
"(190, 1680)","(530, 200)"
"(358, 1450)","(560, 160)"
"(373, 1500)","(600, 150)"
"(199, 2500)","(620, 130)"
"(145, 2590)","(610, 140)"
"(52, 1820)","(510, 230)"
"(193, 2200)","(590, 150)"
"(382, 2560)","(630, 70)"
"(133, 2310)","(590, 160)"
"(400, 1480)","(610, 140)"
"(67, 2140)","(550, 190)"
"(34, 2440)","(550, 170)"
"(205, 1710)","(530, 190)"
"(172, 2550)","(590, 130)"
"(211, 2150)","(600, 150)"
"(289, 1810)","(580, 150)"
"(85, 2070)","(540, 190)"
"(337, 1880)","(620, 130)"
"(106, 1610)","(490, 240)"
"(352, 2500)","(610, 80)"
"(280, 1480)","(550, 200)"
"(370, 2070)","(640, 100)"
"(277, 2480)","(640, 110)"
"(112, 1490)","(470, 260)"
"(289, 2200)","(620, 120)"
"(10, 1740)","(480, 250)"
"(181, 2550)","(610, 130)"
"(133, 1850)","(540, 200)"
"(235, 1670)","(560, 190)"
"(391, 1900)","(620, 100)"
"(295, 1770)","(580, 150)"
"(370, 1770)","(610, 120)"
"(322, 2360)","(630, 100)"
"(172, 1480)","(490, 240)"
"(220, 2370)","(610, 130)"
"(298, 1880)","(590, 140)"
"(175, 1850)","(560, 190)"
"(238, 1890)","(570, 160)"
"(229, 1550)","(540, 210)"
"(241, 2170)","(610, 140)"
"(181, 2050)","(580, 170)"
"(76, 1990)","(530, 200)"
"(352, 1410)","(560, 170)"
"(385, 1520)","(600, 140)"
"(277, 2080)","(600, 130)"
"(280, 2430)","(630, 110)"
"(325, 1860)","(600, 130)"
"(394, 1720)","(600, 110)"
"(244, 2380)","(600, 120)"
"(109, 2550)","(600, 150)"
"(352, 2030)","(640, 110)"
"(166, 1860)","(550, 190)"
"(373, 1960)","(600, 100)"
"(385, 1620)","(620, 130)"
"(217, 2040)","(590, 160)"
"(19, 1610)","(470, 270)"
"(259, 2260)","(620, 130)"
"(127, 1680)","(520, 230)"
"(22, 1520)","(460, 290)"
"(94, 2100)","(560, 190)"
"(307, 1820)","(580, 140)"
"(244, 1710)","(560, 180)"
"(187, 2330)","(590, 140)"
"(196, 2260)","(580, 140)"
"(331, 2140)","(630, 110)"
"(31, 1670)","(490, 260)"
"(112, 1970)","(530, 190)"
"(304, 1920)","(580, 130)"
"(355, 1570)","(600, 150)"
"(286, 1970)","(610, 140)"
"(142, 2270)","(580, 160)"
"(37, 1970)","(510, 210)"
"(166, 2440)","(590, 140)"
"(85, 1750)","(510, 230)"
"(319, 2380)","(630, 100)"
"(358, 1640)","(600, 140)"
"(82, 1720)","(500, 230)"
"(121, 2320)","(580, 160)"
"(274, 1720)","(580, 170)"
"(382, 2180)","(650, 90)"
"(7, 2560)","(560, 170)"
"(202, 2320)","(610, 140)"
"(115, 1850)","(540, 210)"
"(202, 2160)","(590, 150)"
"(85, 2050)","(540, 190)"
"(106, 2020)","(550, 190)"
"(109, 2360)","(570, 160)"
"(13, 1860)","(510, 240)"
"(85, 2280)","(560, 170)"
"(301, 1930)","(580, 130)"
"(4, 1940)","(520, 230)"
"(148, 1550)","(510, 240)"
"(193, 2420)","(580, 130)"
"(118, 1930)","(550, 200)"
"(319, 2040)","(620, 120)"
"(307, 2050)","(600, 120)"
"(361, 2010)","(640, 110)"
"(397, 2530)","(670, 70)"
"(373, 1630)","(590, 130)"
"(4, 1660)","(480, 270)"
"(13, 1950)","(510, 220)"
"(7, 1850)","(510, 240)"
"(286, 2130)","(620, 130)"
"(385, 1760)","(630, 120)"
"(112, 2310)","(560, 160)"
"(385, 2420)","(670, 80)"
"(265, 1760)","(580, 170)"
"(250, 1870)","(580, 160)"
"(202, 1810)","(550, 180)"
"(217, 2140)","(600, 150)"
"(316, 1700)","(580, 150)"
"(229, 2030)","(580, 150)"
"(316, 2500)","(600, 90)"
"(376, 1450)","(570, 150)"
"(349, 2390)","(640, 90)"
"(283, 2350)","(610, 110)"
"(31, 1860)","(510, 230)"
"(283, 1880)","(600, 150)"
"(64, 2470)","(560, 160)"
"(337, 2600)","(610, 80)"
"(49, 1730)","(490, 240)"
"(37, 1450)","(450, 300)"
"(58, 1710)","(490, 240)"
"(58, 2230)","(540, 180)"
"(202, 2080)","(590, 160)"
"(259, 1540)","(550, 200)"
"(400, 1500)","(590, 130)"
"(274, 1480)","(540, 200)"
"(187, 1600)","(530, 220)"
"(337, 1460)","(560, 170)"
"(382, 2100)","(620, 90)"
"(349, 2090)","(640, 110)"
"(277, 1830)","(570, 150)"
"(31, 1760)","(490, 240)"
"(283, 2520)","(610, 100)"
"(253, 2480)","(600, 110)"
"(40, 2060)","(520, 200)"
"(142, 1450)","(480, 260)"
"(226, 1770)","(560, 180)"
"(298, 1520)","(550, 180)"
"(112, 1880)","(530, 200)"
"(220, 2340)","(600, 130)"
"(325, 1900)","(620, 130)"
"(238, 2480)","(620, 120)"
"(385, 1590)","(600, 130)"
"(280, 2460)","(640, 110)"
"(367, 2310)","(660, 90)"
"(52, 1700)","(500, 250)"
"(184, 1620)","(520, 210)"
"(367, 1540)","(600, 150)"
"(343, 1780)","(600, 130)"
"(355, 2570)","(640, 80)"
"(238, 2210)","(580, 130)"
"(100, 1840)","(520, 210)"
"(271, 1910)","(600, 150)"
"(103, 2300)","(580, 170)"
"(385, 1550)","(610, 140)"
"(88, 1740)","(510, 230)"
"(55, 1730)","(500, 240)"
"(199, 2350)","(610, 140)"
"(46, 1730)","(490, 240)"
"(259, 2240)","(620, 130)"
"(289, 2180)","(610, 120)"
"(151, 1970)","(550, 180)"
"(295, 1810)","(600, 150)"
"(334, 2470)","(630, 90)"
"(85, 2250)","(570, 180)"
"(283, 1610)","(570, 180)"
"(355, 2400)","(660, 90)"
"(46, 2370)","(570, 180)"
"(61, 1690)","(500, 250)"
"(349, 2600)","(640, 80)"
"(274, 1550)","(550, 190)"
"(58, 1820)","(520, 230)"
"(178, 1840)","(560, 190)"
"(175, 1740)","(540, 200)"
"(289, 1740)","(590, 160)"
"(190, 1570)","(520, 220)"
"(208, 2350)","(580, 130)"
"(214, 2300)","(610, 140)"
"(229, 2060)","(590, 150)"
"(352, 1750)","(600, 130)"
"(379, 2070)","(650, 100)"
"(139, 2290)","(590, 160)"
"(217, 1780)","(560, 180)"
"(373, 2110)","(650, 100)"
"(379, 1910)","(640, 110)"
"(4, 1630)","(470, 270)"
"(139, 1920)","(540, 190)"
"(241, 1530)","(540, 210)"
"(322, 1880)","(600, 130)"
"(262, 1690)","(550, 170)"
"(370, 1720)","(620, 130)"
"(91, 1710)","(500, 230)"
"(325, 2200)","(640, 110)"
"(298, 2180)","(630, 120)"
"(268, 1800)","(580, 160)"
"(223, 1780)","(560, 180)"
"(166, 1430)","(480, 250)"
"(301, 1950)","(590, 130)"
"(253, 1680)","(560, 180)"
"(121, 2390)","(560, 150)"
"(274, 2100)","(600, 130)"
"(118, 1420)","(460, 270)"
"(154, 2020)","(570, 180)"
"(91, 2000)","(550, 200)"
"(154, 2340)","(590, 150)"
"(370, 2400)","(630, 80)"
"(268, 2500)","(630, 110)"
"(7, 2380)","(540, 180)"
"(268, 1680)","(550, 170)"
"(151, 2230)","(580, 160)"
"(19, 2250)","(540, 190)"
"(22, 1670)","(480, 260)"
"(76, 1690)","(500, 240)"
"(298, 2230)","(590, 110)"
"(184, 1410)","(490, 250)"
"(361, 1850)","(630, 120)"
"(367, 2320)","(660, 90)"
"(37, 2210)","(540, 190)"
"(139, 2450)","(600, 150)"
"(340, 2180)","(610, 100)"
"(172, 2080)","(580, 170)"
"(55, 1940)","(520, 210)"
"(220, 1730)","(560, 190)"
"(238, 1470)","(530, 220)"
"(142, 1420)","(480, 270)"
"(196, 2070)","(580, 160)"
"(274, 1850)","(580, 150)"
"(46, 1740)","(490, 240)"
"(385, 1430)","(580, 150)"
"(220, 1440)","(510, 230)"
"(358, 2270)","(620, 90)"
"(196, 2190)","(590, 150)"
"(1, 2420)","(550, 180)"
"(73, 2260)","(570, 180)"
"(334, 1690)","(600, 150)"
"(337, 1430)","(570, 180)"
"(67, 2200)","(540, 180)"
"(295, 2460)","(610, 100)"
"(376, 1740)","(610, 120)"
"(175, 2080)","(560, 160)"
"(28, 2050)","(530, 210)"
"(376, 2520)","(670, 80)"
"(202, 2570)","(590, 120)"
"(73, 2020)","(540, 200)"
"(370, 1980)","(600, 100)"
"(118, 1400)","(470, 280)"
"(193, 1830)","(540, 180)"
"(67, 2560)","(590, 160)"
"(79, 2070)","(540, 190)"
"(55, 1600)","(480, 260)"
"(367, 1730)","(620, 130)"
"(88, 1850)","(530, 220)"
"(115, 1740)","(520, 220)"
"(67, 1860)","(520, 220)"
"(322, 2180)","(630, 110)"
"(214, 1540)","(530, 220)"
"(250, 2110)","(610, 140)"
"(262, 2410)","(590, 110)"
"(241, 2160)","(610, 140)"
"(184, 2120)","(590, 160)"
"(274, 2420)","(620, 110)"
"(133, 2290)","(580, 160)"
"(220, 1860)","(560, 170)"
"(199, 1420)","(490, 240)"
"(46, 1690)","(490, 250)"
"(133, 1640)","(510, 230)"
"(181, 1790)","(540, 190)"
"(205, 2200)","(600, 150)"
"(253, 2520)","(610, 110)"
"(367, 1520)","(590, 150)"
"(238, 2310)","(620, 130)"
"(67, 2370)","(570, 170)"
"(67, 1730)","(510, 240)"
"(268, 1720)","(570, 170)"
"(199, 1560)","(530, 220)"
"(301, 2020)","(620, 130)"
"(292, 2300)","(610, 110)"
"(307, 1800)","(570, 140)"
"(244, 1670)","(540, 180)"
"(286, 1900)","(580, 140)"
"(259, 2250)","(620, 130)"
"(259, 2370)","(620, 120)"
"(82, 1580)","(490, 260)"
"(301, 2040)","(620, 130)"
"(178, 1920)","(560, 180)"
"(136, 1630)","(510, 230)"
"(130, 1540)","(500, 250)"
"(64, 2260)","(560, 180)"
"(100, 1490)","(480, 270)"
"(253, 2510)","(610, 110)"
"(190, 1980)","(570, 170)"
"(232, 2000)","(570, 150)"
"(349, 1630)","(580, 140)"
"(313, 1440)","(560, 190)"
"(373, 1830)","(600, 110)"
"(223, 1620)","(540, 200)"
"(340, 1770)","(590, 130)"
"(232, 1980)","(590, 160)"
"(391, 1540)","(590, 130)"
"(166, 1920)","(550, 180)"
"(304, 2190)","(590, 110)"
"(379, 1580)","(610, 140)"
"(223, 1500)","(530, 220)"
"(199, 2450)","(600, 130)"
"(289, 2110)","(620, 130)"
"(337, 1550)","(580, 160)"
"(73, 1580)","(480, 260)"
"(121, 1770)","(530, 220)"
"(304, 1890)","(610, 140)"
"(139, 2060)","(570, 180)"
"(22, 1530)","(450, 280)"
"(217, 2010)","(590, 160)"
"(262, 2480)","(610, 110)"
"(331, 2240)","(610, 100)"
"(133, 2370)","(570, 150)"
"(352, 2380)","(650, 90)"
"(175, 1710)","(520, 200)"
"(178, 1710)","(530, 200)"
"(178, 1490)","(510, 240)"
"(235, 2270)","(600, 130)"
"(142, 2590)","(610, 140)"
"(262, 2500)","(620, 110)"
"(301, 1650)","(560, 160)"
"(115, 1650)","(500, 230)"
"(139, 1560)","(500, 240)"
"(292, 2440)","(600, 100)"
"(46, 2430)","(560, 170)"
"(91, 1790)","(520, 220)"
"(346, 2210)","(640, 100)"
"(382, 1510)","(590, 140)"
"(205, 2290)","(600, 140)"
"(10, 1400)","(420, 310)"
"(151, 1420)","(480, 260)"
"(115, 1920)","(550, 200)"
"(157, 2520)","(610, 140)"
"(334, 1660)","(600, 150)"
"(367, 1560)","(580, 140)"
"(133, 2220)","(580, 170)"
"(1, 1650)","(470, 270)"
"(52, 1960)","(520, 210)"
"(142, 1570)","(510, 240)"
"(76, 1790)","(520, 230)"
"(166, 2380)","(580, 140)"
"(178, 2030)","(580, 170)"
"(310, 1820)","(590, 140)"
"(133, 1790)","(540, 210)"
"(163, 1730)","(540, 210)"
"(313, 1850)","(610, 140)"
"(337, 2220)","(620, 100)"
"(175, 2330)","(570, 140)"
"(91, 2320)","(580, 170)"
"(274, 2510)","(640, 110)"
"(37, 2200)","(540, 190)"
"(202, 1630)","(540, 210)"
"(391, 1440)","(600, 150)"
"(40, 1930)","(520, 220)"
"(34, 1940)","(520, 220)"
"(262, 1470)","(540, 210)"
"(49, 2220)","(560, 190)"
"(259, 1530)","(550, 200)"
"(91, 1810)","(520, 220)"
"(157, 1770)","(530, 200)"
"(181, 2060)","(560, 160)"
"(277, 2420)","(620, 110)"
"(304, 2360)","(640, 110)"
"(172, 2250)","(580, 150)"
"(316, 2280)","(640, 110)"
"(322, 2240)","(640, 110)"
"(259, 1940)","(590, 150)"
"(148, 2250)","(580, 160)"
"(16, 1610)","(470, 270)"
"(73, 1550)","(470, 260)"
"(241, 2220)","(590, 130)"
"(355, 2500)","(620, 80)"
"(40, 1400)","(440, 310)"
"(331, 2420)","(610, 90)"
"(40, 2490)","(570, 170)"
"(247, 1740)","(550, 170)"
"(1, 1880)","(510, 240)"
"(322, 2310)","(620, 100)"
"(226, 2540)","(620, 120)"
"(367, 2030)","(620, 100)"
"(139, 2390)","(580, 150)"
"(67, 1670)","(500, 250)"
"(247, 2240)","(610, 130)"
"(268, 1740)","(580, 170)"
"(88, 2460)","(580, 160)"
"(19, 2580)","(580, 170)"
"(148, 1940)","(560, 190)"
"(361, 1740)","(620, 130)"
"(346, 1660)","(590, 140)"
"(217, 1540)","(520, 210)"
"(388, 2600)","(660, 70)"
"(325, 1450)","(560, 180)"
"(76, 1440)","(450, 280)"
"(322, 1510)","(560, 170)"
"(301, 2250)","(610, 110)"
"(220, 1880)","(570, 170)"
"(37, 2520)","(580, 170)"
"(313, 2510)","(650, 100)"
"(241, 1410)","(520, 230)"
"(34, 1740)","(500, 250)"
"(46, 2170)","(540, 190)"
"(292, 2160)","(610, 120)"
"(283, 2330)","(600, 110)"
"(34, 1550)","(470, 280)"
"(19, 2110)","(520, 200)"
"(262, 1520)","(550, 200)"
"(340, 2120)","(640, 110)"
"(10, 1940)","(520, 230)"
"(361, 1800)","(600, 120)"
"(289, 2070)","(620, 130)"
"(82, 1710)","(510, 240)"
"(193, 2520)","(610, 130)"
"(241, 2580)","(610, 110)"
"(385, 2410)","(670, 80)"
"(169, 1750)","(530, 200)"
"(34, 2330)","(550, 180)"
"(307, 1490)","(550, 180)"
"(328, 1460)","(570, 180)"
"(115, 2170)","(550, 170)"
"(262, 2010)","(590, 140)"
"(91, 1780)","(510, 220)"
"(319, 2120)","(600, 110)"
"(148, 1430)","(480, 260)"
"(280, 1970)","(600, 140)"
"(328, 2280)","(620, 100)"
"(196, 1420)","(490, 240)"
"(13, 1820)","(500, 240)"
"(400, 1830)","(620, 100)"
"(61, 1510)","(470, 280)"
"(370, 2390)","(620, 80)"
"(169, 1660)","(520, 210)"
"(37, 2300)","(540, 180)"
"(112, 1570)","(500, 250)"
"(58, 2040)","(530, 200)"
"(271, 2210)","(590, 120)"
"(226, 1670)","(540, 190)"
"(124, 2600)","(590, 140)"
"(388, 2270)","(630, 80)"
"(217, 2270)","(610, 140)"
"(31, 2350)","(550, 180)"
"(259, 1770)","(580, 170)"
"(238, 2280)","(600, 130)"
"(337, 2300)","(650, 100)"
"(70, 1530)","(470, 270)"
"(7, 2200)","(540, 200)"
"(289, 1960)","(610, 140)"
"(394, 2320)","(670, 80)"
"(241, 2010)","(590, 150)"
"(22, 2030)","(520, 210)"
"(316, 2010)","(600, 120)"
"(40, 1680)","(480, 250)"
"(310, 1740)","(590, 150)"
"(217, 2570)","(620, 120)"
"(373, 2200)","(640, 90)"
"(274, 1470)","(530, 200)"
"(145, 1970)","(540, 180)"
"(202, 1610)","(530, 210)"
"(184, 1970)","(560, 170)"
"(16, 2520)","(560, 170)"
"(370, 1920)","(630, 110)"
"(163, 1450)","(490, 250)"
"(58, 2450)","(580, 170)"
"(244, 1550)","(530, 200)"
"(139, 1990)","(540, 180)"
"(13, 2280)","(540, 190)"
"(352, 2590)","(640, 80)"
"(256, 1910)","(570, 150)"
"(79, 2470)","(580, 160)"
"(334, 2260)","(630, 100)"
"(238, 1680)","(560, 190)"
"(313, 1560)","(570, 170)"
"(304, 2590)","(610, 90)"
"(22, 2020)","(520, 210)"
"(295, 1730)","(590, 160)"
"(67, 2260)","(560, 180)"
"(109, 1890)","(530, 200)"
"(286, 1540)","(540, 180)"
"(82, 2050)","(530, 190)"
"(178, 1560)","(520, 230)"
"(67, 2300)","(570, 180)"
"(355, 1740)","(610, 130)"
"(391, 1420)","(590, 150)"
"(187, 1610)","(530, 220)"
"(367, 1550)","(600, 150)"
"(133, 1590)","(510, 240)"
"(382, 2170)","(650, 90)"
"(361, 1460)","(580, 160)"
"(310, 2510)","(650, 100)"
"(199, 2590)","(600, 120)"
"(16, 2390)","(550, 180)"
"(121, 1570)","(500, 250)"
"(190, 2250)","(600, 150)"
"(205, 2330)","(610, 140)"
"(208, 1700)","(530, 190)"
"(1, 2470)","(560, 180)"
"(121, 2540)","(600, 150)"
"(100, 2580)","(590, 150)"
"(304, 2030)","(620, 130)"
"(31, 1940)","(520, 220)"
"(61, 1890)","(530, 220)"
"(373, 2470)","(660, 80)"
"(106, 2490)","(570, 150)"
"(166, 2470)","(600, 140)"
"(64, 1430)","(450, 290)"
"(70, 1410)","(440, 290)"
"(70, 2490)","(570, 160)"
"(70, 1450)","(450, 280)"
"(127, 2430)","(580, 150)"
"(244, 1980)","(580, 150)"
"(295, 2530)","(630, 100)"
"(226, 2280)","(580, 130)"
"(178, 1500)","(510, 240)"
"(49, 2270)","(550, 180)"
"(136, 1760)","(530, 210)"
"(4, 1710)","(480, 260)"
"(292, 1730)","(590, 160)"
"(43, 1820)","(500, 230)"
"(250, 1560)","(550, 200)"
"(226, 1520)","(520, 210)"
"(271, 1720)","(580, 170)"
"(184, 2530)","(600, 130)"
"(376, 1550)","(600, 140)"
"(79, 1780)","(520, 230)"
"(187, 1540)","(520, 230)"
"(97, 2130)","(550, 180)"
"(349, 1680)","(600, 140)"
"(73, 2040)","(550, 200)"
"(334, 2580)","(660, 90)"
"(244, 1560)","(540, 200)"
"(175, 2510)","(590, 130)"
"(214, 2600)","(620, 120)"
"(358, 1600)","(580, 140)"
"(334, 2160)","(640, 110)"
"(355, 2350)","(640, 90)"
"(34, 1700)","(490, 250)"
"(277, 1440)","(540, 210)"
"(139, 1510)","(490, 250)"
"(244, 2480)","(630, 120)"
"(61, 1600)","(480, 260)"
"(235, 1500)","(520, 210)"
"(268, 2360)","(630, 120)"
"(253, 2300)","(590, 120)"
"(202, 1980)","(580, 170)"
"(94, 1800)","(520, 220)"
"(121, 2020)","(560, 190)"
"(241, 2370)","(590, 120)"
"(58, 1470)","(450, 280)"
"(292, 2490)","(610, 100)"
"(49, 2310)","(560, 180)"
"(130, 1680)","(510, 220)"
"(61, 1740)","(510, 240)"
"(142, 2230)","(570, 160)"
"(205, 1840)","(570, 180)"
"(34, 2400)","(570, 180)"
"(394, 1630)","(600, 120)"
"(67, 1780)","(510, 230)"
"(349, 1590)","(590, 150)"
"(31, 1780)","(500, 240)"
"(10, 2310)","(550, 190)"
"(277, 1470)","(540, 200)"
"(181, 1570)","(510, 220)"
"(121, 1660)","(510, 230)"
"(160, 1450)","(480, 250)"
"(142, 2390)","(590, 150)"
"(115, 2440)","(570, 150)"
"(52, 2570)","(580, 160)"
"(142, 1760)","(530, 210)"
"(235, 2470)","(620, 120)"
"(328, 2470)","(620, 90)"
"(349, 2100)","(640, 110)"
"(298, 2540)","(640, 100)"
"(106, 2470)","(570, 150)"
"(91, 2020)","(530, 190)"
"(37, 2540)","(580, 170)"
"(364, 1670)","(590, 130)"
"(19, 2430)","(570, 180)"
"(229, 2560)","(630, 120)"
"(256, 2060)","(600, 140)"
"(220, 2060)","(580, 150)"
"(196, 1640)","(540, 210)"
"(142, 2100)","(560, 170)"
"(58, 2430)","(570, 170)"
"(145, 2120)","(570, 170)"
"(43, 2530)","(580, 170)"
"(232, 2440)","(600, 120)"
"(313, 1880)","(580, 130)"
"(268, 2430)","(610, 110)"
"(328, 2500)","(630, 90)"
"(145, 1540)","(500, 240)"
"(145, 1470)","(480, 250)"
"(121, 2360)","(590, 160)"
"(310, 2270)","(630, 110)"
"(379, 2300)","(620, 80)"
"(163, 1620)","(510, 220)"
"(160, 2100)","(580, 170)"
"(223, 1440)","(510, 230)"
"(241, 1830)","(580, 170)"
"(238, 2030)","(590, 150)"
"(4, 1530)","(450, 290)"
"(256, 2270)","(620, 130)"
"(184, 1760)","(530, 190)"
"(82, 2110)","(550, 190)"
"(358, 2580)","(660, 80)"
"(397, 2400)","(620, 70)"
"(4, 2570)","(560, 170)"
"(112, 2080)","(550, 180)"
"(193, 2590)","(590, 120)"
"(394, 2030)","(630, 90)"
"(307, 2190)","(600, 110)"
"(85, 2110)","(560, 190)"
"(139, 2460)","(600, 150)"
"(136, 1730)","(530, 220)"
"(142, 2220)","(570, 160)"
"(94, 1420)","(450, 280)"
"(376, 2120)","(610, 90)"
"(109, 1440)","(460, 270)"
"(193, 2050)","(570, 160)"
"(289, 2190)","(610, 120)"
"(157, 1630)","(510, 220)"
"(19, 1930)","(520, 230)"
"(37, 2320)","(550, 180)"
"(274, 1740)","(560, 160)"
"(271, 2260)","(610, 120)"
"(82, 2090)","(550, 190)"
"(337, 2200)","(610, 100)"
"(343, 1650)","(600, 150)"
"(331, 2480)","(630, 90)"
"(46, 1460)","(450, 290)"
"(394, 1920)","(640, 100)"
"(124, 2260)","(560, 160)"
"(121, 1970)","(540, 190)"
"(184, 1910)","(570, 180)"
"(97, 2330)","(580, 170)"
"(238, 1780)","(560, 170)"
"(151, 2550)","(610, 140)"
"(106, 1700)","(510, 230)"
"(241, 1540)","(540, 210)"
"(274, 2220)","(600, 120)"
"(400, 1440)","(590, 140)"
"(247, 2250)","(610, 130)"
"(301, 1530)","(560, 180)"
"(340, 1980)","(630, 120)"
"(85, 1650)","(490, 240)"
"(91, 1680)","(510, 240)"
"(64, 1960)","(530, 210)"
"(217, 2080)","(580, 150)"
"(250, 1820)","(560, 160)"
"(217, 2200)","(590, 140)"
"(196, 1400)","(500, 250)"
"(22, 1540)","(460, 280)"
"(310, 2290)","(640, 110)"
"(172, 2140)","(580, 160)"
"(253, 2090)","(600, 140)"
"(280, 1520)","(550, 190)"
"(283, 2140)","(620, 130)"
"(70, 2030)","(540, 200)"
"(310, 1770)","(600, 150)"
"(322, 2530)","(630, 90)"
"(223, 1420)","(500, 230)"
"(40, 1690)","(490, 250)"
"(67, 1630)","(480, 250)"
"(1, 1640)","(470, 270)"
"(340, 1630)","(600, 150)"
"(145, 2340)","(570, 150)"
"(397, 2350)","(670, 80)"
"(292, 1930)","(610, 140)"
"(91, 2560)","(580, 150)"
"(160, 2570)","(580, 130)"
"(349, 2450)","(660, 90)"
"(130, 1760)","(520, 210)"
"(310, 1440)","(550, 190)"
"(391, 2380)","(670, 80)"
"(277, 2220)","(600, 120)"
"(268, 1690)","(560, 170)"
"(313, 2460)","(650, 100)"
"(220, 2070)","(580, 150)"
"(241, 1590)","(550, 200)"
"(322, 1900)","(610, 130)"
"(52, 1630)","(490, 260)"
"(169, 2540)","(590, 130)"
"(181, 1830)","(560, 190)"
"(133, 1740)","(530, 220)"
"(358, 1560)","(600, 150)"
"(133, 1980)","(560, 190)"
"(376, 2170)","(630, 90)"
"(256, 2510)","(610, 110)"
"(364, 2180)","(650, 100)"
"(331, 2110)","(620, 110)"
"(262, 1920)","(590, 150)"
"(331, 2370)","(650, 100)"
"(7, 1880)","(500, 230)"
"(88, 1420)","(460, 290)"
"(31, 1890)","(520, 230)"
"(130, 1800)","(540, 210)"
"(301, 2120)","(610, 120)"
"(271, 2000)","(600, 140)"
"(19, 1820)","(500, 240)"
"(100, 2450)","(590, 160)"
"(268, 2540)","(640, 110)"
"(400, 1760)","(640, 110)"
"(346, 2240)","(650, 100)"
"(304, 1930)","(590, 130)"
"(67, 2290)","(570, 180)"
"(247, 2400)","(610, 120)"
"(193, 2030)","(560, 160)"
"(277, 2150)","(620, 130)"
"(22, 2290)","(560, 190)"
"(208, 1550)","(530, 220)"
"(292, 1530)","(540, 180)"
"(325, 2360)","(640, 100)"
"(184, 2070)","(570, 160)"
"(358, 2400)","(660, 90)"
"(88, 1700)","(510, 240)"
"(388, 2460)","(620, 70)"
"(214, 2330)","(580, 130)"
"(250, 1650)","(540, 180)"
"(25, 2460)","(550, 170)"
"(223, 1920)","(560, 160)"
"(97, 1420)","(460, 280)"
"(97, 1790)","(520, 220)"
"(25, 1540)","(460, 280)"
"(76, 2360)","(570, 170)"
"(205, 2320)","(610, 140)"
"(298, 1590)","(560, 170)"
"(112, 2170)","(550, 170)"
"(388, 1790)","(620, 110)"
"(343, 2440)","(650, 90)"
"(256, 1650)","(550, 180)"
"(46, 2050)","(520, 200)"
"(226, 2580)","(630, 120)"
"(313, 2450)","(650, 100)"
"(262, 1730)","(570, 170)"
"(325, 2430)","(650, 100)"
"(7, 1610)","(460, 270)"
"(7, 1630)","(470, 270)"
"(88, 1860)","(520, 210)"
"(100, 2170)","(570, 180)"
"(118, 2250)","(580, 170)"
"(304, 2540)","(650, 100)"
"(328, 2210)","(640, 110)"
"(346, 1580)","(580, 150)"
"(394, 1580)","(620, 130)"
"(100, 1710)","(510, 230)"
"(148, 1610)","(510, 230)"
"(157, 2120)","(580, 170)"
"(196, 2350)","(610, 140)"
"(154, 2360)","(590, 150)"
"(346, 2440)","(650, 90)"
"(88, 2170)","(550, 180)"
"(274, 2580)","(610, 100)"
"(301, 1830)","(580, 140)"
"(265, 1510)","(540, 200)"
"(337, 1680)","(580, 140)"
"(358, 2060)","(600, 100)"
"(241, 1690)","(550, 180)"
"(292, 1470)","(540, 190)"
"(262, 2580)","(640, 110)"
"(298, 1960)","(590, 130)"
"(40, 2250)","(560, 190)"
"(328, 1720)","(580, 140)"
"(361, 2240)","(620, 90)"
"(391, 1500)","(600, 140)"
"(328, 1580)","(580, 160)"
"(43, 1420)","(440, 300)"
"(175, 1770)","(550, 200)"
"(64, 1870)","(520, 220)"
"(7, 1510)","(430, 280)"
"(313, 1670)","(590, 160)"
"(379, 2380)","(650, 80)"
"(223, 2370)","(610, 130)"
"(397, 2000)","(620, 90)"
"(22, 2200)","(550, 200)"
"(13, 1960)","(510, 220)"
"(289, 1440)","(540, 200)"
"(178, 2340)","(580, 140)"
"(283, 2300)","(590, 110)"
"(31, 2140)","(540, 200)"
"(385, 1560)","(580, 130)"
"(121, 2200)","(570, 170)"
"(352, 2580)","(640, 80)"
"(241, 1870)","(570, 160)"
"(109, 1830)","(530, 210)"
"(43, 1500)","(450, 280)"
"(310, 2390)","(620, 100)"
"(64, 2500)","(570, 160)"
"(286, 1590)","(570, 180)"
"(232, 2140)","(590, 140)"
"(373, 2160)","(620, 90)"
"(34, 2110)","(530, 200)"
"(250, 1740)","(550, 170)"
"(151, 2290)","(570, 150)"
"(253, 1660)","(550, 180)"
"(139, 1490)","(480, 250)"
"(229, 1600)","(540, 200)"
"(223, 1730)","(540, 180)"
"(22, 2550)","(570, 170)"
"(226, 2250)","(610, 140)"
"(169, 2400)","(590, 140)"
"(136, 1680)","(510, 220)"
"(235, 2160)","(600, 140)"
"(322, 2150)","(610, 110)"
"(187, 1760)","(530, 190)"
"(88, 2200)","(560, 180)"
"(214, 2230)","(590, 140)"
"(160, 2500)","(610, 140)"
"(394, 2090)","(650, 90)"
"(283, 2340)","(600, 110)"
"(40, 1880)","(520, 230)"
"(115, 2410)","(560, 150)"
"(226, 1990)","(590, 160)"
"(49, 2060)","(530, 200)"
"(217, 1440)","(510, 230)"
"(313, 2250)","(630, 110)"
"(370, 1640)","(590, 130)"
"(232, 2160)","(590, 140)"
"(286, 2200)","(610, 120)"
"(58, 1450)","(440, 280)"
"(199, 1480)","(510, 230)"
"(37, 1780)","(500, 240)"
"(205, 2160)","(590, 150)"
"(118, 1440)","(470, 270)"
"(76, 1820)","(510, 220)"
"(166, 1950)","(560, 180)"
"(139, 2410)","(590, 150)"
"(175, 2260)","(590, 150)"
"(316, 1760)","(570, 140)"
"(169, 2160)","(580, 160)"
"(28, 2520)","(570, 170)"
"(286, 1710)","(570, 160)"
"(19, 2340)","(540, 180)"
"(82, 2440)","(570, 160)"
"(271, 2560)","(640, 110)"
"(385, 1970)","(640, 100)"
"(361, 1830)","(620, 120)"
"(28, 2190)","(530, 190)"
"(241, 2120)","(590, 140)"
"(1, 1610)","(470, 280)"
"(190, 2590)","(620, 130)"
"(274, 2440)","(620, 110)"
"(373, 1660)","(610, 130)"
"(199, 1440)","(500, 240)"
"(73, 1440)","(460, 290)"
"(199, 1730)","(540, 190)"
"(61, 2270)","(560, 180)"
"(223, 1490)","(520, 220)"
"(31, 1730)","(500, 250)"
"(115, 2220)","(570, 170)"
"(121, 2130)","(570, 180)"
"(70, 2320)","(550, 170)"
"(73, 2340)","(560, 170)"
"(118, 1560)","(500, 250)"
"(373, 2370)","(630, 80)"
"(130, 1470)","(480, 260)"
"(349, 2550)","(620, 80)"
"(253, 1910)","(570, 150)"
"(205, 1800)","(550, 180)"
"(106, 1750)","(510, 220)"
"(364, 2080)","(630, 100)"
"(349, 2280)","(650, 100)"
"(202, 1720)","(540, 190)"
"(49, 1910)","(520, 220)"
"(295, 1440)","(550, 200)"
"(223, 2120)","(600, 150)"
"(175, 2580)","(610, 130)"
"(397, 1770)","(640, 110)"
"(112, 2280)","(580, 170)"
"(133, 1660)","(520, 230)"
"(319, 1450)","(550, 180)"
"(4, 2300)","(540, 190)"
"(100, 2330)","(580, 170)"
"(346, 1940)","(630, 120)"
"(331, 1730)","(590, 140)"
"(118, 2440)","(570, 150)"
"(223, 1950)","(570, 160)"
"(235, 2260)","(590, 130)"
"(205, 1880)","(550, 170)"
"(142, 2160)","(580, 170)"
"(67, 1530)","(470, 270)"
"(256, 1500)","(540, 210)"
"(127, 1570)","(490, 240)"
"(115, 1880)","(530, 200)"
"(46, 1960)","(520, 210)"
"(235, 2410)","(600, 120)"
"(337, 2030)","(600, 110)"
"(184, 1640)","(530, 210)"
"(289, 1550)","(550, 180)"
"(400, 1430)","(580, 140)"
"(241, 1990)","(580, 150)"
"(280, 2030)","(580, 130)"
"(250, 1510)","(540, 210)"
"(274, 2280)","(620, 120)"
"(247, 1930)","(570, 150)"
"(118, 2580)","(580, 140)"
"(337, 1900)","(590, 120)"
"(373, 2010)","(620, 100)"
"(4, 2100)","(530, 210)"
"(64, 1560)","(480, 270)"
"(277, 2090)","(600, 130)"
"(226, 1660)","(540, 190)"
"(244, 1890)","(580, 160)"
"(370, 2360)","(610, 80)"
"(109, 2380)","(580, 160)"
"(271, 1590)","(540, 180)"
"(49, 2090)","(540, 200)"
"(25, 2380)","(560, 180)"
"(124, 2290)","(570, 160)"
"(199, 2030)","(570, 160)"
"(304, 2200)","(600, 110)"
"(109, 2440)","(560, 150)"
"(328, 2070)","(600, 110)"
"(157, 2270)","(570, 150)"
"(283, 1580)","(560, 180)"
"(97, 2310)","(580, 170)"
"(277, 2380)","(610, 110)"
"(244, 2130)","(600, 140)"
"(124, 2550)","(570, 140)"
"(250, 1440)","(530, 220)"
"(364, 2150)","(650, 100)"
"(175, 1400)","(490, 260)"
"(28, 1890)","(520, 230)"
"(346, 2160)","(620, 100)"
"(142, 1740)","(520, 210)"
"(211, 1780)","(550, 180)"
"(391, 1760)","(610, 110)"
"(319, 1550)","(580, 170)"
"(199, 2410)","(590, 130)"
"(136, 2460)","(600, 150)"
"(283, 2400)","(630, 110)"
"(148, 1840)","(550, 200)"
"(268, 2130)","(600, 130)"
"(178, 2450)","(610, 140)"
"(232, 2460)","(610, 120)"
"(301, 1900)","(610, 140)"
"(166, 2090)","(580, 170)"
"(334, 2270)","(630, 100)"
"(352, 1960)","(600, 110)"
"(355, 2190)","(650, 100)"
"(394, 2520)","(650, 70)"
"(100, 2200)","(570, 180)"
"(64, 1930)","(520, 210)"
"(166, 1590)","(520, 230)"
"(109, 1780)","(530, 220)"
"(22, 1450)","(440, 300)"
"(223, 1480)","(510, 220)"
"(367, 1590)","(600, 140)"
"(256, 2490)","(610, 110)"
"(169, 1410)","(490, 260)"
"(310, 2010)","(620, 130)"
"(283, 2120)","(620, 130)"
"(334, 1560)","(580, 160)"
"(91, 2390)","(560, 160)"
"(337, 2070)","(620, 110)"
"(199, 1580)","(530, 220)"
"(232, 1440)","(520, 230)"
"(145, 1570)","(510, 240)"
"(367, 1400)","(580, 170)"
"(301, 2220)","(600, 110)"
"(115, 1700)","(520, 230)"
"(397, 2450)","(640, 70)"
"(385, 1870)","(640, 110)"
"(322, 1890)","(600, 130)"
"(175, 2520)","(590, 130)"
"(40, 2140)","(550, 200)"
"(124, 2400)","(570, 150)"
"(331, 1990)","(620, 120)"
"(370, 1630)","(580, 130)"
"(244, 2120)","(600, 140)"
"(382, 1690)","(600, 120)"
"(220, 2500)","(600, 120)"
"(181, 1770)","(530, 190)"
"(145, 1510)","(500, 250)"
"(25, 1420)","(440, 310)"
"(124, 1940)","(540, 190)"
"(157, 1860)","(540, 190)"
"(394, 1650)","(610, 120)"
"(322, 1450)","(550, 180)"
"(295, 1680)","(570, 160)"
"(391, 2050)","(630, 90)"
"(274, 2030)","(610, 140)"
"(10, 2350)","(560, 190)"
"(127, 2220)","(580, 170)"
"(139, 1820)","(530, 200)"
"(112, 2340)","(570, 160)"
"(103, 2140)","(560, 180)"
"(361, 2530)","(650, 80)"
"(259, 1730)","(560, 170)"
"(307, 2070)","(600, 120)"
"(259, 2090)","(610, 140)"
"(166, 2600)","(600, 130)"
"(220, 2350)","(600, 130)"
"(55, 1900)","(530, 220)"
"(145, 1480)","(480, 250)"
"(397, 2190)","(630, 80)"
"(166, 1880)","(560, 190)"
"(241, 2080)","(580, 140)"
"(340, 2090)","(630, 110)"
"(220, 1500)","(520, 220)"
"(391, 2510)","(640, 70)"
"(286, 1750)","(590, 160)"
"(277, 1910)","(600, 150)"
"(325, 2520)","(630, 90)"
"(358, 2560)","(650, 80)"
"(391, 2160)","(660, 90)"
"(169, 1770)","(540, 200)"
"(13, 1720)","(480, 250)"
"(166, 2260)","(570, 150)"
"(142, 2070)","(570, 180)"
"(61, 2050)","(540, 200)"
"(64, 1680)","(500, 250)"
"(142, 2130)","(570, 170)"
"(106, 2420)","(590, 160)"
"(67, 2250)","(560, 180)"
"(328, 1870)","(610, 130)"
"(256, 1970)","(600, 150)"
"(91, 1500)","(480, 270)"
"(376, 1950)","(600, 100)"
"(151, 1720)","(520, 210)"
"(85, 2100)","(550, 190)"
"(274, 1960)","(590, 140)"
"(133, 2270)","(570, 160)"
"(136, 2280)","(580, 160)"
"(367, 2130)","(650, 100)"
"(88, 2180)","(560, 180)"
"(124, 2380)","(560, 150)"
"(7, 1980)","(510, 220)"
"(346, 1780)","(610, 130)"
"(379, 1560)","(610, 140)"
"(19, 2240)","(540, 190)"
"(127, 1470)","(480, 260)"
"(319, 2220)","(640, 110)"
"(67, 2380)","(570, 170)"
"(163, 2550)","(580, 130)"
"(133, 2450)","(600, 150)"
"(265, 2410)","(600, 110)"
"(250, 2000)","(600, 150)"
"(142, 1640)","(520, 230)"
"(388, 2480)","(620, 70)"
"(256, 1450)","(520, 210)"
"(319, 1490)","(570, 180)"
"(163, 1560)","(510, 230)"
"(19, 2550)","(570, 170)"
"(250, 1950)","(580, 150)"
"(349, 1600)","(600, 150)"
"(385, 2230)","(660, 90)"
"(160, 2240)","(590, 160)"
"(160, 2080)","(570, 170)"
"(235, 1560)","(530, 200)"
"(277, 2310)","(630, 120)"
"(130, 2220)","(580, 170)"
"(112, 1510)","(490, 260)"
"(40, 2040)","(540, 210)"
"(391, 1820)","(640, 110)"
"(136, 2490)","(570, 140)"
"(280, 2050)","(590, 130)"
"(334, 2010)","(630, 120)"
"(13, 1670)","(470, 260)"
"(367, 1760)","(600, 120)"
"(133, 2590)","(600, 140)"
"(241, 2140)","(600, 140)"
"(331, 2060)","(600, 110)"
"(28, 2150)","(540, 200)"
"(109, 2020)","(550, 190)"
"(4, 2260)","(530, 190)"
"(310, 1950)","(610, 130)"
"(241, 1840)","(580, 170)"
"(160, 1860)","(540, 190)"
"(76, 2010)","(540, 200)"
"(313, 2050)","(610, 120)"
"(103, 2420)","(590, 160)"
"(364, 1420)","(580, 170)"
"(94, 2390)","(570, 160)"
"(109, 1700)","(520, 230)"
"(34, 1890)","(520, 230)"
"(94, 1660)","(500, 240)"
"(187, 2600)","(620, 130)"
"(121, 2190)","(570, 170)"
"(235, 1700)","(540, 180)"
"(328, 2020)","(630, 120)"
"(181, 2490)","(590, 130)"
"(340, 1910)","(610, 120)"
"(343, 2550)","(610, 80)"
"(214, 1860)","(560, 170)"
"(124, 2130)","(550, 170)"
"(397, 2100)","(660, 90)"
"(262, 2160)","(600, 130)"
"(112, 2270)","(580, 170)"
"(52, 1720)","(490, 240)"
"(184, 1590)","(520, 220)"
"(262, 1870)","(590, 160)"
"(217, 2590)","(620, 120)"
"(385, 1790)","(610, 110)"
"(292, 1860)","(570, 140)"
"(193, 2370)","(610, 140)"
"(247, 1560)","(540, 200)"
"(217, 1420)","(510, 240)"
"(103, 2200)","(550, 170)"
"(121, 2570)","(580, 140)"
"(112, 1500)","(480, 260)"
"(217, 1800)","(560, 180)"
"(136, 2170)","(580, 170)"
"(211, 1640)","(540, 200)"
"(244, 1590)","(550, 200)"
"(22, 2400)","(560, 180)"
"(118, 1460)","(480, 270)"
"(313, 1890)","(590, 130)"
"(379, 2530)","(610, 70)"
"(142, 1550)","(500, 240)"
"(52, 1930)","(530, 220)"
"(304, 1660)","(570, 160)"
"(70, 1500)","(460, 270)"
"(121, 2060)","(550, 180)"
"(151, 2480)","(590, 140)"
"(394, 2200)","(620, 80)"
"(19, 1420)","(440, 310)"
"(268, 2470)","(620, 110)"
"(376, 2580)","(620, 70)"
"(187, 2130)","(590, 160)"
"(43, 2040)","(540, 210)"
"(388, 2560)","(650, 70)"
"(271, 1430)","(530, 210)"
"(13, 1970)","(510, 220)"
"(55, 2350)","(570, 180)"
"(262, 1780)","(560, 160)"
"(214, 1830)","(570, 180)"
"(112, 2380)","(580, 160)"
"(250, 2450)","(630, 120)"
"(229, 1490)","(530, 220)"
"(97, 1800)","(530, 220)"
"(28, 1490)","(450, 290)"
"(346, 1640)","(600, 150)"
"(316, 1900)","(600, 130)"
"(346, 1430)","(560, 170)"
"(364, 2000)","(640, 110)"
"(229, 1530)","(530, 210)"
"(10, 1630)","(470, 270)"
"(316, 1880)","(590, 130)"
"(340, 2450)","(640, 90)"
"(136, 2580)","(600, 140)"
"(28, 1590)","(470, 270)"
"(175, 1480)","(500, 240)"
"(97, 1950)","(540, 200)"
"(208, 1570)","(520, 210)"
"(394, 1940)","(650, 100)"
"(229, 2520)","(620, 120)"
"(253, 1530)","(540, 200)"
"(229, 1510)","(520, 210)"
"(316, 1520)","(550, 170)"
"(109, 2480)","(580, 150)"
"(79, 1690)","(500, 240)"
"(178, 2530)","(600, 130)"
"(58, 1790)","(510, 230)"
"(7, 1460)","(420, 290)"
"(220, 1460)","(520, 230)"
"(64, 1650)","(490, 250)"
"(73, 2540)","(590, 160)"
"(208, 2540)","(590, 120)"
"(172, 1750)","(540, 200)"
"(355, 2360)","(650, 90)"
"(337, 1950)","(620, 120)"
"(118, 1890)","(540, 200)"
"(136, 1860)","(540, 200)"
"(124, 2300)","(570, 160)"
"(157, 2530)","(610, 140)"
"(379, 2440)","(670, 80)"
"(118, 1410)","(470, 280)"
"(289, 2570)","(630, 100)"
"(394, 1530)","(590, 130)"
"(52, 1940)","(510, 210)"
"(34, 2470)","(560, 170)"
"(262, 1860)","(590, 160)"
"(388, 1550)","(580, 130)"
"(52, 1560)","(470, 270)"
"(370, 2370)","(620, 80)"
"(55, 2470)","(580, 170)"
"(379, 1750)","(630, 120)"
"(154, 1620)","(520, 230)"
"(346, 2010)","(610, 110)"
"(187, 2590)","(620, 130)"
"(133, 1750)","(520, 210)"
"(37, 1660)","(490, 260)"
"(271, 2060)","(610, 140)"
"(253, 1790)","(580, 170)"
"(19, 2400)","(560, 180)"
"(301, 1980)","(600, 130)"
"(127, 2080)","(560, 180)"
"(16, 2350)","(540, 180)"
"(262, 2370)","(630, 120)"
"(52, 2150)","(540, 190)"
"(229, 1860)","(580, 170)"
"(91, 1520)","(470, 260)"
"(79, 1930)","(540, 210)"
"(343, 1540)","(590, 160)"
"(133, 1840)","(530, 200)"
"(349, 1480)","(560, 160)"
"(364, 2470)","(640, 80)"
"(211, 1540)","(530, 220)"
"(169, 2260)","(580, 150)"
"(100, 1540)","(490, 260)"
"(154, 1510)","(490, 240)"
"(181, 1880)","(550, 180)"
"(13, 2250)","(530, 190)"
"(220, 1530)","(530, 220)"
"(7, 2020)","(530, 220)"
"(76, 1680)","(500, 240)"
"(286, 1420)","(540, 210)"
"(100, 2380)","(570, 160)"
"(79, 2330)","(570, 170)"
"(10, 1600)","(470, 280)"
"(196, 2430)","(590, 130)"
"(328, 1840)","(590, 130)"
"(292, 2380)","(640, 110)"
"(7, 1450)","(430, 300)"
"(325, 1440)","(550, 180)"
"(286, 2350)","(610, 110)"
"(256, 1870)","(590, 160)"
"(253, 2460)","(590, 110)"
"(61, 1750)","(510, 240)"
"(199, 2240)","(570, 140)"
"(340, 2150)","(640, 110)"
"(298, 1490)","(560, 190)"
"(265, 2080)","(610, 140)"
"(247, 1790)","(570, 170)"
"(25, 1620)","(480, 270)"
"(73, 2140)","(560, 190)"
"(355, 1450)","(580, 170)"
"(391, 1520)","(610, 140)"
"(100, 1570)","(490, 250)"
"(259, 1420)","(530, 220)"
"(310, 1800)","(580, 140)"
"(229, 1520)","(520, 210)"
"(373, 1450)","(590, 160)"
"(82, 1770)","(520, 230)"
"(187, 2160)","(570, 150)"
"(103, 1690)","(510, 230)"
"(136, 1810)","(520, 200)"
"(193, 2310)","(590, 140)"
"(220, 2240)","(610, 140)"
"(10, 1850)","(510, 240)"
"(94, 1730)","(510, 230)"
"(121, 2270)","(560, 160)"
"(268, 2210)","(620, 130)"
"(298, 2370)","(640, 110)"
"(64, 1730)","(510, 240)"
"(142, 1460)","(490, 260)"
"(118, 1500)","(490, 260)"
"(286, 1960)","(610, 140)"
"(238, 2080)","(570, 140)"
"(301, 1520)","(560, 180)"
"(262, 1960)","(600, 150)"
"(193, 1730)","(550, 200)"
"(187, 2030)","(580, 170)"
"(76, 1630)","(490, 250)"
"(262, 1570)","(550, 190)"
"(226, 2260)","(580, 130)"
"(148, 2230)","(580, 160)"
"(88, 2440)","(580, 160)"
"(160, 2380)","(600, 150)"
"(382, 2390)","(660, 80)"
"(121, 2250)","(580, 170)"
"(208, 2510)","(590, 120)"
"(355, 1680)","(610, 140)"
"(112, 2580)","(570, 140)"
"(76, 2400)","(580, 170)"
"(202, 2090)","(590, 160)"
"(208, 2550)","(600, 120)"
"(94, 1600)","(490, 250)"
"(52, 1800)","(500, 230)"
"(322, 1740)","(580, 140)"
"(13, 1630)","(470, 270)"
"(307, 2380)","(610, 100)"
"(223, 1800)","(570, 180)"
"(142, 2440)","(600, 150)"
"(16, 2380)","(550, 180)"
"(355, 2280)","(620, 90)"
"(70, 1570)","(480, 260)"
"(163, 1830)","(540, 190)"
"(262, 1720)","(560, 170)"
"(40, 1830)","(510, 230)"
"(58, 2470)","(580, 170)"
"(13, 2120)","(540, 210)"
"(202, 1410)","(490, 240)"
"(172, 1760)","(540, 200)"
"(94, 2400)","(570, 160)"
"(328, 2340)","(640, 100)"
"(10, 1710)","(490, 260)"
"(241, 2560)","(600, 110)"
"(70, 1730)","(510, 240)"
"(43, 1990)","(520, 210)"
"(184, 2150)","(590, 160)"
"(91, 2420)","(570, 160)"
"(301, 2340)","(640, 110)"
"(133, 1600)","(510, 240)"
"(244, 2530)","(600, 110)"
"(58, 2050)","(540, 200)"
"(103, 2410)","(580, 160)"
"(337, 2580)","(660, 90)"
"(361, 2200)","(650, 100)"
"(268, 2020)","(600, 140)"
"(157, 1990)","(570, 180)"
"(379, 2060)","(650, 100)"
"(340, 1710)","(600, 140)"
"(184, 1470)","(500, 240)"
"(97, 2440)","(590, 160)"
"(382, 1760)","(630, 120)"
"(307, 1630)","(560, 160)"
"(244, 1820)","(580, 170)"
"(46, 1440)","(440, 290)"
"(28, 1620)","(480, 270)"
"(160, 2580)","(590, 130)"
"(133, 2490)","(600, 150)"
"(49, 2570)","(570, 160)"
"(31, 2030)","(530, 210)"
"(139, 2090)","(550, 170)"
"(394, 1460)","(590, 140)"
"(199, 1790)","(560, 190)"
"(322, 2060)","(630, 120)"
"(274, 2230)","(600, 120)"
"(73, 1870)","(530, 220)"
"(397, 1920)","(650, 100)"
"(49, 1650)","(490, 260)"
"(148, 1790)","(530, 200)"
"(307, 1860)","(600, 140)"
"(79, 2030)","(550, 200)"
"(229, 1620)","(550, 200)"
"(208, 2400)","(600, 130)"
"(154, 2290)","(570, 150)"
"(142, 2600)","(610, 140)"
"(55, 1460)","(460, 290)"
"(46, 1410)","(440, 300)"
"(40, 1430)","(430, 290)"
"(250, 2500)","(600, 110)"
"(85, 1530)","(470, 260)"
"(163, 1910)","(540, 180)"
"(85, 2310)","(570, 170)"
"(283, 1600)","(570, 180)"
"(61, 2240)","(550, 180)"
"(202, 2530)","(620, 130)"
"(61, 1450)","(460, 290)"
"(85, 2520)","(590, 160)"
"(325, 2300)","(620, 100)"
"(64, 2460)","(560, 160)"
"(277, 2330)","(590, 110)"
"(232, 1950)","(590, 160)"
"(274, 2570)","(610, 100)"
"(256, 2280)","(590, 120)"
"(229, 2040)","(580, 150)"
"(154, 2130)","(580, 170)"
"(385, 1720)","(630, 120)"
"(271, 1930)","(600, 150)"
"(223, 1610)","(540, 200)"
"(142, 2410)","(590, 150)"
"(58, 1990)","(540, 210)"
"(25, 2220)","(540, 190)"
"(253, 2490)","(600, 110)"
"(43, 1430)","(450, 300)"
"(61, 1400)","(430, 290)"
"(130, 2030)","(550, 180)"
"(154, 2260)","(590, 160)"
"(106, 2590)","(600, 150)"
"(184, 2290)","(570, 140)"
"(64, 2400)","(570, 170)"
"(16, 2420)","(560, 180)"
"(163, 1650)","(530, 220)"
"(265, 1580)","(560, 190)"
"(373, 2100)","(650, 100)"
"(346, 2550)","(620, 80)"
"(331, 1520)","(580, 170)"
"(85, 1680)","(500, 240)"
"(334, 2530)","(650, 90)"
"(385, 1850)","(640, 110)"
"(277, 1670)","(560, 170)"
"(307, 2490)","(650, 100)"
"(385, 2380)","(660, 80)"
"(85, 1780)","(520, 230)"
"(289, 1930)","(600, 140)"
"(322, 1960)","(590, 120)"
"(385, 2140)","(650, 90)"
"(322, 2130)","(610, 110)"
"(88, 1910)","(540, 210)"
"(238, 1580)","(540, 200)"
"(61, 1780)","(500, 230)"
"(361, 2330)","(650, 90)"
"(268, 2100)","(590, 130)"
"(115, 2110)","(560, 180)"
"(37, 1680)","(480, 250)"
"(394, 2370)","(670, 80)"
"(379, 1840)","(620, 110)"
"(298, 1900)","(600, 140)"
"(118, 2370)","(590, 160)"
"(394, 2390)","(670, 80)"
"(64, 1900)","(530, 220)"
"(316, 1470)","(550, 180)"
"(232, 1550)","(540, 210)"
"(211, 1970)","(560, 160)"
"(22, 2070)","(530, 210)"
"(70, 1910)","(520, 210)"
"(325, 1670)","(590, 150)"
"(334, 2170)","(640, 110)"
"(118, 1470)","(470, 260)"
"(31, 1540)","(460, 280)"
"(259, 2590)","(640, 110)"
"(292, 2320)","(620, 110)"
"(37, 2370)","(570, 180)"
"(190, 2510)","(610, 130)"
"(97, 1440)","(470, 280)"
"(46, 2030)","(540, 210)"
"(220, 2100)","(590, 150)"
"(184, 2210)","(580, 150)"
"(193, 1990)","(580, 170)"
"(202, 2440)","(600, 130)"
"(220, 1930)","(560, 160)"
"(148, 2520)","(600, 140)"
"(121, 2420)","(570, 150)"
"(160, 1590)","(520, 230)"
"(10, 2510)","(550, 170)"
"(268, 2110)","(590, 130)"
"(142, 2430)","(600, 150)"
"(310, 2060)","(610, 120)"
"(76, 2500)","(580, 160)"
"(208, 2600)","(610, 120)"
"(169, 1880)","(560, 190)"
"(232, 1890)","(560, 160)"
"(280, 2190)","(600, 120)"
"(292, 1850)","(600, 150)"
"(109, 1760)","(520, 220)"
"(184, 2160)","(560, 150)"
"(124, 2490)","(600, 150)"
"(37, 2040)","(540, 210)"
"(67, 1980)","(540, 210)"
"(331, 2090)","(610, 110)"
"(304, 2490)","(640, 100)"
"(13, 1450)","(420, 290)"
"(4, 1780)","(500, 250)"
"(223, 2490)","(600, 120)"
"(88, 1640)","(490, 240)"
"(358, 1870)","(630, 120)"
"(250, 1590)","(540, 190)"
"(52, 2530)","(560, 160)"
"(55, 2220)","(560, 190)"
"(223, 1970)","(580, 160)"
"(334, 2520)","(650, 90)"
"(265, 1790)","(570, 160)"
"(301, 1740)","(570, 150)"
"(364, 2250)","(630, 90)"
"(361, 2540)","(650, 80)"
"(400, 2300)","(670, 80)"
"(178, 2320)","(570, 140)"
"(112, 1560)","(490, 250)"
"(121, 1510)","(490, 260)"
"(139, 2330)","(560, 150)"
"(370, 1610)","(610, 140)"
"(382, 2600)","(640, 70)"
"(214, 2020)","(590, 160)"
"(160, 1960)","(560, 180)"
"(145, 2100)","(560, 170)"
"(121, 1690)","(520, 230)"
"(220, 2290)","(580, 130)"
"(274, 2430)","(620, 110)"
"(19, 1880)","(510, 230)"
"(370, 2270)","(660, 90)"
"(310, 1530)","(570, 180)"
"(373, 1480)","(580, 150)"
"(244, 1810)","(580, 170)"
"(346, 2420)","(650, 90)"
"(94, 2410)","(570, 160)"
"(310, 2220)","(620, 110)"
"(178, 2390)","(590, 140)"
"(43, 1450)","(440, 290)"
"(253, 2070)","(590, 140)"
"(322, 2220)","(640, 110)"
"(7, 2210)","(540, 200)"
"(373, 1550)","(590, 140)"
"(166, 2080)","(580, 170)"
"(400, 1790)","(640, 110)"
"(322, 1830)","(610, 140)"
"(148, 1750)","(540, 210)"
"(79, 1670)","(490, 240)"
"(271, 2360)","(630, 120)"
"(25, 1960)","(520, 220)"
"(145, 1890)","(540, 190)"
"(319, 1630)","(590, 160)"
"(259, 1630)","(540, 180)"
"(244, 2150)","(610, 140)"
"(283, 2270)","(630, 120)"
"(292, 1980)","(580, 130)"
"(124, 1920)","(550, 200)"
"(13, 2530)","(560, 170)"
"(10, 1800)","(490, 240)"
"(16, 2140)","(530, 200)"
"(154, 1600)","(520, 230)"
"(187, 2020)","(580, 170)"
"(355, 2260)","(610, 90)"
"(244, 1460)","(530, 220)"
"(154, 1670)","(530, 220)"
"(394, 1870)","(620, 100)"
"(52, 2090)","(540, 200)"
"(34, 1920)","(510, 220)"
"(277, 2510)","(640, 110)"
"(187, 1790)","(550, 190)"
"(106, 1860)","(540, 210)"
"(322, 1650)","(570, 150)"
"(133, 1510)","(490, 250)"
"(88, 2280)","(560, 170)"
"(13, 2050)","(520, 210)"
"(202, 1400)","(500, 250)"
"(169, 1610)","(520, 220)"
"(73, 2110)","(550, 190)"
"(43, 2190)","(540, 190)"
"(205, 2140)","(590, 150)"
"(178, 2460)","(610, 140)"
"(199, 1940)","(570, 170)"
"(394, 1760)","(620, 110)"
"(274, 2180)","(620, 130)"
"(193, 1520)","(520, 230)"
"(379, 1700)","(600, 120)"
"(91, 2460)","(590, 160)"
"(253, 1450)","(530, 220)"
"(340, 1880)","(590, 120)"
"(124, 1490)","(490, 260)"
"(145, 2400)","(590, 150)"
"(238, 1430)","(520, 230)"
"(217, 2150)","(600, 150)"
"(298, 1410)","(540, 200)"
"(112, 1440)","(470, 270)"
"(388, 2490)","(630, 70)"
"(145, 1740)","(530, 210)"
"(352, 1870)","(620, 120)"
"(289, 1840)","(600, 150)"
"(346, 1900)","(620, 120)"
"(196, 1960)","(570, 170)"
"(160, 1910)","(560, 190)"
"(349, 2440)","(660, 90)"
"(58, 1620)","(490, 260)"
"(232, 1900)","(570, 160)"
"(112, 1980)","(540, 190)"
"(136, 2510)","(580, 140)"
"(355, 1730)","(600, 130)"
"(295, 2080)","(620, 130)"
"(67, 2000)","(530, 200)"
"(223, 2020)","(570, 150)"
"(124, 2330)","(580, 160)"
"(106, 1640)","(510, 240)"
"(277, 1420)","(530, 210)"
"(337, 2400)","(620, 90)"
"(97, 2280)","(570, 170)"
"(313, 1420)","(540, 190)"
"(190, 1840)","(550, 180)"
"(226, 1650)","(530, 190)"
"(229, 1750)","(560, 180)"
"(4, 1570)","(460, 280)"
"(391, 2340)","(670, 80)"
"(19, 1560)","(460, 280)"
"(226, 1860)","(570, 170)"
"(91, 1950)","(530, 200)"
"(307, 2510)","(650, 100)"
"(202, 1890)","(550, 170)"
"(79, 2160)","(540, 180)"
"(211, 1550)","(530, 220)"
"(400, 2090)","(660, 90)"
"(373, 1710)","(620, 130)"
"(307, 1810)","(580, 140)"
"(298, 2520)","(640, 100)"
"(277, 2470)","(640, 110)"
"(70, 1830)","(510, 220)"
"(373, 2290)","(660, 90)"
"(349, 2290)","(610, 90)"
"(358, 2260)","(620, 90)"
"(295, 1490)","(560, 190)"
"(115, 2210)","(570, 170)"
"(388, 1460)","(600, 150)"
"(175, 1800)","(540, 190)"
"(394, 1590)","(620, 130)"
"(88, 2540)","(570, 150)"
"(364, 1660)","(590, 130)"
"(199, 2100)","(590, 160)"
"(1, 2300)","(540, 190)"
"(271, 2370)","(590, 110)"
"(46, 2120)","(550, 200)"
"(208, 2090)","(570, 150)"
"(133, 1960)","(550, 190)"
"(196, 1660)","(530, 200)"
"(115, 1780)","(530, 220)"
"(70, 1430)","(450, 290)"
"(178, 1680)","(540, 210)"
"(91, 1620)","(500, 250)"
"(268, 2090)","(580, 130)"
"(367, 1440)","(580, 160)"
"(391, 1700)","(630, 120)"
"(94, 2240)","(550, 170)"
"(13, 2350)","(560, 190)"
"(235, 2530)","(630, 120)"
"(301, 2540)","(650, 100)"
"(52, 2580)","(580, 160)"
"(217, 1620)","(530, 200)"
"(160, 2550)","(610, 140)"
"(154, 2100)","(570, 170)"
"(295, 1800)","(590, 150)"
"(169, 1440)","(490, 250)"
"(70, 1620)","(480, 250)"
"(367, 2360)","(660, 90)"
"(271, 1580)","(560, 190)"
"(112, 2020)","(550, 190)"
"(109, 1770)","(530, 220)"
"(130, 2080)","(570, 180)"
"(298, 2480)","(620, 100)"
"(196, 1930)","(560, 170)"
"(97, 1760)","(510, 220)"
"(13, 2220)","(550, 200)"
"(163, 1970)","(570, 180)"
"(373, 1440)","(590, 160)"
"(4, 1440)","(440, 310)"
"(145, 2510)","(590, 140)"
"(16, 2240)","(530, 190)"
"(229, 2200)","(600, 140)"
"(187, 1750)","(530, 190)"
"(34, 1780)","(500, 240)"
"(238, 2520)","(630, 120)"
"(331, 1840)","(600, 130)"
"(274, 1910)","(600, 150)"
"(79, 2190)","(550, 180)"
"(79, 1570)","(480, 260)"
"(274, 1970)","(590, 140)"
"(142, 2020)","(560, 180)"
"(265, 1970)","(570, 140)"
"(163, 1810)","(550, 200)"
"(205, 1650)","(530, 200)"
"(70, 2480)","(570, 160)"
"(178, 2440)","(610, 140)"
"(349, 2590)","(640, 80)"
"(376, 1790)","(630, 120)"
"(139, 2470)","(600, 150)"
"(370, 1670)","(610, 130)"
"(208, 2330)","(610, 140)"
"(199, 2170)","(590, 150)"
"(250, 2180)","(590, 130)"
"(274, 2070)","(590, 130)"
"(346, 2590)","(630, 80)"
"(400, 1780)","(640, 110)"
"(373, 2310)","(660, 90)"
"(193, 1860)","(560, 180)"
"(211, 2020)","(590, 160)"
"(160, 1950)","(550, 180)"
"(265, 1910)","(590, 150)"
"(325, 2480)","(620, 90)"
"(34, 1690)","(480, 250)"
"(1, 2520)","(570, 180)"
"(205, 2470)","(620, 130)"
"(298, 2440)","(610, 100)"
"(289, 1540)","(550, 180)"
"(208, 2040)","(590, 160)"
"(277, 2280)","(630, 120)"
"(115, 1870)","(520, 200)"
"(103, 1680)","(500, 230)"
"(271, 1500)","(550, 200)"
"(136, 1880)","(550, 200)"
"(31, 1480)","(450, 290)"
"(157, 2500)","(600, 140)"
"(364, 1950)","(630, 110)"
"(355, 2070)","(600, 100)"
"(367, 1860)","(600, 110)"
"(196, 1720)","(550, 200)"
"(118, 1840)","(540, 210)"
"(160, 2010)","(570, 180)"
"(130, 1690)","(510, 220)"
"(370, 1890)","(620, 110)"
"(115, 2280)","(580, 170)"
"(367, 1720)","(620, 130)"
"(367, 2350)","(660, 90)"
"(157, 2570)","(580, 130)"
"(91, 1850)","(520, 210)"
"(289, 2310)","(610, 110)"
"(130, 1890)","(550, 200)"
"(301, 2290)","(620, 110)"
"(226, 1900)","(560, 160)"
"(232, 1450)","(510, 220)"
"(394, 1730)","(610, 110)"
"(325, 2310)","(620, 100)"
"(220, 2400)","(620, 130)"
"(196, 2120)","(570, 150)"
"(220, 2050)","(570, 150)"
"(91, 2030)","(530, 190)"
"(304, 2320)","(640, 110)"
"(211, 2360)","(590, 130)"
"(370, 1820)","(630, 120)"
"(202, 2510)","(620, 130)"
"(388, 1930)","(630, 100)"
"(265, 2100)","(580, 130)"
"(289, 1750)","(590, 160)"
"(289, 1670)","(580, 170)"
"(289, 2290)","(600, 110)"
"(151, 2120)","(580, 170)"
"(355, 2060)","(640, 110)"
"(391, 1770)","(620, 110)"
"(109, 2450)","(570, 150)"
"(79, 2490)","(580, 160)"
"(112, 2430)","(560, 150)"
"(355, 2010)","(630, 110)"
"(4, 1590)","(470, 280)"
"(76, 1700)","(500, 240)"
"(184, 2310)","(580, 140)"
"(70, 2550)","(590, 160)"
"(325, 1590)","(580, 160)"
"(337, 1830)","(610, 130)"
"(265, 2540)","(640, 110)"
"(190, 2520)","(610, 130)"
"(253, 1430)","(530, 220)"
"(115, 1460)","(480, 270)"
"(364, 1530)","(590, 150)"
"(127, 1760)","(520, 210)"
"(94, 2480)","(590, 160)"
"(244, 1570)","(550, 200)"
"(94, 1450)","(470, 280)"
"(64, 1610)","(490, 260)"
"(121, 1400)","(470, 280)"
"(355, 2420)","(660, 90)"
"(235, 1790)","(560, 170)"
"(22, 1630)","(480, 270)"
"(115, 2500)","(590, 150)"
"(214, 2200)","(580, 140)"
"(139, 1620)","(510, 230)"
"(106, 1420)","(470, 280)"
"(397, 2290)","(670, 80)"
"(1, 2060)","(510, 210)"
"(88, 1730)","(510, 230)"
"(13, 2210)","(550, 200)"
"(91, 2410)","(570, 160)"
"(295, 2540)","(640, 100)"
"(64, 2070)","(550, 200)"
"(175, 1980)","(550, 170)"
"(319, 2510)","(610, 90)"
"(43, 2400)","(550, 170)"
"(82, 2580)","(570, 150)"
"(235, 2190)","(610, 140)"
"(49, 2480)","(580, 170)"
"(220, 2220)","(600, 140)"
"(265, 1520)","(550, 200)"
"(139, 2360)","(570, 150)"
"(82, 1830)","(520, 220)"
"(139, 1700)","(530, 220)"
"(28, 1610)","(480, 270)"
"(268, 1590)","(560, 190)"
"(172, 2160)","(580, 160)"
"(226, 2480)","(600, 120)"
"(325, 1500)","(560, 170)"
"(304, 2000)","(620, 130)"
"(250, 1490)","(540, 210)"
"(109, 2430)","(590, 160)"
"(163, 2460)","(600, 140)"
"(88, 2480)","(590, 160)"
"(313, 1920)","(600, 130)"
"(151, 1550)","(510, 240)"
"(124, 1420)","(470, 270)"
"(22, 1840)","(510, 240)"
"(4, 2250)","(550, 200)"
"(109, 1930)","(540, 200)"
"(250, 2220)","(600, 130)"
"(325, 2240)","(640, 110)"
"(262, 1830)","(580, 160)"
"(307, 1850)","(600, 140)"
"(19, 2460)","(570, 180)"
"(208, 2220)","(580, 140)"
"(7, 1780)","(500, 250)"
"(253, 2390)","(620, 120)"
"(55, 2430)","(570, 170)"
"(247, 1800)","(580, 170)"
"(37, 1540)","(470, 280)"
"(7, 2600)","(570, 170)"
"(166, 1490)","(490, 240)"
"(322, 2520)","(620, 90)"
"(121, 2400)","(560, 150)"
"(79, 1550)","(470, 260)"
"(1, 1660)","(480, 270)"
"(178, 2570)","(610, 130)"
"(382, 2450)","(670, 80)"
"(373, 1930)","(640, 110)"
"(52, 2210)","(560, 190)"
"(391, 1690)","(630, 120)"
"(385, 2430)","(670, 80)"
"(118, 1530)","(480, 250)"
"(139, 2020)","(560, 180)"
"(301, 2180)","(630, 120)"
"(391, 1410)","(580, 150)"
"(277, 2320)","(630, 120)"
"(145, 1720)","(520, 210)"
"(157, 2510)","(600, 140)"
"(109, 2100)","(550, 180)"
"(184, 2330)","(580, 140)"
"(400, 1610)","(610, 120)"
"(337, 1590)","(590, 160)"
"(85, 2450)","(580, 160)"
"(28, 2040)","(530, 210)"
"(34, 2560)","(580, 170)"
"(130, 1920)","(530, 190)"
"(46, 2100)","(540, 200)"
"(112, 2490)","(580, 150)"
"(163, 2060)","(570, 170)"
"(10, 2250)","(530, 190)"
"(106, 1800)","(530, 220)"
"(328, 1960)","(600, 120)"
"(340, 1650)","(600, 150)"
"(91, 1490)","(470, 270)"
"(394, 2440)","(630, 70)"
"(43, 1570)","(470, 270)"
"(172, 2450)","(610, 140)"
"(79, 1460)","(460, 280)"
"(97, 2420)","(580, 160)"
"(193, 2340)","(600, 140)"
"(373, 2040)","(640, 100)"
"(106, 2550)","(590, 150)"
"(325, 1980)","(600, 120)"
"(55, 1640)","(480, 250)"
"(133, 1970)","(560, 190)"
"(124, 1660)","(510, 230)"
"(154, 1750)","(540, 210)"
"(388, 1480)","(580, 140)"
"(229, 2460)","(600, 120)"
"(214, 1980)","(570, 160)"
"(199, 1530)","(510, 220)"
"(196, 2080)","(590, 160)"
"(76, 2100)","(540, 190)"
"(31, 1550)","(470, 280)"
"(103, 2490)","(570, 150)"
"(130, 2250)","(560, 160)"
"(190, 2370)","(610, 140)"
"(76, 1650)","(500, 250)"
"(376, 1580)","(610, 140)"
"(22, 1900)","(520, 230)"
"(220, 1900)","(580, 170)"
"(136, 1460)","(480, 260)"
"(376, 1810)","(630, 120)"
"(397, 1690)","(630, 120)"
"(187, 2400)","(610, 140)"
"(181, 2130)","(590, 160)"
"(238, 2110)","(590, 140)"
"(205, 1530)","(520, 220)"
"(10, 2300)","(550, 190)"
"(319, 2460)","(650, 100)"
"(349, 1930)","(630, 120)"
"(355, 2120)","(620, 100)"
"(106, 1950)","(550, 200)"
"(295, 2300)","(610, 110)"
"(214, 2240)","(600, 140)"
"(190, 1790)","(550, 190)"
"(340, 2300)","(650, 100)"
"(346, 1800)","(620, 130)"
"(280, 2520)","(600, 100)"
"(64, 2130)","(540, 190)"
"(319, 2300)","(610, 100)"
"(46, 1670)","(480, 250)"
"(232, 1880)","(560, 160)"
"(193, 2300)","(590, 140)"
"(385, 1400)","(590, 160)"
"(379, 2090)","(610, 90)"
"(52, 2420)","(570, 170)"
"(7, 2270)","(540, 190)"
"(97, 1400)","(460, 290)"
"(28, 2030)","(530, 210)"
"(313, 1550)","(560, 170)"
"(331, 1450)","(570, 180)"
"(142, 2460)","(570, 140)"
"(7, 2090)","(530, 210)"
"(127, 1410)","(460, 270)"
"(202, 2480)","(620, 130)"
"(184, 1730)","(540, 200)"
"(370, 1400)","(580, 170)"
"(109, 2150)","(570, 180)"
"(382, 2570)","(630, 70)"
"(301, 2070)","(590, 120)"
"(46, 2150)","(530, 190)"
"(154, 1900)","(550, 190)"
"(238, 1570)","(540, 200)"
"(91, 1930)","(520, 200)"
"(358, 2470)","(620, 80)"
"(85, 2600)","(580, 150)"
"(49, 2370)","(550, 170)"
"(175, 2350)","(580, 140)"
"(163, 2040)","(560, 170)"
"(394, 2240)","(640, 80)"
"(247, 1730)","(570, 180)"
"(358, 2180)","(650, 100)"
"(250, 2360)","(600, 120)"
"(262, 2320)","(610, 120)"
"(40, 2290)","(540, 180)"
"(391, 1870)","(610, 100)"
"(265, 1490)","(530, 200)"
"(352, 2450)","(660, 90)"
"(79, 2530)","(590, 160)"
"(379, 2400)","(650, 80)"
"(109, 2070)","(540, 180)"
"(313, 1570)","(580, 170)"
"(244, 2420)","(610, 120)"
"(226, 2230)","(610, 140)"
"(7, 1860)","(510, 240)"
"(178, 2410)","(600, 140)"
"(94, 1920)","(520, 200)"
"(391, 2390)","(670, 80)"
"(364, 1440)","(570, 160)"
"(28, 2360)","(550, 180)"
"(220, 1960)","(570, 160)"
"(244, 2190)","(580, 130)"
"(121, 1640)","(500, 230)"
"(394, 2000)","(610, 90)"
"(64, 2250)","(550, 180)"
"(145, 1860)","(550, 200)"
"(25, 1790)","(500, 240)"
"(40, 2280)","(540, 180)"
"(241, 1400)","(510, 230)"
"(205, 1820)","(560, 180)"
"(178, 2020)","(570, 170)"
"(301, 2300)","(630, 110)"
"(223, 1750)","(550, 180)"
"(259, 2140)","(590, 130)"
"(373, 1780)","(630, 120)"
"(400, 2440)","(650, 70)"
"(340, 1520)","(570, 160)"
"(244, 1850)","(560, 160)"
"(199, 1650)","(520, 200)"
"(385, 2560)","(640, 70)"
"(175, 2120)","(570, 160)"
"(286, 2270)","(630, 120)"
"(355, 1910)","(630, 120)"
"(202, 2100)","(570, 150)"
"(202, 1870)","(570, 180)"
"(7, 1400)","(430, 320)"
"(208, 1690)","(550, 200)"
"(352, 2460)","(660, 90)"
"(310, 1580)","(580, 170)"
"(10, 1570)","(460, 280)"
"(244, 2550)","(600, 110)"
"(43, 2170)","(540, 190)"
"(310, 2460)","(640, 100)"
"(52, 2540)","(570, 160)"
"(388, 1860)","(640, 110)"
"(1, 2010)","(520, 220)"
"(202, 1930)","(570, 170)"
"(247, 1570)","(550, 200)"
"(226, 1790)","(570, 180)"
"(88, 1530)","(470, 260)"
"(106, 2370)","(570, 160)"
"(271, 1830)","(590, 160)"
"(208, 1560)","(530, 220)"
"(100, 2020)","(540, 190)"
"(337, 1920)","(600, 120)"
"(235, 1590)","(540, 200)"
"(1, 1630)","(460, 270)"
"(319, 2110)","(590, 110)"
"(253, 1740)","(560, 170)"
"(322, 2400)","(650, 100)"
"(328, 1940)","(590, 120)"
"(259, 1580)","(550, 190)"
"(166, 1570)","(510, 230)"
"(265, 2060)","(610, 140)"
"(157, 2330)","(590, 150)"
"(331, 2600)","(660, 90)"
"(289, 1970)","(610, 140)"
"(295, 2430)","(600, 100)"
"(235, 1580)","(540, 200)"
"(373, 1690)","(620, 130)"
"(277, 1520)","(540, 190)"
"(58, 2000)","(540, 210)"
"(235, 1470)","(530, 220)"
"(274, 2520)","(640, 110)"
"(163, 1670)","(530, 220)"
"(253, 2240)","(620, 130)"
"(205, 1630)","(520, 200)"
"(76, 1580)","(490, 260)"
"(127, 1770)","(520, 210)"
"(250, 2030)","(570, 140)"
"(277, 1950)","(590, 140)"
"(91, 2170)","(560, 180)"
"(340, 1850)","(620, 130)"
"(160, 1740)","(540, 210)"
"(238, 1600)","(550, 200)"
"(307, 2540)","(650, 100)"
"(163, 1930)","(550, 180)"
"(157, 1510)","(490, 240)"
"(259, 2340)","(610, 120)"
"(358, 1670)","(610, 140)"
"(10, 2120)","(540, 210)"
"(58, 1500)","(470, 280)"
"(73, 2300)","(550, 170)"
"(325, 1420)","(560, 190)"
"(208, 1880)","(560, 170)"
"(40, 2130)","(550, 200)"
"(352, 1860)","(610, 120)"
"(88, 1790)","(510, 220)"
"(67, 1970)","(540, 210)"
"(16, 2010)","(530, 220)"
"(88, 2060)","(540, 190)"
"(31, 1850)","(510, 230)"
"(337, 2320)","(650, 100)"
"(322, 2280)","(610, 100)"
"(52, 1530)","(460, 270)"
"(346, 1670)","(590, 140)"
"(163, 2160)","(570, 160)"
"(385, 2520)","(630, 70)"
"(217, 1960)","(570, 160)"
"(286, 2360)","(620, 110)"
"(283, 2380)","(620, 110)"
"(49, 1480)","(460, 290)"
"(139, 1840)","(540, 200)"
"(169, 2020)","(560, 170)"
"(265, 2390)","(630, 120)"
"(175, 1860)","(560, 190)"
"(286, 1700)","(560, 160)"
"(10, 1420)","(430, 310)"
"(184, 2010)","(580, 170)"
"(229, 1630)","(550, 200)"
"(85, 1770)","(520, 230)"
"(88, 2270)","(560, 170)"
"(40, 1720)","(500, 250)"
"(301, 2330)","(640, 110)"
"(385, 2040)","(650, 100)"
"(379, 1740)","(620, 120)"
"(43, 1790)","(510, 240)"
"(187, 2090)","(580, 160)"
"(343, 2270)","(650, 100)"
"(316, 2570)","(630, 90)"
"(151, 1990)","(560, 180)"
"(214, 2040)","(590, 160)"
"(13, 2080)","(530, 210)"
"(379, 2370)","(640, 80)"
"(310, 1570)","(570, 170)"
"(46, 1570)","(470, 270)"
"(55, 2030)","(530, 200)"
"(94, 2270)","(560, 170)"
"(250, 1980)","(590, 150)"
"(142, 1540)","(490, 240)"
"(79, 2170)","(540, 180)"
"(196, 2360)","(610, 140)"
"(154, 1980)","(560, 180)"
"(193, 2380)","(610, 140)"
"(70, 1580)","(480, 260)"
"(142, 1900)","(540, 190)"
"(61, 2180)","(560, 190)"
"(391, 2080)","(640, 90)"
"(76, 2470)","(570, 160)"
"(49, 2260)","(540, 180)"
"(25, 2110)","(530, 200)"
"(271, 2170)","(620, 130)"
"(31, 1400)","(440, 310)"
"(268, 2140)","(600, 130)"
"(259, 2550)","(630, 110)"
"(247, 2480)","(630, 120)"
"(361, 1750)","(620, 130)"
"(82, 2600)","(580, 150)"
"(199, 1780)","(560, 190)"
"(346, 1420)","(550, 170)"
"(304, 1760)","(590, 150)"
"(220, 1540)","(520, 210)"
"(358, 1980)","(630, 110)"
"(148, 1520)","(490, 240)"
"(64, 2390)","(570, 170)"
"(301, 2600)","(600, 90)"
"(211, 1870)","(560, 170)"
"(28, 1460)","(450, 300)"
"(82, 2260)","(570, 180)"
"(37, 2240)","(550, 190)"
"(253, 1560)","(550, 200)"
"(166, 1870)","(560, 190)"
"(346, 1480)","(580, 170)"
"(46, 1480)","(460, 290)"
"(40, 1470)","(450, 290)"
"(100, 1950)","(540, 200)"
"(310, 2500)","(650, 100)"
"(397, 1870)","(630, 100)"
"(241, 1750)","(570, 180)"
"(355, 2310)","(630, 90)"
"(295, 2320)","(620, 110)"
"(220, 2420)","(620, 130)"
"(52, 2030)","(520, 200)"
"(181, 2390)","(600, 140)"
"(310, 2110)","(630, 120)"
"(391, 1810)","(640, 110)"
"(133, 1650)","(520, 230)"
"(379, 1860)","(630, 110)"
"(43, 2230)","(560, 190)"
"(373, 2220)","(640, 90)"
"(253, 2020)","(570, 140)"
"(118, 2060)","(550, 180)"
"(127, 1830)","(520, 200)"
"(301, 1840)","(580, 140)"
"(127, 2580)","(590, 140)"
"(274, 1930)","(570, 140)"
"(124, 1860)","(530, 200)"
"(295, 1510)","(560, 190)"
"(199, 2390)","(580, 130)"
"(25, 2400)","(560, 180)"
"(43, 1800)","(510, 240)"
"(283, 1630)","(550, 170)"
"(85, 1860)","(530, 220)"
"(28, 1530)","(460, 280)"
"(187, 2070)","(570, 160)"
"(373, 1790)","(630, 120)"
"(22, 1780)","(490, 240)"
"(52, 2410)","(560, 170)"
"(79, 1410)","(450, 290)"
"(391, 1830)","(640, 110)"
"(85, 1500)","(470, 270)"
"(28, 1690)","(490, 260)"
"(193, 2010)","(580, 170)"
"(301, 1770)","(590, 150)"
"(40, 1800)","(510, 240)"
"(361, 2270)","(630, 90)"
"(121, 2150)","(550, 170)"
"(34, 1650)","(480, 260)"
"(265, 2160)","(610, 130)"
"(382, 1920)","(610, 100)"
"(238, 1460)","(520, 220)"
"(139, 1610)","(500, 230)"
"(97, 1990)","(550, 200)"
"(325, 1660)","(580, 150)"
"(286, 2470)","(640, 110)"
"(55, 1630)","(490, 260)"
"(169, 2460)","(610, 140)"
"(175, 2430)","(600, 140)"
"(100, 1790)","(520, 220)"
"(31, 2560)","(580, 170)"
"(4, 1490)","(450, 300)"
"(181, 1600)","(530, 220)"
"(382, 2480)","(670, 80)"
"(121, 1780)","(520, 210)"
"(121, 1410)","(470, 280)"
"(175, 1440)","(500, 250)"
"(28, 2440)","(550, 170)"
"(139, 1520)","(500, 250)"
"(58, 1610)","(490, 260)"
"(364, 2570)","(670, 80)"
"(211, 2310)","(610, 140)"
"(70, 1750)","(500, 230)"
"(7, 2590)","(570, 170)"
"(151, 2350)","(590, 150)"
"(118, 2160)","(550, 170)"
"(133, 1410)","(470, 270)"
"(355, 2480)","(620, 80)"
"(73, 1640)","(490, 250)"
"(61, 1860)","(510, 220)"
"(328, 1450)","(560, 180)"
"(298, 2010)","(610, 130)"
"(76, 2420)","(560, 160)"
"(169, 2210)","(560, 150)"
"(316, 1940)","(610, 130)"
"(13, 1730)","(480, 250)"
"(253, 1410)","(510, 220)"
"(100, 2310)","(580, 170)"
"(103, 2130)","(550, 180)"
"(52, 1420)","(450, 300)"
"(238, 2460)","(620, 120)"
"(34, 1590)","(470, 270)"
"(31, 1640)","(480, 260)"
"(259, 2080)","(610, 140)"
"(130, 2370)","(570, 150)"
"(136, 2530)","(580, 140)"
"(328, 1920)","(620, 130)"
"(271, 1890)","(590, 150)"
"(46, 1500)","(460, 280)"
"(52, 1540)","(460, 270)"
"(127, 1630)","(500, 230)"
"(52, 1900)","(520, 220)"
"(169, 1470)","(500, 250)"
"(136, 1480)","(490, 260)"
"(244, 1780)","(560, 170)"
"(331, 1430)","(560, 180)"
"(268, 2460)","(620, 110)"
"(61, 1490)","(460, 280)"
"(352, 1450)","(580, 170)"
"(148, 1860)","(530, 190)"
"(73, 2330)","(560, 170)"
"(193, 1670)","(530, 200)"
"(334, 1530)","(560, 160)"
"(286, 2460)","(640, 110)"
"(73, 1530)","(480, 270)"
"(22, 2460)","(550, 170)"
"(187, 2460)","(590, 130)"
"(253, 1570)","(530, 190)"
"(256, 1430)","(530, 220)"
"(145, 2370)","(580, 150)"
"(310, 2240)","(620, 110)"
"(58, 2540)","(570, 160)"
"(247, 2330)","(590, 120)"
"(253, 1490)","(540, 210)"
"(229, 2010)","(570, 150)"
"(22, 1970)","(520, 220)"
"(181, 1590)","(520, 220)"
"(28, 1600)","(470, 270)"
"(220, 1970)","(580, 160)"
"(280, 1820)","(570, 150)"
"(253, 1710)","(570, 180)"
"(313, 1580)","(580, 170)"
"(64, 1580)","(480, 260)"
"(214, 2370)","(600, 130)"
"(151, 1560)","(510, 240)"
"(19, 2080)","(540, 210)"
"(169, 2280)","(590, 150)"
"(13, 2040)","(520, 210)"
"(229, 2190)","(600, 140)"
"(61, 1710)","(490, 240)"
"(388, 1740)","(630, 120)"
"(205, 2420)","(600, 130)"
"(178, 2240)","(580, 150)"
"(1, 2230)","(540, 200)"
"(61, 1940)","(520, 210)"
"(67, 2030)","(540, 200)"
"(49, 2110)","(550, 200)"
"(151, 1690)","(530, 220)"
"(145, 1550)","(500, 240)"
"(295, 1740)","(590, 160)"
"(364, 2350)","(660, 90)"
"(190, 1600)","(530, 220)"
"(340, 1580)","(590, 160)"
"(358, 1850)","(620, 120)"
"(232, 2170)","(600, 140)"
"(142, 2090)","(550, 170)"
"(316, 2260)","(640, 110)"
"(94, 1790)","(520, 220)"
"(97, 1630)","(490, 240)"
"(133, 1530)","(500, 250)"
"(301, 2570)","(650, 100)"
"(166, 2210)","(590, 160)"
"(241, 2400)","(600, 120)"
"(307, 1620)","(560, 160)"
"(256, 1580)","(540, 190)"
"(139, 2170)","(580, 170)"
"(148, 2210)","(570, 160)"
"(85, 1960)","(530, 200)"
"(19, 2540)","(570, 170)"
"(283, 1960)","(600, 140)"
"(70, 1510)","(460, 270)"
"(118, 1980)","(540, 190)"
"(343, 2330)","(610, 90)"
"(100, 1920)","(530, 200)"
"(133, 2600)","(600, 140)"
"(37, 1510)","(450, 280)"
"(172, 1410)","(490, 260)"
"(343, 1500)","(560, 160)"
"(244, 2570)","(610, 110)"
"(88, 2410)","(570, 160)"
"(289, 1620)","(560, 170)"
"(154, 2470)","(590, 140)"
"(22, 2420)","(570, 180)"
"(172, 2280)","(590, 150)"
"(289, 2080)","(620, 130)"
"(85, 2410)","(560, 160)"
"(346, 1450)","(570, 170)"
"(364, 2550)","(660, 80)"
"(307, 1950)","(600, 130)"
"(277, 2560)","(610, 100)"
"(67, 2340)","(560, 170)"
"(283, 1730)","(570, 160)"
"(244, 2560)","(610, 110)"
"(88, 2030)","(530, 190)"
"(352, 2040)","(640, 110)"
"(328, 1500)","(560, 170)"
"(49, 2330)","(570, 180)"
"(124, 2410)","(570, 150)"
"(10, 2460)","(570, 180)"
"(31, 2060)","(540, 210)"
"(307, 1600)","(580, 170)"
"(97, 1680)","(510, 240)"
"(178, 1860)","(560, 190)"
"(349, 2270)","(650, 100)"
"(289, 1990)","(580, 130)"
"(115, 2290)","(560, 160)"
"(250, 1840)","(570, 160)"
"(346, 1500)","(570, 160)"
"(79, 2510)","(590, 160)"
"(163, 2070)","(570, 170)"
"(52, 2500)","(580, 170)"
"(271, 1550)","(550, 190)"
"(124, 1830)","(540, 210)"
"(91, 1800)","(520, 220)"
"(73, 1570)","(480, 260)"
"(202, 2220)","(570, 140)"
"(247, 1410)","(520, 230)"
"(19, 1870)","(500, 230)"
"(217, 2510)","(600, 120)"
"(352, 2110)","(610, 100)"
"(235, 2130)","(590, 140)"
"(319, 1520)","(560, 170)"
"(193, 1750)","(540, 190)"
"(175, 1820)","(550, 190)"
"(370, 2220)","(640, 90)"
"(388, 1980)","(650, 100)"
"(19, 1730)","(490, 250)"
"(307, 1720)","(570, 150)"
"(55, 2590)","(580, 160)"
"(232, 1620)","(550, 200)"
"(361, 1940)","(620, 110)"
"(340, 1550)","(590, 160)"
"(220, 1910)","(580, 170)"
"(253, 2160)","(590, 130)"
"(241, 1630)","(550, 190)"
"(166, 2240)","(570, 150)"
"(100, 1930)","(530, 200)"
"(241, 1820)","(580, 170)"
"(52, 1690)","(500, 250)"
"(307, 1890)","(610, 140)"
"(91, 2490)","(590, 160)"
"(370, 1870)","(610, 110)"
"(4, 1670)","(480, 270)"
"(22, 2490)","(560, 170)"
"(79, 2360)","(580, 170)"
"(340, 1460)","(560, 170)"
"(142, 2340)","(570, 150)"
"(379, 2310)","(620, 80)"
"(127, 2070)","(560, 180)"
"(316, 1590)","(560, 160)"
"(238, 1990)","(580, 150)"
"(319, 1760)","(580, 140)"
"(367, 1660)","(590, 130)"
"(76, 2560)","(560, 150)"
"(85, 2010)","(550, 200)"
"(166, 2180)","(580, 160)"
"(271, 2590)","(610, 100)"
"(229, 2410)","(590, 120)"
"(304, 1530)","(570, 180)"
"(364, 2270)","(640, 90)"
"(7, 2290)","(540, 190)"
"(187, 1740)","(550, 200)"
"(43, 2140)","(550, 200)"
"(163, 1520)","(510, 240)"
"(361, 2560)","(660, 80)"
"(376, 2430)","(660, 80)"
"(16, 1600)","(460, 270)"
"(7, 1620)","(470, 270)"
"(160, 2000)","(570, 180)"
"(292, 2570)","(640, 100)"
"(220, 1550)","(530, 210)"
"(244, 1500)","(530, 210)"
"(121, 2370)","(590, 160)"
"(127, 2350)","(590, 160)"
"(349, 2240)","(650, 100)"
"(235, 1730)","(560, 180)"
"(346, 1920)","(630, 120)"
"(280, 1690)","(580, 170)"
"(19, 1950)","(510, 220)"
"(352, 1460)","(580, 170)"
"(4, 2030)","(530, 220)"
"(37, 2390)","(570, 180)"
"(310, 2450)","(640, 100)"
"(112, 1700)","(520, 230)"
"(262, 2450)","(600, 110)"
"(151, 2240)","(590, 160)"
"(154, 2600)","(580, 130)"
"(28, 2180)","(550, 200)"
"(265, 1960)","(600, 150)"
"(151, 1830)","(550, 200)"
"(262, 1450)","(530, 210)"
"(169, 2170)","(580, 160)"
"(124, 1570)","(490, 240)"
"(67, 2490)","(570, 160)"
"(49, 2320)","(560, 180)"
"(301, 2590)","(650, 100)"
"(388, 1510)","(600, 140)"
"(175, 1520)","(500, 230)"
"(19, 2150)","(530, 200)"
"(385, 2090)","(630, 90)"
"(151, 2260)","(590, 160)"
"(226, 2550)","(630, 120)"
"(91, 2520)","(570, 150)"
"(373, 2380)","(630, 80)"
"(103, 1950)","(540, 200)"
"(379, 1630)","(610, 130)"
"(25, 2160)","(540, 200)"
"(226, 2040)","(580, 150)"
"(364, 2240)","(630, 90)"
"(259, 2100)","(610, 140)"
"(190, 2260)","(600, 150)"
"(361, 1810)","(610, 120)"
"(400, 1460)","(600, 140)"
"(148, 1970)","(550, 180)"
"(256, 2120)","(610, 140)"
"(223, 1790)","(570, 180)"
"(334, 1420)","(560, 180)"
"(43, 2470)","(570, 170)"
"(46, 2240)","(560, 190)"
"(118, 1690)","(520, 230)"
"(301, 2240)","(600, 110)"
"(283, 1940)","(590, 140)"
"(253, 1900)","(590, 160)"
"(130, 2600)","(600, 140)"
"(370, 1510)","(600, 150)"
"(118, 1790)","(520, 210)"
"(202, 2590)","(600, 120)"
"(94, 2010)","(530, 190)"
"(130, 1650)","(510, 230)"
"(238, 1790)","(560, 170)"
"(316, 2350)","(620, 100)"
"(148, 1710)","(520, 210)"
"(226, 1940)","(570, 160)"
"(301, 2560)","(650, 100)"
"(49, 1760)","(510, 240)"
"(298, 2150)","(620, 120)"
"(139, 1960)","(560, 190)"
"(79, 1830)","(520, 220)"
"(121, 1700)","(510, 220)"
"(181, 2170)","(560, 150)"
"(4, 2530)","(550, 170)"
"(100, 1500)","(470, 260)"
"(316, 1480)","(560, 180)"
"(139, 1580)","(510, 240)"
"(367, 2370)","(610, 80)"
"(142, 1950)","(560, 190)"
"(253, 2590)","(630, 110)"
"(394, 2100)","(660, 90)"
"(178, 1740)","(540, 200)"
"(196, 1990)","(580, 170)"
"(346, 1410)","(570, 180)"
"(280, 2600)","(630, 100)"
"(82, 2510)","(590, 160)"
"(190, 1810)","(560, 190)"
"(10, 2160)","(530, 200)"
"(205, 2250)","(590, 140)"
"(91, 2580)","(580, 150)"
"(79, 1720)","(510, 240)"
"(103, 1670)","(510, 240)"
"(328, 1880)","(610, 130)"
"(220, 2010)","(590, 160)"
"(361, 2430)","(610, 80)"
"(244, 2250)","(600, 130)"
"(256, 1840)","(580, 160)"
"(226, 1910)","(560, 160)"
"(202, 2200)","(600, 150)"
"(43, 2000)","(530, 210)"
"(376, 2100)","(650, 100)"
"(241, 1610)","(540, 190)"
"(97, 1710)","(510, 230)"
"(178, 1620)","(530, 220)"
"(334, 2080)","(610, 110)"
"(274, 1700)","(570, 170)"
"(16, 1530)","(460, 290)"
"(70, 2260)","(560, 180)"
"(103, 1760)","(510, 220)"
"(256, 1780)","(580, 170)"
"(259, 1780)","(580, 170)"
"(10, 1610)","(460, 270)"
"(397, 2380)","(620, 70)"
"(256, 1950)","(590, 150)"
"(25, 1480)","(440, 290)"
"(208, 1940)","(580, 170)"
"(16, 1820)","(500, 240)"
"(79, 2210)","(560, 180)"
"(85, 1910)","(530, 210)"
"(106, 1840)","(530, 210)"
"(73, 1510)","(470, 270)"
"(238, 2570)","(600, 110)"
"(163, 2350)","(600, 150)"
"(253, 2340)","(600, 120)"
"(328, 1800)","(610, 140)"
"(142, 2150)","(580, 170)"
"(28, 1860)","(510, 230)"
"(103, 1890)","(540, 210)"
"(223, 2050)","(580, 150)"
"(388, 2360)","(670, 80)"
"(262, 1670)","(570, 180)"
"(205, 1610)","(540, 210)"
"(25, 2510)","(570, 170)"
"(397, 1840)","(610, 100)"
"(148, 2420)","(600, 150)"
"(364, 2280)","(640, 90)"
"(106, 1460)","(470, 270)"
"(151, 2560)","(610, 140)"
"(13, 2560)","(570, 170)"
"(349, 2260)","(650, 100)"
"(217, 2350)","(590, 130)"
"(295, 1480)","(550, 190)"
"(373, 1970)","(610, 100)"
"(235, 2170)","(600, 140)"
"(28, 1580)","(460, 270)"
"(34, 2000)","(520, 210)"
"(328, 2200)","(640, 110)"
"(106, 2330)","(560, 160)"
"(70, 2200)","(540, 180)"
"(118, 2190)","(560, 170)"
"(361, 1680)","(590, 130)"
"(355, 2160)","(640, 100)"
"(220, 2150)","(570, 140)"
"(289, 1860)","(600, 150)"
"(76, 1900)","(520, 210)"
"(205, 2590)","(610, 120)"
"(265, 2170)","(610, 130)"
"(331, 2000)","(630, 120)"
"(256, 1490)","(540, 210)"
"(184, 1670)","(540, 210)"
"(292, 1410)","(530, 200)"
"(394, 2180)","(620, 80)"
"(313, 1930)","(600, 130)"
"(322, 1530)","(570, 170)"
"(61, 2070)","(550, 200)"
"(319, 1670)","(570, 150)"
"(391, 2190)","(610, 80)"
"(244, 1770)","(560, 170)"
"(292, 1870)","(580, 140)"
"(199, 1870)","(570, 180)"
"(133, 2390)","(580, 150)"
"(157, 1400)","(470, 260)"
"(310, 1510)","(570, 180)"
"(283, 1820)","(580, 150)"
"(361, 1480)","(590, 160)"
"(199, 2530)","(620, 130)"
"(238, 2100)","(580, 140)"
"(94, 2340)","(580, 170)"
"(286, 2580)","(630, 100)"
"(85, 2030)","(550, 200)"
"(391, 2520)","(640, 70)"
"(235, 2590)","(600, 110)"
"(349, 2430)","(660, 90)"
"(163, 2190)","(580, 160)"
"(7, 1470)","(440, 300)"
"(304, 2410)","(610, 100)"
"(358, 1620)","(590, 140)"
"(88, 2450)","(580, 160)"
"(268, 1410)","(530, 220)"
"(13, 2170)","(540, 200)"
"(346, 1620)","(600, 150)"
"(70, 1970)","(540, 210)"
"(124, 1410)","(460, 270)"
"(313, 2390)","(620, 100)"
"(208, 2580)","(610, 120)"
"(43, 1520)","(460, 280)"
"(19, 2520)","(560, 170)"
"(136, 1930)","(550, 190)"
"(397, 2300)","(670, 80)"
"(250, 2350)","(600, 120)"
"(37, 2050)","(540, 210)"
"(121, 2120)","(570, 180)"
"(109, 2340)","(570, 160)"
"(355, 2000)","(630, 110)"
"(136, 1720)","(530, 220)"
"(13, 1870)","(500, 230)"
"(163, 1950)","(560, 180)"
"(382, 2160)","(650, 90)"
"(202, 1640)","(520, 200)"
"(229, 1680)","(550, 190)"
"(100, 2050)","(550, 190)"
"(214, 1920)","(580, 170)"
"(223, 2520)","(610, 120)"
"(223, 1550)","(530, 210)"
"(307, 1830)","(590, 140)"
"(22, 1690)","(490, 260)"
"(274, 1770)","(580, 160)"
"(250, 2580)","(620, 110)"
"(295, 2110)","(600, 120)"
"(163, 2110)","(580, 170)"
"(109, 1690)","(510, 230)"
"(154, 2310)","(580, 150)"
"(52, 2430)","(570, 170)"
"(313, 2490)","(650, 100)"
"(70, 1870)","(530, 220)"
"(145, 2270)","(590, 160)"
"(346, 2090)","(640, 110)"
"(364, 2460)","(630, 80)"
"(226, 1460)","(510, 220)"
"(247, 2450)","(630, 120)"
"(19, 2440)","(570, 180)"
"(379, 2540)","(620, 70)"
"(94, 1770)","(510, 220)"
"(73, 1790)","(520, 230)"
"(73, 1400)","(440, 290)"
"(145, 2060)","(570, 180)"
"(88, 2430)","(570, 160)"
"(181, 2220)","(580, 150)"
"(52, 1770)","(510, 240)"
"(43, 1490)","(460, 290)"
"(301, 2100)","(600, 120)"
"(64, 2330)","(550, 170)"
"(88, 1970)","(540, 200)"
"(61, 1590)","(480, 260)"
"(253, 2530)","(610, 110)"
"(25, 2010)","(520, 210)"
"(10, 1760)","(490, 250)"
"(376, 2320)","(620, 80)"
"(175, 1720)","(530, 200)"
"(112, 2570)","(600, 150)"
"(94, 1870)","(530, 210)"
"(52, 2100)","(550, 200)"
"(16, 2120)","(520, 200)"
"(19, 2470)","(550, 170)"
"(334, 1940)","(610, 120)"
"(385, 1830)","(630, 110)"
"(325, 2550)","(640, 90)"
"(1, 1530)","(450, 290)"
"(340, 2400)","(620, 90)"
"(19, 2500)","(560, 170)"
"(208, 2210)","(580, 140)"
"(70, 1720)","(510, 240)"
"(220, 2600)","(630, 120)"
"(295, 2210)","(630, 120)"
"(205, 1440)","(510, 240)"
"(211, 2180)","(570, 140)"
"(208, 1870)","(550, 170)"
"(184, 1770)","(540, 190)"
"(124, 2450)","(580, 150)"
"(10, 1960)","(510, 220)"
"(364, 2540)","(660, 80)"
"(172, 2100)","(560, 160)"
"(376, 2000)","(630, 100)"
"(268, 2270)","(600, 120)"
"(295, 1530)","(550, 180)"
"(181, 1750)","(550, 200)"
"(112, 1420)","(470, 280)"
"(283, 1750)","(580, 160)"
"(100, 2190)","(570, 180)"
"(4, 1610)","(470, 280)"
"(187, 2060)","(570, 160)"
"(385, 1490)","(580, 140)"
"(307, 2550)","(650, 100)"
"(319, 2090)","(630, 120)"
"(340, 2500)","(660, 90)"
"(169, 2240)","(570, 150)"
"(133, 2050)","(560, 180)"
"(169, 2480)","(610, 140)"
"(196, 2030)","(570, 160)"
"(355, 1600)","(600, 150)"
"(79, 2040)","(550, 200)"
"(331, 1860)","(610, 130)"
"(88, 1980)","(540, 200)"
"(49, 1850)","(520, 230)"
"(247, 2300)","(620, 130)"
"(82, 2370)","(580, 170)"
"(316, 1610)","(570, 160)"
"(238, 1810)","(570, 170)"
"(82, 1930)","(540, 210)"
"(334, 1520)","(580, 170)"
"(157, 1460)","(490, 250)"
"(286, 1850)","(600, 150)"
"(187, 1410)","(490, 250)"
"(130, 2550)","(580, 140)"
"(268, 1760)","(560, 160)"
"(169, 2580)","(600, 130)"
"(388, 1810)","(630, 110)"
"(142, 1670)","(510, 220)"
"(166, 2110)","(560, 160)"
"(226, 1570)","(540, 210)"
"(61, 2120)","(540, 190)"
"(310, 2540)","(600, 90)"
"(331, 2230)","(610, 100)"
"(76, 1810)","(510, 220)"
"(229, 2290)","(590, 130)"
"(160, 1530)","(510, 240)"
"(7, 1410)","(410, 300)"
"(178, 2180)","(560, 150)"
"(196, 1520)","(520, 230)"
"(166, 1550)","(500, 230)"
"(349, 2150)","(620, 100)"
"(97, 2410)","(580, 160)"
"(211, 1900)","(570, 170)"
"(289, 2050)","(610, 130)"
"(289, 1570)","(560, 180)"
"(205, 2480)","(620, 130)"
"(127, 1850)","(530, 200)"
"(349, 2540)","(620, 80)"
"(205, 2050)","(590, 160)"
"(43, 2180)","(540, 190)"
"(253, 2220)","(610, 130)"
"(139, 1770)","(530, 210)"
"(340, 1480)","(580, 170)"
"(7, 2130)","(540, 210)"
"(106, 1930)","(540, 200)"
"(28, 2020)","(520, 210)"
"(268, 2410)","(600, 110)"
"(67, 2210)","(540, 180)"
"(88, 1560)","(490, 260)"
"(130, 2270)","(570, 160)"
"(295, 1790)","(590, 150)"
"(190, 2140)","(560, 150)"
"(382, 1980)","(630, 100)"
"(241, 2430)","(610, 120)"
"(7, 2340)","(560, 190)"
"(277, 1880)","(600, 150)"
"(76, 1980)","(530, 200)"
"(43, 1770)","(500, 240)"
"(328, 2260)","(610, 100)"
"(91, 1720)","(510, 230)"
"(16, 2020)","(510, 210)"
"(340, 2170)","(610, 100)"
"(178, 2070)","(560, 160)"
"(262, 1530)","(550, 200)"
"(229, 2570)","(630, 120)"
"(226, 1750)","(550, 180)"
"(211, 2110)","(580, 150)"
"(292, 1890)","(590, 140)"
"(28, 2200)","(530, 190)"
"(391, 2150)","(660, 90)"
"(385, 2440)","(670, 80)"
"(334, 1670)","(600, 150)"
"(280, 1430)","(540, 210)"
"(166, 2270)","(580, 150)"
"(4, 2340)","(560, 190)"
"(214, 1950)","(560, 160)"
"(304, 2300)","(630, 110)"
"(373, 1640)","(600, 130)"
"(277, 1780)","(590, 160)"
"(304, 2150)","(630, 120)"
"(346, 2560)","(620, 80)"
"(31, 2320)","(540, 180)"
"(334, 2570)","(660, 90)"
"(301, 2090)","(600, 120)"
"(334, 2130)","(630, 110)"
"(259, 2500)","(610, 110)"
"(373, 2050)","(640, 100)"
"(55, 2090)","(550, 200)"
"(112, 2130)","(570, 180)"
"(4, 2070)","(520, 210)"
"(307, 1930)","(590, 130)"
"(52, 1920)","(530, 220)"
"(373, 2250)","(660, 90)"
"(64, 1950)","(530, 210)"
"(235, 1750)","(570, 180)"
"(76, 1510)","(470, 270)"
"(340, 2220)","(620, 100)"
"(37, 2060)","(540, 210)"
"(322, 1870)","(600, 130)"
"(208, 2150)","(590, 150)"
"(88, 2190)","(560, 180)"
"(379, 1720)","(610, 120)"
"(349, 1510)","(580, 160)"
"(19, 2140)","(530, 200)"
"(337, 2450)","(630, 90)"
"(313, 2400)","(630, 100)"
"(10, 1900)","(510, 230)"
"(25, 2360)","(550, 180)"
"(73, 1450)","(450, 280)"
"(103, 1920)","(530, 200)"
"(190, 2450)","(590, 130)"
"(136, 2310)","(590, 160)"
"(61, 1440)","(450, 290)"
"(61, 2170)","(550, 190)"
"(274, 1620)","(560, 180)"
"(274, 1610)","(560, 180)"
"(103, 1750)","(510, 220)"
"(163, 1440)","(480, 250)"
"(127, 2040)","(550, 180)"
"(364, 2580)","(670, 80)"
"(208, 2520)","(590, 120)"
"(109, 2400)","(590, 160)"
"(187, 2150)","(560, 150)"
"(94, 2250)","(560, 170)"
"(88, 1480)","(460, 270)"
"(337, 2160)","(640, 110)"
"(310, 2050)","(600, 120)"
"(385, 2100)","(630, 90)"
"(397, 2230)","(640, 80)"
"(109, 2000)","(540, 190)"
"(268, 2480)","(620, 110)"
"(310, 1410)","(530, 190)"
"(211, 1510)","(520, 220)"
"(298, 2110)","(600, 120)"
"(4, 2190)","(530, 200)"
"(115, 1860)","(520, 200)"
"(22, 1600)","(470, 270)"
"(295, 1660)","(580, 170)"
"(328, 2560)","(650, 90)"
"(10, 1520)","(450, 290)"
"(193, 1410)","(500, 250)"
"(331, 2350)","(650, 100)"
"(37, 2590)","(570, 160)"
"(214, 2060)","(570, 150)"
"(157, 1840)","(530, 190)"
"(13, 1880)","(500, 230)"
"(316, 1630)","(580, 160)"
"(325, 2460)","(610, 90)"
"(121, 1890)","(540, 200)"
"(130, 2390)","(570, 150)"
"(73, 2560)","(590, 160)"
"(175, 2470)","(610, 140)"
"(124, 1690)","(520, 230)"
"(79, 2410)","(560, 160)"
"(13, 1460)","(440, 300)"
"(265, 1730)","(570, 170)"
"(16, 2370)","(550, 180)"
"(277, 1770)","(580, 160)"
"(142, 2310)","(560, 150)"
"(151, 1480)","(490, 250)"
"(127, 2540)","(570, 140)"
"(190, 1420)","(500, 250)"
"(88, 2130)","(540, 180)"
"(130, 2500)","(600, 150)"
"(397, 2600)","(680, 70)"
"(385, 2050)","(610, 90)"
"(235, 1420)","(520, 230)"
"(259, 2490)","(610, 110)"
"(226, 1510)","(530, 220)"
"(37, 2220)","(550, 190)"
"(319, 1810)","(600, 140)"
"(229, 1870)","(580, 170)"
"(103, 2460)","(560, 150)"
"(214, 2420)","(610, 130)"
"(274, 2590)","(610, 100)"
"(97, 1590)","(490, 250)"
"(136, 2200)","(580, 170)"
"(163, 1820)","(530, 190)"
"(157, 1540)","(510, 240)"
"(55, 2080)","(540, 200)"
"(94, 1440)","(470, 280)"
"(97, 1820)","(530, 220)"
"(76, 1470)","(470, 280)"
"(397, 2500)","(660, 70)"
"(154, 1400)","(480, 270)"
"(184, 1950)","(550, 170)"
"(82, 2060)","(540, 190)"
"(127, 2410)","(570, 150)"
"(46, 1940)","(530, 220)"
"(226, 2010)","(570, 150)"
"(223, 1740)","(550, 180)"
"(208, 2140)","(590, 150)"
"(247, 2170)","(580, 130)"
"(313, 2520)","(600, 90)"
"(274, 2120)","(610, 130)"
"(352, 1570)","(590, 150)"
"(346, 2500)","(660, 90)"
"(349, 2460)","(660, 90)"
"(331, 1720)","(580, 140)"
"(151, 1500)","(500, 250)"
"(67, 1580)","(480, 260)"
"(370, 2040)","(630, 100)"
